500
800
1500
1800
2100
2300
2500
2800
3100
3300
3500
3800
4100
4300
4500
4800
5000
5300
5600
5800
6100
6400
6600
6800
7100
7400
7600
7800
8100
8400
8700
9000
9200
9400
9700
10000
10300
10500
10700
11000
11300
11500
11700
12000
12300
12500
12700
13000
13300
13500
13700
14000
14300
14500
14700
15000
15300
15500
15700
16000
16300
16500
16800
17100
17300
17500
17800
18100
18300
18500
18800
19100
19300
19500
19800
20100
20300
20500
20800
21100
21400
21600
21900
22200
22500
22700
22900
23200
23500
23700
23900
24200
24500
24800
25100
25300
25500
25800
26100
26300
26900
27100
27300
27500
27800
28100
28300
28600
28900
29100
29300
29600
29900
30100
30300
30600
30900
31100
31300
31600
31900
32100
32300
32600
32900
33100
33300
33600
33900
34100
34300
34600
34900
35100
35300
35600
35900
36100
36300
36600
36900
37100
37300
37600
37900
38100
38300
38600
38900
39100
39300
39600
39900
40100
40300
40600
40900
41100
41300
41600
41900
42100
42300
42600
42900
43100
43400
43700
43900
44100
44400
44700
44900
45100
45400
45700
45900
46100
46400
46700
46900
47100
47400
47700
47900
48100
48400
48700
48900
49100
49400
49700
49900
50100
50400
50700
50900
51100
51400
51700
52900
53200
53500
53700
53900
54200
54500
54700
54900
55200
55500
55700
55900
56100
56400
56700
56900
57100
57400
57700
57900
58100
58400
58700
58900
59100
59400
59700
59900
60200
60500
60700
60900
61200
61500
61700
61900
62200
62500
62800
63000
63300
63600
63900
64100
64400
64700
65000
65200
65400
65700
66000
66200
66400
66700
67000
67200
67400
67700
68000
68200
68400
68700
69000
69200
69500
69800
70000
70200
70500
70800
71000
71200
71500
71800
72000
72200
72500
72800
73000
73200
73500
73800
74000
74200
74500
74800
75000
75200
75500
75800
76000
76200
76500
76800
77000
77200
77500
77800
78000
78800
79000
79300
79600
79800
80000
80300
80600
80900
81100
81400
81700
82000
82200
82400
82700
83000
83200
83500
83800
84100
84300
84600
84900
85100
85300
85600
85900
86100
86300
86600
86900
87100
87300
87600
87900
88100
88300
88600
88900
89100
89300
89600
89900
90100
90300
90600
90900
91100
91300
91600
91900
92100
92300
92600
92900
93100
93300
93600
93900
94100
94300
94600
94900
95100
95300
95600
95900
96100
96300
96600
96900
97100
97300
97600
97900
98100
98300
98600
98900
99100
99400
99700
99900
100100
100300
100600
100900
101200
101400
101600
101900
102200
102400
102600
102900
103200
103400
103600
103900
105000
105300
105500
105700
106000
106300
106500
106700
107000
107300
107600
107800
108000
108300
108600
108800
109000
109300
109600
109800
110000
110300
110600
110800
111000
111300
111600
111800
112000
112300
112600
112800
113000
113300
113600
113800
114100
114400
114600
114800
115100
115400
115600
115800
116100
116400
116600
116800
117100
117400
117700
117900
118200
118500
118800
119000
119200
119500
119800
120000
120200
120500
120800
121000
121200
121500
121800
122000
122200
122500
122800
123000
123200
123500
123800
124100
124300
124600
125000
125300
125500
125700
126000
126300
126500
126700
127000
127300
127500
127800
128100
128300
128500
128800
129100
129300
129500
129800
130100
130300
131500
131700
132000
132300
132500
132700
133000
133300
133500
133700
134000
134300
134500
134700
135000
135300
135600
135800
136000
136300
136600
136800
137000
137300
137600
137800
138000
138300
138600
138800
139000
139300
139600
139800
140000
140300
140600
140800
141000
141300
141600
141800
142100
142400
142700
142900
143200
143500
143700
143900
144200
144400
144700
145000
145200
145400
145700
146000
146200
146400
146700
147000
147300
147500
147700
148000
148300
148500
148700
149000
149300
149500
149700
150000
150300
150500
150700
151000
151300
151500
151700
152000
152300
152500
152700
153000
153300
153500
153700
154000
154300
154500
154800
155100
155400
155800
156100
156500
157600
157900
159700
160000
160300
160600
160900
161100
161300
161600
161900
162200
162400
162600
162900
163100
163400
163700
164000
164200
164400
164700
165000
165200
165400
165700
166000
166300
166500
166700
167000
167300
167500
167700
168000
168300
168500
168700
169000
169300
169500
169700
170000
170300
170500
170700
171000
171300
171500
171700
172000
172300
172600
172800
173000
173300
173600
173900
174100
174300
174600
174900
175100
175300
175600
175900
176200
176400
176600
176900
177200
177400
177600
177900
178200
178500
178700
178900
179200
179500
179700
179900
180200
180500
180700
180900
181200
181500
181700
181900
182200
182500
182700
182900
183200
183500
183700
183900
184200
184500
184800
185000
186500
186800
187000
187200
187500
187800
188100
188300
188500
188800
189100
189300
189500
189800
190100
190400
190700
190900
191100
191400
191700
191900
192100
192400
192700
193000
193200
193400
193700
194000
194200
194400
194700
195000
195200
195400
195700
196000
196300
196500
196700
197000
197300
197500
197700
198000
198300
198500
198700
199000
199200
199500
199800
200000
200200
200500
200800
201000
201200
201500
201800
202100
202300
202500
202800
203100
203400
203600
203800
204100
204400
204600
204800
205100
205400
205700
205900
206100
206400
206700
206900
207100
207400
207700
207900
208100
208400
208700
209000
209200
209500
209800
210100
210300
210500
210800
211100
211300
211500
211800
213500
213800
214100
214300
214500
214800
215100
215300
215500
215800
216100
216300
216500
216700
217000
217300
217500
217700
218000
218300
218600
218800
219000
219300
219600
219900
220100
220300
220600
220900
221200
221400
221600
221900
222200
222400
222600
222900
223200
223400
223600
223900
224200
224500
224700
224900
225200
225500
225700
225900
226200
226500
226800
227000
227200
227500
227800
228000
228200
228500
228800
229100
229300
229500
229800
230100
230300
230500
230800
231100
231300
231500
231700
232000
232300
232500
232800
233000
233300
233600
233900
234100
234300
234600
234900
235100
235300
235600
235900
236200
236400
236600
236900
237200
237400
237600
237900
238200
238400
238600
240500
240800
241000
241200
241500
241800
242100
242300
242500
242800
243100
243400
243600
243800
244100
244400
244600
244800
245100
245400
245700
245900
246100
246400
246700
246900
247100
247400
247700
248000
248200
248400
248700
249000
249200
249400
249700
250000
250300
250500
250700
251000
251300
251500
251700
252000
252300
252500
252700
253000
253300
253500
253700
254000
254300
254500
254700
255000
255300
255600
255800
256000
256300
256600
256800
257000
257300
257600
257800
258000
258200
258500
258800
259100
259300
259500
259800
260100
260300
260500
260700
261000
261300
261500
261700
262000
262300
262600
262800
263000
263300
263600
263800
264000
264300
264600
264800
265000
265300
265600
267600
267900
268200
268400
268600
268900
269200
269400
269600
269900
270200
270400
270600
270900
271200
271400
271600
271900
272200
272500
272700
272900
273200
273500
273700
273900
274200
274500
274800
275000
275200
275500
275800
276000
276200
276500
276800
277100
277300
277500
277800
278100
278300
278500
278800
279100
279300
279500
279800
280100
280400
280600
280800
281100
281400
281600
281800
282100
282400
282600
282800
283100
283400
283600
283800
284100
284400
284600
284800
285100
285400
285700
285900
286100
286400
286700
286900
287100
287400
287700
288000
288200
288400
288700
289000
289300
289500
289700
290000
290300
290500
290700
291000
291300
291600
291800
292000
292300
292600
292800
294900
295100
295400
295700
295900
296100
296400
296700
296900
297100
297400
297700
297900
298100
298400
298700
299000
299200
299400
299700
300000
300200
300400
300700
301000
301200
301400
301700
302000
302300
302500
302700
303000
303300
303500
303700
304000
304300
304600
304800
305000
305300
305600
305800
306000
306300
306600
306900
307100
307300
307600
307900
308100
308300
308600
308900
309100
309300
309600
309900
310200
310400
310600
310900
311200
311400
311600
311900
312200
312400
312600
312900
313200
313400
313600
313900
314200
314400
314600
314900
315200
315500
315700
315900
316200
316500
316700
316900
317200
317500
317800
318000
318200
318500
318800
319000
319200
319500
319800
320100
322400
322700
322900
323100
323400
323700
323900
324100
324400
324700
324900
325100
325400
325700
325900
326100
326400
326700
327000
327200
327500
327800
328100
328300
328500
328800
329100
329400
329600
329800
330100
330400
330600
330900
331200
331500
331700
331900
332200
332500
332800
333000
333200
333500
333800
334100
334300
334500
334800
335100
335300
335500
335800
336100
336400
336600
336800
337100
337400
337600
337800
338000
338200
338500
338800
339100
339300
339500
339800
340100
340400
340700
341000
341300
341600
341800
342000
342200
342400
342700
343000
343200
343400
343700
344000
344200
344400
344700
345000
345300
345500
345700
346000
346300
346600
346900
347100
347300
347600
347900
350700
351000
351200
351400
351600
351900
352200
352400
352600
352900
353200
353500
353700
353900
354200
354500
354800
355000
355200
355500
355800
356000
356200
356500
356800
357000
357200
357500
357800
358100
358300
358500
358800
359100
359300
359500
359800
360100
360400
360600
360800
361100
361400
361600
361800
362100
362400
362700
362900
363100
363400
363700
363900
364100
364400
364700
365000
365200
365400
365700
366000
366200
366400
366800
367400
367600
367900
368200
368500
368700
368900
369200
369400
369700
370000
370200
370400
370700
371000
371200
371500
371700
371900
372200
372500
372700
372900
373200
373400
373600
373900
374200
374500
374700
374900
375200
375500
375700
375900
376200
378900
379200
379400
379600
379900
380200
380500
380700
380900
381200
381500
381800
382000
382200
382500
382800
383000
383200
383500
383800
384100
384300
384500
384800
385100
385300
385500
385800
386100
386300
386500
386800
387100
387400
387600
387800
388100
388400
388700
389000
389300
389500
389700
389900
390300
390600
390900
391100
391300
391600
391900
392200
392500
392700
393000
393200
393400
393700
394000
394300
394500
394700
395000
395400
395700
396100
396400
396700
397000
397300
397600
397900
398200
398400
398700
398900
399200
399600
399900
400200
400400
400700
401100
401400
401700
402000
402300
402600
403000
403400
403800
404100
404400
404700
405000
405200
405400
405700
406000
406300
409100
409400
409700
409900
410100
410400
410700
410900
411100
411400
411700
412000
412200
412400
412700
413000
413200
413400
413700
414000
414200
414400
414700
415000
415200
415400
415700
416000
416200
416400
416700
417000
417200
417400
417700
418000
418200
418400
418700
419000
419300
419500
419700
420000
420300
420500
420700
421000
421300
421600
421800
422000
422300
422600
422800
423000
423300
423600
423800
424000
424300
424600
424900
425100
425300
425600
425900
426100
426300
426600
426900
427100
427300
427600
427900
428100
428300
428600
428900
429100
429300
429600
429900
430100
430300
430600
430900
431200
431400
431600
431900
432200
432400
432600
432900
433200
433400
433600
433900
434200
437100
437400
437700
437900
438100
438400
438700
439000
439200
439400
439700
440000
440200
440400
440700
441000
441300
441500
441800
442100
442400
442600
442800
443100
443400
443600
443800
444100
444400
444600
444800
445100
445400
445600
445800
446100
446400
446600
446800
447100
447400
447600
447800
448100
448400
448700
448900
449100
449400
449700
449900
450100
450400
450700
451000
451200
451400
451700
452000
452200
452400
452700
453000
453300
453500
453700
454000
454300
454500
454700
455000
455300
455500
455700
456000
456300
456500
456700
457000
457300
457500
457700
458000
458300
458500
458700
459000
459300
459600
459800
460000
460300
460600
460800
461000
461300
461600
461800
462000
462300
465500
465800
466100
466300
466500
466800
467100
467300
467500
467800
468100
468300
468500
468800
469100
469400
469600
469800
470100
470400
470600
470800
471100
471400
471600
471800
472100
472400
472600
472800
473100
473400
473600
473800
474100
474400
474600
474800
475100
475400
475700
475900
476100
476400
476700
476900
477100
477400
477700
477900
478100
478400
478700
479000
479200
479400
479700
480000
480200
480400
480700
481000
481200
481400
481600
481900
482200
482400
482600
482900
483200
483400
483600
483900
484200
484400
484600
484900
485200
485500
485700
486000
486300
486600
486800
487000
487300
487600
487800
488000
488300
488600
488800
489000
489300
489600
489800
490000
490300
490600
493900
494100
494400
494700
494900
495100
495400
495700
496000
496200
496400
496700
497000
497200
497400
497700
498000
498200
498400
498700
499000
499300
499500
499700
500000
500300
500500
500700
501000
501300
501500
501700
502000
502300
502500
502700
503000
503300
503500
503700
504000
504300
504600
504800
505000
505300
505600
505800
506000
506300
506600
506800
507000
507300
507600
507900
508100
508300
508600
508900
509200
509400
509600
509900
510200
510400
510600
510900
511200
511500
511700
511900
512200
512500
512700
512900
513200
513500
513700
513900
514200
514500
514700
514900
515200
515500
515700
515900
516200
516500
516800
517000
517200
517500
517800
518000
518200
518500
518800
519000
522600
522900
523200
523400
523600
523900
524200
524400
524600
524900
525200
525500
525700
525900
526200
526500
526700
526900
527200
527500
527800
528000
528200
528500
528800
529000
529200
529500
529800
530000
530200
530500
530800
531000
531200
531500
531800
532000
532200
532500
532800
533000
533200
533500
533800
534000
534200
534500
534800
535100
535300
535500
535800
536100
536300
536500
536800
537100
537300
537500
537800
538100
538400
538600
538800
539100
539400
539600
539800
540100
540400
540700
540900
541100
541400
541700
541900
542100
542400
542700
542900
543100
543400
543700
543900
544100
544400
544700
544900
545100
545400
545700
545900
546100
546400
546700
547000
547200
547400
547700
551400
551600
551800
552000
552300
552600
552800
553000
553300
553600
553800
554000
554200
554500
554800
555000
555200
555500
555800
556000
556200
556500
556800
557100
557300
557500
557800
558100
558300
558500
558800
559100
559300
559500
559800
560100
560300
560500
560800
561100
561300
561500
561800
562100
562300
562500
562800
563300
563600
564600
564900
565400
565600
565900
566200
566400
566600
566900
567100
567300
567600
567900
568200
568400
568600
568900
569200
569500
569700
569900
570200
570500
570800
571000
571200
571500
571800
572100
572300
572600
572900
573200
573400
573600
573900
574200
574400
574600
574900
575200
575500
575700
575900
576200
576500
576700
576900
577100
577400
577700
581400
581700
582000
582200
582400
582700
583000
583300
583500
583700
584000
584300
584600
584800
585000
585300
585600
585800
586000
586300
586600
586900
587100
587300
587600
587900
588100
588300
588600
588900
589200
589400
589600
589900
590200
590400
590600
590900
591200
591400
591600
591900
592200
592400
592600
592800
593100
593400
593600
593800
594100
594400
594600
594800
595100
595400
595700
595900
596100
596400
596700
597000
597200
597400
597700
598000
598200
598400
598700
599000
599300
599500
599700
600000
600300
600500
600700
600900
601200
601500
601700
601900
602200
602500
602700
602900
603200
603500
603800
604000
604200
604500
604800
605000
605200
605500
605800
606000
606200
606500
610500
610700
611000
611300
611500
611700
612000
612300
612500
612700
613000
613300
613600
613800
614000
614300
614600
614800
615000
615300
615600
615900
616100
616300
616600
616900
617200
617400
617600
617900
618200
618400
618600
618900
619200
619400
619600
619900
620200
620500
620700
620900
621200
621500
621700
621900
622200
622500
622700
622900
623200
623500
623800
624000
624200
624500
624800
625100
625300
625500
625800
626100
626300
626500
626800
627100
627400
627600
627800
628100
628400
628700
628900
629100
629400
629700
630000
630200
630400
630700
631000
631200
631400
631700
632000
632200
632400
632700
633000
633300
633500
633700
634000
634300
634500
634700
635000
635300
635600
635800
639900
640200
640500
640700
640900
641200
641500
641700
641900
642200
642500
642800
643000
643200
643500
643800
644000
644200
644500
644800
645100
645300
645500
645800
646100
646300
646500
646800
647100
647400
647600
647800
648100
648400
648600
648800
649100
649400
649600
649800
650100
650400
650600
650800
651100
651400
651700
651900
652100
652400
652700
652900
653100
653400
653700
653900
654100
654400
654700
655000
655200
655400
655700
656000
656200
656400
656600
656900
657200
657400
657600
657900
658200
658500
658700
658900
659200
659500
659700
659900
660200
660500
660800
661000
661200
661500
661800
662000
662200
662500
662800
663000
663200
663500
663800
664000
664200
664500
664800
665100
669300
669600
669900
670200
670500
670800
671200
671600
671900
672300
672600
672900
673300
673700
674000
674300
674700
675000
675200
675500
675800
676100
676400
676700
677000
677400
677800
678100
678500
678800
679100
679500
679800
680200
680500
680900
681200
681500
681800
682100
682500
682800
683100
683500
683800
684100
684400
684800
685100
685400
685700
686000
686300
686600
687000
687300
687700
688000
688300
688600
688900
689200
689500
689800
690200
690600
690900
691200
691600
692000
692300
692600
693000
693300
693700
694000
694300
694600
695000
695300
695700
696100
696400
696700
697000
697400
697700
697900
698200
698500
698800
699100
699300
699500
699700
700000
700300
700600
700800
701000
705600
705800
706000
706300
706600
706800
707000
707300
707600
707900
708100
708300
708600
708900
709100
709300
709600
709900
710200
710400
710600
710900
711200
711400
711600
711900
712200
712400
712600
712900
713200
713500
713700
714000
714300
714600
714800
715000
715300
715600
715800
716000
716300
716600
716800
717000
717300
717600
717800
718000
718300
718600
718800
719000
719300
719600
719800
720000
720300
720600
720800
721000
721300
721600
721900
722100
722300
722600
722900
723100
723300
723600
723900
724100
724300
724600
724900
725200
725400
725600
725900
726200
726400
726600
726900
727200
727400
727600
727900
728200
728400
728600
728900
729200
729400
729600
729900
730200
730400
730600
735300
735500
735700
736000
736300
736500
736700
737000
737300
737600
737800
738000
738300
738600
738800
739000
739300
739600
739900
740100
740300
740600
740900
741100
741300
741600
741900
742100
742300
742600
742900
743100
743300
743600
743900
744100
744300
744600
744900
745100
745300
745600
745900
746200
746400
746700
747000
747200
747400
747700
748000
748300
748500
748700
749000
749300
749500
749700
750000
750300
750500
750700
751000
751300
751500
751700
752000
752300
752500
752700
753000
753300
753600
753800
754000
754300
754600
754800
755000
755300
755600
755800
756000
756300
756600
756900
757100
757300
757600
757900
758100
758300
758600
758900
759100
759300
759600
759900
760100
760300
765200
765500
765800
766100
766300
766500
766800
767100
767300
767500
767800
768100
768400
768600
768800
769100
769400
769600
769800
770100
770400
770700
770900
771100
771400
771700
771900
772100
772400
772700
772900
773100
773400
773700
773900
774100
774400
774700
774900
775100
775400
775700
775900
776100
776400
776700
776900
777100
777400
777700
777900
778100
778400
778700
778900
779100
779400
779700
780000
780200
780400
780600
780900
781200
781400
781600
781900
782200
782500
782700
782900
783200
783500
783700
783900
784200
784500
784700
784900
785200
785500
785800
786000
786200
786500
786800
787000
787200
787500
787800
788000
788200
788500
788800
789000
789200
789500
789800
790000
790200
795000
795200
795400
795700
796000
796200
796400
796700
797000
797200
797400
797700
798000
798300
798500
798700
799000
799300
799600
799800
800000
800300
800600
800800
801000
801300
801600
801900
802100
802300
802600
802900
803100
803300
803500
803800
804100
804300
804500
804800
805100
805300
805500
805800
806100
806300
806500
806800
807100
807400
807600
807800
808100
808400
808600
808800
809100
809400
809600
809800
810100
810400
810600
810800
811100
811400
811700
811900
812100
812400
812700
813000
813200
813400
813700
814000
814200
814400
814700
815000
815300
815500
815700
816000
816300
816600
816800
817000
817300
817600
817800
818000
818300
818600
818800
819000
819300
819600
819900
820100
825200
825500
825800
826000
826200
826500
826800
827100
827300
827500
827800
828100
828300
828500
828800
829100
829300
829500
829800
830100
830400
830600
830800
831100
831400
831600
831800
832100
832400
832600
832800
833100
833400
833600
833800
834100
834400
834700
834900
835100
835400
835700
835900
836100
836400
836700
837000
837200
837400
837700
838000
838200
838400
838700
839000
839300
839500
839700
840000
840300
840500
840700
841000
841300
841500
841700
841900
842200
842500
842700
842900
843100
843400
843700
843900
844100
844400
844700
844900
845100
845400
845700
846000
846200
846400
846700
847000
847300
847500
847700
848000
848300
848500
848700
849000
849300
849500
849700
850000
850300
855600
855800
856000
856300
856600
856800
857000
857300
857600
857900
858100
858300
858600
858900
859100
859300
859600
859900
860200
860400
860600
860900
861200
861400
861600
861900
862200
862400
862600
862900
863200
863500
863700
863900
864200
864500
864700
864900
865200
865500
865700
865900
866200
866500
866700
866900
867200
867500
867800
868000
868200
868500
868800
869000
869200
869500
869800
870100
870300
870500
870800
871100
871300
871500
871800
872100
872400
872600
872800
873100
873400
873600
873800
874100
874400
874700
874900
875100
875400
875700
875900
876100
876400
876700
876900
877100
877400
877700
877900
878100
878400
878700
878900
879100
879400
879700
879900
880100
880400
880700
886100
886400
886700
886900
887100
887400
887700
888000
888200
888400
888700
889000
889200
889400
889700
890000
890300
890500
890700
891000
891300
891500
891700
892000
892300
892500
892700
893000
893300
893500
893700
894000
894300
894600
894800
895000
895300
895600
895800
896000
896300
896600
896800
897000
897300
897600
897800
898000
898300
898600
898800
899000
899300
899600
899800
900000
900300
900600
900800
901000
901300
901600
901800
902000
902300
902600
902800
903000
903200
903500
903800
904000
904200
904500
904800
905000
905200
905500
905800
906100
906300
906600
906900
907200
907400
907600
907900
908200
908400
908600
908900
909200
909400
909600
909900
910200
910400
910600
910900
911200
916800
917100
917400
917600
917800
918100
918400
918600
918800
919100
919400
919700
919900
920100
920400
920700
920900
921100
921400
921700
921900
922100
922400
922700
923000
923200
923400
923700
924000
924200
924400
924700
925000
925200
925400
925700
926000
926200
926400
926700
927000
927200
927400
927700
928000
928200
928400
928700
929000
929200
929400
929700
930000
930200
930400
930700
931000
931200
931400
931700
932000
932300
932500
932700
933000
933300
933500
933700
934000
934300
934500
934700
935000
935300
935600
935800
936000
936300
936600
936800
937000
937300
937600
937800
938000
938300
938600
938800
939000
939300
939600
939800
940000
940300
940600
940800
941000
941300
941600
941800
947500
947700
947900
948200
948500
948700
948900
949200
949500
949700
949900
950200
950500
950800
951000
951200
951500
951800
952000
952200
952400
952700
953000
953200
953400
953700
954000
954200
954400
954700
955000
955300
955500
955700
956000
956300
956500
956700
957000
957300
957500
957700
958000
958300
958500
958700
959200
959600
959900
960200
960500
960800
961200
961600
961800
962100
962500
962800
963100
963400
963700
964000
964200
964500
965000
965300
965600
965900
966200
966400
966600
966900
967200
967500
967800
968000
968300
968700
969000
969300
969600
969900
970200
970500
970800
971100
971400
971700
972000
972300
972600
972900
973200
973500
973700
974000
974300
974700
975100
975500
981700
981900
982200
982500
982800
983000
983200
983500
983800
984100
984300
984500
984800
985100
985400
985600
985800
986100
986400
986600
986800
987100
987400
987600
987800
988100
988400
988600
988800
989100
989400
989600
989800
990100
990400
990600
990800
991100
991400
991600
991800
992100
992400
992600
992800
993100
993400
993600
993800
994100
994400
994700
994900
995100
995500
995700
995900
996200
996500
996700
996900
997200
997500
997800
998000
998200
998500
998800
999000
999200
999500
999800
1000000
1000200
1000400
1000700
1001000
1001200
1001400
1001700
1002000
1002200
1002400
1002700
1003000
1003200
1003400
1003700
1004000
1004200
1004400
1004700
1005000
1005200
1005400
1005700
1006000
1006300
1006500
1006800
1012800
1013100
1013300
1013500
1013800
1014100
1014400
1014600
1014800
1015100
1015400
1015600
1015800
1016100
1016400
1016600
1016800
1017100
1017400
1017700
1017900
1018100
1018400
1018700
1018900
1019100
1019400
1019700
1019900
1020100
1020400
1020700
1020900
1021100
1021400
1021700
1021900
1022100
1022400
1022700
1023000
1023200
1023400
1023700
1024000
1024200
1024400
1024700
1025000
1025300
1025500
1025700
1026000
1026300
1026500
1026700
1026900
1027200
1027500
1027900
1028400
1029400
1029800
1030200
1030500
1030800
1031100
1031500
1031900
1032300
1032600
1033000
1033400
1033800
1034100
1034400
1034800
1035200
1035500
1035900
1036300
1036700
1037100
1037500
1037900
1038200
1038500
1038900
1039300
1039700
1040100
1040500
1040900
1041300
1041700
1042100
1042400
1042800
1043200
1043600
1050400
1050700
1051000
1051300
1051500
1051700
1052000
1052300
1052600
1052800
1053000
1053300
1053600
1053800
1054000
1054300
1054600
1054900
1055100
1055300
1055600
1055900
1056100
1056300
1056600
1056900
1057200
1057400
1057700
1058000
1058300
1058500
1058700
1059000
1059300
1059500
1059700
1060000
1060300
1060500
1060700
1061000
1061300
1061600
1061800
1062000
1062300
1062600
1062800
1063000
1063300
1063600
1063900
1064100
1064300
1064600
1064900
1065100
1065300
1065600
1065900
1066200
1066400
1066600
1066900
1067200
1067400
1067600
1067900
1068200
1068500
1068700
1068900
1069200
1069500
1069700
1069900
1070200
1070500
1070700
1070900
1071200
1071500
1071700
1071900
1072200
1072500
1072700
1072900
1073200
1073500
1073800
1074000
1074200
1074500
1074800
1075000
1075200
1075500
1075800
1082100
1082400
1082600
1082800
1083100
1083400
1083700
1084000
1084200
1084400
1084700
1085000
1085200
1085400
1085700
1086000
1086200
1086400
1086700
1087000
1087200
1087400
1087700
1088000
1088300
1088500
1088700
1089000
1089300
1089500
1089700
1090000
1090300
1090500
1090700
1091000
1091300
1091500
1091700
1092000
1092300
1092600
1092800
1093000
1093300
1093600
1093800
1094000
1094300
1094600
1094900
1095100
1095300
1095600
1095900
1096100
1096300
1096600
1096900
1097200
1097400
1097600
1097900
1098200
1098400
1098600
1098900
1099200
1099500
1099700
1099900
1100200
1100500
1100700
1100900
1101200
1101500
1101700
1101900
1102200
1102500
1102700
1102900
1103200
1103500
1103700
1103900
1104200
1104500
1104800
1105000
1105200
1105500
1105800
1106000
1106200
1106500
1106800
1107100
1107300
1113900
1114200
1114400
1114600
1114900
1115200
1115400
1115600
1115900
1116200
1116400
1116600
1116900
1117200
1117500
1117700
1117900
1118200
1118500
1118700
1118900
1119200
1119500
1119700
1119900
1120200
1120500
1120700
1120900
1121200
1121500
1121700
1121900
1122200
1122500
1122800
1123000
1123200
1123500
1123800
1124000
1124200
1124500
1124800
1125100
1125300
1125500
1125800
1126100
1126300
1126500
1126800
1127100
1127400
1127600
1127800
1128100
1128400
1128600
1128800
1129100
1129400
1129700
1129900
1130100
1130400
1130700
1130900
1131100
1131400
1131700
1131900
1132100
1132400
1132700
1133000
1133200
1133500
1133800
1134100
1134300
1134500
1134800
1135100
1135300
1135500
1135800
1136100
1136300
1136500
1136800
1137100
1137400
1137600
1137800
1138100
1138400
1138600
1138800
1139100
1145900
1146100
1146300
1146500
1146700
1147000
1147300
1147500
1147700
1148000
1148300
1148500
1148700
1149000
1149300
1149500
1149700
1150000
1150300
1150600
1150800
1151000
1151300
1151600
1151900
1152100
1152400
1152700
1153000
1153200
1153400
1153700
1154000
1154300
1154500
1154700
1155000
1155300
1155500
1155700
1156000
1156300
1156600
1156800
1157000
1157300
1157600
1157900
1158200
1158400
1158600
1158900
1159200
1159400
1159700
1160000
1160200
1160400
1160700
1161000
1161200
1161400
1161700
1162000
1162300
1162500
1162700
1163000
1163300
1163500
1163700
1164000
1164300
1164600
1164800
1165000
1165300
1165600
1165800
1166000
1166300
1166600
1166800
1167000
1167300
1167600
1167900
1168100
1168300
1168600
1168900
1169200
1169400
1169600
1169900
1170200
1170400
1170600
1170900
1171200
1178100
1178400
1178700
1178900
1179100
1179400
1179700
1179900
1180100
1180300
1180600
1180900
1181100
1181300
1181600
1181900
1182200
1182400
1182600
1182900
1183200
1183400
1183600
1183800
1184100
1184400
1184600
1184800
1185100
1185400
1185600
1185800
1186100
1186400
1186600
1186800
1187000
1187200
1187500
1187800
1188000
1188200
1188500
1188800
1189100
1189300
1189500
1189700
1190000
1190300
1190500
1190700
1191000
1191300
1191600
1191800
1192000
1192300
1192600
1192800
1193000
1193300
1193600
1193900
1194100
1194300
1194600
1194900
1195100
1195300
1195600
1195900
1196100
1196300
1196600
1196900
1197200
1197500
1197700
1197900
1198200
1198500
1198700
1198900
1199200
1199500
1199700
1199900
1200200
1200500
1200800
1201000
1201200
1201400
1201700
1202000
1202200
1202400
1202700
1203000
1210100
1210400
1210700
1210900
1211100
1211400
1211700
1211900
1212100
1212300
1212600
1212900
1213100
1213300
1213600
1213900
1214200
1214400
1214600
1214900
1215200
1215500
1215700
1215900
1216200
1216500
1216700
1216900
1217100
1217300
1217600
1217900
1218100
1218300
1218500
1218800
1219100
1219400
1219600
1219800
1220100
1220400
1220700
1220900
1221100
1221300
1221600
1221900
1222100
1222300
1222600
1222900
1223200
1223400
1223600
1223800
1224100
1224400
1224600
1224800
1225100
1225400
1225700
1225900
1226100
1226400
1226700
1226900
1227100
1227400
1227700
1228000
1228300
1228500
1228700
1229000
1229300
1229600
1229800
1230000
1230300
1230600
1230800
1231000
1231200
1231500
1231800
1232100
1232300
1232500
1232800
1233100
1233400
1233600
1233800
1234100
1234400
1234700
1235000
1235200
1242400
1242600
1242900
1243200
1243500
1243700
1243900
1244200
1244500
1244700
1244900
1245200
1245500
1245700
1245900
1246200
1246500
1246800
1247000
1247200
1247500
1247800
1248100
1248300
1248500
1248800
1249100
1249300
1249500
1249800
1250100
1250400
1250700
1250900
1251100
1251400
1251700
1251900
1252100
1252300
1252600
1252900
1253100
1253300
1253500
1253800
1254100
1254300
1254500
1254800
1255100
1255400
1255600
1255800
1256100
1256400
1256600
1256800
1257000
1257300
1257600
1257800
1258000
1258300
1258600
1258900
1259100
1259300
1259600
1259900
1260200
1260400
1260600
1260900
1261200
1261500
1261700
1261900
1262200
1262500
1262800
1263000
1263200
1263500
1263800
1264000
1264200
1264400
1264700
1265000
1265300
1265500
1265700
1266000
1266300
1266600
1266800
1267000
1267300
1267600
1275000
1275200
1275500
1275800
1276100
1276300
1276500
1276800
1277100
1277300
1277500
1277800
1278100
1278400
1278600
1278800
1279000
1279300
1279600
1279800
1280000
1280300
1280600
1280900
1281100
1281300
1281600
1281900
1282200
1282400
1282600
1282800
1283100
1283400
1283600
1283800
1284100
1284400
1284700
1284900
1285100
1285400
1285700
1286000
1286200
1286400
1286700
1287000
1287200
1287400
1287600
1287900
1288200
1288400
1288600
1288900
1289200
1289500
1289700
1289900
1290200
1290500
1290700
1290900
1291200
1291500
1291700
1291900
1292100
1292400
1292700
1293000
1293200
1293400
1293700
1294000
1294200
1294400
1294700
1295000
1295300
1295500
1295700
1296000
1296300
1296600
1296800
1297000
1297300
1297600
1297900
1298100
1298300
1298600
1298900
1299200
1299400
1299600
1299900
1300200
1307800
1308000
1308300
1308600
1308800
1309000
1309200
1309500
1309800
1310000
1310200
1310500
1310800
1311100
1311300
1311500
1311700
1312000
1312300
1312600
1312800
1313000
1313300
1313600
1313900
1314100
1314300
1314600
1314900
1315200
1315500
1315700
1315900
1316200
1316500
1316800
1317000
1317200
1317500
1317800
1318000
1318200
1318400
1318700
1319000
1319200
1319400
1319700
1320000
1320300
1320500
1320700
1321000
1321300
1321500
1321700
1322000
1322300
1322500
1322700
1323000
1323300
1323600
1323800
1324000
1324300
1324600
1324900
1325100
1325300
1325600
1325900
1326100
1326300
1326500
1326800
1327100
1327300
1327500
1327700
1328000
1328300
1328500
1328700
1329000
1329300
1329600
1329800
1330000
1330300
1330600
1330900
1331100
1331300
1331600
1331900
1332100
1332300
1332600
1332900
1340500
1340800
1341100
1341400
1341600
1341800
1342100
1342400
1342700
1342900
1343100
1343400
1343700
1344000
1344200
1344400
1344600
1344900
1345200
1345400
1345600
1345800
1346100
1346400
1346600
1346800
1347100
1347400
1347700
1348000
1348200
1348400
1348700
1349000
1349300
1349500
1349700
1350000
1350300
1350500
1350700
1350900
1351200
1351500
1351800
1352000
1352200
1352500
1352800
1353000
1353200
1353500
1353800
1354100
1354400
1354600
1354800
1355100
1355400
1355600
1355800
1356100
1356400
1356700
1356900
1357100
1357400
1357700
1358000
1358300
1358500
1358700
1359000
1359300
1359600
1359800
1360000
1360300
1360600
1360800
1361000
1361200
1361400
1361800
1362100
1362500
1362900
1363300
1363700
1364000
1364300
1364700
1365000
1365300
1365700
1366100
1366400
1366800
1367100
1367500
1377200
1377500
1377900
1378200
1378500
1378800
1379100
1379500
1379900
1380200
1380500
1380800
1381300
1381500
1381800
1382100
1382400
1382700
1383000
1383400
1383700
1384000
1384300
1384500
1384700
1385000
1385300
1385600
1385800
1386000
1386300
1386600
1386900
1387100
1387300
1387600
1387900
1388200
1388400
1388600
1388900
1389200
1389400
1389600
1389900
1390200
1390500
1390800
1391000
1391200
1391500
1391800
1392100
1392300
1392500
1392800
1393100
1393300
1393500
1393800
1394100
1394400
1394600
1394800
1395100
1395400
1395600
1395800
1396100
1396400
1396700
1396900
1397100
1397400
1397700
1398000
1398200
1398400
1398700
1399000
1399300
1399500
1399700
1400000
1400300
1400500
1400700
1400900
1401200
1401500
1401700
1401900
1402100
1402400
1402700
1402900
1403100
1403400
1403700
1404000
1411900
1412100
1412400
1412700
1412900
1413100
1413400
1413700
1414000
1414200
1414400
1414700
1415000
1415300
1415500
1415700
1416000
1416300
1416500
1416700
1416900
1417200
1417500
1417700
1417900
1418100
1418400
1418700
1418900
1419100
1419300
1419600
1419900
1420100
1420300
1420500
1420800
1421100
1421400
1421600
1421800
1422100
1422400
1422600
1422800
1423100
1423400
1423700
1424000
1424200
1424400
1424700
1425000
1425200
1425400
1425700
1426000
1426300
1426500
1426700
1427000
1427300
1427500
1427700
1428000
1428300
1428600
1428800
1429000
1429300
1429600
1429900
1430100
1430300
1430600
1430900
1431200
1431400
1431600
1431900
1432200
1432500
1432700
1432900
1433200
1433500
1433800
1434000
1434200
1434500
1434800
1435100
1435300
1435500
1435800
1436100
1436400
1436600
1436800
1437100
1445200
1445500
1445800
1446000
1446200
1446500
1446800
1447100
1447300
1447500
1447800
1448100
1448400
1448600
1448800
1449100
1449400
1449600
1449800
1450000
1450300
1450600
1450800
1451000
1451200
1451500
1451800
1452000
1452200
1452500
1452800
1453100
1453300
1453500
1453800
1454100
1454400
1454600
1454800
1455100
1455400
1455600
1455800
1456100
1456400
1456700
1456900
1457100
1457400
1457700
1457900
1458100
1458400
1458700
1459000
1459200
1459400
1459700
1460000
1460200
1460400
1460700
1461000
1461300
1461500
1461700
1462000
1462300
1462600
1462800
1463000
1463300
1463600
1463900
1464100
1464300
1464600
1464900
1465200
1465400
1465600
1465900
1466200
1466400
1466600
1466800
1467100
1467400
1467600
1467800
1468100
1468400
1468700
1468900
1469100
1469400
1469700
1469900
1470100
1470400
1478800
1479000
1479200
1479500
1479800
1480100
1480300
1480500
1480800
1481100
1481400
1481600
1481800
1482100
1482400
1482700
1482900
1483100
1483400
1483700
1484000
1484200
1484400
1484600
1484900
1485200
1485400
1485600
1485800
1486100
1486400
1486600
1486800
1487100
1487400
1487700
1487900
1488100
1488400
1488700
1489000
1489200
1489400
1489700
1490000
1490200
1490400
1490600
1490900
1491200
1491400
1491600
1491800
1492100
1492400
1492600
1492800
1493000
1493300
1493600
1493800
1494000
1494200
1494500
1494800
1495100
1495300
1495500
1495800
1496100
1496400
1496600
1496800
1497100
1497400
1497700
1497900
1498100
1498400
1498700
1499000
1499200
1499400
1499700
1500000
1500300
1500500
1500700
1501000
1501300
1501600
1501800
1502000
1502300
1502600
1502800
1503000
1503200
1503500
1503800
1512300
1512600
1512900
1513100
1513300
1513600
1513900
1514200
1514500
1514700
1514900
1515200
1515500
1515800
1516000
1516200
1516500
1516800
1517100
1517300
1517500
1517800
1518100
1518400
1518600
1518800
1519100
1519400
1519700
1519900
1520100
1520400
1520700
1520900
1521100
1521400
1521700
1522000
1522200
1522400
1522900
1523300
1523700
1524000
1524300
1524600
1524800
1525000
1525300
1525600
1525900
1526200
1526400
1526600
1526800
1527000
1527300
1527600
1527800
1528000
1528300
1528600
1528900
1529100
1529300
1529600
1529900
1530100
1530300
1530600
1530900
1531200
1531400
1531600
1531900
1532200
1532400
1532600
1532900
1533200
1533400
1533600
1533900
1534200
1534400
1534600
1534900
1535200
1535400
1535600
1535900
1536200
1536400
1536600
1536900
1537200
1537400
1537600
1537900
1538200
1546900
1547100
1547400
1547700
1547900
1548100
1548300
1548600
1548900
1549200
1549400
1549600
1549900
1550200
1550500
1550700
1550900
1551200
1551500
1551700
1551900
1552100
1552400
1552700
1552900
1553100
1553400
1553700
1554000
1554200
1554400
1554700
1555000
1555200
1555400
1555600
1555900
1556200
1556400
1556600
1556800
1557100
1557400
1557700
1558000
1558200
1558400
1558600
1558900
1559200
1559500
1559700
1559900
1560200
1560500
1560800
1561000
1561200
1561500
1561800
1562100
1562300
1562500
1562800
1563100
1563400
1563600
1563800
1564100
1564400
1564700
1564900
1565100
1565400
1565700
1565900
1566100
1566400
1566700
1567000
1567200
1567400
1567700
1568000
1568300
1568500
1568700
1569000
1569300
1569500
1569700
1569900
1570200
1570500
1570700
1570900
1571100
1571400
1571700
1571900
1580800
1581000
1581200
1581500
1581800
1582100
1582300
1582500
1582800
1583100
1583300
1583500
1583800
1584100
1584300
1584500
1584800
1585100
1585300
1585500
1585800
1586100
1586300
1586500
1586800
1587100
1587300
1587500
1587800
1588100
1588400
1588600
1588800
1589100
1589400
1589600
1589800
1590100
1590400
1590600
1590800
1591100
1591400
1591700
1591900
1592100
1592400
1592700
1592900
1593100
1593400
1593700
1593900
1594100
1594400
1594700
1595000
1595200
1595400
1595700
1596000
1596200
1596400
1596700
1597000
1597200
1597400
1597700
1598000
1598200
1598400
1598700
1599000
1599200
1599400
1599700
1600000
1600200
1600400
1600700
1601000
1601200
1601400
1601700
1602000
1602300
1602500
1602700
1603000
1603300
1603500
1603700
1604000
1604300
1604500
1604700
1605000
1605300
1605600
1605800
1614800
1615000
1615200
1615500
1615800
1616100
1616300
1616500
1616800
1617100
1617300
1617500
1617800
1618100
1618300
1618500
1618800
1619100
1619400
1619600
1619800
1620100
1620400
1620600
1620800
1621100
1621400
1621600
1621800
1622000
1622300
1622600
1622800
1623000
1623300
1623600
1623900
1624200
1624400
1624600
1624800
1625100
1625400
1625600
1625800
1626100
1626400
1626700
1626900
1627100
1627400
1627700
1627900
1628100
1628400
1628700
1628900
1629100
1629400
1629700
1629900
1630100
1630400
1630700
1631000
1631200
1631400
1631700
1632000
1632200
1632400
1632700
1633000
1633200
1633400
1633700
1634000
1634200
1634400
1634600
1634900
1635200
1635400
1635600
1635900
1636200
1636400
1636600
1636800
1637100
1637400
1637600
1637800
1638100
1638400
1638700
1638900
1639100
1639400
1639700
1649000
1649300
1649600
1649800
1650000
1650300
1650600
1650800
1651000
1651300
1651600
1651900
1652100
1652300
1652600
1652900
1653100
1653300
1653600
1653900
1654100
1654300
1654600
1654900
1655200
1655400
1655600
1655900
1656200
1656500
1656700
1656900
1657200
1657500
1657700
1657900
1658200
1658500
1658700
1658900
1659200
1659500
1659800
1660000
1660200
1660500
1660800
1661000
1661200
1661500
1661800
1662000
1662200
1662500
1662800
1663000
1663200
1663500
1663800
1664000
1664200
1664500
1664800
1665000
1665200
1665400
1665700
1666000
1666200
1666400
1666700
1667000
1667200
1667400
1667700
1668000
1668300
1668500
1668700
1669000
1669300
1669500
1669700
1670000
1670300
1670600
1670800
1671000
1671200
1671500
1671800
1672000
1672200
1672500
1672800
1673100
1673300
1673500
1673800
1674100
1683400
1683600
1683900
1684200
1684400
1684600
1684900
1685200
1685500
1685700
1685900
1686200
1686500
1686700
1686900
1687200
1687500
1687800
1688000
1688200
1688500
1688800
1689000
1689200
1689500
1689800
1690100
1690300
1690500
1690800
1691100
1691300
1691500
1691800
1692100
1692300
1692500
1692800
1693100
1693400
1693600
1693800
1694100
1694400
1694600
1694800
1695100
1695400
1695600
1695800
1696100
1696400
1696600
1696800
1697100
1697400
1697600
1697800
1698100
1698400
1698700
1698900
1699100
1699400
1699700
1699900
1700100
1700400
1700700
1700900
1701100
1701300
1701600
1701900
1702100
1702300
1702600
1702900
1703200
1703400
1703600
1703900
1704200
1704400
1704600
1704900
1705200
1705400
1705600
1705900
1706200
1706400
1706600
1706900
1707200
1707400
1707600
1707900
1708200
1708400
1718000
1718300
1718500
1718700
1719000
1719300
1719500
1719800
1720100
1720500
1720900
1721300
1721700
1722100
1722500
1722800
1723200
1723600
1723900
1724300
1724700
1725100
1725500
1725800
1726200
1726500
1726800
1727100
1727400
1727700
1728100
1728400
1728700
1729000
1729300
1729700
1730100
1730400
1730700
1731100
1731400
1731700
1732100
1732500
1732800
1733100
1733400
1733800
1734200
1734600
1734900
1735200
1735400
1735700
1736000
1736300
1736500
1736700
1736900
1737200
1737500
1737800
1738000
1738200
1738500
1738800
1739000
1739200
1739400
1739700
1740000
1740300
1740500
1740700
1741000
1741300
1741600
1741800
1742000
1742300
1742600
1742800
1743000
1743200
1743500
1743800
1744000
1744200
1744500
1744800
1745100
1745300
1745500
1745800
1746100
1746300
1746500
1746800
1747100
1747400
1756900
1757200
1757500
1757800
1758100
1758300
1758500
1758800
1759100
1759300
1759500
1759800
1760100
1760400
1760600
1760800
1761100
1761400
1761700
1761900
1762100
1762400
1762700
1762900
1763100
1763300
1763600
1763900
1764100
1764300
1764600
1764900
1765100
1765300
1765500
1765800
1766100
1766300
1766500
1766800
1767100
1767300
1767500
1767800
1768100
1768300
1768500
1768800
1769100
1769400
1769600
1769800
1770100
1770400
1770600
1770800
1771100
1771400
1771700
1771900
1772100
1772400
1772700
1773000
1773200
1773400
1773700
1774000
1774200
1774400
1774600
1774900
1775200
1775400
1775600
1775900
1776200
1776500
1776700
1776900
1777200
1777500
1777700
1777900
1778200
1778500
1778800
1779000
1779200
1779500
1779800
1780000
1780200
1780500
1780800
1781000
1781200
1781400
1781700
1782000
1791900
1792400
1792600
1792900
1793200
1793400
1793600
1793800
1794100
1794400
1794600
1794800
1795100
1795400
1795700
1795900
1796100
1796400
1796700
1797000
1797200
1797400
1797700
1798000
1798200
1798400
1798700
1799000
1799300
1799500
1799700
1800000
1800300
1800500
1800700
1801000
1801300
1801600
1801800
1802000
1802300
1802600
1802900
1803100
1803300
1803600
1803900
1804200
1804400
1804600
1804900
1805200
1805400
1805600
1805800
1806100
1806400
1806700
1806900
1807100
1807400
1807700
1808000
1808200
1808400
1808700
1809000
1809300
1809500
1809700
1810000
1810300
1810600
1810800
1811000
1811200
1811500
1811800
1812000
1812200
1812500
1812800
1813000
1813200
1813500
1813800
1814100
1814400
1814600
1814800
1815100
1815400
1815600
1815800
1816100
1816400
1816700
1816900
1817100
1817400
1827600
1827900
1828200
1828400
1828600
1828900
1829200
1829500
1829700
1829900
1830200
1830500
1830700
1830900
1831200
1831500
1831800
1832100
1832300
1832500
1832800
1833100
1833300
1833500
1833800
1834100
1834300
1834500
1834800
1835100
1835400
1835700
1835900
1836100
1836400
1836700
1836900
1837100
1837400
1837700
1838000
1838200
1838400
1838700
1839000
1839300
1839500
1839700
1839900
1840200
1840500
1840700
1840900
1841100
1841400
1841700
1841900
1842100
1842300
1842600
1842900
1843200
1843400
1843600
1843900
1844200
1844400
1844600
1844900
1845200
1845500
1845700
1845900
1846200
1846500
1846800
1847000
1847200
1847500
1847800
1848000
1848200
1848400
1848700
1849000
1849200
1849400
1849700
1850000
1850300
1850500
1850700
1851000
1851300
1851600
1851800
1852000
1852300
1852600
1852900
1863100
1863300
1863600
1863900
1864100
1864300
1864600
1864900
1865200
1865400
1865600
1865900
1866200
1866400
1866600
1866900
1867200
1867500
1867800
1868100
1868300
1868500
1868800
1869100
1869300
1869500
1869700
1870000
1870300
1870500
1870700
1871000
1871300
1871600
1871800
1872000
1872300
1872600
1872900
1873100
1873300
1873600
1873900
1874200
1874400
1874600
1874900
1875200
1875400
1875600
1875800
1876100
1876400
1876600
1876800
1877100
1877400
1877600
1877800
1878100
1878400
1878700
1878900
1879100
1879400
1879700
1879900
1880100
1880400
1880700
1880900
1881100
1881400
1881700
1882000
1882200
1882400
1882700
1883000
1883200
1883400
1883700
1884000
1884300
1884500
1884700
1885000
1885300
1885500
1885700
1886000
1886300
1886600
1886800
1887000
1887300
1887600
1887800
1888000
1888200
1898600
1898800
1899100
1899400
1899600
1899800
1900100
1900400
1900700
1900900
1901100
1901400
1901700
1901900
1902100
1902300
1902600
1902900
1903100
1903300
1903600
1903900
1904200
1904400
1904600
1904900
1905200
1905500
1905700
1905900
1906200
1906500
1906800
1907000
1907200
1907500
1907800
1908100
1908300
1908500
1908800
1909100
1909300
1909500
1909800
1910100
1910400
1910700
1910900
1911100
1911400
1911700
1911900
1912100
1912400
1912700
1912900
1913100
1913400
1913700
1914000
1914200
1914400
1914700
1915000
1915300
1915500
1915700
1916000
1916300
1916500
1916700
1917000
1917300
1917600
1917800
1918000
1918300
1918600
1918900
1919100
1919300
1919600
1919900
1920200
1920400
1920600
1920900
1921200
1921500
1921700
1921900
1922200
1922500
1922800
1923000
1923200
1923500
1923800
1924000
1934900
1935100
1935400
1935700
1935900
1936100
1936400
1936700
1937000
1937200
1937400
1937700
1938000
1938200
1938400
1938700
1939000
1939300
1939500
1939700
1940000
1940300
1940600
1940800
1941000
1941300
1941600
1941800
1942000
1942300
1942600
1942900
1943100
1943300
1943600
1943900
1944100
1944300
1944600
1944900
1945200
1945400
1945600
1945800
1946000
1946300
1946600
1946800
1947000
1947200
1947500
1947800
1948000
1948200
1948500
1948800
1949000
1949300
1949500
1949800
1950100
1950400
1950600
1950800
1951100
1951400
1951600
1951800
1952100
1952400
1952700
1952900
1953100
1953400
1953700
1954000
1954200
1954400
1954700
1955000
1955300
1955500
1955700
1956000
1956300
1956500
1956700
1957000
1957300
1957600
1957800
1958000
1958300
1958700
1959000
1959300
1959600
1959900
1960200
1960500
1972400
1972700
1973000
1973200
1973500
1973700
1973900
1974200
1974500
1974800
1975000
1975200
1975400
1975600
1975900
1976200
1976500
1976700
1976900
1977200
1977500
1977800
1978100
1978300
1978500
1978800
1979100
1979400
1979700
1980000
1980200
1980400
1980600
1980900
1981200
1981400
1981600
1981800
1982000
1982300
1982600
1982800
1983000
1983200
1983500
1983800
1984100
1984400
1984600
1984800
1985100
1985400
1985700
1986000
1986200
1986400
1986700
1987000
1987300
1987600
1987800
1988000
1988200
1988400
1988700
1989000
1989200
1989400
1989600
1989900
1990300
1990600
1990900
1991200
1991500
1991800
1992100
1992300
1992600
1992900
1993200
1993500
1993700
1994000
1994300
1994600
1994800
1995100
1995400
1995700
1996000
1996300
1996700
1997000
1997200
1997500
1997800
1998000
1998200
1998500
2015600
2016000
2016300
2016600
2016900
2017300
2017600
2017900
2018300
2018600
2019000
2019400
2019800
2020200
2020500
2020800
2021200
2021500
2021800
2022100
2022500
2022900
2023300
2023700
2024100
2024500
2024900
2025200
2025500
2025800
2026100
2026500
2026900
2027300
2027700
2028000
2028300
2028700
2029100
2029500
2029800
2030200
2030500
2030800
2031100
2031400
2031700
2032000
2032400
2032700
2033100
2033400
2033700
2034100
2034400
2034700
2035000
2035300
2035600
2035900
2036200
2036500
2036800
2037100
2037400
2037700
2038000
2038400
2038800
2039200
2039600
2040000
2040300
2040600
2040900
2041200
2041600
2042000
2042400
2042800
2043200
2043600
2044000
2044300
2044500
2044800
2045100
2045500
2045800
2046100
2046400
2046600
2046900
2047200
2047500
2047800
2048100
2048400
2048700
2049000
2062000
2062300
2062500
2062800
2063000
2063200
2063500
2063700
2064000
2064300
2064600
2064800
2065100
2065400
2065700
2066000
2066200
2066500
2066700
2067000
2067300
2068000
2068300
2068700
2069000
2069300
2069600
2070000
2070400
2070700
2071000
2071300
2071600
2071900
2072200
2072600
2072900
2073200
2073500
2073700
2073900
2074100
2074400
2074700
2075000
2075300
2075500
2075700
2076000
2076300
2076500
2076700
2077000
2077300
2077600
2077900
2078100
2078300
2078600
2078900
2079200
2079400
2079600
2079900
2080200
2080500
2080700
2080900
2081100
2081400
2081700
2082000
2082300
2082500
2082700
2083000
2083300
2083500
2083700
2084000
2084300
2084600
2084900
2085200
2085400
2085600
2085900
2086200
2086500
2086700
2086900
2087200
2087500
2087800
2088000
2088300
2088600
2088800
2089000
2089300
2101500
2101800
2102000
2102300
2102700
2103000
2103200
2103500
2103800
2104100
2104400
2104700
2105000
2105200
2105500
2105800
2106100
2106400
2106600
2106800
2107100
2107400
2107700
2107900
2108200
2108500
2108800
2109100
2109400
2109600
2109900
2110200
2110500
2110800
2111100
2111300
2111700
2112000
2112300
2112600
2113400
2113700
2114000
2114300
2114600
2114800
2115000
2115200
2115400
2115600
2115900
2116200
2116400
2116700
2117000
2117200
2117400
2117700
2118000
2118500
2118800
2119200
2119500
2119900
2120200
2120400
2120600
2120900
2121100
2121500
2121700
2122000
2122300
2122500
2122800
2123000
2123400
2123700
2124000
2124400
2124700
2125100
2125400
2125700
2126000
2126300
2126700
2127000
2127300
2127700
2128000
2128300
2128700
2129000
2129300
2129500
2129800
2130000
2130300
2130600
2144500
2144900
2145200
2145500
2145900
2146200
2146600
2147000
2147300
2147600
2147900
2148100
2148500
2148800
2149100
2149400
2149700
2150000
2150200
2150500
2150800
2151100
2151400
2151700
2152000
2152800
2153100
2153400
2153700
2154000
2154300
2154600
2154900
2155200
2155600
2155900
2156200
2156500
2156700
2157000
2157300
2157700
2158200
2158500
2158800
2159100
2159500
2159800
2160200
2160700
2161000
2161400
2161700
2162000
2162300
2162600
2163000
2163300
2163600
2163900
2164200
2164600
2165000
2165400
2165700
2166000
2166400
2166800
2167100
2167500
2167900
2168200
2168600
2169000
2169300
2169600
2170000
2170300
2170600
2170900
2171200
2171500
2171900
2172200
2172600
2172900
2173300
2173700
2174100
2174400
2174700
2175100
2175500
2175800
2176200
2176700
2177100
2177500
2177800
2178100
2192500
2192900
2193300
2193700
2193900
2194300
2194600
2195000
2195300
2195600
2196000
2196300
2196600
2197000
2197300
2197700
2198000
2198300
2198700
2199100
2199400
2199800
2200200
2200500
2200800
2201100
2201500
2201900
2202200
2202500
2202800
2203200
2203500
2203900
2204200
2204500
2204900
2205200
2205500
2205800
2206200
2206600
2206900
2207300
2207700
2208100
2208500
2208900
2209200
2209600
2209900
2210300
2210700
2211100
2211500
2211800
2212200
2212500
2212800
2213200
2213500
2213800
2214200
2214500
2214800
2215100
2215400
2215700
2216000
2216300
2216600
2217000
2217400
2217700
2218000
2218400
2218800
2219100
2219500
2219900
2220300
2220600
2221000
2221300
2221700
2222100
2222400
2222800
2223100
2223400
2223800
2224100
2224400
2224800
2225200
2225500
2225800
2226100
2226400
2226700
2240700
2241100
2241400
2241800
2242200
2242600
2243000
2243300
2243600
2243900
2244200
2244500
2244800
2245200
2245500
2245800
2246200
2246500
2246800
2247100
2247500
2247800
2248200
2248600
2249000
2249400
2249800
2250100
2250500
2250800
2251100
2251500
2251900
2252200
2252500
2252900
2253300
2253700
2254100
2254500
2254900
2255400
2255700
2256100
2256400
2256800
2257200
2257500
2257800
2258100
2258500
2258800
2259200
2259500
2259900
2260300
2260600
2260900
2261300
2261600
2261900
2262200
2262500
2262900
2263200
2263500
2263900
2264200
2264600
2264900
2265200
2265600
2266000
2266400
2266800
2267100
2267400
2267700
2268100
2268400
2268700
2269100
2269500
2269800
2270300
2270700
2271400
2271700
2272000
2272300
2272600
2272900
2273200
2273600
2274000
2274400
2274800
2275100
2275400
2275700
2290200
2290500
2290800
2291200
2291500
2291800
2292100
2292500
2292900
2293100
2293500
2293800
2294100
2294500
2294800
2295200
2295500
2295800
2296100
2296400
2296800
2297100
2297500
2297900
2298200
2298600
2299000
2299400
2299700
2300000
2300300
2300700
2301000
2301300
2301600
2302000
2302400
2302800
2303100
2303400
2303800
2304100
2304400
2304800
2305200
2305500
2305900
2306300
2306700
2307100
2307500
2307800
2308100
2308500
2308900
2309300
2309800
2310200
2310500
2310800
2311200
2311500
2311900
2312300
2312700
2313000
2313400
2313700
2314100
2314500
2314900
2315200
2315600
2316000
2316300
2316600
2317000
2317300
2317700
2318000
2318300
2318700
2319000
2319400
2319700
2320000
2320300
2320600
2321000
2321400
2321800
2322200
2322500
2322900
2323200
2323600
2323900
2324200
2324500
2324900
2339400
2339800
2340200
2340600
2341000
2341400
2341800
2342200
2342600
2343000
2343300
2343700
2343900
2344300
2344700
2345100
2345500
2345800
2346200
2346600
2346900
2347200
2347600
2347900
2348300
2348700
2349000
2349400
2349800
2350200
2350600
2350900
2351300
2351600
2351900
2352200
2352500
2352800
2353100
2353400
2353700
2354000
2354400
2354700
2355100
2355700
2356100
2356400
2356800
2357100
2357500
2357800
2358100
2358400
2358800
2359100
2359500
2359800
2360200
2360600
2360900
2361300
2361700
2362000
2362400
2362800
2363200
2363600
2363900
2364300
2364700
2365100
2365400
2365800
2366100
2366500
2366900
2367200
2367600
2367900
2368200
2368500
2368900
2369200
2369500
2369900
2370200
2370600
2371000
2371400
2371700
2372000
2372400
2372700
2373100
2373500
2373800
2374100
2374500
2374800
2389800
2390200
2390600
2390900
2391300
2391600
2392000
2392300
2392600
2393000
2393300
2393600
2394000
2394300
2394600
2395000
2395300
2395600
2396000
2396400
2396700
2397000
2397400
2397700
2398000
2398400
2398800
2399200
2399500
2399800
2400200
2400600
2401000
2401400
2401700
2402100
2402400
2402700
2403100
2403400
2403800
2404100
2404400
2404800
2405100
2405400
2405700
2406100
2406400
2406700
2407100
2407400
2407700
2408100
2408500
2408900
2409200
2409600
2410000
2410400
2410800
2411200
2411500
2411800
2412100
2412500
2412900
2413300
2413600
2413900
2414300
2414700
2415000
2415400
2415700
2416000
2416400
2416700
2417100
2417400
2417800
2418100
2418500
2418800
2419100
2419400
2419800
2420200
2420600
2420900
2421300
2421600
2421900
2422200
2422600
2422900
2423200
2423500
2423900
2424300
2439200
2439600
2439900
2440200
2440500
2440800
2441200
2441500
2441900
2442200
2442600
2442900
2443300
2443600
2444000
2444400
2444800
2445100
2445400
2445800
2446200
2446600
2446900
2447300
2447700
2448000
2448400
2448700
2449100
2449400
2449800
2450100
2450500
2450900
2451200
2451600
2451900
2452200
2452600
2452900
2453300
2453600
2453900
2454200
2454600
2454900
2455200
2455600
2455900
2456200
2456600
2457000
2457400
2457700
2458000
2458300
2458600
2458900
2459200
2459500
2459800
2460200
2460500
2460900
2461300
2461700
2462000
2462300
2462600
2462900
2463300
2463500
2464100
2464400
2464900
2465500
2465800
2466100
2466400
2466700
2467000
2467300
2467500
2467800
2468100
2468700
2468900
2469300
2469600
2469900
2470200
2470600
2471000
2471300
2471700
2472100
2472500
2472900
2473200
2473500
2489700
2490000
2490400
2490800
2491300
2491700
2492000
2492400
2492800
2493100
2493400
2493700
2494100
2494400
2494700
2495100
2495400
2495800
2496100
2496500
2496800
2497100
2497500
2497800
2498100
2498500
2498800
2499100
2499500
2499800
2500100
2500500
2500800
2501200
2501600
2501900
2502200
2502600
2503000
2503400
2503800
2504200
2504500
2504900
2505300
2505700
2506000
2506400
2506700
2507000
2507400
2507800
2508200
2508600
2509000
2509300
2509700
2510100
2510400
2510800
2511200
2511600
2511900
2512200
2512600
2512900
2513200
2513600
2513900
2514300
2514700
2515100
2515500
2515800
2516100
2516500
2516800
2517200
2517600
2517900
2518200
2518500
2518900
2519300
2519600
2520000
2520400
2520800
2521100
2521500
2521800
2522100
2522500
2522800
2523100
2523500
2523900
2524200
2524600
2524900
2541400
2541800
2542200
2542600
2543000
2543300
2543600
2544000
2544400
2544700
2545000
2545400
2545800
2546100
2546500
2546800
2547200
2547600
2548000
2548300
2548700
2549000
2549300
2549700
2550000
2550300
2550700
2551000
2551300
2551700
2552000
2552300
2552700
2553100
2553500
2553800
2554100
2554500
2554900
2555300
2555700
2556000
2556300
2556700
2557000
2557300
2557700
2558100
2558400
2558800
2559200
2559500
2559800
2560200
2560600
2560900
2561300
2561700
2562000
2562300
2562600
2563000
2563400
2563700
2564100
2564500
2564900
2565300
2565700
2566100
2566400
2566700
2567100
2567400
2567700
2568000
2568300
2568600
2569000
2569400
2569700
2570100
2570400
2570800
2571100
2571400
2571800
2572100
2572500
2572800
2573100
2573500
2573900
2574200
2574600
2574900
2575300
2575600
2575900
2576300
2592100
2592400
2592700
2593000
2593400
2593700
2594100
2594400
2594700
2595000
2595400
2595700
2596100
2596400
2596800
2597200
2597600
2597900
2598300
2598700
2599000
2599400
2599800
2600100
2600400
2600800
2601100
2601400
2601700
2602000
2602300
2602600
2603000
2603300
2603600
2604000
2604400
2604700
2605100
2605500
2605900
2606300
2606700
2607100
2607400
2607800
2608100
2608400
2608800
2609100
2609400
2609800
2610100
2610500
2610800
2611100
2611400
2611800
2612100
2612500
2612800
2613200
2613500
2613900
2614200
2614600
2615000
2615400
2615800
2616100
2616400
2616600
2616900
2617200
2617600
2617800
2618200
2618500
2618800
2619100
2619400
2619700
2620000
2620300
2620600
2620900
2621300
2621700
2622000
2622300
2622600
2623000
2623400
2623800
2624200
2624600
2625000
2625300
2625600
2626000
2642700
2643100
2643500
2643900
2644200
2644600
2644900
2645200
2645600
2646000
2646300
2646700
2647100
2647500
2647900
2648200
2648600
2649000
2649400
2649700
2650100
2650400
2650800
2651200
2651500
2651900
2652200
2652600
2652900
2653200
2653600
2653900
2654200
2654600
2654900
2655300
2655600
2656000
2656400
2656700
2657000
2657300
2657700
2658100
2658400
2658800
2659200
2659500
2659900
2660300
2660600
2661000
2661300
2661600
2662000
2662300
2662700
2663100
2663500
2663900
2664200
2664500
2664800
2665100
2665500
2665900
2666200
2666600
2666900
2667300
2667600
2667900
2668300
2668600
2669000
2669400
2669700
2670000
2670300
2670700
2671000
2671300
2671700
2672100
2672500
2672800
2673200
2673500
2673900
2674200
2674600
2675000
2675400
2675800
2676200
2676500
2676800
2677200
2677500
2677900
2693600
2694000
2694400
2694800
2695100
2695400
2695700
2696000
2696300
2696700
2697000
2697400
2697700
2698100
2698400
2698800
2699100
2699500
2699800
2700200
2700600
2700900
2701200
2701500
2701800
2702200
2702500
2702900
2703200
2703500
2703800
2704200
2704500
2704800
2705200
2705500
2705800
2706200
2706500
2706900
2707300
2707600
2707900
2708300
2708600
2708900
2709300
2709700
2710100
2710400
2710800
2711100
2711500
2711900
2712200
2712600
2712900
2713200
2713500
2713900
2714200
2714500
2714900
2715200
2715500
2715900
2716300
2716600
2717000
2717400
2717800
2718100
2718500
2718800
2719100
2719500
2719900
2720300
2720700
2721100
2721400
2721700
2722000
2722300
2722600
2723000
2723400
2723800
2724100
2724500
2724800
2725100
2725500
2725900
2726200
2726600
2727000
2727300
2727700
2728000
2744100
2744400
2744800
2745100
2745500
2745900
2746200
2746500
2746900
2747200
2747600
2748000
2748400
2748700
2749000
2749400
2749800
2750200
2750500
2750900
2751300
2751700
2752100
2752400
2752800
2753100
2753500
2753800
2754200
2754600
2754900
2755200
2755600
2756000
2756400
2756800
2757100
2757400
2757800
2758100
2758400
2758700
2759000
2759400
2759800
2760100
2760400
2760700
2761000
2761300
2761600
2762000
2762300
2762600
2763000
2763300
2763600
2764000
2764400
2764800
2765100
2765500
2765900
2766300
2766600
2767000
2767300
2767600
2767900
2768300
2768600
2769000
2769400
2769700
2770000
2770400
2770700
2771100
2771500
2771900
2772300
2772600
2773000
2773400
2773800
2774200
2774500
2774800
2775200
2775600
2776000
2776400
2776700
2777100
2777400
2777700
2778100
2778400
2778700
2779100
2795600
2796000
2796400
2796800
2797100
2797500
2797900
2798200
2798600
2799000
2799300
2799600
2800000
2800400
2800800
2801200
2801500
2801800
2802100
2802500
2802900
2803300
2803700
2804100
2804400
2804800
2805100
2805400
2805800
2806100
2806400
2806800
2807200
2807600
2807900
2808300
2808600
2809200
2809700
2810000
2810300
2810600
2810900
2811200
2811500
2811800
2812100
2812400
2812700
2813000
2813300
2813600
2814000
2814400
2814700
2815000
2815300
2815600
2815900
2816300
2816700
2817000
2817300
2817600
2817900
2818300
2818600
2818900
2819200
2819500
2819900
2820200
2820500
2820800
2821100
2821500
2821800
2822100
2822400
2822800
2823200
2823600
2823900
2824200
2824600
2824900
2825200
2825500
2825800
2826100
2826500
2826800
2827200
2827600
2828000
2828300
2828700
2829100
2829400
2829700
2846200
2846500
2846800
2847200
2847600
2847900
2848200
2848500
2848900
2849200
2849600
2849900
2850200
2850600
2851100
2851700
2852100
2852400
2852700
2853000
2853400
2853700
2854100
2854500
2854800
2855200
2855500
2855900
2856300
2856600
2857000
2857300
2857500
2857900
2858300
2858600
2858900
2859300
2859600
2859900
2860200
2860600
2860900
2861300
2861600
2862000
2862300
2862700
2863000
2863300
2863700
2864100
2864500
2864900
2865300
2865700
2866400
2866800
2867200
2867600
2867900
2868300
2868700
2869000
2869400
2869700
2870000
2870400
2870800
2871100
2871500
2871800
2872200
2872600
2873000
2873400
2873700
2874100
2874400
2874800
2875100
2875500
2875900
2876200
2876600
2876900
2877200
2877600
2877900
2878200
2878600
2878900
2879300
2879600
2879900
2880300
2880600
2880900
2881200
2881600
2898600
2899000
2899400
2899800
2900200
2900600
2901000
2901300
2901700
2902100
2902400
2902700
2903100
2903500
2903900
2904300
2904700
2905100
2905500
2905800
2906100
2906400
2906800
2907100
2907400
2907700
2908100
2908400
2908800
2909200
2909500
2909900
2910200
2910500
2910800
2911200
2911600
2911900
2912200
2912600
2912900
2913200
2913600
2913900
2914300
2914700
2915100
2915500
2915900
2916300
2916600
2916900
2917200
2917600
2917900
2918300
2918600
2919000
2919300
2919700
2920100
2920400
2920800
2921200
2921600
2922000
2922400
2922700
2923100
2923500
2923900
2924200
2924600
2924900
2925300
2925600
2925900
2926200
2926600
2926900
2927200
2927600
2927900
2928200
2928600
2928900
2929300
2929700
2930100
2930400
2930700
2931100
2931400
2931800
2932200
2932600
2932900
2933200
2933600
2934000
2950800
2951200
2951500
2951900
2952300
2952700
2953100
2953500
2953800
2954200
2954500
2954800
2955100
2955500
2955800
2956100
2956400
2956800
2957100
2957500
2957900
2958300
2958700
2959100
2959500
2959800
2960200
2960600
2961000
2961300
2961700
2962000
2962400
2962800
2963200
2963600
2964000
2964400
2964700
2965100
2965400
2965700
2966000
2966300
2966600
2966900
2967300
2967600
2968000
2968400
2968800
2969100
2969400
2969800
2970200
2970500
2970800
2971100
2971400
2971800
2972100
2972500
2972900
2973300
2973600
2974000
2974400
2974800
2975100
2975400
2975800
2976100
2976400
2976700
2977100
2977500
2977800
2978200
2978500
2978800
2979200
2979500
2979800
2980200
2980500
2980800
2981200
2981500
2981900
2982300
2982700
2983000
2983400
2983800
2984100
2984500
2984900
2985200
2985500
2985800
3003000
3003300
3003600
3003900
3004200
3004600
3004900
3005200
3005500
3005700
3005900
3006200
3006500
3006900
3007300
3007600
3007900
3008200
3008500
3008800
3009200
3009600
3009900
3010200
3010500
3010800
3011200
3011500
3011900
3012200
3012500
3012800
3013200
3013600
3014000
3014300
3014600
3014900
3015200
3015500
3015900
3016200
3016500
3016800
3017100
3017400
3017800
3018100
3018400
3018700
3019100
3019400
3019700
3020000
3020300
3020700
3021100
3021500
3021800
3022100
3022500
3022900
3023400
3023800
3024200
3024500
3024900
3025200
3025500
3025900
3026200
3026500
3026800
3027100
3027500
3027800
3028200
3028500
3028800
3029200
3029600
3030000
3030400
3030700
3031000
3031400
3031700
3032000
3032400
3032700
3033000
3033400
3033700
3034000
3034300
3034700
3035000
3035400
3035800
3036100
3054200
3054500
3054900
3055200
3055500
3055900
3056300
3056700
3057000
3057300
3057800
3058200
3058500
3058800
3059200
3059600
3059900
3060300
3060700
3061000
3061300
3061700
3062100
3062400
3062700
3063000
3063400
3063700
3064100
3064400
3064800
3065200
3065500
3065900
3066300
3066600
3067000
3067400
3067800
3068100
3068500
3068800
3069100
3069400
3069700
3070000
3070400
3070800
3071100
3071400
3071800
3072100
3072500
3072900
3073300
3073600
3074000
3074300
3074600
3074900
3075300
3075700
3076100
3076400
3076800
3077100
3077500
3077800
3078200
3078500
3078800
3079100
3079500
3079800
3080200
3080500
3080900
3081200
3081600
3082000
3082400
3082700
3083100
3083500
3083900
3084300
3084700
3085000
3085300
3085700
3086000
3086400
3086800
3087100
3087500
3087900
3088200
3088600
3088900
3089200
3107200
3107500
3107900
3108300
3108600
3108900
3109200
3109600
3109900
3110300
3110600
3111000
3111300
3111600
3112000
3112400
3112700
3113100
3113400
3113800
3114200
3114600
3114900
3115200
3115500
3115900
3116300
3116700
3117000
3117400
3117700
3118100
3118500
3118800
3119200
3119600
3120000
3120400
3120800
3121100
3121500
3121800
3122100
3122500
3122800
3123200
3123500
3123800
3124100
3124500
3124900
3125300
3125700
3126100
3126500
3126800
3127200
3127500
3127800
3128100
3128500
3128900
3129300
3129600
3130000
3130400
3130800
3131200
3131600
3131900
3132300
3132600
3132900
3133200
3133600
3133900
3134200
3134600
3134900
3135200
3135500
3135800
3136100
3136500
3136900
3137200
3137600
3138000
3138400
3138700
3139000
3139300
3139600
3140000
3140300
3140600
3141000
3141300
3141700
3142000
3160000
3160300
3160600
3160900
3161300
3161600
3161900
3162200
3162600
3163000
3163400
3163700
3164100
3164400
3164800
3165200
3165500
3165900
3166300
3166700
3167000
3167300
3167700
3168100
3168500
3168900
3169400
3169800
3170100
3170500
3170900
3171300
3171700
3172100
3172500
3172900
3173300
3173600
3173900
3174200
3174500
3174900
3175300
3175600
3176000
3176400
3176700
3177100
3177500
3177800
3178100
3178500
3178900
3179300
3179700
3180100
3180500
3180900
3181200
3181600
3182000
3182300
3182700
3183100
3183500
3183800
3184100
3184500
3184800
3185200
3185600
3185900
3186200
3186600
3186900
3187200
3187600
3187900
3188200
3188500
3188900
3189200
3189600
3189900
3190200
3190600
3191000
3191500
3191800
3192100
3192400
3192800
3193100
3193500
3193900
3194200
3194600
3194900
3195200
3195600
3213800
3214100
3214400
3214700
3215000
3215400
3215700
3216100
3216500
3216900
3217200
3217600
3217900
3218200
3218600
3219000
3219400
3219800
3220200
3220600
3220900
3221300
3221700
3222100
3222400
3222800
3223200
3223600
3224000
3224300
3224600
3224900
3225300
3225600
3225900
3226200
3226600
3226900
3227200
3227500
3227900
3228300
3228600
3229000
3229300
3229600
3230000
3230400
3230700
3231000
3231300
3231700
3232000
3232400
3232700
3233100
3233400
3233700
3234000
3234300
3234700
3235000
3235400
3235800
3236200
3236600
3237000
3237300
3237700
3238100
3238400
3238800
3239200
3239500
3239900
3240300
3240700
3241000
3241400
3241800
3242100
3242500
3242800
3243200
3243600
3244000
3244300
3244700
3245000
3245300
3245600
3246000
3246300
3246700
3247000
3247400
3247800
3248100
3248400
3248700
3267000
3267300
3267700
3268100
3268400
3268800
3269100
3269500
3269800
3270200
3270500
3270900
3271200
3271600
3272000
3272400
3272700
3273000
3273400
3273800
3274100
3274400
3274800
3275100
3275400
3275800
3276100
3276400
3276800
3277100
3277500
3277900
3278300
3278600
3279000
3279300
3279700
3280000
3280300
3280700
3281000
3281400
3281700
3282100
3282400
3282700
3283000
3283300
3283700
3284100
3284400
3284800
3285100
3285500
3285900
3286200
3286600
3286900
3287300
3287600
3288000
3288300
3288700
3289100
3289400
3289800
3290200
3290600
3290900
3291300
3291600
3292000
3292300
3292700
3293100
3293400
3293800
3294200
3294500
3294900
3295300
3295600
3296000
3296400
3296800
3297200
3297500
3297900
3298300
3298600
3299000
3299400
3299700
3300000
3300400
3300800
3301100
3301500
3301900
3302200
3321200
3321500
3321900
3322200
3322500
3322800
3323200
3323600
3323900
3324200
3324500
3324900
3325300
3325700
3326000
3326300
3326700
3327100
3327400
3327700
3328000
3328400
3328700
3329000
3329300
3329600
3330000
3330400
3330700
3331000
3331300
3331600
3332000
3332400
3332800
3333100
3333500
3333900
3334200
3334500
3335000
3335300
3335600
3336000
3336300
3336600
3337000
3337300
3337700
3338100
3338500
3338900
3339200
3339500
3339900
3340200
3340600
3340900
3341300
3341600
3342000
3342300
3342700
3343000
3343400
3343800
3344200
3344500
3344900
3345300
3345600
3345900
3346300
3346700
3347100
3347500
3347800
3348100
3348400
3348800
3349100
3349500
3349800
3350100
3350400
3350800
3351100
3351400
3351700
3352000
3352400
3352700
3353100
3353500
3353800
3354200
3354600
3354900
3355300
3355700
3374800
3375200
3375600
3376000
3376400
3376800
3377200
3377500
3377800
3378100
3378400
3378700
3379100
3379500
3379800
3380200
3380600
3381000
3381300
3381600
3382000
3382300
3382700
3383000
3383400
3383800
3384200
3384500
3384900
3385200
3385400
3385700
3386100
3386500
3386900
3387200
3387600
3388000
3388300
3388700
3389100
3389400
3389800
3390200
3390500
3390800
3391200
3391600
3391900
3392300
3392600
3393000
3393300
3393600
3393900
3394300
3394700
3395000
3395300
3395700
3396100
3396400
3396800
3397100
3397400
3397800
3398200
3398500
3398800
3399200
3399500
3399800
3400200
3400600
3400900
3401200
3401500
3401900
3402300
3402600
3402900
3403200
3403600
3404000
3404400
3404800
3405100
3405400
3405800
3406100
3406500
3406800
3407200
3407600
3407900
3408300
3408700
3409000
3409400
3409700
3428400
3428800
3429200
3429600
3429900
3430200
3430600
3430900
3431300
3431700
3432000
3432300
3432700
3433100
3433400
3433800
3434200
3434500
3434900
3435200
3435500
3435900
3436300
3436600
3437000
3437400
3437800
3438100
3438400
3438700
3439000
3439300
3439600
3440000
3440400
3440800
3441100
3441400
3441700
3442100
3442500
3442800
3443200
3443500
3443800
3444200
3444600
3444900
3445300
3445600
3445900
3446200
3446600
3446900
3447300
3447600
3447900
3448200
3448600
3449000
3449300
3449700
3450000
3450400
3450800
3451200
3451600
3451900
3452300
3452600
3452900
3453300
3453700
3454000
3454300
3454700
3455000
3455400
3455800
3456100
3456500
3456900
3457200
3457600
3457900
3458300
3458700
3459000
3459300
3459700
3460000
3460400
3460700
3461000
3461400
3461800
3462100
3462500
3462800
3463200
3482000
3482300
3482700
3483100
3483400
3483800
3484100
3484500
3484800
3485200
3485500
3485800
3486200
3486600
3486900
3487300
3487600
3488000
3488300
3488600
3489000
3489300
3489600
3490000
3490400
3490700
3491000
3491300
3491600
3491900
3492100
3492400
3492700
3493100
3493400
3493800
3494100
3494400
3494800
3495200
3495600
3495900
3496300
3496700
3497000
3497300
3497700
3498000
3498300
3498600
3498900
3499200
3499600
3500000
3500300
3500600
3501000
3501400
3501700
3502000
3502300
3502700
3503000
3503300
3503600
3504000
3504300
3504600
3504900
3505300
3505600
3505900
3506300
3506600
3506900
3507300
3507700
3508000
3508400
3508700
3509100
3509500
3509800
3510100
3510500
3510800
3511100
3511400
3511800
3512200
3512500
3512800
3513200
3513500
3513800
3514200
3514500
3514800
3515200
3515500
3534900
3535300
3535600
3535900
3536300
3536700
3537000
3537300
3537600
3538000
3538300
3538700
3539000
3539300
3539700
3540000
3540300
3540600
3541000
3541400
3541800
3542200
3542500
3542800
3543100
3543400
3543800
3544100
3544400
3544800
3545100
3545500
3545800
3546200
3546500
3546900
3547200
3547600
3548000
3548400
3548800
3549200
3549500
3550100
3550500
3550900
3551300
3551600
3551900
3552300
3552600
3552900
3553300
3553600
3553900
3554300
3554600
3554900
3555200
3555600
3555900
3556300
3556700
3557100
3557500
3557900
3558300
3558600
3559000
3559400
3559700
3560100
3560400
3560700
3561100
3561500
3561800
3562200
3562500
3562800
3563200
3563600
3564000
3564400
3564800
3565200
3565500
3565900
3566200
3566500
3566800
3567200
3567600
3567900
3568300
3568600
3568900
3569300
3569600
3569900
3589300
3589600
3590000
3590300
3590600
3591000
3591400
3591800
3592100
3592400
3592800
3593300
3593600
3594000
3594400
3594700
3595000
3595300
3595600
3596000
3596300
3596700
3597100
3597500
3597800
3598200
3598600
3598900
3599200
3599600
3599900
3600300
3600600
3600900
3601100
3601400
3601700
3602100
3602400
3602700
3603100
3603400
3603800
3604200
3604500
3604900
3605300
3605600
3606000
3606300
3606700
3607100
3607500
3607800
3608200
3608600
3609000
3609500
3609800
3610100
3610600
3610900
3611200
3611600
3611900
3612300
3612700
3613100
3613500
3613800
3614200
3614500
3614800
3615200
3615600
3615900
3616200
3616600
3616900
3617200
3617600
3617900
3618300
3618700
3619000
3619300
3619600
3619900
3620200
3620600
3620900
3621300
3621600
3622100
3622500
3622900
3623200
3623500
3623900
3624200
3643500
3643800
3644100
3644500
3644900
3645200
3645600
3646000
3646300
3646700
3647100
3647400
3647700
3648100
3648500
3648900
3649200
3649600
3649900
3650200
3650500
3650800
3651200
3651600
3651900
3652200
3652600
3652900
3653200
3653600
3653900
3654300
3654700
3655100
3655500
3655900
3656200
3656600
3656900
3657200
3657600
3657900
3658200
3658600
3658900
3659300
3659600
3660000
3660300
3660600
3661000
3661300
3661700
3662100
3662400
3662800
3663100
3663500
3663900
3664200
3664600
3665000
3665400
3665700
3666100
3666400
3666700
3667100
3667400
3667700
3668100
3668400
3668800
3669200
3669500
3669900
3670200
3670500
3670800
3671200
3671500
3671800
3672100
3672500
3672800
3673100
3673500
3673800
3674100
3674400
3674800
3675200
3675500
3675800
3676100
3676400
3676700
3677000
3677400
3677700
3697200
3697600
3697900
3698200
3698600
3698900
3699200
3699500
3699900
3700200
3700600
3701000
3701300
3701700
3702000
3702300
3702600
3703000
3703300
3703700
3704000
3704400
3704800
3705200
3705600
3705900
3706200
3706600
3706900
3707200
3707600
3707900
3708300
3708600
3708900
3709200
3709500
3709800
3710100
3710400
3710700
3711000
3711400
3711700
3712100
3712400
3712800
3713200
3713600
3713900
3714200
3714600
3714900
3715300
3715700
3716100
3716500
3716900
3717300
3717600
3717900
3718200
3718500
3719000
3719300
3719700
3720100
3720500
3720900
3721200
3721500
3721900
3722200
3722500
3722900
3723300
3723600
3723900
3724200
3724600
3724900
3725200
3725600
3725900
3726200
3726500
3726900
3727200
3727500
3727800
3728100
3728500
3728800
3729200
3729600
3729900
3730200
3730600
3731000
3731300
3751200
3751600
3752000
3752400
3752800
3753200
3753500
3753800
3754100
3754500
3754800
3755100
3755500
3755800
3756100
3756500
3756900
3757200
3757500
3757800
3758200
3758500
3758800
3759200
3759600
3759900
3760300
3760700
3761000
3761300
3761700
3762000
3762300
3762600
3762900
3763200
3763500
3763800
3764100
3764400
3764700
3765000
3765400
3765700
3766100
3766400
3766700
3767100
3767400
3767700
3768000
3768400
3768800
3769200
3769600
3769900
3770200
3770500
3770800
3771100
3771500
3771800
3772100
3772400
3772800
3773100
3773400
3773800
3774200
3774600
3774900
3775300
3775700
3776000
3776400
3776800
3777100
3777500
3777900
3778200
3778500
3778800
3779200
3779500
3779800
3780100
3780500
3780900
3781200
3781500
3781800
3782200
3782600
3782900
3783300
3783600
3783800
3784100
3784500
3784800
3804800
3805100
3805500
3805700
3806100
3806500
3806800
3807100
3807500
3807800
3808100
3808400
3808700
3809100
3809400
3809800
3810200
3810500
3810800
3811200
3811600
3812000
3812300
3812600
3813100
3813500
3813900
3814200
3814600
3814900
3815300
3815700
3816000
3816400
3816800
3817100
3817500
3817900
3818200
3818500
3818800
3819100
3819400
3819800
3820100
3820500
3820900
3821300
3821600
3821900
3822200
3822500
3822900
3823200
3823500
3823800
3824200
3824500
3824900
3825200
3825500
3825800
3826200
3826500
3826900
3827300
3827600
3828000
3828400
3828700
3829000
3829300
3829600
3829900
3830300
3830600
3831000
3831400
3831700
3832100
3832500
3832800
3833200
3833600
3833900
3834200
3834500
3834800
3835200
3835500
3835800
3836100
3836400
3836800
3837100
3837400
3837700
3838100
3838400
3838700
3859200
3859500
3859900
3860300
3860600
3861000
3861300
3861600
3861900
3862300
3862600
3863000
3863400
3863700
3864100
3864500
3864900
3865200
3865500
3865800
3866200
3866600
3866900
3867300
3867600
3867900
3868300
3868700
3869000
3869400
3869800
3870100
3870500
3870800
3871200
3871600
3871900
3872300
3872700
3873100
3873500
3873800
3874200
3874500
3874900
3875300
3875700
3876000
3876400
3876800
3877100
3877500
3877900
3878100
3878400
3878800
3879100
3879400
3879800
3880200
3880600
3880900
3881200
3881500
3881800
3882200
3882500
3882800
3883200
3883600
3883900
3884300
3884700
3885000
3885400
3885700
3886100
3886500
3886800
3887200
3887500
3887900
3888200
3888600
3888900
3889300
3889600
3890100
3890500
3890800
3891200
3891600
3891900
3892300
3892600
3893000
3893400
3893800
3894200
3894600
3915300
3915600
3915900
3916300
3916700
3917000
3917400
3917800
3918100
3918500
3918800
3919100
3919500
3919900
3920300
3920700
3921000
3921300
3921600
3922000
3922400
3922700
3923100
3923400
3923700
3924100
3924500
3924800
3925200
3925600
3925900
3926200
3926600
3926900
3927200
3927500
3927900
3928200
3928500
3928900
3929300
3929600
3929900
3930300
3930600
3931000
3931300
3931600
3932000
3932400
3932700
3933100
3933400
3933700
3934000
3934400
3934700
3935100
3935400
3935700
3936100
3936500
3936900
3937200
3937500
3937800
3938100
3938500
3938800
3939200
3939600
3939900
3940200
3940600
3940900
3941300
3941700
3942100
3942400
3942800
3943200
3943600
3943900
3944300
3944600
3945000
3945300
3945700
3946000
3946300
3946600
3947000
3947400
3947700
3948100
3948500
3948800
3949200
3949600
3949900
3970600
3971000
3971300
3971600
3971900
3972200
3972600
3973000
3973300
3973600
3973900
3974200
3974600
3974900
3975300
3975700
3976000
3976400
3976800
3977100
3977400
3977700
3978100
3978500
3978800
3979100
3979500
3979800
3980200
3980600
3980900
3981300
3981600
3982000
3982400
3982700
3983100
3983500
3983800
3984100
3984400
3984700
3985100
3985400
3985700
3986000
3986400
3986700
3987100
3987400
3987700
3988100
3988500
3988900
3989200
3989600
3990000
3990300
3990600
3991000
3991300
3991600
3991900
3992300
3992600
3993000
3993300
3993600
3994000
3994400
3994800
3995100
3995400
3995800
3996200
3996600
3997000
3997400
3997700
3998100
3998500
3998900
3999200
3999600
4000000
4000300
4000600
4000900
4001300
4001600
4001900
4002300
4002600
4003000
4003300
4003600
4004000
4004400
4004700
4005000
4026100
4026500
4026900
4027200
4027600
4028000
4028400
4028800
4029100
4029500
4029900
4030300
4030700
4031100
4031500
4031800
4032100
4032400
4032700
4033000
4033400
4033700
4034000
4034300
4034600
4035000
4035300
4035600
4035900
4036300
4036600
4036900
4037200
4037500
4037900
4038200
4038500
4038900
4039200
4039600
4040000
4040300
4040600
4041000
4041400
4041700
4042200
4042500
4042800
4043100
4043400
4043800
4044200
4044600
4044900
4045200
4045600
4046000
4046300
4046600
4046900
4047300
4047700
4048000
4048300
4048700
4049100
4049500
4049900
4050300
4050700
4051000
4051400
4051700
4052100
4052400
4052800
4053200
4053500
4053900
4054300
4054600
4054900
4055300
4055600
4055900
4056300
4056600
4056900
4057300
4057600
4058000
4058400
4058800
4059200
4059600
4059900
4060200
4060600
4061000
4082100
4082500
4082800
4083100
4083400
4083800
4084100
4084400
4084800
4085100
4085400
4085800
4086100
4086400
4086700
4087000
4087300
4087600
4087900
4088200
4088600
4088900
4089300
4089700
4090000
4090300
4090700
4091000
4091300
4091600
4091900
4092300
4092700
4093000
4093400
4093700
4094100
4094500
4094900
4095200
4095500
4095800
4096100
4096400
4096700
4097100
4097500
4097900
4098200
4098600
4099000
4099400
4099700
4100100
4100400
4100700
4101000
4101300
4101700
4102100
4102500
4102900
4103200
4103600
4103900
4104200
4104600
4104900
4105300
4105600
4106000
4106300
4106700
4107000
4107300
4107700
4108100
4108500
4108800
4109100
4109500
4109800
4110100
4110500
4110800
4111100
4111500
4111800
4112100
4112500
4112800
4113100
4113400
4113800
4114100
4114500
4114800
4115200
4115600
4115900
4137400
4137700
4138100
4138400
4138800
4139100
4139500
4139800
4140200
4140600
4141000
4141400
4141800
4142200
4142600
4143000
4143400
4143700
4144100
4144500
4144800
4145200
4145600
4145900
4146300
4146700
4147000
4147300
4147700
4148100
4148500
4148800
4149200
4149600
4149900
4150200
4150600
4151000
4151300
4151700
4152000
4152300
4152700
4153000
4153400
4153700
4154100
4154500
4154900
4155300
4155600
4156000
4156400
4156800
4157200
4157500
4157900
4158200
4158600
4158900
4159200
4159600
4159900
4160300
4160600
4161000
4161300
4161700
4162100
4162400
4162800
4163200
4163600
4163900
4164300
4164700
4165000
4165300
4165700
4166000
4166300
4166600
4167000
4167400
4167800
4168200
4168500
4168900
4169300
4169700
4170100
4170400
4170800
4171100
4171400
4171800
4172200
4172600
4173000
4173300
4194800
4195200
4195500
4195900
4196300
4196600
4197000
4197400
4197700
4198100
4198500
4198800
4199200
4199500
4199800
4200200
4200500
4200900
4201200
4201500
4201900
4202300
4202700
4203000
4203300
4203600
4204000
4204400
4204700
4205000
4205300
4205700
4206000
4206300
4206600
4206900
4207200
4207600
4208000
4208400
4208700
4209000
4209300
4209600
4210000
4210400
4210800
4211100
4211500
4211900
4212200
4212600
4212900
4213200
4213500
4213900
4214200
4214600
4215000
4215300
4215700
4216100
4216500
4216900
4217200
4217600
4217900
4218300
4218700
4219000
4219400
4219700
4220100
4220500
4220900
4221300
4221600
4222000
4222300
4222600
4222900
4223300
4223600
4223900
4224300
4224700
4225000
4225300
4225700
4226000
4226300
4226700
4227100
4227400
4227800
4228200
4228500
4228900
4229200
4229500
4251300
4251600
4251900
4252200
4252600
4252900
4253300
4253600
4254000
4254300
4254600
4255000
4255300
4255700
4256100
4256400
4256800
4257100
4257400
4257700
4258100
4258400
4258800
4259100
4259400
4259800
4260300
4260600
4261000
4261400
4261800
4262100
4262500
4262800
4263100
4263500
4263800
4264100
4264500
4264800
4265200
4265500
4265900
4266300
4266700
4267100
4267400
4267700
4268000
4268400
4268800
4269100
4269400
4269800
4270200
4270600
4271000
4271400
4271800
4272100
4272500
4272800
4273200
4273500
4273800
4274200
4274500
4274900
4275300
4275700
4276000
4276300
4276700
4277100
4277500
4277800
4278100
4278500
4278900
4279200
4279600
4280000
4280300
4280700
4281100
4281400
4281700
4282100
4282400
4282700
4283000
4283300
4283600
4284000
4284300
4284700
4285000
4285400
4285700
4286100
4308000
4308400
4308800
4309100
4309400
4309700
4310000
4310300
4310700
4311000
4311400
4311700
4312000
4312400
4312800
4313100
4313500
4313800
4314100
4314400
4314800
4315100
4315500
4315900
4316200
4316500
4316900
4317200
4317500
4317800
4318200
4318500
4318900
4319300
4319700
4320100
4320500
4320800
4321100
4321500
4321800
4322200
4322600
4323000
4323300
4323700
4324000
4324300
4324600
4325000
4325500
4325900
4326200
4326500
4326900
4327200
4327500
4327900
4328200
4328500
4328800
4329100
4329400
4329800
4330200
4330500
4330900
4331300
4331600
4332000
4332400
4332800
4333200
4333600
4334000
4334400
4334700
4335000
4335400
4335700
4336100
4336500
4336800
4337100
4337400
4337800
4338100
4338500
4338800
4339100
4339500
4339900
4340200
4340600
4340900
4341300
4341700
4342000
4342400
4342800
4364900
4365200
4365600
4365900
4366200
4366500
4366800
4367200
4367400
4367600
4367900
4368200
4368400
4368600
4368900
4369200
4369500
4369700
4369900
4370200
4370500
4370700
4370900
4371200
4371500
4371700
4371900
4372200
4372500
4372700
4372900
4373200
4373500
4373800
4374000
4374200
4374500
4374800
4375000
4375200
4375500
4375800
4376100
4376300
4376500
4376800
4377100
4377300
4377500
4377800
4378100
4378400
4378600
4378800
4379100
4379400
4379600
4379800
4380100
4380400
4380700
4380900
4381100
4381400
4381700
4381900
4382100
4382400
4382700
4382900
4383100
4383400
4383700
4383900
4384100
4384400
4384700
4384900
4385100
4385400
4385700
4386000
4386200
4386400
4386700
4387000
4387200
4387400
4387700
4388000
4388300
4388500
4388700
4389000
4389300
4389500
4389700
4390000
4390300
4390600
4408500
4408800
4409100
4409400
4409600
4409800
4410100
4410400
4410600
4410800
4411100
4411400
4411700
4411900
4412100
4412400
4412700
4413000
4413200
4413400
4413700
4414000
4414200
4414400
4414700
4415000
4415300
4415500
4415700
4416000
4416300
4416500
4416700
4417000
4417300
4417600
4417800
4418000
4418300
4418600
4418800
4419000
4419300
4419600
4419800
4420000
4420300
4420600
4420800
4421000
4421300
4421600
4421800
4422000
4422300
4422600
4422900
4423100
4423300
4423600
4423900
4424100
4424300
4424600
4424900
4425200
4425400
4425600
4425900
4426200
4426400
4426600
4426900
4427200
4427500
4427700
4427900
4428200
4428500
4428700
4428900
4429200
4429500
4429800
4430000
4430200
4430500
4430800
4431000
4431200
4431500
4431800
4432100
4432300
4432500
4432800
4433100
4433300
4433500
4433800
4452500
4452800
4453000
4453200
4453500
4453800
4454000
4454200
4454500
4454800
4455100
4455300
4455500
4455800
4456100
4456300
4456500
4456800
4457100
4457400
4457600
4457800
4458100
4458400
4458600
4458800
4459100
4459400
4459600
4459800
4460100
4460400
4460600
4460800
4461100
4461400
4461700
4461900
4462100
4462400
4462700
4462900
4463100
4463400
4463700
4464000
4464200
4464400
4464700
4465000
4465200
4465400
4465700
4466000
4466300
4466500
4466700
4467000
4467300
4467500
4467700
4468000
4468300
4468500
4468700
4469000
4469300
4469600
4469800
4470000
4470300
4470600
4470800
4471000
4471300
4471600
4471800
4472000
4472300
4472600
4472800
4473000
4473300
4473600
4473800
4474000
4474300
4474600
4474800
4475000
4475200
4475500
4475800
4476000
4476200
4476500
4476800
4477000
4477200
4477500
4496300
4496600
4496900
4497100
4497300
4497600
4497900
4498100
4498300
4498600
4498900
4499200
4499400
4499600
4499900
4500200
4500400
4500600
4500900
4501200
4501500
4501700
4501900
4502200
4502500
4502700
4502900
4503200
4503500
4503800
4504000
4504200
4504500
4504800
4505000
4505200
4505500
4505800
4506100
4506300
4506500
4506800
4507100
4507300
4507500
4507800
4508100
4508300
4508500
4508800
4509100
4509300
4509500
4509800
4510100
4510400
4510600
4510800
4511100
4511400
4511600
4511800
4512100
4512400
4512600
4512800
4513100
4513400
4513700
4513900
4514100
4514400
4514700
4514900
4515100
4515300
4515600
4515900
4516100
4516300
4516500
4516800
4517100
4517300
4517500
4517800
4518100
4518400
4518600
4518800
4519100
4519400
4519600
4519800
4520100
4520400
4520700
4520900
4521100
4521400
4540100
4540300
4540600
4540900
4541100
4541300
4541500
4541800
4542100
4542300
4542500
4542800
4543100
4543400
4543600
4543800
4544100
4544400
4544600
4544800
4545100
4545400
4545700
4545900
4546100
4546400
4546700
4546900
4547100
4547400
4547700
4547900
4548100
4548400
4548700
4548900
4549100
4549400
4549700
4550000
4550200
4550400
4550700
4551000
4551200
4551400
4551700
4552000
4552200
4552400
4552600
4552900
4553200
4553400
4553600
4553900
4554200
4554500
4554700
4554900
4555200
4555500
4555700
4555900
4556200
4556500
4556800
4557000
4557200
4557500
4557800
4558000
4558200
4558500
4558800
4559000
4559200
4559500
4559800
4560100
4560300
4560500
4560800
4561100
4561300
4561500
4561800
4562100
4562300
4562500
4562800
4563100
4563400
4563600
4563800
4564100
4564400
4564600
4564800
4565000
4584200
4584400
4584600
4584900
4585200
4585400
4585600
4585900
4586200
4586400
4586600
4586900
4587200
4587500
4587700
4587900
4588200
4588500
4588800
4589000
4589200
4589500
4589800
4590000
4590200
4590400
4590700
4591000
4591300
4591500
4591700
4592000
4592300
4592600
4592800
4593000
4593300
4593600
4593800
4594000
4594300
4594600
4594900
4595100
4595300
4595600
4595900
4596200
4596400
4596600
4596900
4597200
4597400
4597600
4597900
4598200
4598500
4598700
4598900
4599200
4599500
4599700
4599900
4600200
4600500
4600800
4601000
4601200
4601500
4601800
4602100
4602300
4602500
4602800
4603100
4603300
4603500
4603700
4604000
4604300
4604500
4604700
4605000
4605300
4605600
4605800
4606000
4606200
4606500
4606800
4607000
4607200
4607500
4607800
4608100
4608300
4608500
4608800
4609100
4609400
4658500
4658800
4659100
4659500
4659800
4660100
4660400
4660700
4661100
4661400
4661800
4662100
4662400
4662600
4662900
4663400
4663700
4664000
4664300
4664600
4664900
4665200
4665500
4665800
4670800
4671100
4677900
4678100
4678400
4678700
4679000
4679300
4679500
4679800
4680100
4680400
4680600
4680900
4681100
4681400
4681700
4681900
4682200
4682500
4682800
4683100
4683400
4683700
4684000
4684300
4684600
4684900
4685200
4685500
4685800
4686000
4686300
4686600
4686900
4687100
4687400
4687700
4688000
4688300
4688600
4688900
4689200
4689500
4689700
4690000
4690400
4690700
4690900
4691200
4691400
4691700
4692000
4692300
4692600
4692900
4693200
4693500
4693800
4694100
4694300
4694500
4694800
4695100
4695400
4695600
4695900
4696100
4696400
4696700
4697000
4697300
4697600
4697900
4698100
4698400
4722900
4723200
4723600
4723900
4724200
4724600
4724900
4725200
4725600
4725900
4726200
4726500
4726800
4727000
4727300
4727800
4728000
4728200
4728500
4728800
4729100
4729300
4729500
4729800
4730100
4730400
4730600
4731100
4731400
4731700
4731900
4732100
4732400
4732700
4732900
4733100
4733400
4733700
4734000
4734200
4734400
4734700
4735000
4735200
4735400
4735700
4736000
4736200
4736400
4736700
4737000
4737200
4737400
4737700
4738000
4738300
4738500
4738700
4739000
4739300
4739500
4739700
4740000
4740300
4740500
4740700
4740900
4741200
4741500
4741700
4741900
4742200
4742500
4742800
4743000
4743200
4743500
4743800
4744000
4744200
4744500
4744800
4745100
4745400
4745600
4745800
4746100
4746400
4747100
4747300
4747600
4747900
4748200
4748400
4748600
4748900
4749200
4749400
4749600
4749900
4769000
4769300
4769600
4769900
4770100
4770300
4770600
4770900
4771100
4771300
4771600
4771900
4772100
4772300
4772500
4772800
4773100
4773300
4773500
4773800
4774100
4774300
4774500
4774800
4775100
4775300
4775500
4775800
4776100
4776400
4776600
4776800
4777100
4777400
4777600
4777800
4778100
4778400
4778700
4778900
4779100
4779400
4779700
4780000
4780200
4780400
4780700
4781000
4781200
4781400
4781700
4782000
4782200
4782500
4782800
4783100
4783300
4783500
4783800
4784000
4784300
4784600
4784900
4785100
4785300
4785600
4785900
4786200
4786500
4786700
4786900
4787200
4787500
4787700
4787900
4788200
4788500
4788800
4789100
4789300
4789500
4789800
4790100
4790300
4790500
4790800
4791100
4791300
4791500
4791800
4792100
4792400
4792700
4793000
4793200
4793400
4793700
4793900
4794200
4794500
4821700
4822000
4822300
4822500
4822700
4822900
4823100
4823400
4823600
4823800
4824100
4824400
4824700
4824900
4825100
4825300
4825600
4825900
4826200
4826400
4826600
4826900
4827200
4827500
4827800
4828000
4828200
4828500
4828800
4829100
4829300
4829500
4829800
4830100
4830400
4830600
4830800
4831100
4831400
4831700
4832000
4832200
4832400
4832700
4833000
4833300
4833500
4833700
4834000
4834300
4834600
4834800
4835000
4835300
4835600
4835800
4836000
4836200
4836500
4836800
4837000
4837200
4837500
4837800
4838100
4838300
4838500
4838800
4839100
4839400
4839600
4839800
4840100
4840400
4840700
4840900
4841100
4841400
4841700
4842000
4842200
4842400
4842700
4843000
4843300
4843500
4843700
4844000
4844300
4844600
4844800
4845000
4845300
4845600
4845800
4846000
4846300
4846600
4846900
4847100
4866600
4866800
4867000
4867300
4867600
4867900
4868100
4868300
4868600
4868900
4869100
4869300
4869600
4869900
4870100
4870300
4870600
4870900
4871100
4871300
4871600
4871900
4872100
4872300
4872600
4872900
4873200
4873400
4873700
4874000
4874200
4874400
4874700
4875000
4875200
4875400
4875700
4876000
4876300
4876500
4876700
4877000
4877300
4877500
4877700
4878000
4878300
4878600
4878800
4879000
4879300
4879600
4879800
4880000
4880300
4880600
4880800
4881000
4881300
4881600
4881900
4882100
4882300
4882600
4882900
4883100
4883300
4883600
4883900
4884100
4884300
4884600
4884900
4885100
4885300
4885600
4885900
4886100
4886300
4886600
4886900
4887100
4887300
4887600
4887900
4888100
4888300
4888600
4888900
4889200
4889400
4889600
4889900
4890200
4890400
4890600
4890900
4891200
4891500
4891700
4911700
4911900
4912100
4912400
4912700
4912900
4913100
4913400
4913700
4914000
4914200
4914400
4914700
4915000
4915200
4915400
4915600
4915900
4916200
4916400
4916600
4916900
4917200
4917400
4917600
4917900
4918200
4918500
4918700
4918900
4919200
4919500
4919700
4919900
4920200
4920500
4920800
4921000
4921200
4921500
4921800
4922000
4922200
4922500
4922800
4923000
4923200
4923500
4923800
4924000
4924200
4924500
4924800
4925000
4925200
4925500
4925800
4926000
4926200
4926500
4926800
4927100
4927300
4927500
4927800
4928100
4928300
4928500
4928800
4929100
4929300
4929500
4929700
4930000
4930300
4930500
4930700
4931000
4931300
4931500
4931700
4932000
4932300
4932600
4932800
4933000
4933300
4933600
4933800
4934000
4934300
4934600
4934800
4935000
4935300
4935600
4935800
4936000
4936300
4936600
4962500
4962800
4963000
4963200
4963500
4963800
4964100
4964300
4964500
4964800
4965100
4965300
4965500
4965800
4966100
4966300
4966500
4966800
4967100
4967300
4967500
4967800
4968100
4968400
4968600
4968800
4969100
4969400
4969600
4969800
4970100
4970400
4970600
4970800
4971100
4971400
4971700
4971900
4972100
4972400
4972700
4972900
4973100
4973400
4973700
4974000
4974200
4974400
4974700
4975000
4975200
4975400
4975700
4976000
4976200
4976400
4976700
4977000
4977200
4977400
4977700
4978000
4978200
4978400
4978700
4979000
4979300
4979500
4979800
4980100
4980400
4980600
4980800
4981100
4981400
4981600
4981800
4982100
4982400
4982600
4982800
4983100
4983400
4983700
4983900
4984100
4984400
4984700
4984900
4985100
4985400
4985700
4985900
4986100
4986300
4986600
4986900
4987100
4987300
4987600
5007500
5007700
5008000
5008300
5008600
5008800
5009000
5009300
5009600
5009800
5010000
5010300
5010600
5010900
5011100
5011300
5011600
5011900
5012200
5012400
5012600
5012900
5013200
5013400
5013600
5013900
5014200
5014400
5014600
5014900
5015200
5015500
5015700
5015900
5016200
5016500
5016700
5016900
5017200
5017500
5017700
5017900
5018200
5018500
5018700
5018900
5019200
5019500
5019700
5019900
5020200
5020500
5020800
5021000
5021200
5021500
5021800
5022000
5022200
5022500
5022800
5023100
5023300
5023500
5023800
5024100
5024300
5024500
5024800
5025100
5025400
5025600
5025800
5026100
5026400
5026600
5026800
5027100
5027400
5027700
5027900
5028100
5028400
5028700
5028900
5029100
5029400
5029700
5029900
5030100
5030400
5030700
5030900
5031100
5031400
5031700
5031900
5032100
5032400
5032700
5052800
5053000
5053300
5053600
5053900
5054100
5054300
5054600
5054900
5055100
5055300
5055600
5055900
5056100
5056300
5056600
5056900
5057100
5057300
5057600
5057900
5058100
5058300
5058500
5058800
5059100
5059300
5059500
5059800
5060100
5060300
5060500
5060800
5061100
5061400
5061600
5061800
5062100
5062400
5062700
5062900
5063100
5063400
5063700
5064000
5064200
5064400
5064700
5065000
5065200
5065400
5065700
5066000
5066200
5066400
5066700
5067000
5067300
5067500
5067700
5068000
5068300
5068500
5068700
5069000
5069300
5069500
5069700
5070000
5070300
5070500
5070700
5071000
5071300
5071500
5071700
5072000
5072300
5072500
5072700
5073000
5073300
5073600
5073800
5074000
5074300
5074600
5074800
5075000
5075300
5075600
5075900
5076100
5076300
5076600
5076900
5077100
5077300
5077600
5077900
5101000
5101300
5101600
5101800
5102000
5102300
5102600
5102800
5103000
5103300
5103500
5103700
5104000
5104300
5104600
5104800
5105000
5105300
5105600
5105800
5106000
5106300
5106600
5106800
5107000
5107300
5107600
5107800
5108000
5108300
5108600
5108900
5109100
5109300
5109600
5109900
5110100
5110300
5110600
5110900
5111100
5111300
5111600
5111900
5112100
5112300
5112600
5112900
5113200
5113400
5113600
5113900
5114200
5114400
5114600
5114900
5115200
5115400
5115600
5115900
5116200
5116500
5116700
5116900
5117200
5117500
5117700
5117900
5118200
5118500
5118800
5119000
5119300
5119600
5119900
5120100
5120300
5120500
5120800
5121100
5121300
5121500
5121800
5122100
5122300
5122500
5122800
5123100
5123300
5123500
5123800
5124100
5124400
5124600
5124800
5125100
5125400
5125600
5125800
5126200
5150700
5151000
5151300
5151600
5151900
5152200
5152500
5152800
5153100
5153300
5153700
5154000
5154300
5154600
5155000
5155300
5155600
5155900
5156200
5156400
5156600
5156800
5157100
5157400
5157700
5158000
5158200
5158400
5158700
5159000
5159200
5159400
5159700
5160000
5160300
5160500
5160700
5161000
5161300
5161500
5161700
5162000
5162300
5162500
5162700
5163000
5163300
5163500
5163700
5164000
5164300
5164600
5164800
5165000
5165300
5165600
5165800
5166000
5166300
5166600
5166800
5167000
5167300
5167600
5167800
5168000
5168200
5168500
5168800
5169000
5169200
5169500
5169800
5170000
5170200
5170400
5170700
5171000
5171300
5171500
5171700
5172000
5172300
5172500
5172700
5173000
5173300
5173500
5173700
5173900
5174200
5174500
5174700
5174900
5175200
5175500
5175700
5175900
5176200
5176500
5197100
5197400
5197700
5198000
5198200
5198400
5198700
5199000
5199200
5199400
5199700
5200000
5200300
5200500
5200700
5201000
5201300
5201500
5201700
5202000
5202300
5202600
5202800
5203000
5203300
5203600
5203800
5204000
5204300
5204600
5204900
5205100
5205300
5205600
5205900
5206100
5206300
5206600
5206900
5207100
5207300
5207600
5207900
5208200
5208400
5208600
5208900
5209200
5209400
5209600
5209900
5210200
5210500
5210700
5210900
5211200
5211500
5211700
5211900
5212200
5212500
5212800
5213000
5213200
5213500
5213800
5214100
5214300
5214500
5214800
5215100
5215300
5215500
5215800
5216100
5216300
5216500
5216800
5217100
5217400
5217600
5217900
5218200
5218500
5218700
5218900
5219200
5219500
5219700
5219900
5220200
5220500
5220700
5220900
5221200
5221500
5221800
5222000
5222200
5222500
5246400
5246700
5247000
5247200
5247400
5247700
5248000
5248200
5248400
5248600
5248900
5249200
5249400
5249600
5249900
5250200
5250500
5250700
5250900
5251200
5251500
5251700
5251900
5252200
5252500
5252800
5253000
5253200
5253500
5253900
5254100
5254300
5254600
5254900
5255200
5255400
5255600
5255900
5256200
5256400
5256600
5256900
5257200
5257400
5257600
5257900
5258200
5258500
5258700
5259000
5259300
5259600
5259800
5260000
5260300
5260600
5260800
5261000
5261300
5261600
5261900
5262100
5262300
5262600
5262900
5263100
5263400
5263700
5264000
5264200
5264400
5264700
5265000
5265300
5265500
5265800
5266200
5266500
5266900
5267200
5267600
5267900
5268200
5268500
5268900
5269300
5269700
5270100
5270400
5270700
5271000
5271400
5271800
5272100
5272500
5272800
5273100
5273500
5273800
5274200
5300200
5300600
5301000
5301400
5301800
5302200
5302600
5303000
5303300
5303500
5303800
5304100
5304400
5304600
5304800
5305100
5305400
5305700
5305900
5306100
5306400
5306700
5306900
5307100
5307400
5307700
5308000
5308200
5308400
5308700
5309000
5309300
5309500
5309700
5310000
5310300
5310500
5310700
5311000
5311300
5311600
5311800
5312000
5312300
5312600
5312900
5313100
5313300
5313600
5313900
5314200
5314400
5314600
5314900
5315200
5315500
5315700
5315900
5316200
5316500
5316700
5316900
5317100
5317400
5317700
5317900
5318100
5318400
5318700
5319000
5319200
5319400
5319700
5320000
5320200
5320400
5320700
5321000
5321300
5321500
5321700
5322000
5322300
5322500
5322700
5323000
5323300
5323600
5323800
5324000
5324300
5324600
5324800
5325000
5325200
5325500
5325800
5326000
5326200
5326500
5347600
5347900
5348100
5348300
5348600
5348900
5349200
5349400
5349600
5349900
5350200
5350400
5350600
5350800
5351100
5351400
5351600
5351800
5352100
5352400
5352700
5352900
5353100
5353400
5353700
5354000
5354200
5354400
5354700
5355000
5355300
5355500
5355700
5356000
5356300
5356500
5356700
5357000
5357300
5357600
5357800
5358000
5358300
5358600
5358800
5359000
5359300
5359600
5359800
5360000
5360300
5360600
5360900
5361100
5361300
5361600
5361900
5362100
5362300
5362600
5362900
5363200
5363400
5363600
5363900
5364200
5364400
5364600
5364800
5365100
5365400
5365600
5365800
5366100
5366400
5366700
5366900
5367100
5367400
5367700
5368000
5368200
5368400
5368700
5369000
5369300
5369500
5369700
5370000
5370300
5370500
5370700
5371000
5371300
5371600
5371800
5372000
5372300
5372600
5372800
5397600
5397900
5398200
5398500
5398700
5398900
5399200
5399500
5399700
5399900
5400200
5400500
5400800
5401000
5401200
5401500
5401800
5402000
5402200
5402500
5402800
5403000
5403200
5403400
5403700
5404000
5404200
5404400
5404700
5405000
5405300
5405500
5405700
5406000
5406300
5406500
5406700
5407000
5407300
5407600
5407800
5408000
5408300
5408600
5408900
5409100
5409300
5409600
5409900
5410100
5410300
5410500
5410800
5411100
5411300
5411500
5411800
5412100
5412400
5412600
5412800
5413100
5413400
5413600
5413800
5414100
5414400
5414600
5414800
5415100
5415400
5415700
5415900
5416100
5416400
5416700
5416900
5417100
5417400
5417700
5417900
5418100
5418300
5418600
5418900
5419100
5419300
5419600
5419900
5420200
5420400
5420600
5420900
5421200
5421500
5421700
5421900
5422200
5422500
5422700
5444300
5444600
5444800
5445000
5445300
5445600
5445900
5446100
5446300
5446600
5446900
5447100
5447300
5447500
5447800
5448100
5448300
5448500
5448800
5449100
5449400
5449600
5449800
5450100
5450400
5450600
5450800
5451100
5451400
5451700
5451900
5452100
5452400
5452700
5452900
5453100
5453400
5453700
5454000
5454200
5454400
5454700
5455000
5455200
5455400
5455700
5456000
5456200
5456400
5456700
5457000
5457300
5457500
5457700
5458000
5458300
5458500
5458700
5458900
5459200
5459500
5459700
5459900
5460200
5460500
5460800
5461000
5461200
5461500
5461800
5462100
5462300
5462500
5462800
5463100
5463300
5463500
5463800
5464100
5464400
5464600
5464800
5465100
5465400
5465600
5465800
5466100
5466400
5466700
5466900
5467100
5467400
5467700
5467900
5468100
5468400
5468700
5468900
5469100
5469400
5491400
5491600
5491900
5492200
5492500
5492700
5492900
5493200
5493500
5493700
5493900
5494200
5494500
5494700
5494900
5495100
5495400
5495700
5495900
5496100
5496300
5496600
5496900
5497100
5497300
5497600
5497900
5498200
5498400
5498600
5498800
5499100
5499400
5499600
5499800
5500100
5500400
5500700
5500900
5501100
5501400
5501700
5502000
5502200
5502400
5502600
5502900
5503200
5503400
5503600
5503900
5504200
5504500
5504700
5504900
5505200
5505500
5505700
5505900
5506200
5506500
5506800
5507100
5507300
5507500
5507800
5508100
5508300
5508500
5508800
5509100
5509300
5509500
5509700
5510000
5510300
5510600
5510800
5511000
5511300
5511600
5511800
5512000
5512200
5512500
5512800
5513000
5513200
5513500
5513800
5514100
5514400
5514600
5514800
5515100
5515400
5515600
5515800
5516000
5516300
5540700
5541000
5541300
5541500
5541700
5541900
5542200
5542500
5542700
5542900
5543100
5543400
5543700
5543900
5544100
5544300
5544500
5544800
5545100
5545300
5545500
5545800
5546100
5546400
5546600
5546800
5547100
5547400
5547600
5547800
5548100
5548400
5548600
5548800
5549000
5549300
5549600
5549800
5550000
5550300
5550600
5550900
5551100
5551300
5551600
5551900
5552200
5552400
5552600
5552900
5553200
5553500
5553700
5553900
5554200
5554500
5554700
5554900
5555100
5555400
5555700
5555900
5556100
5556400
5556700
5557000
5557200
5557400
5557700
5558000
5558200
5558400
5558700
5559000
5559300
5559500
5559700
5560000
5560300
5560500
5560700
5561000
5561300
5561500
5561700
5562000
5562300
5562600
5562800
5563000
5563300
5563600
5563800
5564000
5564300
5564600
5564900
5565200
5565500
5565700
5587700
5588000
5588300
5588500
5588700
5589000
5589300
5589600
5589800
5590000
5590300
5590600
5590800
5591000
5591200
5591500
5591800
5592000
5592200
5592500
5592800
5593100
5593300
5593500
5593800
5594100
5594400
5594600
5594800
5595100
5595400
5595600
5595800
5596100
5596400
5596700
5596900
5597100
5597400
5597700
5597900
5598100
5598400
5598700
5599000
5599200
5599400
5599700
5600000
5600300
5600500
5600700
5601000
5601300
5601500
5601700
5602000
5602300
5602600
5602800
5603000
5603300
5603600
5603800
5604000
5604200
5604500
5604800
5605000
5605200
5605500
5605800
5606100
5606300
5606500
5606800
5607100
5607400
5607600
5607800
5608100
5608400
5608700
5608900
5609100
5609400
5609700
5610000
5610200
5610400
5610700
5611000
5611300
5611500
5611700
5612000
5612300
5612500
5612700
5613000
5635300
5635500
5635700
5636000
5636300
5636600
5636800
5637000
5637300
5637600
5637900
5638100
5638300
5638500
5638800
5639100
5639300
5639500
5639800
5640100
5640300
5640500
5640700
5641000
5641300
5641500
5641700
5642000
5642300
5642500
5642700
5643000
5643300
5643600
5643800
5644000
5644300
5644600
5644800
5645000
5645300
5645600
5645900
5646100
5646300
5646600
5646900
5647200
5647400
5647600
5647900
5648200
5648500
5648700
5648900
5649200
5649500
5649700
5649900
5650200
5650500
5650800
5651000
5651400
5651700
5652000
5652200
5652400
5652700
5653000
5653300
5653500
5653700
5654000
5654300
5654500
5654700
5655000
5655300
5655500
5655700
5656000
5656300
5656600
5656800
5657000
5657300
5657600
5657800
5658000
5658300
5658600
5658900
5659100
5659300
5659600
5659900
5660200
5660400
5660600
5683300
5683600
5683900
5684200
5684400
5684600
5684900
5685200
5685500
5685700
5685900
5686200
5686500
5686800
5687000
5687200
5687500
5687800
5688100
5688300
5688500
5688800
5689100
5689400
5689600
5689800
5690100
5690400
5690600
5690800
5691000
5691300
5691600
5691800
5692000
5692300
5692600
5692800
5693000
5693300
5693600
5693900
5694100
5694300
5694600
5694900
5695100
5695300
5695600
5695900
5696200
5696400
5696600
5696900
5697200
5697400
5697600
5697900
5698200
5698500
5698700
5698900
5699200
5699500
5699800
5700000
5700200
5700500
5700800
5701100
5701300
5701500
5701800
5702100
5702300
5702500
5702800
5703100
5703400
5703600
5703800
5704100
5704400
5704700
5704900
5705100
5705400
5705700
5705900
5706100
5706300
5706600
5706900
5707100
5707300
5707600
5707900
5708100
5708300
5708600
5731200
5731400
5731700
5732000
5732300
5732500
5732700
5733000
5733300
5733500
5733700
5734000
5734300
5734600
5734800
5735000
5735300
5735600
5735800
5736000
5736300
5736600
5736900
5737100
5737300
5737600
5737900
5738200
5738400
5738600
5738900
5739200
5739500
5739700
5739900
5740200
5740500
5740800
5741000
5741200
5741500
5741800
5742000
5742200
5742400
5742700
5743000
5743200
5743400
5743600
5743900
5744200
5744400
5744600
5744900
5745200
5745500
5745700
5745900
5746200
5746500
5746800
5747000
5747200
5747500
5747800
5748000
5748200
5748500
5748800
5749000
5749200
5749400
5749700
5750000
5750200
5750400
5750700
5751000
5751300
5751500
5751700
5752000
5752300
5752500
5752700
5752900
5753200
5753500
5753800
5754000
5754200
5754500
5754800
5755000
5755200
5755400
5755700
5756000
5756300
5784400
5784700
5785100
5785400
5785800
5786300
5786600
5786900
5787200
5787500
5787800
5788000
5788200
5788400
5788700
5789000
5789300
5789500
5789700
5790000
5790300
5790600
5790800
5791000
5791300
5791600
5791800
5792000
5792300
5792600
5792900
5793100
5793300
5793600
5793900
5794100
5794300
5794500
5794700
5795000
5795300
5795500
5795700
5796000
5796300
5796500
5796700
5797000
5797300
5797600
5797800
5798000
5798300
5798600
5798900
5799100
5799300
5799600
5799900
5800100
5800300
5800600
5800900
5801100
5801300
5801500
5801800
5802100
5802400
5802600
5802800
5803100
5803400
5803600
5803800
5804000
5804300
5804600
5804800
5805000
5805300
5805600
5805900
5806100
5806300
5806500
5806800
5807100
5807300
5807500
5807800
5808100
5808300
5808500
5808700
5809000
5809300
5809500
5809700
5809900
5836300
5836600
5836900
5837100
5837300
5837600
5837900
5838100
5838300
5838600
5838900
5839200
5839400
5839600
5839900
5840100
5840400
5840700
5841000
5841200
5841400
5841700
5842000
5842200
5842500
5842800
5843000
5843200
5843500
5843800
5844000
5844200
5844400
5844700
5845000
5845200
5845400
5845700
5846000
5846300
5846500
5846700
5847000
5847300
5847500
5847700
5848000
5848300
5848600
5848900
5849100
5849300
5849600
5849800
5850000
5850300
5850600
5850800
5851000
5851300
5851600
5851900
5852100
5852300
5852600
5852900
5853100
5853300
5853600
5853900
5854100
5854300
5854600
5854900
5855200
5855400
5855600
5855900
5856200
5856400
5856600
5856900
5857200
5857400
5857600
5857900
5858200
5858500
5858700
5858900
5859200
5859500
5859800
5860100
5860400
5860600
5860800
5861100
5861400
5861700
5884700
5884900
5885200
5885500
5885800
5886000
5886200
5886500
5886800
5887100
5887300
5887500
5887800
5888100
5888300
5888500
5888800
5889100
5889300
5889500
5889800
5890100
5890400
5890600
5890800
5891100
5891400
5891600
5891800
5892100
5892400
5892600
5892800
5893100
5893400
5893600
5893800
5894100
5894400
5894600
5894800
5895100
5895400
5895600
5895800
5896100
5896400
5896600
5896800
5897100
5897400
5897700
5897900
5898100
5898400
5898700
5898900
5899100
5899400
5899700
5900000
5900200
5900400
5900700
5901000
5901200
5901400
5901700
5902000
5902200
5902400
5902700
5903000
5903300
5903500
5903700
5904000
5904300
5904500
5904700
5905000
5905300
5905500
5905700
5906000
5906300
5906500
5906700
5907000
5907300
5907500
5907700
5908000
5908300
5908500
5908700
5909000
5909300
5909600
5909800
5933100
5933400
5933600
5933800
5934000
5934300
5934600
5934900
5935100
5935300
5935600
5935900
5936100
5936300
5936600
5936900
5937200
5937400
5937600
5937800
5938100
5938400
5938700
5938900
5939100
5939400
5939700
5939900
5940100
5940400
5940700
5941000
5941300
5941600
5941800
5942000
5942300
5942600
5942800
5943000
5943300
5943600
5943900
5944100
5944300
5944600
5944900
5945200
5945400
5945600
5945900
5946200
5946500
5946700
5946900
5947200
5947500
5947700
5947900
5948100
5948400
5948700
5949000
5949200
5949400
5949700
5950000
5950200
5950400
5950700
5951000
5951300
5951600
5951800
5952000
5952300
5952600
5952900
5953100
5953300
5953600
5953900
5954100
5954300
5954500
5954700
5955000
5955300
5955600
5955800
5956000
5956300
5956600
5956800
5957000
5957300
5957600
5957900
5958100
5958300
5984300
5984600
5984800
5985000
5985300
5985600
5985800
5986000
5986300
5986600
5986900
5987100
5987300
5987600
5987900
5988200
5988500
5988800
5989000
5989200
5989500
5989800
5990000
5990200
5990500
5990800
5991000
5991200
5991500
5991700
5991900
5992200
5992500
5992700
5992900
5993200
5993500
5993800
5994000
5994200
5994500
5994800
5995100
5995400
5995700
5995900
5996100
5996400
5996700
5997000
5997200
5997400
5997700
5998000
5998300
5998500
5998700
5999000
5999300
5999600
5999900
6000100
6000300
6000600
6000900
6001100
6001300
6001600
6001900
6002100
6002300
6002600
6002800
6003000
6003300
6003600
6003800
6004000
6004300
6004600
6004800
6005000
6005300
6005600
6005900
6006200
6006400
6006600
6006900
6007200
6007500
6007700
6007900
6008200
6008500
6008700
6008900
6009200
6009500
6009700
6033300
6033600
6033800
6034000
6034300
6034600
6034800
6035000
6035200
6035500
6035800
6036000
6036200
6036500
6036800
6037100
6037300
6037500
6037800
6038100
6038300
6038500
6038800
6039100
6039300
6039500
6039700
6040000
6040300
6040500
6040700
6041000
6041300
6041500
6041700
6042000
6042300
6042500
6042700
6043000
6043300
6043500
6043700
6044000
6044300
6044500
6044700
6045000
6045300
6045600
6045800
6046000
6046300
6046600
6046800
6047000
6047300
6047600
6047800
6048000
6048300
6048600
6048900
6049100
6049300
6049600
6049900
6050100
6050300
6050500
6050800
6051100
6051300
6051500
6051800
6052100
6052300
6052500
6052800
6053100
6053400
6053600
6053800
6054100
6054400
6054600
6054800
6055100
6055400
6055600
6055800
6056100
6056400
6056600
6056800
6057100
6057400
6057700
6057900
6058100
6081900
6082100
6082300
6082600
6082900
6083200
6083500
6083800
6084100
6084300
6084500
6084800
6085100
6085300
6085500
6085800
6086100
6086300
6086500
6086800
6087100
6087300
6087600
6087800
6088000
6088300
6088600
6088800
6089000
6089300
6089600
6089900
6090200
6090500
6090800
6091000
6091200
6091500
6091800
6092100
6092300
6092500
6092800
6093100
6093300
6093500
6093700
6094000
6094300
6094600
6094800
6095000
6095300
6095600
6095800
6096000
6096300
6096600
6096800
6097100
6097300
6097500
6097800
6098100
6098300
6098500
6098800
6099100
6099300
6099500
6099800
6100100
6100400
6100600
6100800
6101000
6101300
6101600
6101800
6102000
6102300
6102600
6102900
6103100
6103300
6103600
6103900
6104100
6104300
6104500
6104700
6105000
6105300
6105500
6105700
6105900
6106200
6106500
6106700
6106900
6133200
6133400
6133600
6133900
6134200
6134400
6134600
6134900
6135200
6135500
6135800
6136100
6136400
6136700
6136900
6137100
6137400
6137700
6137900
6138100
6138400
6138700
6138900
6139100
6139400
6139700
6139900
6140100
6140400
6140700
6140900
6141100
6141400
6141700
6142000
6142200
6142400
6142700
6143000
6143200
6143400
6143700
6144000
6144200
6144400
6144700
6145000
6145300
6145500
6145700
6146000
6146300
6146500
6146700
6147000
6147300
6147600
6147800
6148000
6148300
6148600
6148800
6149000
6149300
6149600
6149800
6150000
6150300
6150600
6150800
6151000
6151300
6151600
6151900
6152100
6152400
6152700
6153000
6153200
6153500
6153800
6154100
6154300
6154500
6154800
6155100
6155300
6155500
6155800
6156100
6156300
6156500
6156800
6157100
6157300
6157500
6157800
6158100
6158400
6158600
6182600
6182800
6183000
6183300
6183600
6183900
6184100
6184300
6184600
6184900
6185100
6185300
6185600
6185900
6186200
6186500
6186800
6187000
6187200
6187500
6187800
6188000
6188200
6188500
6188800
6189100
6189300
6189500
6189800
6190100
6190400
6190600
6190800
6191100
6191400
6191700
6191900
6192100
6192400
6192700
6192900
6193100
6193400
6193700
6194000
6194200
6194400
6194600
6194900
6195200
6195400
6195600
6195900
6196200
6196400
6196600
6196900
6197200
6197500
6197800
6198000
6198200
6198500
6198800
6199000
6199200
6199400
6199700
6200000
6200200
6200400
6200700
6201000
6201300
6201600
6201800
6202000
6202300
6202600
6202900
6203100
6203300
6203600
6203900
6204100
6204300
6204600
6204900
6205100
6205400
6205600
6205800
6206100
6206400
6206600
6206800
6207100
6207400
6207600
6207800
6232000
6232200
6232400
6232700
6233000
6233200
6233400
6233700
6234000
6234300
6234500
6234700
6235000
6235300
6235500
6235700
6235900
6236200
6236500
6236700
6236900
6237200
6237500
6237800
6238000
6238200
6238500
6238800
6239100
6239400
6239600
6239800
6240100
6240400
6240600
6240800
6241100
6241400
6241700
6241900
6242100
6242400
6242700
6243000
6243200
6243400
6243700
6244000
6244300
6244500
6244700
6245000
6245300
6245500
6245700
6246000
6246200
6246500
6246800
6247000
6247200
6247500
6247800
6248000
6248200
6248500
6248800
6249100
6249300
6249500
6249700
6250000
6250300
6250500
6250700
6251000
6251300
6251600
6251800
6252000
6252300
6252600
6252800
6253000
6253200
6253500
6253800
6254100
6254300
6254500
6254800
6255100
6255300
6255500
6255700
6256000
6256300
6256600
6256800
6257000
6283800
6284100
6284400
6284600
6284800
6285100
6285400
6285600
6285800
6286100
6286400
6286700
6286900
6287100
6287400
6287600
6287900
6288200
6288500
6288700
6288900
6289200
6289500
6289800
6290200
6290600
6290900
6291300
6291600
6291900
6292300
6292700
6293100
6293400
6293800
6294200
6294600
6295000
6295400
6295800
6296200
6296600
6297000
6297300
6297700
6298000
6298400
6298700
6299000
6299300
6299700
6300100
6300400
6300800
6301200
6301600
6301900
6302300
6302700
6303100
6303400
6303700
6304100
6304700
6304900
6305200
6305500
6305800
6306100
6306400
6306600
6306900
6307100
6307300
6307600
6307800
6308100
6308400
6308700
6309000
6309300
6309500
6309700
6310000
6310200
6310400
6310700
6310900
6311200
6311500
6311800
6312100
6312300
6312500
6312800
6313100
6313400
6313700
6314000
6314200
6338400
6338600
6338800
6339100
6339400
6339700
6340000
6340200
6340400
6340600
6340900
6341200
6341500
6341800
6342000
6342200
6342500
6342700
6343000
6343300
6343600
6343800
6344000
6344200
6344500
6344800
6345100
6345400
6345700
6345900
6346100
6346400
6346600
6346900
6347200
6347400
6347700
6347900
6348100
6348400
6348700
6349000
6349300
6349600
6349800
6350000
6350300
6350500
6350800
6351100
6351300
6351500
6351700
6352000
6352300
6352600
6352900
6353100
6353300
6353500
6353800
6354100
6354400
6354700
6354900
6355100
6355400
6355700
6356000
6356300
6356600
6356800
6357000
6357300
6357600
6357900
6358200
6358400
6358700
6358900
6359100
6359400
6359700
6360000
6360300
6360600
6360900
6361100
6361300
6361600
6361900
6362200
6362500
6362800
6363000
6363200
6363500
6363800
6364100
6364400
6388900
6389200
6389400
6389600
6389800
6390000
6390300
6390600
6390900
6391100
6391300
6391500
6391700
6392000
6392300
6392600
6392800
6393000
6393300
6393600
6393900
6394200
6394400
6394600
6394800
6395100
6395400
6395700
6396000
6396200
6396400
6396600
6396900
6397200
6397500
6397800
6398000
6398200
6398400
6398600
6398900
6399200
6399500
6399800
6400000
6400200
6400500
6400700
6401000
6401300
6401600
6401900
6402100
6402300
6402500
6402800
6403100
6403400
6403700
6403900
6404100
6404300
6404500
6404800
6405100
6405400
6405600
6405800
6406100
6406300
6406600
6406900
6407100
6407400
6407600
6407800
6408100
6408400
6408700
6408900
6409100
6409300
6409500
6409800
6410100
6410400
6410600
6410800
6411000
6411200
6411500
6411800
6412100
6412400
6412600
6412800
6413000
6413300
6413600
6413900
6441900
6442200
6442500
6442800
6443100
6443400
6443600
6443900
6444100
6444300
6444500
6444700
6444900
6445200
6445500
6445700
6445900
6446200
6446500
6446800
6447100
6447300
6447600
6447800
6448000
6448300
6448600
6448900
6449200
6449500
6449700
6449900
6450200
6450500
6450800
6451100
6451300
6451600
6451800
6452000
6452300
6452600
6452900
6453200
6453500
6453700
6453900
6454200
6454400
6454700
6455000
6455300
6455600
6455800
6456000
6456300
6456500
6456800
6457100
6457400
6457700
6458000
6458200
6458400
6458600
6458800
6459100
6459300
6459500
6459800
6460100
6460400
6460700
6460900
6461100
6461300
6461600
6461900
6462200
6462500
6462700
6462900
6463100
6463300
6463600
6463900
6464200
6464500
6464700
6464900
6465100
6465400
6465700
6466000
6466300
6466500
6466700
6466900
6467100
6467400
6492400
6492600
6492800
6493100
6493400
6493700
6493900
6494100
6494300
6494600
6494900
6495200
6495500
6495700
6495900
6496200
6496400
6496600
6496900
6497200
6497500
6497700
6498000
6498200
6498400
6498700
6499000
6499300
6499600
6499800
6500000
6500200
6500500
6500800
6501100
6501400
6501600
6501900
6502100
6502300
6502600
6502900
6503200
6503400
6503600
6503900
6504100
6504400
6504700
6505000
6505200
6505400
6505700
6505900
6506200
6506500
6506800
6507100
6507300
6507500
6507700
6508000
6508300
6508600
6508800
6509000
6509200
6509500
6509800
6510100
6510300
6510600
6510800
6511000
6511300
6511600
6511900
6512200
6512400
6512600
6512800
6513100
6513400
6513700
6514000
6514200
6514400
6514600
6514900
6515200
6515500
6515800
6516000
6516200
6516500
6516800
6517100
6517300
6517600
6517800
6543100
6543400
6543700
6544000
6544300
6544600
6544800
6545100
6545400
6545700
6545900
6546100
6546400
6546700
6547000
6547300
6547600
6547800
6548000
6548300
6548600
6548900
6549100
6549300
6549500
6549800
6550100
6550400
6550700
6550900
6551100
6551400
6551700
6552000
6552300
6552600
6552800
6553000
6553300
6553500
6553800
6554100
6554400
6554700
6554900
6555100
6555300
6555500
6555800
6556100
6556400
6556600
6556800
6557000
6557200
6557500
6557800
6558100
6558400
6558600
6558800
6559100
6559300
6559600
6559900
6560200
6560400
6560600
6560900
6561200
6561500
6561800
6562100
6562300
6562500
6562800
6563100
6563400
6563600
6563800
6564100
6564300
6564600
6564900
6565200
6565500
6565700
6565900
6566200
6566500
6566800
6567100
6567400
6567700
6567900
6568100
6568400
6568700
6569000
6569300
6597100
6597400
6597700
6598000
6598300
6598600
6598900
6599200
6599400
6599600
6600000
6600200
6600400
6600700
6601000
6601300
6601600
6601900
6602100
6602400
6602600
6602800
6603100
6603300
6603600
6603900
6604100
6604400
6604700
6604900
6605100
6605400
6605600
6605800
6606100
6606300
6606600
6606900
6607100
6607400
6607600
6607800
6608100
6608300
6608600
6608900
6609200
6609500
6609700
6610000
6610200
6610400
6610700
6610900
6611100
6611400
6611700
6612000
6612300
6612500
6612700
6613000
6613200
6613500
6613800
6614100
6614400
6614600
6614800
6615100
6615300
6615600
6615900
6616100
6616400
6616700
6616900
6617100
6617300
6617500
6617800
6618100
6618400
6618700
6618900
6619100
6619300
6619600
6619900
6620200
6620500
6620700
6620900
6621100
6621300
6621600
6621900
6622300
6622600
6622900
6648300
6648500
6648800
6649100
6649400
6649700
6650000
6650200
6650500
6650700
6650900
6651200
6651500
6651800
6652100
6652300
6652500
6652700
6652900
6653200
6653500
6653800
6654100
6654300
6654500
6654700
6655000
6655300
6655600
6655900
6656100
6656400
6656600
6656800
6657100
6657400
6657700
6658000
6658200
6658400
6658600
6658900
6659200
6659500
6659800
6660000
6660200
6660400
6660700
6661000
6661300
6661600
6661800
6662000
6662200
6662500
6662800
6663100
6663400
6663600
6663800
6664000
6664200
6664500
6664800
6665100
6665400
6665600
6665800
6666100
6666300
6666600
6666900
6667200
6667500
6667700
6667900
6668200
6668400
6668700
6669000
6669300
6669600
6669800
6670000
6670200
6670500
6670800
6671100
6671400
6671600
6671800
6672100
6672400
6672700
6673000
6673200
6673400
6673600
6673900
6699400
6699600
6699800
6700100
6700400
6700700
6701000
6701200
6701400
6701600
6701900
6702200
6702500
6702700
6702900
6703100
6703300
6703600
6703900
6704100
6704400
6704600
6704800
6705100
6705400
6705700
6706000
6706200
6706400
6706600
6706900
6707200
6707500
6707800
6708100
6708400
6708600
6708800
6709100
6709400
6709700
6710000
6710200
6710500
6710700
6710900
6711200
6711500
6711800
6712100
6712400
6712600
6712800
6713100
6713400
6713700
6714000
6714200
6714500
6714700
6715000
6715300
6715600
6715900
6716100
6716300
6716500
6716800
6717100
6717400
6717700
6717900
6718100
6718300
6718500
6718800
6719100
6719400
6719700
6720000
6720200
6720400
6720700
6721000
6721300
6721600
6721800
6722100
6722300
6722500
6722800
6723100
6723400
6723700
6724000
6724200
6724400
6724600
6724900
6725200
6753600
6753900
6754200
6754500
6754800
6755100
6755400
6755700
6755900
6756200
6756400
6756600
6756900
6757100
6757300
6757600
6757900
6758100
6758400
6758700
6759000
6759300
6759600
6759800
6760100
6760400
6760600
6760900
6761100
6761300
6761600
6761900
6762100
6762400
6762700
6763000
6763300
6763600
6763800
6764100
6764400
6764600
6764800
6765100
6765300
6765500
6765800
6766100
6766300
6766700
6766900
6767100
6767300
6767600
6767900
6768200
6768500
6768700
6768900
6769100
6769300
6769600
6769900
6770200
6770500
6770700
6770900
6771100
6771400
6771700
6772000
6772300
6772500
6772700
6772900
6773100
6773400
6773700
6774000
6774300
6774500
6774700
6775000
6775300
6775600
6775900
6776100
6776300
6776500
6776800
6777100
6777400
6777700
6778000
6778200
6778400
6778600
6778800
6779100
6779400
6805300
6805600
6805900
6806200
6806400
6806600
6806900
6807200
6807500
6807800
6808100
6808400
6808700
6808900
6809200
6809400
6809600
6809900
6810200
6810400
6810700
6811000
6811300
6811600
6811800
6812000
6812300
6812600
6812900
6813100
6813400
6813600
6813800
6814100
6814400
6814700
6815000
6815200
6815400
6815600
6815900
6816200
6816500
6816800
6817000
6817200
6817500
6817800
6818100
6818500
6818800
6819100
6819500
6819800
6820100
6820500
6820800
6821100
6821400
6821800
6822100
6822500
6822800
6823200
6823600
6824000
6824300
6824700
6825100
6825500
6825800
6826100
6826400
6826700
6827100
6827400
6827800
6828100
6828500
6828900
6829300
6829700
6830100
6830500
6830900
6831200
6831500
6831900
6832300
6832600
6832900
6833100
6833300
6833600
6833900
6834200
6834400
6834600
6834900
6835200
6861100
6861400
6861700
6861900
6862100
6862400
6862700
6862900
6863100
6863400
6863700
6863900
6864100
6864300
6864600
6864900
6865100
6865300
6865500
6865700
6866000
6866300
6866600
6866800
6867000
6867300
6867600
6867900
6868100
6868300
6868500
6868800
6869100
6869400
6869600
6869800
6870000
6870300
6870600
6870800
6871000
6871300
6871600
6871900
6872100
6872300
6872600
6872900
6873200
6873500
6873700
6873900
6874200
6874500
6874700
6874900
6875200
6875500
6875800
6876000
6876200
6876500
6876800
6877000
6877200
6877500
6877800
6878000
6878200
6878500
6878800
6879100
6879400
6879700
6880000
6880200
6880400
6880600
6880900
6881200
6881500
6881700
6881900
6882200
6882500
6882800
6883000
6883200
6883500
6883800
6884000
6884200
6884400
6884600
6884900
6885200
6885500
6885700
6885900
6886200
6912800
6913000
6913300
6913600
6913900
6914100
6914300
6914600
6914900
6915100
6915300
6915600
6915900
6916200
6916400
6916600
6916900
6917200
6917400
6917600
6917900
6918200
6918500
6918700
6918900
6919200
6919500
6919700
6919900
6920200
6920500
6920800
6921000
6921200
6921500
6921800
6922000
6922200
6922400
6922700
6923000
6923200
6923400
6923700
6924000
6924300
6924500
6924700
6925000
6925300
6925600
6925800
6926000
6926300
6926600
6926900
6927100
6927300
6927600
6927900
6928100
6928300
6928600
6928900
6929200
6929400
6929700
6930000
6930300
6930500
6930700
6931000
6931300
6931500
6931700
6932000
6932300
6932600
6932800
6933000
6933300
6933600
6933800
6934000
6934300
6934600
6934800
6935000
6935200
6935500
6935800
6936000
6936200
6936500
6936800
6937000
6937200
6937500
6937800
6938100
6964400
6964700
6965000
6965200
6965400
6965600
6965900
6966200
6966400
6966600
6966900
6967200
6967500
6967700
6967900
6968200
6968500
6968700
6968900
6969100
6969400
6969700
6969900
6970100
6970400
6970700
6971000
6971200
6971400
6971700
6972000
6972200
6972400
6972700
6973000
6973300
6973500
6973700
6974000
6974300
6974500
6974700
6975000
6975300
6975600
6975800
6976000
6976300
6976600
6976800
6977000
6977300
6977600
6977900
6978100
6978300
6978600
6978900
6979100
6979300
6979600
6979900
6980200
6980400
6980600
6980900
6981200
6981400
6981600
6981900
6982200
6982500
6982700
6982900
6983200
6983500
6983800
6984000
6984200
6984500
6984800
6985000
6985200
6985400
6985700
6986000
6986200
6986400
6986700
6987000
6987200
6987400
6987700
6988000
6988200
6988400
6988700
6989000
6989300
6989500
7015700
7016000
7016300
7016500
7016700
7017000
7017300
7017500
7017700
7018000
7018300
7018600
7018800
7019000
7019300
7019600
7019800
7020000
7020300
7020600
7020900
7021100
7021300
7021600
7021900
7022100
7022300
7022500
7022800
7023100
7023300
7023500
7023700
7024000
7024300
7024500
7024700
7025000
7025300
7025600
7025800
7026000
7026300
7026600
7026800
7027000
7027300
7027600
7027800
7028000
7028300
7028600
7028800
7029000
7029300
7029600
7029900
7030100
7030300
7030600
7030900
7031100
7031300
7031600
7031900
7032200
7032400
7032600
7032900
7033200
7033400
7033600
7033800
7034100
7034400
7034600
7034800
7035100
7035400
7035700
7035900
7036100
7036400
7036700
7036900
7037100
7037400
7037700
7038000
7038200
7038400
7038700
7039000
7039200
7039400
7039600
7039900
7040200
7040400
7040600
7070600
7070900
7071100
7071300
7071600
7071900
7072100
7072300
7072600
7072900
7073100
7073300
7073600
7073900
7074200
7074400
7074700
7075000
7075300
7075500
7075700
7076000
7076300
7076500
7076700
7077000
7077300
7077500
7077700
7078000
7078300
7078600
7078800
7079000
7079300
7079600
7079800
7080000
7080300
7080600
7080900
7081100
7081300
7081600
7081900
7082100
7082300
7082600
7082900
7083200
7083400
7083600
7083900
7084200
7084400
7084600
7084900
7085200
7085400
7085600
7085900
7086200
7086400
7086600
7086900
7087200
7087400
7087600
7087900
7088200
7088400
7088600
7088900
7089200
7089500
7089700
7089900
7090200
7090500
7090700
7090900
7091200
7091500
7091700
7091900
7092200
7092500
7092800
7093000
7093200
7093500
7093800
7094000
7094200
7094500
7094800
7095100
7095300
7095500
7095800
7122600
7122900
7123100
7123300
7123500
7123700
7124000
7124300
7124500
7124700
7125000
7125300
7125600
7125800
7126100
7126400
7126700
7126900
7127100
7127400
7127700
7127900
7128100
7128300
7128600
7128900
7129100
7129300
7129600
7129900
7130100
7130300
7130600
7130900
7131100
7131300
7131600
7131900
7132200
7132500
7132800
7133000
7133200
7133500
7133800
7134000
7134200
7134500
7134800
7135100
7135300
7135500
7135800
7136100
7136300
7136500
7136800
7137100
7137400
7137600
7137800
7138100
7138400
7138600
7138800
7139100
7139400
7139700
7140000
7140200
7140400
7140700
7141000
7141200
7141400
7141700
7142000
7142300
7142500
7142700
7143400
7143600
7143900
7144200
7144500
7144700
7144900
7145200
7145500
7145700
7146000
7146200
7146400
7146700
7147000
7147300
7147500
7147700
7148000
7148300
7175400
7175700
7175900
7176100
7176400
7176700
7177000
7177200
7177400
7177700
7178000
7178200
7178400
7178600
7178900
7179200
7179400
7179600
7179900
7180200
7180400
7180600
7180900
7181200
7181500
7181700
7181900
7182200
7182500
7182800
7183000
7183200
7183500
7183800
7184100
7184500
7184800
7185100
7185300
7185500
7185800
7186100
7186400
7186600
7186800
7187100
7187400
7187600
7187800
7188100
7188400
7188600
7188800
7189100
7189400
7189800
7190100
7190300
7190500
7190800
7191100
7191300
7191500
7191800
7192100
7192400
7192600
7192800
7193100
7193400
7193700
7193900
7194100
7194300
7194600
7194900
7195100
7195300
7195600
7195900
7196200
7196400
7196600
7196800
7197100
7197400
7197600
7197800
7198100
7198400
7198700
7198900
7199100
7199400
7199700
7199900
7200100
7200400
7200700
7201000
7230900
7231200
7231500
7231700
7231900
7232200
7232500
7232800
7233000
7233300
7233500
7233700
7234000
7234300
7234600
7234800
7235000
7235300
7235600
7235900
7236100
7236300
7236500
7236800
7237100
7237400
7237600
7237800
7238000
7238300
7238600
7238800
7239000
7239200
7239500
7239800
7240000
7240200
7240400
7240700
7241000
7241200
7241400
7241700
7242000
7242300
7242500
7242700
7243000
7243300
7243500
7243700
7243900
7244200
7244500
7244700
7244900
7245200
7245500
7245700
7245900
7246100
7246400
7246700
7246900
7247100
7247300
7247600
7247900
7248100
7248300
7248600
7248900
7249200
7249400
7249600
7249900
7250200
7250500
7250700
7250900
7251100
7251400
7251700
7251900
7252100
7252400
7252700
7253000
7253200
7253400
7253700
7254000
7254200
7254400
7254600
7254900
7255200
7255500
7255700
7282900
7283100
7283300
7283500
7283800
7284100
7284300
7284500
7284800
7285100
7285400
7285700
7286000
7286200
7286400
7286700
7287000
7287200
7287400
7287700
7288000
7288200
7288400
7288700
7289000
7289200
7289400
7289700
7290000
7290300
7290500
7290700
7290900
7291200
7291500
7291800
7292000
7292200
7292500
7292800
7293000
7293200
7293400
7293700
7294000
7294300
7294600
7294800
7295000
7295300
7295600
7295900
7296100
7296300
7296600
7296900
7297100
7297300
7297600
7297900
7298100
7298300
7298600
7298900
7299100
7299300
7299600
7299900
7300100
7300300
7300600
7300900
7301200
7301400
7301600
7301800
7302100
7302400
7302600
7302800
7303100
7303400
7303700
7303900
7304100
7304400
7304700
7304900
7305100
7305400
7305600
7305800
7306100
7306400
7306600
7306800
7307100
7307400
7307700
7307900
7335400
7335700
7336000
7336200
7336400
7336700
7337000
7337200
7337400
7337700
7338000
7338300
7338500
7338800
7339100
7339300
7339500
7339800
7340100
7340300
7340500
7340800
7341100
7341400
7341600
7341800
7342100
7342400
7342600
7342800
7343100
7343400
7343700
7343900
7344100
7344400
7344700
7344900
7345100
7345400
7345700
7346000
7346200
7346400
7346700
7347000
7347200
7347400
7347700
7348000
7348200
7348400
7348600
7348900
7349200
7349400
7349600
7349900
7350200
7350400
7350600
7350900
7351200
7351500
7351700
7351900
7352200
7352500
7352700
7352900
7353200
7353500
7353900
7354200
7354500
7354900
7355200
7355500
7355800
7356100
7356600
7357000
7357400
7357800
7358200
7358500
7358900
7359300
7359600
7359900
7360300
7360700
7361100
7361500
7361800
7362100
7362500
7362900
7363300
7363700
7396500
7396700
7397000
7397300
7397600
7397900
7398200
7398500
7398700
7398900
7399200
7399500
7399800
7400000
7400200
7400500
7400800
7401000
7401200
7401400
7401700
7402000
7402200
7402400
7402700
7403000
7403300
7403500
7403700
7404000
7404300
7404500
7404800
7405300
7405700
7406200
7406500
7406800
7407100
7407300
7407500
7407800
7408100
7408500
7408700
7409100
7409500
7409800
7410000
7410200
7410500
7410700
7411000
7411300
7411600
7411900
7412200
7412500
7412800
7413100
7413400
7413700
7414000
7414300
7414500
7414800
7415100
7415400
7415700
7416000
7416300
7416600
7416900
7417200
7417500
7417700
7418000
7418300
7418600
7418900
7419200
7419400
7419600
7419900
7420200
7420500
7420800
7421000
7421400
7421700
7422100
7422400
7422700
7423000
7423300
7423600
7423900
7424100
7424300
7424600
7459000
7459300
7459700
7460000
7460300
7460500
7460800
7461100
7461400
7461700
7462000
7462300
7462600
7462800
7463000
7463300
7463600
7463900
7464100
7464400
7464600
7464900
7465300
7465700
7466000
7466300
7466600
7466800
7467100
7467400
7467700
7468000
7468300
7468600
7468900
7469200
7469600
7469900
7470200
7470500
7470800
7471100
7471400
7471700
7472000
7472300
7472700
7473200
7473600
7473900
7474200
7474500
7474800
7475100
7475400
7475800
7476100
7476400
7476700
7477100
7477400
7477800
7478100
7478300
7478600
7478900
7479100
7479400
7479600
7479900
7480200
7480400
7480700
7481000
7481400
7481700
7482000
7482300
7482600
7482900
7483200
7483500
7483700
7484000
7484300
7484600
7484900
7485100
7485400
7485700
7486000
7486200
7486500
7486800
7487100
7487300
7487600
7487900
7488200
7488500
7521400
7521800
7522100
7522400
7522700
7523000
7523300
7523600
7523900
7524200
7524700
7525000
7525300
7525700
7526100
7526500
7526800
7527100
7527300
7527600
7527900
7528200
7528500
7528700
7529000
7529300
7529600
7529900
7530100
7530400
7530800
7531400
7531600
7531900
7532200
7532500
7532800
7533200
7533500
7533800
7534100
7534400
7534700
7535000
7535400
7535700
7536100
7536400
7536700
7537000
7537500
7537800
7538100
7538400
7538800
7539100
7539400
7539700
7540100
7540400
7540800
7541000
7541400
7541600
7541900
7542300
7542600
7542900
7543200
7543500
7543700
7544000
7544300
7544600
7544900
7545200
7545500
7545800
7546100
7546400
7546800
7547200
7547500
7547800
7548100
7548500
7548900
7549300
7549700
7550000
7550300
7550700
7551200
7551500
7551900
7552300
7552600
7552900
7553200
7553500
7587900
7588200
7588500
7588800
7589000
7589200
7589400
7589700
7590000
7590300
7590500
7590700
7590900
7591200
7591500
7591700
7591900
7592100
7592400
7592700
7592900
7593100
7593300
7593600
7593900
7594200
7594400
7594600
7594900
7595200
7595500
7595700
7595900
7596200
7596500
7596800
7597000
7597200
7597400
7597700
7598000
7598200
7598400
7598600
7598900
7599200
7599400
7599600
7599800
7600100
7600400
7600600
7600800
7601100
7601400
7601700
7601900
7602100
7602400
7602700
7603000
7603200
7603400
7603700
7604000
7604300
7604500
7604700
7605000
7605300
7605600
7605800
7606000
7606300
7606600
7606900
7607100
7607300
7607600
7607900
7608200
7608400
7608600
7608800
7609100
7609400
7609600
7609800
7610000
7610300
7610600
7610900
7611100
7611300
7611600
7611900
7612200
7612400
7612600
7612900
7641100
7641400
7641700
7642000
7642300
7642600
7642800
7643000
7643300
7643600
7643900
7644100
7644300
7644600
7644900
7645100
7645300
7645500
7645800
7646100
7646300
7646500
7646700
7647000
7647300
7647500
7647700
7647900
7648200
7648500
7648700
7648900
7649100
7649300
7649500
7649800
7650100
7650400
7650600
7650800
7651100
7651400
7651700
7651900
7652100
7652400
7652700
7653000
7653200
7653400
7653600
7653900
7654200
7654500
7654700
7654900
7655200
7655500
7655700
7655900
7656100
7656400
7656700
7656900
7657100
7657300
7657600
7657900
7658100
7658300
7658600
7658900
7659200
7659400
7659600
7659900
7660200
7660500
7660700
7660900
7661200
7661500
7661800
7662000
7662200
7662500
7662800
7663100
7663300
7663500
7663800
7664100
7664400
7664600
7664800
7665000
7665300
7665600
7665900
7666300
7694700
7694900
7695200
7695400
7695700
7696000
7696300
7696500
7696700
7696900
7697200
7697500
7697800
7698000
7698200
7698500
7698800
7699100
7699300
7699500
7699800
7700100
7700300
7700500
7700700
7701000
7701300
7701500
7701700
7702000
7702300
7702600
7702800
7703000
7703300
7703600
7703900
7704100
7704300
7704600
7704900
7705200
7705400
7705600
7705900
7706200
7706500
7706700
7706900
7707200
7707500
7707800
7708000
7708200
7708400
7708700
7709000
7709300
7709500
7709700
7710000
7710300
7710600
7710800
7711000
7711300
7711600
7711900
7712100
7712300
7712600
7712900
7713200
7713400
7713600
7713900
7714200
7714500
7714700
7714900
7715200
7715500
7715700
7715900
7716100
7716400
7716700
7716900
7717100
7717300
7717600
7717900
7718100
7718300
7718500
7718800
7719100
7719300
7719500
7719700
7751300
7751600
7751900
7752200
7752400
7752600
7752800
7753100
7753400
7753700
7753900
7754100
7754400
7754700
7755500
7755700
7755900
7756200
7756500
7756800
7757000
7757200
7757500
7757800
7758100
7758300
7758500
7758800
7759100
7759400
7759600
7759800
7760100
7760400
7760600
7760800
7761000
7761300
7761600
7761800
7762000
7762300
7762600
7762900
7763100
7763300
7763600
7763900
7764200
7764400
7764600
7764800
7765100
7765400
7765600
7765800
7766000
7766300
7766600
7766900
7767100
7767300
7767500
7767800
7768100
7768300
7768500
7768700
7769000
7769300
7769500
7769700
7769900
7770200
7770500
7770700
7770900
7771100
7771400
7771700
7771900
7772100
7772300
7772600
7772900
7773100
7773300
7773600
7773900
7774200
7774400
7774600
7774900
7775200
7775500
7775700
7775900
7776200
7776500
7776800
7805500
7805800
7806100
7806400
7806600
7806800
7807100
7807400
7807700
7807900
7808100
7808300
7808600
7808900
7809100
7809300
7809500
7809800
7810100
7810400
7810600
7810800
7811100
7811400
7811700
7811900
7812100
7812400
7812700
7813000
7813200
7813400
7813700
7814000
7814300
7814500
7814700
7815000
7815300
7815600
7815800
7816000
7816300
7816600
7816800
7817000
7817200
7817500
7817800
7818000
7818200
7818500
7818800
7819100
7819300
7819500
7819800
7820100
7820400
7820600
7820800
7821100
7821400
7821700
7821900
7822100
7822400
7822700
7823000
7823200
7823400
7823700
7824000
7824300
7824500
7824700
7825000
7825300
7825600
7825800
7826000
7826200
7826500
7826800
7827100
7827300
7827500
7827800
7828100
7828400
7828600
7828800
7829100
7829400
7829600
7829800
7830000
7830300
7830600
7830800
7859800
7860100
7860400
7860700
7860900
7861100
7861400
7861700
7862000
7862200
7862400
7862700
7863000
7863300
7863500
7863700
7864000
7864300
7864600
7864800
7865000
7865300
7865600
7865900
7866100
7866300
7866600
7866900
7867200
7867400
7867600
7867800
7868100
7868400
7868600
7868800
7869000
7869300
7869600
7869900
7870100
7870300
7870600
7870900
7871200
7871400
7871600
7871900
7872100
7872300
7872600
7872900
7873200
7873400
7873600
7873900
7874200
7874400
7874700
7875000
7875300
7875500
7875700
7876000
7876300
7876600
7876800
7877000
7877300
7877600
7877900
7878100
7878300
7878600
7878900
7879200
7879400
7879600
7879800
7880100
7880400
7880600
7880800
7881000
7881300
7881600
7881900
7882100
7882400
7882700
7882900
7883100
7883300
7883600
7883900
7884100
7884300
7884500
7884800
7885100
7917500
7917700
7917900
7918100
7918400
7918700
7918900
7919100
7919300
7919600
7919900
7920100
7920300
7920600
7920900
7921200
7921400
7921600
7921900
7922200
7922500
7922700
7922900
7923200
7923500
7923800
7924000
7924200
7924500
7924800
7925100
7925300
7925500
7925800
7926100
7926400
7926600
7926800
7927100
7927400
7927700
7927900
7928100
7928300
7928600
7928900
7929100
7929300
7929500
7929800
7930100
7930300
7930500
7930700
7931000
7931300
7931500
7931700
7932000
7932300
7932600
7932800
7933000
7933300
7933600
7933800
7934000
7934200
7934500
7934800
7935000
7935200
7935500
7935800
7936100
7936300
7936500
7936800
7937100
7937400
7937600
7937800
7938100
7938400
7938700
7938900
7939100
7939300
7939600
7939900
7940100
7940300
7940500
7940800
7941100
7941500
7941900
7942300
7942600
7942800
7978300
7978600
7978900
7979400
7979800
7980100
7980400
7980800
7981200
7981600
7981900
7982300
7982600
7982900
7983200
7983400
7983600
7983900
7984100
7984300
7984500
7984800
7985100
7985400
7985600
7985800
7986100
7986400
7986600
7986800
7987100
7987400
7987700
7987900
7988100
7988300
7988600
7988900
7989100
7989300
7989600
7989900
7990100
7990300
7990600
7990900
7991200
7991400
7991600
7991900
7992200
7992400
7992600
7992900
7993200
7993500
7993700
7993900
7994200
7994500
7994700
7994900
7995200
7995500
7995700
7995900
7996200
7996500
7996800
7997000
7997200
7997500
7997800
7998000
7998200
7998500
7998800
7999100
7999300
7999500
7999800
8000100
8000300
8000500
8000700
8001000
8001300
8001500
8001700
8002000
8002300
8002600
8002800
8003000
8003300
8003600
8003800
8004000
8004200
8004500
8033700
8034000
8034300
8034500
8034700
8035000
8035300
8035500
8035700
8036000
8036300
8036500
8036700
8037000
8037300
8037600
8037800
8038000
8038300
8038600
8038800
8039000
8039300
8039600
8039800
8040000
8040300
8040600
8040900
8041100
8041300
8041600
8041900
8042100
8042300
8042600
8042900
8043200
8043400
8043600
8043900
8044200
8044500
8044700
8045000
8045300
8045600
8045800
8046000
8046300
8046600
8046800
8047000
8047300
8047600
8047900
8048100
8048300
8048600
8048900
8049100
8049300
8049600
8049900
8050200
8050400
8050600
8050900
8051200
8051400
8051600
8051900
8052200
8052400
8052600
8052900
8053200
8053500
8053700
8054000
8054300
8054600
8054800
8055000
8055300
8055600
8055800
8056000
8056300
8056600
8056900
8057100
8057300
8057600
8057900
8058200
8058400
8058600
8058900
8059200
8092000
8092300
8092600
8092800
8093000
8093300
8093600
8093900
8094100
8094300
8094600
8094900
8095100
8095300
8095500
8095800
8096100
8096300
8096500
8096800
8097100
8097300
8097500
8097800
8098100
8098300
8098500
8098700
8099000
8099300
8099500
8099700
8100000
8100300
8100500
8100700
8101000
8101300
8101600
8101800
8102000
8102200
8102500
8102800
8103000
8103200
8103500
8103800
8104000
8104200
8104500
8104800
8105100
8105300
8105500
8105800
8106100
8106300
8106500
8106800
8107100
8107300
8107500
8107700
8108000
8108300
8108500
8108700
8109000
8109300
8109500
8109700
8110000
8110300
8110500
8110700
8111000
8111300
8111500
8111700
8112000
8112300
8112500
8112700
8113000
8113300
8113500
8113700
8114000
8114300
8114500
8114700
8115000
8115300
8115600
8115800
8116000
8116300
8116600
8116800
8146800
8147000
8147300
8147600
8147800
8148000
8148300
8148600
8148900
8149100
8149300
8149600
8149900
8150100
8150300
8150600
8150900
8151100
8151300
8151600
8151900
8152200
8152400
8152700
8153000
8153300
8153500
8153700
8154000
8154300
8154500
8154700
8155000
8155300
8155500
8155700
8156000
8156300
8156500
8156700
8157000
8157300
8157500
8157700
8158000
8158300
8158500
8158700
8159000
8159300
8159500
8159700
8160000
8160300
8160600
8160800
8161000
8161300
8161600
8161800
8162000
8162300
8162600
8162900
8163100
8163300
8163600
8163900
8164100
8164300
8164700
8165000
8165300
8165500
8165700
8166000
8166300
8166500
8166700
8167000
8167300
8167500
8167700
8168000
8168300
8168500
8168700
8169000
8169300
8169500
8169700
8170000
8170300
8170500
8170700
8171000
8171300
8171500
8171700
8172000
8201900
8202100
8202300
8202600
8202900
8203200
8203400
8203600
8203900
8204200
8204400
8204600
8204900
8205200
8205500
8205700
8205900
8206200
8206500
8206800
8207000
8207200
8207500
8207800
8208000
8208200
8208500
8208800
8209100
8209300
8209500
8209800
8210100
8210400
8210700
8211000
8211200
8211400
8211700
8212000
8212200
8212400
8212700
8213000
8213200
8213400
8213700
8214000
8214200
8214400
8214700
8215000
8215200
8215400
8215600
8215800
8216000
8216300
8216600
8216800
8217000
8217300
8217600
8217900
8218100
8218300
8218600
8218900
8219100
8219300
8219600
8219900
8220200
8220400
8220600
8220900
8221200
8221500
8221800
8222100
8222300
8222500
8222800
8223100
8223400
8223600
8223800
8224100
8224400
8224600
8224800
8225100
8225400
8225600
8225800
8226100
8226400
8226700
8226900
8227200
8257700
8257900
8258100
8258400
8258700
8259000
8259200
8259500
8259800
8260100
8260300
8260500
8260800
8261100
8261400
8261600
8261800
8262100
8262400
8262600
8262800
8263100
8263400
8263700
8263900
8264100
8264400
8264700
8265000
8265200
8265400
8265700
8266000
8266200
8266400
8266700
8267000
8267300
8267500
8267700
8268000
8268300
8268600
8268800
8269000
8269300
8269600
8269800
8270000
8270300
8270600
8270800
8271000
8271200
8271500
8271800
8272000
8272200
8272500
8272800
8273000
8273200
8273500
8273800
8274000
8274200
8274500
8274800
8275100
8275300
8275500
8275800
8276100
8276400
8276600
8276800
8277100
8277400
8277600
8277800
8278000
8278300
8278600
8278800
8279000
8279300
8279600
8280000
8280300
8280600
8280800
8281000
8281300
8281600
8281900
8282100
8282300
8282600
8282900
8283100
8313200
8313500
8313800
8314100
8314300
8314500
8314800
8315100
8315400
8315600
8315800
8316100
8316400
8316600
8316800
8317100
8317400
8317600
8317800
8318100
8318400
8318600
8318800
8319100
8319400
8319600
8319800
8320100
8320400
8320600
8320800
8321100
8321400
8321700
8321900
8322100
8322400
8322700
8322900
8323100
8323400
8323700
8324000
8324200
8324400
8324700
8325000
8325200
8325400
8325700
8326000
8326200
8326400
8326700
8327000
8327300
8327500
8327700
8328000
8328300
8328500
8328700
8329000
8329300
8329500
8329700
8330000
8330300
8330500
8330700
8331000
8331300
8331600
8331800
8332000
8332300
8332600
8332800
8333000
8333300
8333600
8333800
8334000
8334300
8334600
8334800
8335000
8335300
8335600
8335900
8336100
8336300
8336600
8336900
8337100
8337300
8337600
8337900
8338100
8338300
8368700
8368900
8369100
8369400
8369700
8370000
8370200
8370400
8370700
8371000
8371200
8371400
8371700
8372000
8372200
8372400
8372700
8373000
8373200
8373400
8373700
8374000
8374200
8374400
8374700
8375000
8375200
8375400
8375700
8376000
8376300
8376500
8376800
8377100
8377400
8377600
8377800
8378100
8378400
8378600
8378800
8379100
8379400
8379600
8379800
8380000
8380200
8380500
8380800
8381100
8381300
8381500
8381800
8382100
8382300
8382500
8382800
8383100
8383300
8383500
8383800
8384100
8384400
8384600
8384800
8385100
8385400
8385600
8385800
8386100
8386400
8386600
8386800
8387100
8387400
8387600
8387800
8388100
8388400
8388600
8388800
8389100
8389400
8389600
8389800
8390100
8390400
8390600
8390800
8391100
8391400
8391600
8391800
8392100
8392400
8392700
8392900
8393100
8393400
8393700
8426800
8427100
8427400
8427700
8427900
8428100
8428400
8428700
8429000
8429200
8429400
8429700
8430000
8430200
8430400
8430700
8431000
8431200
8431400
8431700
8432000
8432300
8432500
8432700
8433000
8433300
8433500
8433700
8434000
8434300
8434500
8434700
8435000
8435300
8435500
8435700
8436000
8436300
8436500
8436700
8437000
8437300
8437500
8437700
8438000
8438300
8438600
8438800
8439000
8439300
8439600
8439800
8440000
8440300
8440600
8440900
8441100
8441300
8441600
8441900
8442100
8442300
8442600
8442900
8443200
8443400
8443600
8443900
8444200
8444400
8444600
8444900
8445200
8445400
8445600
8445900
8446200
8446400
8446600
8446900
8447200
8447500
8447700
8447900
8448200
8448500
8448700
8448900
8449200
8449500
8449700
8449900
8450200
8450500
8450700
8450900
8451200
8451500
8451700
8451900
8482500
8482800
8483100
8483300
8483500
8484300
8484500
8484800
8485100
8485400
8485600
8485800
8486100
8486400
8486700
8486900
8487100
8487400
8487700
8487900
8488100
8488400
8488700
8488900
8489100
8489400
8489700
8490000
8490200
8490400
8490700
8491000
8491200
8491400
8491700
8492000
8492200
8492400
8492700
8493000
8493200
8493400
8493700
8494000
8494200
8494400
8494700
8495000
8495300
8495500
8495700
8496000
8496300
8496500
8496700
8497000
8497300
8497500
8497700
8498000
8498300
8498600
8498800
8499000
8499300
8499600
8499800
8500000
8500300
8500600
8500900
8501100
8501300
8501600
8501900
8502100
8502300
8502600
8502900
8503200
8503400
8503600
8503900
8504200
8504400
8504600
8504900
8505200
8505400
8505600
8505900
8506200
8506400
8506600
8506900
8507200
8507400
8507600
8507900
8508200
8538700
8538900
8539200
8539500
8539700
8539900
8540200
8540500
8540700
8540900
8541200
8541500
8541800
8542000
8542200
8542500
8542800
8543000
8543200
8543500
8543800
8544200
8544500
8544800
8545100
8545500
8545900
8546300
8546600
8547000
8547400
8547800
8548100
8548500
8548900
8549200
8549500
8549900
8550200
8550600
8551000
8551300
8551700
8552000
8552300
8552600
8552900
8553200
8553700
8554100
8554500
8554800
8555100
8555400
8555800
8556200
8556600
8556900
8557200
8557600
8557900
8558300
8558600
8559200
8559500
8559700
8559900
8560200
8560500
8560800
8561100
8561300
8561500
8561800
8562100
8562400
8562600
8562800
8563100
8563400
8563700
8563900
8564100
8564400
8564700
8564900
8565100
8565400
8565700
8566000
8566200
8566400
8566700
8567000
8567200
8567400
8567700
8568000
8568200
8568400
8602800
8603100
8603400
8603600
8603800
8604100
8604400
8604700
8604900
8605100
8605400
8605700
8605900
8606100
8606400
8606700
8607000
8607200
8607400
8607600
8607900
8608200
8608400
8608600
8608900
8609200
8609500
8609700
8609900
8610200
8610500
8610800
8611000
8611200
8611500
8611800
8612000
8612200
8612400
8612700
8613000
8613200
8613400
8613700
8614000
8614200
8614400
8614600
8614900
8615200
8615400
8615600
8615900
8616200
8616400
8616600
8616900
8617200
8617500
8617700
8617900
8618200
8618500
8618700
8618900
8619200
8619500
8619800
8620000
8620200
8620500
8620800
8621100
8621300
8621500
8621800
8622100
8622400
8622600
8622800
8623100
8623400
8623600
8623800
8624000
8624300
8624600
8624800
8625000
8625300
8625600
8625900
8626100
8626300
8626500
8626800
8627100
8627300
8627500
8627800
8658900
8659200
8659500
8659700
8659900
8660200
8660500
8660800
8661000
8661200
8661500
8661800
8662000
8662200
8662500
8662800
8663000
8663200
8663400
8663700
8664000
8664200
8664400
8664700
8665000
8665300
8665500
8665700
8666000
8666300
8666500
8666700
8666900
8667200
8667600
8667900
8668200
8668400
8668600
8668900
8669200
8669400
8669600
8669800
8670100
8670400
8670600
8670800
8671100
8671400
8671700
8671900
8672100
8672400
8672700
8672900
8673100
8673400
8673700
8674000
8674200
8674400
8674700
8675000
8675300
8675500
8675700
8676000
8676300
8676500
8676700
8677000
8677300
8677500
8677700
8677900
8678200
8678500
8678700
8678900
8679100
8679400
8679700
8679900
8680100
8680300
8680600
8680900
8681100
8681300
8681500
8681800
8682100
8682300
8682500
8682800
8683100
8683400
8683600
8683800
8715300
8715600
8715900
8716100
8716300
8716600
8716900
8717200
8717400
8717600
8717900
8718200
8718400
8718600
8718900
8719200
8719500
8719700
8719900
8720200
8720500
8720700
8720900
8721200
8721500
8721800
8722000
8722200
8722500
8722800
8723000
8723200
8723400
8723700
8724000
8724200
8724400
8724700
8725000
8725300
8725500
8725700
8726000
8726300
8726500
8726700
8726900
8727200
8727500
8727800
8728000
8728200
8728500
8728800
8729000
8729200
8729500
8729800
8730000
8730200
8730500
8730800
8731100
8731300
8731500
8731800
8732100
8732400
8732600
8732800
8733100
8733400
8733600
8733800
8734100
8734400
8734700
8734900
8735100
8735400
8735700
8735900
8736100
8736400
8736700
8736900
8737100
8737400
8737700
8738000
8738200
8738400
8738600
8738900
8739200
8739400
8739600
8739900
8740200
8740500
8774100
8774300
8774500
8774800
8775100
8775300
8775500
8775700
8776000
8776300
8776500
8776700
8777000
8777300
8777700
8777900
8778200
8778500
8778700
8778900
8779200
8779500
8779700
8779900
8780200
8780500
8780700
8780900
8781200
8781500
8781700
8781900
8782100
8782400
8782700
8782900
8783100
8783400
8783700
8783900
8784100
8784400
8784700
8785000
8785200
8785400
8785700
8786000
8786200
8786400
8786700
8787000
8787300
8787500
8787700
8788000
8788300
8788500
8788700
8789000
8789300
8789600
8789800
8790000
8790300
8790600
8790800
8791000
8791300
8791600
8791800
8792000
8792300
8792600
8792800
8793000
8793300
8793600
8793800
8794100
8794300
8794600
8794900
8795200
8795400
8795600
8795900
8796200
8796400
8796600
8796900
8797200
8797400
8797600
8797900
8798200
8798500
8798700
8798900
8799200
8831100
8831400
8831700
8832000
8832200
8832400
8832700
8833000
8833300
8833500
8833700
8834000
8834300
8834600
8834800
8835000
8835300
8835600
8835800
8836000
8836300
8836600
8836900
8837100
8837300
8837600
8837900
8838200
8838400
8838600
8838900
8839200
8839400
8839600
8839800
8840100
8840400
8840600
8840800
8841100
8841400
8841700
8841900
8842100
8842400
8842700
8842900
8843100
8843400
8843700
8844000
8844200
8844400
8844700
8845000
8845300
8845500
8845700
8846000
8846300
8846600
8846800
8847000
8847300
8847600
8847900
8848100
8848300
8848600
8848900
8849200
8849600
8849900
8850100
8850300
8850600
8850900
8851200
8851400
8851600
8851900
8852200
8852400
8852600
8852900
8853200
8853500
8853700
8853900
8854200
8854500
8854800
8855000
8855200
8855500
8855800
8856000
8856200
8856400
8856700
8888400
8888600
8888900
8889200
8889400
8889600
8889800
8890100
8890400
8890600
8890800
8891100
8891400
8891700
8891900
8892100
8892400
8892700
8893000
8893200
8893400
8893700
8894000
8894200
8894400
8894700
8895000
8895300
8895500
8895700
8896000
8896300
8896500
8896700
8897000
8897300
8897500
8897700
8898000
8898300
8898600
8898800
8899000
8899300
8899600
8899800
8900000
8900300
8900600
8900900
8901100
8901300
8901600
8901900
8902200
8902400
8902600
8902900
8903200
8903400
8903600
8903800
8904100
8904400
8904600
8904800
8905000
8905300
8905600
8905800
8906000
8906300
8906600
8906900
8907100
8907300
8907600
8907900
8908100
8908300
8908600
8908900
8909200
8909400
8909600
8909900
8910200
8910500
8910700
8910900
8911200
8911500
8911700
8911900
8912200
8912500
8912700
8912900
8913100
8913400
8948000
8948300
8948500
8948700
8949000
8949300
8949500
8949700
8950000
8950300
8950600
8950800
8951000
8951300
8951600
8951900
8952100
8952300
8952600
8952900
8953100
8953300
8953500
8953800
8954100
8954300
8954500
8954800
8955100
8955300
8955500
8955800
8956100
8956400
8956600
8956800
8957100
8957400
8957600
8957900
8958100
8958400
8958700
8958900
8959100
8959400
8959700
8960000
8960200
8960400
8960700
8961000
8961300
8961500
8961700
8962000
8962300
8962500
8962700
8963000
8963300
8963600
8963800
8964000
8964300
8964600
8964900
8965100
8965300
8965600
8965900
8966200
8966400
8966600
8966900
8967200
8967400
8967600
8967900
8968200
8968500
8968700
8968900
8969200
8969500
8969700
8969900
8970200
8970500
8970800
8971000
8971200
8971500
8971800
8972000
8972200
8972500
8972800
8973100
8973300
9005900
9006200
9006500
9006700
9006900
9007200
9007500
9007800
9008000
9008200
9008500
9008800
9009000
9009200
9009500
9009800
9010100
9010300
9010500
9010700
9011000
9011300
9011500
9011700
9012000
9012300
9012600
9012800
9013000
9013300
9013600
9013800
9014000
9014200
9014500
9014800
9015000
9015200
9015500
9015800
9016000
9016200
9016500
9016800
9017000
9017200
9017500
9017800
9018100
9018300
9018500
9018800
9019100
9019300
9019500
9019800
9020100
9020400
9020600
9020800
9021100
9021400
9021700
9021900
9022100
9022400
9022700
9023000
9023200
9023400
9023700
9024000
9024200
9024400
9024700
9025000
9025300
9025500
9025700
9026000
9026300
9026600
9026800
9027000
9027300
9027600
9027800
9028000
9028300
9028600
9028800
9029000
9029300
9029600
9029900
9030100
9030300
9030600
9030900
9031100
9063300
9063600
9063900
9064100
9064300
9064600
9064900
9065100
9065300
9065500
9065800
9066100
9066300
9066500
9066800
9067100
9067400
9067600
9067800
9068100
9068400
9068700
9068900
9069100
9069400
9069700
9069900
9070100
9070300
9070600
9070900
9071100
9071300
9071600
9071900
9072200
9072400
9072600
9072900
9073200
9073400
9073600
9073900
9074200
9074500
9074700
9074900
9075200
9075500
9075700
9075900
9076200
9076500
9076800
9077000
9077200
9077500
9077800
9078000
9078200
9078500
9078800
9079100
9079300
9079500
9079800
9080100
9080300
9080500
9080800
9081100
9081400
9081600
9081800
9082100
9082400
9082700
9082900
9083100
9083400
9083700
9084000
9084200
9084400
9084700
9085000
9085200
9085400
9085600
9085900
9086200
9086400
9086600
9086900
9087200
9087500
9087700
9087900
9088200
9088500
9123300
9123500
9123700
9123900
9124200
9124500
9124800
9125000
9125200
9125400
9125600
9125900
9126200
9126500
9126700
9126900
9127200
9127500
9127700
9127900
9128100
9128400
9128700
9128900
9129100
9129400
9129700
9130000
9130200
9130400
9130700
9131000
9131200
9131400
9131700
9132000
9132300
9132500
9132700
9133000
9133300
9133500
9133700
9134000
9134300
9134700
9135100
9135500
9135800
9136200
9136600
9136900
9137200
9137600
9137900
9138300
9138700
9139100
9139400
9139800
9140100
9140500
9140800
9141200
9141600
9141900
9142200
9142500
9142800
9143100
9143400
9143800
9144100
9144400
9144700
9145000
9145300
9145600
9145900
9146200
9146400
9146700
9147100
9147500
9147800
9148100
9148400
9148800
9149200
9149500
9149800
9150100
9150500
9150800
9151300
9151600
9151800
9152000
9152300
9152600
9191300
9191500
9191700
9191900
9192100
9192400
9192700
9192900
9193100
9193300
9193600
9193900
9194200
9194400
9194600
9194900
9195200
9195500
9195700
9195900
9196100
9196400
9196700
9196900
9197100
9197400
9197700
9198000
9198200
9198400
9198700
9199000
9199300
9199600
9199800
9200000
9200300
9200600
9200800
9201000
9201300
9201600
9201800
9202000
9202200
9202500
9202800
9203100
9203300
9203500
9203800
9204100
9204300
9204500
9204800
9205100
9205300
9205500
9205800
9206100
9206400
9206700
9206900
9207100
9207400
9207700
9207900
9208100
9208400
9208700
9209000
9209200
9209400
9209600
9209900
9210200
9210500
9210700
9210900
9211200
9211500
9211700
9211900
9212200
9212500
9212800
9213000
9213200
9213400
9213700
9214000
9214200
9214400
9214600
9214900
9215200
9215400
9215600
9215900
9216200
9248900
9249200
9249500
9249700
9249900
9250100
9250400
9250700
9250900
9251100
9251400
9251700
9252000
9252300
9252500
9252700
9253000
9253300
9253600
9253800
9254000
9254300
9254600
9254800
9255000
9255200
9255500
9255800
9256100
9256300
9256500
9256800
9257100
9257400
9257600
9257800
9258100
9258400
9258600
9258800
9259000
9259300
9259600
9259900
9260100
9260300
9260600
9260900
9261100
9261300
9261600
9261900
9262200
9262400
9262600
9262900
9263200
9263500
9263700
9263900
9264200
9264500
9264700
9264900
9265200
9265500
9265800
9266000
9266200
9266500
9266800
9267100
9267300
9267500
9267800
9268100
9268400
9268600
9268800
9269100
9269400
9269600
9269800
9270000
9270200
9270500
9270800
9271000
9271200
9271500
9271800
9272100
9272300
9272600
9272800
9273100
9273400
9273700
9273900
9274100
9309900
9310100
9310300
9310600
9310900
9311100
9311300
9311600
9311900
9312200
9312400
9312600
9312900
9313200
9313400
9313600
9313900
9314200
9314400
9314600
9314800
9315100
9315400
9315600
9315800
9316100
9316400
9316700
9316900
9317100
9317400
9317700
9317900
9318100
9318400
9318700
9319000
9319200
9319400
9319700
9320000
9320200
9320400
9320700
9321000
9321300
9321500
9321700
9322000
9322300
9322500
9322700
9323000
9323300
9323500
9323700
9324000
9324300
9324500
9324700
9325000
9325300
9325500
9325700
9326000
9326300
9326600
9326800
9327000
9327300
9327600
9327800
9328000
9328300
9328600
9328900
9329100
9329300
9329600
9329900
9330100
9330300
9330600
9330900
9331200
9331400
9331600
9331900
9332200
9332400
9332600
9332900
9333200
9333500
9333700
9333900
9334200
9334500
9334700
9334900
9367900
9368100
9368300
9368500
9368700
9369000
9369300
9369500
9369700
9370000
9370300
9370600
9370800
9371000
9371300
9371600
9371800
9372000
9372200
9372500
9372800
9373000
9373200
9373500
9373800
9374100
9374300
9374500
9374800
9375100
9375400
9375700
9375900
9376100
9376400
9376700
9376900
9377100
9377300
9377600
9377900
9378100
9378300
9378600
9378900
9379200
9379500
9379700
9379900
9380200
9380500
9380700
9380900
9381200
9381500
9381800
9382000
9382200
9382500
9382800
9383100
9383300
9383500
9383800
9384100
9384300
9384500
9384800
9385100
9385300
9385500
9385700
9386000
9386300
9386600
9386800
9387000
9387300
9387600
9387900
9388100
9388300
9388600
9388900
9389100
9389300
9389600
9389800
9390100
9390400
9390600
9390800
9391100
9391400
9391700
9391900
9392100
9392400
9392700
9392900
9425700
9425900
9426200
9426500
9426700
9426900
9427200
9427500
9427800
9428000
9428200
9428500
9428800
9429100
9429300
9429500
9429800
9430100
9430300
9430500
9430800
9431100
9431400
9431600
9431800
9432100
9432400
9432700
9432900
9433100
9433400
9433700
9433900
9434100
9434400
9434700
9435000
9435300
9435500
9435700
9436000
9436300
9436600
9436800
9437000
9437300
9437600
9437800
9438000
9438200
9438500
9438800
9439100
9439300
9439500
9439800
9440100
9440300
9440500
9440800
9441100
9441400
9441600
9441800
9442100
9442400
9442600
9442800
9443000
9443300
9443600
9443800
9444000
9444300
9444600
9444800
9445000
9445300
9445600
9445900
9446100
9446300
9446500
9446800
9447100
9447300
9447500
9447800
9448100
9448400
9448600
9448800
9449100
9449400
9449700
9449900
9450100
9450400
9450700
9451000
9486400
9486600
9486800
9487100
9487400
9487600
9487800
9488100
9488400
9488700
9488900
9489100
9489400
9489700
9489900
9490100
9490400
9490700
9490900
9491100
9491400
9491700
9491900
9492100
9492400
9492700
9492900
9493100
9493400
9493700
9494000
9494200
9494400
9494700
9495000
9495200
9495400
9495700
9496000
9496300
9496500
9496700
9497000
9497300
9497500
9497800
9498000
9498200
9498500
9498800
9499000
9499200
9499500
9499800
9500000
9500200
9500500
9500800
9501100
9501400
9501600
9501800
9502100
9502400
9502600
9502800
9503100
9503400
9503600
9503800
9504100
9504400
9504600
9504800
9505000
9505300
9505600
9505800
9506000
9506300
9506600
9506900
9507100
9507300
9507600
9507900
9508100
9508300
9508500
9508800
9509100
9509300
9509500
9509700
9510000
9510300
9510500
9510700
9511000
9511300
9545000
9545200
9545400
9545600
9545800
9546100
9546400
9546600
9546800
9547100
9547400
9547600
9547800
9548000
9548300
9548600
9548800
9549000
9549300
9549600
9549800
9550000
9550300
9550600
9550800
9551000
9551300
9551600
9551800
9552000
9552300
9552600
9552900
9553100
9553300
9553600
9553900
9554100
9554300
9554600
9554900
9555200
9555400
9555600
9555900
9556200
9556400
9556600
9556900
9557200
9557500
9557700
9557900
9558200
9558500
9558700
9558900
9559200
9559500
9559700
9559900
9560200
9560500
9560800
9561000
9561200
9561500
9561800
9562000
9562200
9562500
9562800
9563000
9563200
9563500
9563800
9564000
9564200
9564500
9564800
9565000
9565200
9565500
9565800
9566100
9566300
9566500
9566800
9567100
9567300
9567500
9567800
9568100
9568400
9568600
9568800
9569100
9569400
9569600
9569800
9603300
9603600
9603800
9604000
9604300
9604600
9604900
9605100
9605300
9605600
9605900
9606100
9606300
9606600
9606900
9607100
9607300
9607600
9607900
9608200
9608400
9608600
9608900
9609200
9609400
9609600
9609900
9610200
9610400
9610600
9610900
9611200
9611400
9611600
9611900
9612200
9612400
9612600
9612800
9613100
9613400
9613600
9613800
9614100
9614400
9614600
9614800
9615100
9615400
9615700
9615900
9616100
9616400
9616700
9617000
9617200
9617400
9617700
9618000
9618200
9618400
9618700
9619000
9619200
9619400
9619700
9620000
9620300
9620500
9620700
9621000
9621300
9621500
9621700
9622000
9622300
9622500
9622700
9623000
9623300
9623500
9623700
9624000
9624300
9624500
9624700
9625000
9625300
9625600
9625800
9626000
9626300
9626600
9626800
9627000
9627300
9627600
9627900
9628100
9628300
9662400
9662600
9662900
9663200
9663500
9663700
9663900
9664200
9664500
9664700
9664900
9665200
9665500
9665800
9666000
9666200
9666400
9666700
9667000
9667200
9667400
9667700
9668000
9668200
9668400
9668700
9669000
9669200
9669400
9669600
9669900
9670200
9670400
9670600
9670900
9671200
9671500
9671700
9671900
9672200
9672500
9672700
9672900
9673100
9673400
9673700
9673900
9674100
9674300
9674600
9674900
9675100
9675300
9675600
9675900
9676200
9676400
9676600
9676800
9677100
9677400
9677600
9677800
9678100
9678400
9678600
9678800
9679100
9679400
9679700
9679900
9680100
9680300
9680600
9680900
9681100
9681300
9681600
9681900
9682100
9682300
9682600
9682900
9683100
9683300
9683500
9683800
9684100
9684300
9684500
9684800
9685100
9685400
9685600
9685800
9686100
9686400
9686600
9686800
9687000
9721000
9721200
9721400
9721600
9721900
9722200
9722500
9722700
9722900
9723200
9723500
9723700
9723900
9724200
9724500
9724800
9725000
9725200
9725500
9725800
9726000
9726200
9726500
9726800
9727000
9727200
9727500
9727800
9728100
9728300
9728500
9728800
9729100
9729300
9729500
9729800
9730100
9730300
9730500
9730800
9731100
9731300
9731500
9731800
9732100
9732400
9732600
9732800
9733100
9733400
9733600
9733800
9734100
9734400
9734700
9734900
9735100
9735400
9735700
9735900
9736100
9736300
9736600
9736900
9737100
9737300
9737600
9737900
9738200
9738600
9739000
9739400
9739700
9740000
9740300
9740600
9740900
9741200
9741500
9741800
9742200
9742600
9742900
9743300
9743700
9744100
9744400
9744800
9745100
9745400
9745700
9746000
9746300
9746600
9746900
9747300
9747700
9748000
9748300
9748700
9785200
9785500
9785800
9786100
9786400
9786600
9786800
9787100
9787400
9787700
9787900
9788100
9788400
9788700
9788900
9789100
9789400
9789700
9790000
9790200
9790400
9790700
9791000
9791300
9791500
9791700
9792000
9792300
9792500
9792800
9793000
9793200
9793500
9793800
9794100
9794300
9794500
9794800
9795100
9795300
9795500
9795800
9796100
9796300
9796500
9796800
9797100
9797300
9797500
9797800
9798100
9798300
9798500
9798800
9799100
9799300
9799500
9799800
9800100
9800400
9800600
9800800
9801100
9801400
9801600
9801800
9802100
9802400
9802700
9802900
9803100
9803400
9803700
9803900
9804100
9804400
9804700
9804900
9805100
9805400
9805700
9806000
9806200
9806500
9806700
9807000
9807300
9807500
9807700
9808000
9808300
9808500
9808700
9809000
9809300
9809600
9809800
9810000
9810300
9810600
9848100
9848300
9848600
9848900
9849200
9849400
9849600
9849900
9850200
9850400
9850600
9850800
9851100
9851400
9851600
9851800
9852100
9852400
9852700
9852900
9853100
9853400
9853700
9853900
9854100
9854400
9854700
9854900
9855100
9855400
9855700
9856000
9856200
9856400
9856700
9857000
9857200
9857400
9857700
9858000
9858200
9858400
9858700
9859000
9859200
9859400
9859700
9860000
9860200
9860400
9860700
9861000
9861300
9861500
9861700
9862000
9862300
9862500
9862700
9863000
9863300
9863500
9863700
9863900
9864200
9864500
9864700
9864900
9865200
9865500
9865800
9866000
9866200
9866500
9866800
9867000
9867200
9867500
9867800
9868100
9868300
9868500
9868800
9869100
9869300
9869500
9869800
9870100
9870300
9870500
9870800
9871100
9871300
9871500
9871800
9872100
9872300
9872500
9872800
9873100
9907600
9907800
9908000
9908200
9908500
9908800
9909000
9909200
9909500
9909800
9910100
9910300
9910500
9910800
9911100
9911400
9911600
9911800
9912100
9912400
9912600
9912800
9913100
9913400
9913700
9913900
9914100
9914400
9914700
9914900
9915100
9915400
9915700
9915900
9916100
9916400
9916700
9916900
9917100
9917400
9917700
9917900
9918100
9918400
9918700
9919000
9919200
9919400
9919700
9920000
9920200
9920400
9920700
9921000
9921200
9921400
9921700
9922000
9922200
9922400
9922700
9923000
9923300
9923500
9923700
9924000
9924300
9924500
9924700
9925000
9925300
9925600
9925800
9926000
9926300
9926600
9926800
9927000
9927300
9927600
9927900
9928100
9928300
9928600
9928900
9929100
9929300
9929600
9929900
9930100
9930300
9930600
9930900
9931100
9931300
9931600
9931900
9932100
9932300
9932600
9967200
9967400
9967600
9967900
9968200
9968500
9968700
9968900
9969200
9969500
9969800
9970000
9970200
9970500
9970800
9971000
9971200
9971500
9971800
9972100
9972300
9972500
9972800
9973100
9973300
9973500
9973800
9974100
9974400
9974600
9974800
9975100
9975400
9975600
9975800
9976100
9976400
9976600
9976800
9977100
9977400
9977600
9977800
9978100
9978400
9978600
9978800
9979100
9979400
9979600
9979800
9980100
9980400
9980700
9980900
9981100
9981400
9981700
9981900
9982100
9982400
9982700
9982900
9983100
9983400
9983700
9984000
9984200
9984400
9984700
9985000
9985200
9985400
9985700
9986000
9986300
9986500
9986700
9987000
9987300
9987600
9987800
9988000
9988300
9988600
9988800
9989000
9989200
9989500
9989800
9990000
9990200
9990500
9990800
9991000
9991200
9991500
9991800
9992000
9992200
10035500
10035700
10036000
10036300
10036600
10036900
10037200
10037400
10037600
10037900
10038100
10038400
10038700
10039000
10039300
10039500
10039700
10040000
10040300
10040600
10040900
10041200
10041400
10041600
10041800
10042100
10042400
10042700
10042900
10043200
10043400
10043600
10043900
10044200
10044500
10044800
10045000
10045200
10045400
10045700
10046000
10046300
10046600
10046800
10047000
10047300
10047500
10047800
10048100
10048400
10048700
10049000
10049200
10049400
10049600
10049800
10050100
10050400
10050700
10051000
10051200
10051400
10051700
10051900
10052200
10052500
10052800
10053100
10053300
10053500
10053800
10054000
10054300
10054600
10054900
10055200
10055400
10055600
10055900
10056200
10056500
10056800
10057100
10057300
10057500
10057900
10058200
10058400
10058600
10058900
10059200
10059500
10059800
10060000
10060300
10060500
10060700
10061000
10061300
10061600
10096400
10096600
10096800
10097000
10097200
10097500
10097800
10098100
10098400
10098600
10098900
10099200
10099400
10099600
10099900
10100200
10100500
10100800
10101100
10101300
10101500
10101800
10102000
10102300
10102600
10102800
10103100
10103300
10103500
10103800
10104100
10104400
10104700
10104900
10105100
10105400
10105700
10106000
10106300
10106500
10106700
10106900
10107200
10107500
10107800
10108100
10108300
10108500
10108800
10109000
10109300
10109600
10109800
10110100
10110300
10110500
10110800
10111100
10111400
10111700
10112000
10112200
10112400
10112600
10112900
10113100
10113400
10113700
10114000
10114300
10114500
10114700
10114900
10115200
10115500
10115800
10116100
10116400
10116600
10116800
10117100
10117300
10117600
10117900
10118100
10118400
10118600
10118800
10119100
10119400
10119700
10120000
10120200
10120400
10120700
10121000
10121300
10121600
10121800
10122000
10156500
10156800
10157100
10157400
10157600
10157800
10158000
10158200
10158500
10158800
10159100
10159400
10159600
10159800
10160000
10160200
10160500
10160800
10161100
10161400
10161600
10161800
10162000
10162200
10162500
10162800
10163100
10163400
10163600
10163800
10164100
10164400
10164700
10165000
10165300
10165500
10165700
10166000
10166300
10166600
10166900
10167100
10167400
10167600
10167800
10168100
10168400
10168700
10169000
10169200
10169400
10169600
10169800
10170100
10170400
10170700
10171000
10171200
10171400
10171600
10171800
10172100
10172400
10172700
10173000
10173200
10173500
10173700
10173900
10174200
10174500
10174800
10175100
10175300
10175500
10175700
10175900
10176200
10176500
10176800
10177100
10177300
10177500
10177700
10178000
10178300
10178600
10178900
10179100
10179300
10179600
10179900
10180200
10180500
10180800
10181000
10181200
10181400
10181700
10182000
10220000
10220300
10220600
10220900
10221100
10221400
10221700
10222000
10222300
10222500
10222700
10223000
10223200
10223500
10223800
10224100
10224400
10224600
10224800
10225100
10225400
10225700
10226000
10226200
10226500
10226700
10226900
10227200
10227500
10227800
10228000
10228200
10228500
10228700
10228900
10229200
10229500
10229800
10230100
10230300
10230500
10230700
10231000
10231300
10231600
10231900
10232100
10232300
10232500
10232700
10233000
10233300
10233600
10233900
10234100
10234300
10234500
10234700
10235000
10235300
10235600
10235900
10236100
10236300
10236600
10236800
10237100
10237400
10237700
10238000
10238200
10238400
10238700
10239000
10239300
10239600
10239900
10240100
10240300
10240600
10240900
10241200
10241500
10241700
10241900
10242100
10242400
10242700
10243000
10243300
10243500
10243700
10243900
10244100
10244400
10244700
10245000
10245300
10245500
10245700
10281200
10281500
10281800
10282100
10282400
10282700
10282900
10283100
10283300
10283500
10283800
10284100
10284400
10284700
10284900
10285100
10285400
10285700
10285900
10286200
10286500
10286700
10286900
10287100
10287400
10287700
10288000
10288300
10288500
10288700
10289000
10289300
10289600
10289900
10290100
10290300
10290600
10290900
10291200
10291500
10291700
10291900
10292100
10292400
10292700
10293000
10293300
10293500
10293700
10293900
10294200
10294500
10294800
10295100
10295300
10295500
10295800
10296100
10296400
10296700
10296900
10297100
10297300
10297600
10297900
10298200
10298400
10298600
10298800
10299000
10299300
10299600
10299900
10300100
10300300
10300600
10300900
10301200
10301500
10301700
10301900
10302200
10302500
10302800
10303100
10303300
10303500
10303800
10304100
10304400
10304700
10304900
10305100
10305300
10305600
10305900
10306200
10306400
10306600
10306900
10343200
10343400
10343600
10343900
10344200
10344500
10344800
10345000
10345200
10345400
10345600
10345900
10346200
10346500
10346800
10347000
10347200
10347400
10347600
10347900
10348200
10348500
10348800
10349000
10349200
10349500
10349800
10350100
10350400
10350700
10351000
10351400
10351700
10352000
10352400
10352800
10353100
10353400
10353700
10354100
10354400
10354700
10355000
10355400
10355700
10356000
10356400
10356800
10357100
10357500
10357800
10358100
10358500
10358900
10359300
10359700
10360000
10360300
10360600
10360900
10361200
10361500
10361800
10362100
10362500
10362900
10363200
10363500
10363900
10364300
10364600
10364900
10365300
10365600
10366000
10366400
10366800
10367100
10367500
10367900
10368500
10368800
10369100
10369400
10369700
10370000
10370200
10370400
10370700
10371000
10371200
10371400
10371700
10372000
10372300
10372500
10372700
10373000
10373300
10373500
10412100
10412300
10412600
10412900
10413200
10413400
10413600
10413900
10414200
10414500
10414700
10414900
10415200
10415500
10415700
10415900
10416200
10416500
10416800
10417000
10417200
10417500
10417800
10418000
10418200
10418500
10418800
10419000
10419200
10419500
10419800
10420100
10420300
10420500
10420800
10421100
10421300
10421500
10421800
10422100
10422300
10422500
10422700
10423000
10423300
10423500
10423700
10424000
10424300
10424500
10424700
10424900
10425200
10425500
10425700
10425900
10426200
10426500
10426800
10427000
10427200
10427500
10427800
10428100
10428300
10428500
10428800
10429100
10429300
10429500
10429800
10430100
10430400
10430600
10430800
10431100
10431400
10431600
10431800
10432100
10432400
10432600
10432800
10433100
10433400
10433600
10433800
10434100
10434400
10434700
10434900
10435100
10435400
10435700
10435900
10436100
10436400
10436700
10437000
10437200
10474700
10475000
10475200
10475400
10475700
10476000
10476300
10476500
10476700
10477000
10477300
10477600
10477900
10478100
10478300
10478600
10478900
10479200
10479400
10479600
10479900
10480200
10480400
10480600
10480900
10481200
10481400
10481600
10481900
10482200
10482500
10482700
10482900
10483200
10483500
10483700
10483900
10484200
10484500
10484700
10484900
10485200
10485500
10485800
10486000
10486200
10486500
10486800
10487000
10487200
10487500
10487800
10488100
10488300
10488500
10488800
10489100
10489300
10489500
10489800
10490100
10490400
10490600
10490800
10491100
10491400
10491600
10491800
10492100
10492400
10492700
10492900
10493100
10493400
10493700
10493900
10494100
10494400
10494700
10494900
10495100
10495400
10495700
10495900
10496100
10496400
10496700
10497000
10497200
10497400
10497700
10498000
10498200
10498400
10498700
10499000
10499200
10499400
10499700
10500000
10536900
10537200
10537500
10537800
10538000
10538200
10538500
10538800
10539100
10539300
10539500
10539800
10540100
10540300
10540500
10540700
10541000
10541300
10541600
10541800
10542000
10542300
10542600
10542800
10543000
10543200
10543500
10543800
10544000
10544200
10544500
10544800
10545000
10545200
10545500
10545800
10546100
10546300
10546500
10546800
10547100
10547300
10547500
10547700
10548000
10548300
10548500
10548700
10549000
10549300
10549600
10549800
10550000
10550300
10550600
10550900
10551100
10551300
10551600
10551900
10552200
10552400
10552600
10552900
10553200
10553400
10553600
10553900
10554200
10554500
10554700
10554900
10555200
10555500
10555700
10555900
10556200
10556500
10556800
10557000
10557200
10557500
10557800
10558000
10558200
10558500
10558800
10559000
10559200
10559400
10559700
10560000
10560200
10560400
10560700
10561000
10561300
10561500
10561700
10562000
10600500
10600800
10601100
10601400
10601600
10601800
10602100
10602400
10602700
10602900
10603100
10603400
10603700
10604000
10604200
10604400
10604700
10605000
10605200
10605400
10605700
10606000
10606300
10606500
10606700
10607000
10607300
10607500
10607700
10608000
10608300
10608600
10608800
10609000
10609300
10609600
10609800
10610000
10610300
10610600
10610900
10611100
10611300
10611600
10611900
10612200
10612400
10612600
10612900
10613200
10613500
10613700
10613900
10614200
10614500
10614800
10615000
10615200
10615500
10615800
10616100
10616300
10616500
10616800
10617100
10617300
10617500
10617800
10618100
10618400
10618600
10618800
10619100
10619400
10619600
10619800
10620100
10620400
10620700
10620900
10621100
10621400
10621700
10621900
10622100
10622400
10622700
10623000
10623200
10623400
10623700
10624000
10624300
10624500
10624700
10625000
10625300
10625500
10625700
10625900
10662000
10662200
10662400
10662700
10663000
10663300
10663500
10663700
10664000
10664300
10664500
10664700
10665000
10665300
10665600
10665800
10666000
10666300
10666600
10666800
10667000
10667300
10667600
10667800
10668000
10668300
10668600
10668900
10669100
10669300
10669600
10669900
10670200
10670400
10670600
10670900
10671200
10671400
10671600
10671800
10672100
10672400
10672600
10672800
10673000
10673300
10673600
10673800
10674000
10674300
10674600
10674900
10675100
10675300
10675600
10675900
10676200
10676400
10676700
10676900
10677100
10677400
10677700
10677900
10678100
10678300
10678600
10678900
10679100
10679300
10679600
10679900
10680100
10680300
10680600
10680900
10681200
10681400
10681600
10681900
10682200
10682400
10682600
10682900
10683200
10683400
10683600
10683900
10684200
10684500
10684700
10684900
10685200
10685500
10685700
10685900
10686100
10686400
10686700
10686900
10724100
10724400
10724600
10724800
10725100
10725400
10725700
10725900
10726100
10726400
10726700
10726900
10727100
10727400
10727700
10728000
10728200
10728400
10728700
10729000
10729200
10729400
10729700
10730000
10730200
10730400
10730700
10731000
10731200
10731400
10731700
10732000
10732300
10732500
10732700
10733000
10733300
10733500
10733700
10734000
10734300
10734600
10734800
10735000
10735300
10735600
10735800
10736000
10736300
10736600
10736900
10737100
10737300
10737600
10737900
10738200
10738400
10738600
10738900
10739200
10739400
10739600
10739900
10740200
10740400
10740600
10740900
10741200
10741500
10741700
10741900
10742200
10742500
10742700
10742900
10743200
10743500
10743700
10743900
10744200
10744500
10744700
10744900
10745200
10745500
10745800
10746000
10746200
10746500
10746800
10747000
10747200
10747500
10747800
10748100
10748300
10748500
10748800
10749100
10749300
10807000
10807200
10807400
10807700
10808000
10808300
10808500
10808700
10809000
10809300
10809600
10809800
10810000
10810300
10810600
10810800
10811000
10811300
10811600
10811900
10812100
10812300
10812600
10812900
10813100
10813300
10813600
10813900
10814200
10814400
10814600
10814900
10815200
10815400
10815600
10815900
10816200
10816400
10816600
10816900
10817200
10817500
10817700
10817900
10818200
10818500
10818800
10819100
10819300
10819500
10819700
10820000
10820300
10820500
10820700
10821000
10821300
10821600
10821800
10822000
10822300
10822600
10822800
10823000
10823300
10823600
10823900
10824100
10824300
10824600
10824900
10825200
10825400
10825600
10825900
10826200
10826400
10826600
10826900
10827200
10827500
10827700
10827900
10828200
10828500
10828700
10828900
10829200
10829500
10829700
10829900
10830200
10830500
10830700
10830900
10831200
10831500
10831800
10832000
10832200
10869500
10869800
10870000
10870200
10870500
10870800
10871100
10871300
10871500
10871800
10872100
10872400
10872600
10872800
10873100
10873400
10873600
10873800
10874100
10874400
10874700
10874900
10875100
10875400
10875700
10875900
10876100
10876400
10876700
10876900
10877100
10877400
10877700
10878000
10878200
10878400
10878700
10879000
10879200
10879400
10879700
10880000
10880200
10880400
10880700
10881000
10881200
10881400
10881600
10881900
10882200
10882400
10882600
10882900
10883200
10883400
10883600
10883800
10884100
10884400
10884600
10884800
10885100
10885400
10885700
10885900
10886100
10886400
10886700
10886900
10887100
10887400
10887700
10888000
10888200
10888400
10888700
10889000
10889200
10889400
10889700
10890000
10890200
10890400
10890700
10891000
10891300
10891500
10891700
10892000
10892300
10892500
10892700
10893000
10893300
10893500
10893700
10894000
10894300
10894500
10932300
10932500
10932800
10933100
10933400
10933600
10933800
10934100
10934400
10934700
10934900
10935100
10935400
10935700
10935900
10936100
10936400
10936700
10937000
10937200
10937400
10937700
10938000
10938200
10938400
10938700
10939000
10939200
10939400
10939700
10940000
10940300
10940500
10940700
10941000
10941300
10941600
10941900
10942300
10942600
10943100
10943400
10943700
10944000
10944400
10944900
10945300
10945700
10946100
10946400
10946800
10947100
10947400
10947800
10948100
10948500
10948800
10949200
10949500
10949700
10950000
10950300
10950700
10951000
10951300
10951600
10952000
10952300
10952600
10953000
10953300
10953600
10954000
10954400
10954700
10955000
10955400
10955700
10956000
10956300
10956700
10957000
10957400
10957700
10958100
10958500
10958900
10959300
10959600
10959900
10960200
10960400
10960600
10960800
10961100
10961400
10961700
10961900
10962100
10962400
11002400
11002600
11002900
11003100
11003300
11003500
11003800
11004100
11004300
11004500
11004700
11005000
11005300
11005500
11005700
11005900
11006200
11006500
11006700
11006900
11007200
11007500
11007800
11008000
11008200
11008500
11008800
11009000
11009200
11009500
11009800
11010000
11010200
11010400
11010700
11011000
11011200
11011400
11011700
11012000
11012200
11012400
11012700
11013000
11013300
11013500
11013700
11014000
11014300
11014600
11014800
11015000
11015300
11015600
11015800
11016000
11016200
11016500
11016800
11017000
11017200
11017400
11017700
11018000
11018200
11018400
11018700
11019000
11019300
11019600
11019800
11020000
11020300
11020600
11020800
11021000
11021200
11021500
11021800
11022000
11022200
11022500
11022800
11023100
11023300
11023500
11023800
11024100
11024300
11024500
11024800
11025100
11025300
11025500
11025700
11026000
11026300
11026500
11026700
11027000
11064400
11064600
11064900
11065200
11065500
11065700
11065900
11066200
11066500
11066800
11067000
11067200
11067500
11067800
11068100
11068300
11068500
11068800
11069100
11069300
11069500
11069800
11070100
11070400
11070600
11070800
11071100
11071400
11071600
11071800
11072100
11072400
11072700
11073000
11073200
11073400
11073700
11074000
11074300
11074500
11074700
11075000
11075300
11075600
11075800
11076000
11076300
11076600
11076800
11077000
11077300
11077600
11077900
11078100
11078300
11078600
11078900
11079100
11079300
11079600
11079900
11080200
11080400
11080600
11080900
11081200
11081400
11081600
11081900
11082200
11082500
11082700
11082900
11083200
11083500
11083700
11083900
11084200
11084500
11084800
11085000
11085200
11085500
11085800
11086000
11086200
11086500
11086800
11087100
11087300
11087500
11087800
11088100
11088300
11088500
11088800
11089100
11089400
11089600
11089800
11128400
11128700
11129000
11129300
11129500
11129700
11130000
11130300
11130500
11130700
11131000
11131300
11131600
11131800
11132000
11132300
11132600
11132800
11133000
11133300
11133600
11133800
11134000
11134300
11134600
11134900
11135100
11135300
11135600
11135900
11136100
11136300
11136600
11136900
11137100
11137300
11137600
11137900
11138200
11138400
11138600
11138900
11139200
11139500
11139700
11139900
11140200
11140500
11140700
11140900
11141200
11141500
11141800
11142000
11142200
11142500
11142800
11143000
11143200
11143500
11143800
11144100
11144300
11144500
11144800
11145100
11145300
11145500
11145800
11146100
11146400
11146600
11146800
11147100
11147400
11147800
11148000
11148200
11148500
11148800
11149000
11149200
11149500
11149800
11150100
11150300
11150500
11150800
11151100
11151300
11151500
11151800
11152100
11152400
11152600
11152800
11153100
11153400
11153600
11153800
11193600
11193800
11194000
11194300
11194600
11194800
11195000
11195300
11195600
11195900
11196100
11196300
11196600
11196900
11197200
11197400
11197600
11197900
11198200
11198400
11198600
11198900
11199200
11199400
11199600
11199800
11200100
11200400
11200600
11200800
11201100
11201400
11201700
11201900
11202100
11202400
11202700
11202900
11203100
11203300
11203600
11203900
11204100
11204300
11204600
11204900
11205200
11205400
11205600
11205900
11206200
11206500
11206700
11206900
11207200
11207500
11207700
11207900
11208200
11208500
11208800
11209000
11209200
11209500
11209800
11210000
11210200
11210500
11210800
11211100
11211300
11211500
11211800
11212100
11212300
11212500
11212800
11213100
11213400
11213600
11213800
11214100
11214400
11214600
11214800
11215100
11215400
11215700
11215900
11216100
11216400
11216700
11217000
11217200
11217400
11217700
11218000
11218300
11218500
11218700
11256700
11257000
11257300
11257600
11257800
11258000
11258300
11258600
11258800
11259000
11259200
11259500
11259800
11260000
11260200
11260500
11260800
11261000
11261200
11261500
11261800
11262100
11262300
11262500
11262800
11263100
11263300
11263500
11263700
11264000
11264300
11264500
11264700
11265000
11265300
11265600
11265900
11266100
11266300
11266600
11266900
11267200
11267400
11267600
11267900
11268200
11268500
11268700
11268900
11269200
11269500
11269800
11270000
11270200
11270400
11270700
11271000
11271200
11271400
11271700
11272000
11272300
11272500
11272700
11273000
11273300
11273500
11273700
11274000
11274300
11274600
11274800
11275000
11275300
11275600
11275800
11276000
11276300
11276600
11276900
11277100
11277300
11277600
11277900
11278200
11278400
11278600
11278900
11279200
11279400
11279600
11279800
11280100
11280400
11280600
11280800
11281100
11281400
11281700
11281900
11320500
11320700
11320900
11321200
11321500
11321800
11322000
11322200
11322500
11322800
11323000
11323200
11323500
11323700
11323900
11324200
11324500
11324700
11324900
11325200
11325500
11325800
11326000
11326200
11326500
11326800
11327100
11327300
11327500
11327700
11328000
11328300
11328500
11328700
11328900
11329200
11329500
11329700
11329900
11330100
11330400
11330700
11330900
11331100
11331400
11331700
11332000
11332200
11332400
11332700
11333000
11333200
11333400
11333600
11333900
11334200
11334400
11334600
11334900
11335200
11335400
11335600
11335900
11336200
11336500
11336700
11336900
11337200
11337500
11337700
11337900
11338200
11338500
11338800
11339000
11339200
11339500
11339800
11340000
11340200
11340500
11340800
11341100
11341300
11341500
11341800
11342100
11342400
11342600
11342800
11343100
11343400
11343600
11343800
11344000
11344300
11344600
11344800
11345000
11345300
11383300
11383500
11383700
11384000
11384300
11384600
11384800
11385000
11385300
11385600
11385900
11386100
11386300
11386600
11386900
11387100
11387300
11387600
11387900
11388200
11388400
11388600
11388900
11389200
11389400
11389600
11389800
11390100
11390400
11390600
11390800
11391000
11391300
11391600
11391800
11392000
11392300
11392600
11392900
11393100
11393300
11393600
11393900
11394200
11394400
11394600
11394900
11395200
11395400
11395600
11395900
11396200
11396500
11396700
11396900
11397200
11397500
11397700
11397900
11398200
11398500
11398700
11398900
11399200
11399500
11399800
11400000
11400200
11400500
11400800
11401000
11401200
11401500
11401800
11402100
11402300
11402500
11402800
11403100
11403400
11403600
11403800
11404100
11404400
11404700
11404900
11405200
11405500
11405800
11406000
11406200
11406500
11406800
11407100
11407300
11407500
11407800
11408100
11408400
11408600
11446600
11446800
11447000
11447300
11447600
11447800
11448000
11448300
11448600
11448900
11449100
11449300
11449600
11449900
11450100
11450300
11450600
11450900
11451200
11451400
11451600
11451900
11452200
11452500
11452700
11452900
11453200
11453500
11453800
11454000
11454200
11454500
11454800
11455100
11455300
11455500
11455800
11456100
11456300
11456500
11456800
11457100
11457400
11457600
11457800
11458100
11458400
11458700
11458900
11459100
11459400
11459700
11459900
11460100
11460400
11460700
11460900
11461100
11461400
11461700
11462000
11462200
11462400
11462700
11463000
11463200
11463400
11463700
11464000
11464300
11464500
11464700
11465000
11465300
11465600
11465800
11466000
11466300
11466600
11466900
11467100
11467300
11467600
11467900
11468100
11468300
11468500
11468800
11469100
11469300
11469500
11469800
11470100
11470400
11470600
11470800
11471100
11471400
11471700
11471900
11511000
11511200
11511400
11511700
11512000
11512200
11512400
11512600
11512900
11513200
11513400
11513600
11513900
11514200
11514500
11514700
11514900
11515200
11515500
11515800
11516000
11516200
11516500
11516800
11517100
11517300
11517500
11517800
11518100
11518400
11518600
11518800
11519000
11519300
11519600
11519800
11520000
11520300
11520600
11520900
11521100
11521300
11521600
11521900
11522200
11522400
11522600
11523100
11523400
11523800
11524100
11524500
11524800
11525100
11525400
11525900
11526200
11526600
11526900
11527200
11527600
11528000
11528300
11528700
11529100
11529500
11529800
11530100
11530400
11530700
11531100
11531300
11531600
11532000
11532300
11532600
11532900
11533200
11533600
11533900
11534300
11534700
11535000
11535300
11535700
11536100
11536400
11536800
11537100
11537500
11537900
11538300
11538600
11539100
11539400
11539700
11540000
11540300
11540500
11540700
11582000
11582200
11582400
11582600
11582800
11583000
11583300
11583600
11583800
11584100
11584300
11584500
11584800
11585000
11585300
11585600
11585900
11586200
11586400
11586600
11586800
11587100
11587300
11587600
11587900
11588200
11588500
11588700
11588900
11589200
11589400
11589700
11590000
11590300
11590600
11590800
11591000
11591300
11591500
11591800
11592100
11592400
11592600
11592800
11593000
11593300
11593600
11593900
11594100
11594400
11594600
11594800
11595100
11595400
11595700
11596000
11596200
11596400
11596600
11596900
11597200
11597500
11597800
11598000
11598200
11598400
11598600
11598900
11599200
11599500
11599800
11600000
11600200
11600400
11600600
11600900
11601200
11601500
11601800
11602000
11602200
11602400
11602600
11602900
11603200
11603500
11603800
11604000
11604200
11604400
11604600
11604900
11605200
11605500
11605800
11606000
11606200
11606500
11606700
11607000
11645800
11646100
11646400
11646700
11646900
11647200
11647400
11647600
11647900
11648200
11648500
11648800
11649000
11649300
11649500
11649700
11650000
11650300
11650600
11650900
11651100
11651400
11651600
11651800
11652100
11652400
11652700
11653000
11653300
11653600
11653800
11654000
11654300
11654600
11654900
11655200
11655400
11655700
11655900
11656100
11656400
11656700
11657000
11657300
11657500
11657700
11657900
11658200
11658500
11658800
11659100
11659300
11659500
11659800
11660000
11660300
11660600
11660900
11661200
11661400
11661600
11661900
11662100
11662400
11662700
11663000
11663300
11663500
11663700
11664000
11664200
11664500
11664800
11665100
11665400
11665600
11665800
11666000
11666200
11666500
11666800
11667100
11667400
11667600
11667800
11668000
11668200
11668500
11668800
11669100
11669400
11669600
11669800
11670100
11670300
11670600
11670900
11671200
11671500
11671700
11711300
11711600
11711800
11712000
11712300
11712600
11712900
11713200
11713400
11713700
11713900
11714100
11714400
11714700
11715000
11715300
11715600
11715900
11716100
11716300
11716600
11716900
11717200
11717500
11717700
11718000
11718200
11718400
11718700
11719000
11719300
11719600
11719800
11720000
11720200
11720500
11720800
11721100
11721400
11721600
11721800
11722100
11722300
11722600
11722900
11723200
11723500
11723700
11723900
11724200
11724500
11724800
11725100
11725400
11725600
11725800
11726000
11726300
11726600
11726900
11727200
11727500
11727700
11727900
11728100
11728400
11728700
11729000
11729300
11729600
11729900
11730100
11730300
11730600
11730900
11731200
11731500
11731800
11732000
11732200
11732500
11732800
11733100
11733400
11733600
11733900
11734100
11734300
11734600
11734900
11735200
11735500
11735700
11735900
11736100
11736400
11736700
11737000
11737300
11737500
11779900
11780200
11780500
11780800
11781100
11781300
11781500
11781700
11782000
11782300
11782600
11782800
11783000
11783300
11783600
11783900
11784200
11784400
11784600
11784900
11785100
11785400
11785700
11785900
11786200
11786400
11786600
11786900
11787200
11787500
11787800
11788000
11788200
11788400
11788700
11789000
11789300
11789600
11789800
11790000
11790300
11790500
11790800
11791100
11791400
11791700
11791900
11792100
11792400
11792600
11792900
11793200
11793500
11793800
11794000
11794200
11794500
11794700
11795000
11795300
11795600
11795900
11796100
11796300
11796600
11796900
11797200
11797500
11797800
11798000
11798200
11798500
11798800
11799100
11799400
11799600
11799900
11800100
11800300
11800600
11800900
11801200
11801400
11801600
11801800
11802000
11802300
11802600
11802900
11803200
11803400
11803600
11803900
11804100
11804400
11804700
11805000
11805300
11805500
11805700
11844800
11845000
11845300
11845600
11845900
11846200
11846400
11846600
11846900
11847200
11847500
11847800
11848100
11848300
11848500
11848800
11849100
11849400
11849700
11849900
11850100
11850300
11850600
11850900
11851200
11851500
11851700
11851900
11852200
11852400
11852700
11853000
11853300
11853600
11853800
11854000
11854300
11854600
11854900
11855200
11855500
11855800
11856000
11856200
11856500
11856800
11857100
11857400
11857700
11858000
11858200
11858400
11858700
11859000
11859300
11859600
11859900
11860100
11860300
11860600
11860900
11861200
11861500
11861700
11862000
11862200
11862400
11862700
11863000
11863300
11863600
11863800
11864000
11864200
11864500
11864800
11865100
11865400
11865600
11865800
11866100
11866300
11866600
11866900
11867100
11867300
11867500
11867700
11868000
11868300
11868600
11868900
11869100
11869300
11869500
11869800
11870100
11870400
11870700
11871000
11911300
11911600
11911900
11912200
11912500
11912700
11912900
11913100
11913400
11913700
11914000
11914300
11914500
11914700
11914900
11915200
11915500
11915800
11916100
11916300
11916500
11916700
11917000
11917300
11917600
11917900
11918200
11918400
11918600
11918900
11919200
11919500
11919800
11920100
11920400
11920600
11920800
11921000
11921300
11921600
11921900
11922200
11922500
11922700
11922900
11923100
11923400
11923700
11924000
11924300
11924600
11924800
11925000
11925200
11925500
11925800
11926100
11926300
11926600
11926800
11927000
11927300
11927600
11927900
11928200
11928400
11928600
11928800
11929100
11929400
11929700
11930000
11930200
11930400
11930700
11930900
11931200
11931500
11931800
11932100
11932300
11932500
11932800
11933000
11933300
11933600
11933900
11934200
11934400
11934600
11934800
11935000
11935300
11935600
11935900
11936200
11936400
11936600
11936800
11937000
11979700
11979900
11980100
11980400
11980700
11980900
11981100
11981400
11981700
11982000
11982300
11982600
11982800
11983000
11983300
11983500
11983800
11984100
11984300
11984600
11984800
11985000
11985300
11985600
11985900
11986200
11986500
11986700
11986900
11987200
11987500
11987800
11988100
11988300
11988500
11988800
11989000
11989300
11989600
11989900
11990100
11990300
11990500
11990800
11991100
11991400
11991700
11991900
11992100
11992300
11992600
11992900
11993200
11993400
11993600
11993900
11994200
11994500
11994800
11995000
11995200
11995400
11995700
11996000
11996300
11996600
11996800
11997000
11997200
11997400
11997700
11998000
11998200
11998500
11998700
11998900
11999200
11999500
11999800
12000100
12000400
12000600
12000800
12001100
12001300
12001600
12001900
12002100
12002300
12002500
12002700
12003000
12003300
12003600
12003900
12004100
12004300
12004600
12004900
12005200
12045100
12045400
12045600
12045800
12046100
12046400
12046700
12047000
12047200
12047400
12047600
12047800
12048100
12048400
12048700
12048900
12049100
12049300
12049500
12049800
12050100
12050400
12050700
12050900
12051100
12051300
12051600
12051900
12052200
12052500
12052700
12052900
12053200
12053500
12053800
12054100
12054300
12054500
12054800
12055000
12055300
12055600
12055800
12056000
12056300
12056600
12056900
12057200
12057400
12057600
12057900
12058100
12058400
12058700
12058900
12059100
12059400
12059600
12059900
12060200
12060500
12060700
12060900
12061100
12061300
12061600
12061900
12062100
12062300
12062500
12062700
12063000
12063300
12063600
12063800
12064100
12064300
12064500
12064800
12065100
12065400
12065700
12065900
12066100
12066400
12066700
12067000
12067300
12067600
12067800
12068000
12068300
12068600
12068900
12069200
12069400
12069600
12069900
12070200
12070500
12111400
12111600
12111800
12112000
12112300
12112600
12112900
12113200
12113500
12113800
12114000
12114200
12114500
12114800
12115100
12115400
12115700
12115900
12116100
12116400
12116700
12117000
12117300
12117500
12117800
12118000
12118200
12118500
12118800
12119100
12119400
12119800
12120100
12120300
12120500
12120800
12121100
12121400
12121700
12121900
12122100
12122300
12122500
12122800
12123100
12123400
12123600
12123800
12124000
12124200
12124500
12124800
12125100
12125400
12125600
12125800
12126100
12126400
12126600
12126900
12127300
12127700
12128000
12128300
12128700
12129000
12129400
12129700
12130000
12130400
12130700
12131100
12131500
12131900
12132200
12132500
12132900
12133200
12133600
12134000
12134400
12134700
12135000
12135300
12135600
12135900
12136300
12136600
12136900
12137200
12137500
12137900
12138200
12138600
12138900
12139200
12139500
12139800
12140200
12140600
12184600
12184800
12185000
12185300
12185600
12185900
12186100
12186300
12186500
12186800
12187100
12187400
12187600
12187800
12188000
12188200
12188400
12188700
12189000
12189300
12189500
12189700
12190000
12190300
12190600
12190800
12191000
12191300
12191600
12191900
12192200
12192400
12192600
12192900
12193200
12193500
12193700
12193900
12194200
12194500
12194700
12194900
12195200
12195500
12195800
12196000
12196200
12196500
12196800
12197000
12197200
12197400
12197700
12198000
12198200
12198400
12198700
12199000
12199300
12199500
12199700
12200000
12200300
12200600
12200800
12201000
12201300
12201600
12201800
12202000
12202200
12202500
12202800
12203000
12203200
12203500
12203800
12204100
12204300
12204500
12204800
12205100
12205300
12205500
12205800
12206100
12206300
12206500
12206800
12207100
12207400
12207600
12207800
12208100
12208400
12208600
12208800
12209100
12209400
12209700
12249900
12250200
12250500
12250800
12251000
12251200
12251500
12251800
12252000
12252200
12252400
12252700
12253000
12253200
12253500
12253700
12253900
12254200
12254500
12254700
12254900
12255100
12255400
12255700
12255900
12256100
12256400
12256700
12257000
12257200
12257400
12257700
12258000
12258200
12258400
12258700
12259000
12259200
12259400
12259600
12259900
12260200
12260400
12260600
12260900
12261200
12261500
12261700
12261900
12262200
12262500
12262800
12263000
12263200
12263500
12263800
12264100
12264300
12264500
12264800
12265100
12265400
12265600
12265800
12266100
12266400
12266600
12266800
12267100
12267400
12267700
12267900
12268100
12268400
12268700
12268900
12269100
12269400
12269700
12269900
12270100
12270300
12270600
12270900
12271100
12271300
12271600
12271900
12272100
12272300
12272600
12272900
12273200
12273400
12273600
12273900
12274200
12274500
12274700
12274900
12316300
12316500
12316700
12317000
12317300
12317500
12317700
12318000
12318300
12318600
12318800
12319000
12319300
12319600
12319800
12320000
12320300
12320600
12320900
12321100
12321300
12321600
12321900
12322100
12322300
12322500
12322700
12322900
12323200
12323500
12323700
12323900
12324200
12324500
12324800
12325000
12325200
12325500
12325800
12326100
12326300
12326600
12326800
12327000
12327300
12327600
12327900
12328100
12328300
12328600
12328800
12329100
12329400
12329600
12329800
12330000
12330300
12330600
12330800
12331100
12331300
12331500
12331800
12332100
12332300
12332500
12332800
12333100
12333400
12333600
12333800
12334000
12334300
12334600
12334900
12335100
12335300
12335600
12335900
12336100
12336300
12336600
12336900
12337200
12337400
12337600
12337900
12338200
12338400
12338600
12338900
12339200
12339500
12339700
12339900
12340200
12340500
12340800
12341000
12341200
12384800
12385100
12385400
12385700
12385900
12386100
12386400
12386700
12386900
12387100
12387400
12387700
12387900
12388100
12388300
12388600
12388900
12389200
12389400
12389700
12389900
12390100
12390400
12390700
12391000
12391200
12391400
12391700
12392000
12392200
12392400
12392600
12392900
12393200
12393500
12393700
12393900
12394200
12394500
12394800
12395000
12395200
12395500
12395800
12396000
12396200
12396500
12396800
12397100
12397300
12397500
12397800
12398100
12398400
12398600
12398800
12399100
12399400
12399600
12399800
12400100
12400400
12400700
12400900
12401100
12401400
12401700
12402000
12402200
12402400
12402700
12403000
12403200
12403400
12403700
12404000
12404300
12404600
12404800
12405000
12405300
12405600
12405800
12406000
12406200
12406500
12406800
12407000
12407200
12407500
12407800
12408100
12408400
12408600
12408800
12409100
12410700
12411000
12411300
12411500
12452200
12452400
12452600
12452900
12453200
12453400
12453600
12453900
12454200
12454500
12454700
12454900
12455200
12455500
12455700
12455900
12456200
12456500
12456800
12457000
12457200
12457500
12457800
12458000
12458200
12458400
12458700
12459000
12459200
12459400
12459700
12460000
12460200
12460400
12460600
12460900
12461200
12461400
12461600
12461800
12462100
12462400
12462600
12462900
12463100
12463300
12463600
12463900
12464100
12464300
12464600
12464900
12465200
12465400
12465600
12465900
12466200
12466400
12466600
12466800
12467100
12467400
12467700
12467900
12468100
12468400
12468700
12468900
12469100
12469300
12469600
12469900
12470100
12470300
12470500
12470800
12471100
12471400
12471700
12471900
12472100
12472300
12472600
12472900
12473100
12473300
12473600
12473900
12474200
12474400
12474600
12474900
12475200
12475400
12475600
12475900
12476200
12476400
12476600
12476900
12518600
12518800
12519100
12519400
12519700
12519900
12520100
12520400
12520700
12521000
12521200
12521400
12521700
12522000
12522300
12522500
12522700
12523000
12523300
12523600
12523800
12524000
12524300
12524600
12524800
12525000
12525200
12525500
12525800
12526000
12526200
12526400
12526700
12527000
12527200
12527400
12527700
12528000
12528200
12528400
12528700
12529000
12529300
12529500
12529700
12530000
12530300
12530600
12530800
12531000
12531200
12531500
12531800
12532000
12532200
12532500
12532800
12533100
12533300
12533500
12533700
12534000
12534300
12534500
12534700
12534900
12535200
12535500
12535700
12535900
12536200
12536500
12536800
12537000
12537200
12537400
12537700
12538000
12538200
12538400
12538700
12539000
12539300
12539500
12539700
12540000
12540300
12540500
12540700
12540900
12541200
12541500
12541700
12541900
12542200
12542500
12542700
12542900
12543200
12543500
12587300
12587600
12587800
12588000
12588300
12588600
12588800
12589000
12589200
12589500
12589800
12590000
12590200
12590500
12590800
12591100
12591300
12591500
12591800
12592000
12592300
12592600
12592900
12593100
12593300
12593600
12593900
12594100
12594300
12594600
12594900
12595100
12595300
12595500
12595800
12596100
12596400
12596600
12596800
12597100
12597400
12597600
12597800
12598000
12598300
12598600
12598800
12599000
12599200
12599500
12599800
12600100
12600300
12600600
12600800
12601000
12601300
12601600
12601900
12602100
12602300
12602600
12602900
12603200
12603400
12603600
12603900
12604200
12604500
12604700
12604900
12605200
12605500
12605700
12605900
12606200
12606500
12606700
12606900
12607100
12607400
12607700
12608000
12608200
12608400
12608600
12608900
12609200
12609400
12609600
12609800
12610100
12610400
12610600
12610800
12611100
12611400
12611700
12611900
12612100
12653700
12653900
12654200
12654500
12654700
12654900
12655200
12655500
12655700
12655900
12656200
12656500
12656800
12657000
12657200
12657500
12657800
12658100
12658300
12658500
12658800
12659100
12659300
12659500
12659800
12660100
12660400
12660600
12660800
12661100
12661400
12661700
12661900
12662100
12662400
12662700
12663000
12663200
12663400
12663700
12664000
12664300
12664500
12664700
12665000
12665300
12665600
12665800
12666000
12666300
12666600
12666900
12667100
12667300
12667600
12667900
12668100
12668300
12668600
12668900
12669200
12669400
12669600
12669900
12670200
12670500
12670700
12670900
12671200
12671500
12671700
12671900
12672200
12672500
12672700
12672900
12673100
12673400
12673700
12673900
12674100
12674300
12674600
12674900
12675100
12675300
12675600
12675900
12676200
12676400
12676600
12676800
12677100
12677400
12677600
12677800
12678000
12678300
12678600
12678800
12721000
12721300
12721600
12721800
12722000
12722300
12722600
12722900
12723100
12723300
12723600
12723900
12724100
12724300
12724600
12724900
12725200
12725400
12725600
12725800
12726100
12726400
12726600
12726800
12727100
12727400
12727700
12727900
12728100
12728300
12728600
12728900
12729200
12729400
12729600
12729900
12730200
12730400
12730600
12730900
12731200
12731500
12731700
12731900
12732200
12732500
12732800
12733000
12733200
12733500
12733800
12734000
12734200
12734500
12734800
12735100
12735300
12735500
12735800
12736100
12736400
12736600
12736800
12737100
12737400
12737600
12737800
12738100
12738400
12738700
12739000
12739200
12739400
12739600
12739900
12740200
12740400
12740600
12740900
12741200
12741500
12741700
12741900
12742200
12742500
12742700
12742900
12743100
12743400
12743700
12743900
12744100
12744400
12744700
12745000
12745200
12745400
12745700
12746000
12746200
12790900
12791100
12791400
12791700
12792000
12792200
12792400
12792700
12793000
12793200
12793400
12793600
12793900
12794200
12794400
12794600
12794900
12795200
12795500
12795700
12795900
12796200
12796500
12796800
12797000
12797200
12797400
12797700
12797900
12798100
12798400
12798800
12799100
12799400
12799700
12800000
12800300
12800600
12801200
12801500
12801900
12802200
12802400
12802700
12803000
12803300
12803700
12804100
12804400
12804700
12805100
12805400
12805800
12806000
12806300
12806600
12806800
12807000
12807200
12807500
12807800
12808100
12808300
12808500
12808800
12809100
12809300
12809500
12809800
12810100
12810400
12810600
12810800
12811100
12811400
12811700
12812000
12812300
12812500
12812700
12812900
12813200
12813500
12813700
12813900
12814100
12814400
12814700
12815000
12815200
12815400
12815700
12816000
12816200
12816400
12816600
12816900
12817200
12817400
12817600
12859300
12859500
12859800
12860000
12860200
12860500
12860800
12861100
12861300
12861500
12861800
12862100
12862400
12862600
12862800
12863100
12863400
12863700
12863900
12864100
12864400
12864700
12864900
12865100
12865300
12865600
12865900
12866100
12866300
12866500
12866800
12867100
12867300
12867500
12867800
12868100
12868400
12868600
12868800
12869100
12869400
12869600
12869800
12870000
12870300
12870600
12870800
12871000
12871300
12871600
12871800
12872000
12872300
12872600
12872900
12873100
12873300
12873600
12873900
12874100
12874300
12874500
12874800
12875100
12875300
12875500
12875800
12876100
12876400
12876600
12876800
12877100
12877400
12877700
12877900
12878100
12878400
12878700
12879000
12879200
12879400
12879700
12880000
12880300
12880500
12880700
12881000
12881300
12881500
12881700
12881900
12882200
12882500
12882700
12882900
12883200
12883500
12883800
12884000
12884200
12927000
12927300
12927500
12927700
12927900
12928200
12928500
12928800
12929000
12929200
12929500
12929800
12930100
12930300
12930500
12930800
12931100
12931400
12931600
12931800
12932100
12932400
12932600
12932800
12933100
12933400
12933700
12933900
12934100
12934400
12934700
12934900
12935100
12935400
12935700
12936000
12936200
12936400
12936700
12937000
12937200
12937400
12937700
12938000
12938300
12938500
12938700
12939000
12939300
12939500
12939700
12940000
12940300
12940600
12940800
12941000
12941300
12941600
12941800
12942000
12942200
12942500
12942800
12943000
12943200
12943400
12943700
12944000
12944200
12944400
12944700
12945000
12945300
12945500
12945700
12946000
12946300
12946500
12946700
12946900
12947200
12947500
12947700
12947900
12948200
12948500
12948800
12949000
12949200
12949500
12949800
12950000
12950200
12950500
12950800
12951000
12951200
12951500
12951800
12952100
12994500
12994800
12995000
12995200
12995400
12995700
12996000
12996200
12996400
12996700
12997000
12997300
12997500
12997700
12998000
12998300
12998600
12998800
12999000
12999300
12999600
12999800
13000000
13000300
13000600
13000900
13001100
13001300
13001600
13001900
13002100
13002300
13002600
13002900
13003200
13003400
13003600
13003900
13004200
13004400
13004600
13004900
13005200
13005500
13005700
13005900
13006200
13006500
13006800
13007000
13007200
13007500
13007800
13008100
13008300
13008500
13008800
13009100
13009400
13009600
13009800
13010100
13010400
13010600
13010800
13011000
13011300
13011600
13011800
13012000
13012300
13012600
13012900
13013100
13013300
13013600
13013900
13014100
13014300
13014600
13014900
13015200
13015400
13015600
13015900
13016200
13016400
13016600
13016900
13017200
13017500
13017700
13017900
13018200
13018500
13018700
13018900
13019200
13019500
13019800
13061900
13062200
13062500
13062800
13063100
13063300
13063500
13063700
13064000
13064300
13064500
13064700
13065000
13065300
13065600
13065800
13066000
13066300
13066600
13066800
13067000
13067300
13067600
13067900
13068100
13068300
13068600
13068900
13069100
13069300
13069600
13069900
13070200
13070400
13070600
13070900
13071200
13071500
13071700
13071900
13072200
13072500
13072800
13073000
13073200
13073500
13073800
13074100
13074300
13074500
13074800
13075100
13075400
13075600
13075800
13076100
13076400
13076600
13076800
13077100
13077400
13077700
13077900
13078100
13078400
13078700
13078900
13079100
13079300
13079600
13079900
13080100
13080300
13080600
13080900
13081200
13081400
13081600
13081900
13082200
13082500
13082700
13082900
13083100
13083300
13083600
13083900
13084100
13084300
13084500
13084800
13085100
13085300
13085500
13085700
13086000
13086300
13086500
13086700
13086900
13130000
13130200
13130500
13130800
13131100
13131400
13131600
13131800
13132100
13132400
13132700
13132900
13133100
13133300
13133600
13133900
13134200
13134400
13134600
13134900
13135200
13135500
13135700
13135900
13136200
13136500
13136800
13137000
13137200
13137400
13137700
13138000
13138300
13138500
13138700
13139000
13139300
13139600
13139800
13140000
13140300
13140600
13140900
13141100
13141300
13141600
13141900
13142200
13142400
13142600
13142900
13143200
13143500
13143700
13143900
13144200
13144500
13144800
13145100
13145300
13145500
13145800
13146100
13146400
13146600
13146800
13147100
13147400
13147700
13147900
13148100
13148300
13148600
13148900
13149200
13149400
13149600
13149900
13150200
13150500
13150700
13150900
13151200
13151500
13151800
13152000
13152200
13152400
13152700
13153000
13153300
13153500
13153700
13154000
13154300
13154600
13154800
13155000
13155300
13155600
13201200
13201500
13201800
13202100
13202300
13202500
13202700
13203000
13203300
13203600
13203800
13204000
13204300
13204600
13204900
13205100
13205300
13205600
13205900
13206100
13206300
13206500
13206800
13207100
13207300
13207500
13207800
13208100
13208400
13208600
13208800
13209100
13209400
13209600
13209800
13210100
13210400
13210700
13210900
13211100
13211400
13211700
13211900
13212100
13212400
13212700
13213000
13213200
13213400
13213700
13214000
13214200
13214400
13214700
13215000
13215300
13215500
13215700
13216000
13216300
13216600
13216800
13217000
13217300
13217600
13217900
13218100
13218300
13218600
13218900
13219200
13219400
13219600
13219900
13220200
13220400
13220600
13220900
13221200
13221500
13221700
13221900
13222200
13222500
13222800
13223000
13223200
13223500
13223800
13224000
13224200
13224500
13224800
13225000
13225200
13225500
13225800
13226100
13226300
13226500
13269400
13269700
13269900
13270100
13270300
13270500
13270800
13271100
13271300
13271500
13271700
13272000
13272300
13272500
13272700
13273000
13273300
13273600
13273800
13274000
13274300
13274600
13274800
13275000
13275300
13275600
13275900
13276100
13276300
13276600
13276900
13277100
13277300
13277600
13277900
13278200
13278400
13278600
13278900
13279200
13279400
13279600
13279800
13280100
13280400
13280600
13280800
13281100
13281400
13281700
13281900
13282100
13282400
13282700
13283000
13283200
13283400
13283700
13284000
13284300
13284500
13284700
13285000
13285300
13285600
13285800
13286000
13286300
13286600
13286800
13287000
13287300
13287600
13287900
13288100
13288300
13288600
13288900
13289100
13289300
13289600
13289900
13290200
13290400
13290600
13290900
13291200
13291400
13291600
13291900
13292200
13292500
13292700
13292900
13293200
13293500
13293700
13293900
13294100
13294400
13337900
13338100
13338300
13338500
13338800
13339100
13339300
13339500
13339700
13340000
13340300
13340500
13340700
13341000
13341300
13341600
13341800
13342000
13342300
13342600
13342800
13343000
13343300
13343600
13343800
13344000
13344200
13344500
13344800
13345000
13345200
13345500
13345800
13346100
13346300
13346500
13346800
13347100
13347400
13347600
13347800
13348100
13348400
13348700
13348900
13349100
13349400
13349700
13349900
13350100
13350400
13350700
13351000
13351200
13351400
13351700
13352000
13352200
13352400
13352600
13352900
13353200
13353400
13353600
13353900
13354200
13354400
13354600
13354900
13355200
13355500
13355700
13355900
13356200
13356500
13356700
13356900
13357200
13357500
13357700
13357900
13358200
13358400
13358600
13358900
13359200
13359400
13359600
13359800
13360100
13360400
13360700
13360900
13361100
13361400
13361700
13362000
13362300
13362500
13362700
13408300
13408500
13408700
13409000
13409300
13409500
13409700
13409900
13410200
13410500
13410800
13411000
13411200
13411500
13411800
13412000
13412200
13412500
13412800
13413100
13413300
13413500
13413800
13414100
13414400
13414600
13414800
13415000
13415300
13415600
13415900
13416100
13416300
13416600
13416900
13417200
13417500
13417800
13418100
13418300
13418500
13418700
13418900
13419200
13419500
13419700
13420000
13420300
13420600
13420800
13421000
13421200
13421500
13421800
13422100
13422300
13422500
13422800
13423100
13423400
13423600
13423900
13424200
13424500
13424800
13425100
13425400
13425700
13426000
13426300
13426500
13426700
13427000
13427300
13427600
13427900
13428100
13428300
13428600
13428900
13429100
13429300
13429500
13429800
13430000
13430300
13430600
13430900
13431200
13431400
13431700
13432100
13432500
13432800
13433100
13433500
13433900
13434300
13434700
13435000
13478500
13478700
13478900
13479200
13479500
13479800
13480000
13480200
13480400
13480600
13480900
13481200
13481400
13481600
13481900
13482200
13482500
13482700
13482900
13483200
13483500
13483700
13483900
13484100
13484400
13484700
13485000
13485200
13485400
13485700
13486000
13486300
13486500
13486700
13487000
13487300
13487600
13487900
13488100
13488300
13488600
13488900
13489100
13489300
13489500
13489800
13490100
13490300
13490500
13490700
13490900
13491200
13491500
13491700
13491900
13492200
13492500
13492800
13493000
13493200
13493500
13493800
13494100
13494300
13494500
13494800
13495100
13495400
13495600
13495800
13496100
13496400
13496600
13496800
13497000
13497300
13497600
13497900
13498100
13498300
13498600
13498900
13499100
13499300
13499500
13499800
13500100
13500400
13500600
13500800
13501100
13501400
13501700
13501900
13502100
13502400
13502700
13503000
13503200
13503400
13546200
13546400
13546700
13547000
13547300
13547500
13547700
13548000
13548300
13548500
13548700
13549000
13549300
13549600
13549900
13550100
13550300
13550600
13550900
13551200
13551400
13551600
13551900
13552200
13552500
13552700
13552900
13553100
13553400
13553700
13554000
13554200
13554400
13554700
13555000
13555300
13555500
13555700
13556000
13556300
13556600
13556800
13557000
13557200
13557500
13557800
13558000
13558200
13558500
13558800
13559100
13559300
13559500
13559700
13560000
13560300
13560500
13560700
13561000
13561300
13561600
13561800
13562000
13562300
13562600
13562800
13563000
13563200
13563500
13563800
13564100
13564300
13564500
13564800
13565100
13565400
13565600
13565800
13566100
13566400
13566700
13567000
13567200
13567400
13567700
13568000
13568300
13568500
13568700
13569000
13569300
13569600
13569900
13570100
13570300
13570600
13570900
13571200
13571400
13571600
13617200
13617400
13617600
13617900
13618200
13618500
13618700
13618900
13619200
13619500
13619800
13620000
13620200
13620500
13620800
13621100
13621400
13621600
13621800
13622100
13622400
13622600
13622800
13623100
13623400
13623700
13623900
13624100
13624300
13624600
13624900
13625100
13625300
13625600
13625900
13626100
13626300
13626600
13626900
13627200
13627400
13627600
13627900
13628200
13628500
13628700
13628900
13629200
13629500
13629700
13629900
13630200
13630500
13630800
13631100
13631300
13631500
13631800
13632100
13632300
13632500
13632800
13633100
13633400
13633600
13633800
13634000
13634300
13634600
13634800
13635000
13635200
13635500
13635800
13636000
13636200
13636500
13636800
13637100
13637300
13637500
13637700
13638000
13638300
13638500
13638700
13639000
13639300
13639500
13639700
13640000
13640300
13640600
13640800
13641000
13641300
13641600
13641900
13642100
13642300
13685700
13686000
13686300
13686500
13686700
13687000
13687300
13687600
13687800
13688000
13688300
13688600
13688900
13689100
13689300
13689500
13689800
13690100
13690300
13690500
13690800
13691100
13691400
13691600
13691800
13692100
13692400
13692600
13692800
13693000
13693300
13693600
13693800
13694000
13694300
13694600
13694900
13695100
13695300
13695600
13695900
13696200
13696400
13696600
13696800
13697100
13697400
13697600
13697800
13698100
13698400
13698700
13698900
13699100
13699300
13699600
13699900
13700200
13700400
13700600
13700900
13701200
13701500
13701700
13701900
13702200
13702500
13702800
13703000
13703200
13703400
13703700
13704000
13704200
13704400
13704700
13705000
13705200
13705400
13705700
13706000
13706300
13706600
13706800
13707000
13707300
13707600
13707800
13708000
13708300
13708600
13708900
13709100
13709300
13709500
13709800
13710100
13710300
13710500
13710700
13756600
13756900
13757200
13757400
13757600
13757800
13758100
13758400
13758600
13758800
13759100
13759400
13759600
13759800
13760000
13760200
13760500
13760800
13761000
13761200
13761500
13761800
13762100
13762300
13762500
13762800
13763100
13763400
13763600
13763800
13764000
13764300
13764600
13764800
13765000
13765200
13765500
13765800
13766000
13766200
13766400
13766600
13766900
13767200
13767400
13767600
13767800
13768100
13768400
13768600
13768800
13769100
13769400
13769700
13770000
13770200
13770400
13770700
13771000
13771200
13771400
13771700
13772000
13772300
13772500
13772700
13772900
13773200
13773500
13773700
13773900
13774200
13774500
13774800
13775000
13775200
13775500
13775800
13776100
13776400
13776600
13776800
13777100
13777400
13777600
13777800
13778000
13778300
13778600
13778800
13779000
13779200
13779400
13779700
13780000
13780200
13780400
13780700
13781000
13781300
13827100
13827400
13827600
13827800
13828100
13828400
13828700
13828900
13829200
13829500
13829700
13829900
13830100
13830400
13830700
13831000
13831200
13831400
13831700
13832000
13832300
13832600
13832800
13833000
13833300
13833600
13833900
13834100
13834300
13834600
13834900
13835200
13835400
13835600
13835800
13836100
13836400
13836600
13836800
13837100
13837400
13837700
13837900
13838100
13838400
13838700
13838900
13839100
13839300
13839600
13839900
13840200
13840400
13840600
13840900
13841200
13841500
13841700
13841900
13842200
13842500
13842800
13843000
13843200
13843400
13843700
13844000
13844200
13844400
13844700
13845000
13845300
13845600
13845900
13846100
13846300
13846600
13846900
13847200
13847500
13847700
13847900
13848200
13848500
13848800
13849000
13849200
13849400
13849700
13850000
13850200
13850400
13850600
13850900
13851200
13851400
13851600
13851900
13852200
13852500
13896800
13897000
13897200
13897500
13897800
13898000
13898200
13898400
13898700
13899000
13899200
13899400
13899600
13899900
13900200
13900500
13900800
13901000
13901200
13901500
13901800
13902000
13902200
13902500
13902800
13903100
13903300
13903500
13903700
13904000
13904300
13904500
13904700
13905000
13905300
13905600
13905800
13906000
13906300
13906600
13906900
13907100
13907300
13907500
13907800
13908100
13908300
13908500
13908800
13909100
13909400
13909600
13909800
13910000
13910300
13910600
13910900
13911100
13911300
13911600
13911900
13912200
13912400
13912600
13912900
13913200
13913500
13913800
13914000
13914200
13914500
13914800
13915100
13915300
13915500
13915800
13916100
13916400
13916600
13916800
13917000
13917300
13917600
13917900
13918100
13918300
13918600
13918900
13919100
13919300
13919600
13919900
13920200
13920500
13920700
13920900
13921200
13921500
13921800
13922000
13966900
13967200
13967400
13967600
13967900
13968200
13968500
13968700
13968900
13969200
13969500
13969700
13969900
13970200
13970500
13970800
13971100
13971300
13971500
13971800
13972100
13972300
13972500
13972800
13973100
13973400
13973600
13973800
13974000
13974300
13974600
13974900
13975100
13975300
13975600
13975900
13976200
13976400
13976600
13976900
13977200
13977500
13977800
13978000
13978200
13978500
13978800
13979000
13979200
13979400
13979700
13980000
13980200
13980400
13980600
13980800
13981100
13981400
13981600
13981800
13982100
13982500
13982800
13983200
13983500
13983900
13984200
13984500
13984700
13985000
13985300
13985600
13986000
13986400
13986800
13987100
13987600
13987800
13988000
13988300
13988600
13988900
13989200
13989400
13989600
13989900
13990200
13990500
13990700
13991000
13991400
13991900
13992300
13992600
13992900
13993300
13993700
13994100
13994500
13994800
14047600
14047800
14048000
14048200
14048500
14048700
14048900
14049200
14049500
14049800
14050000
14050200
14050500
14050800
14051000
14051200
14051500
14051800
14052100
14052300
14052500
14052800
14053100
14053300
14053500
14053800
14054100
14054400
14054600
14054800
14055100
14055400
14055700
14055900
14056100
14056400
14056700
14056900
14057100
14057400
14057700
14058000
14058200
14058400
14058700
14059000
14059300
14059500
14059700
14060000
14060300
14060500
14060700
14060900
14061200
14061500
14061700
14061900
14062200
14062500
14062700
14062900
14063100
14063400
14063700
14063900
14064100
14064400
14064700
14064900
14065100
14065400
14065700
14066000
14066200
14066400
14066700
14067000
14067200
14067400
14067700
14068000
14068300
14068500
14068700
14069000
14069300
14069600
14069800
14070000
14070300
14070600
14070800
14071000
14071200
14071500
14071800
14072000
14072200
14072500
14116900
14117200
14117500
14117700
14117900
14118200
14118500
14118800
14119000
14119200
14119500
14119800
14120100
14120300
14120500
14120800
14121100
14121400
14121600
14121800
14122100
14122400
14122700
14122900
14123100
14123300
14123600
14123900
14124100
14124300
14124500
14124800
14125100
14125300
14125500
14125700
14126000
14126300
14126500
14126700
14127000
14127300
14127600
14127800
14128000
14128300
14128600
14128800
14129000
14129300
14129600
14129900
14130100
14130300
14130600
14130900
14131100
14131300
14131600
14131900
14132100
14132300
14132500
14132800
14133100
14133300
14133500
14133800
14134100
14134400
14134600
14134800
14135100
14135400
14135600
14135800
14136000
14136300
14136600
14136800
14137000
14137200
14137500
14137800
14138000
14138200
14138500
14138800
14139100
14139300
14139500
14139800
14140100
14140300
14140500
14140700
14141000
14141300
14141500
14141700
14187200
14187400
14187600
14187900
14188200
14188500
14188700
14188900
14189200
14189500
14189800
14190000
14190200
14190500
14190800
14191000
14191200
14191500
14191800
14192100
14192300
14192500
14192800
14193100
14193300
14193500
14193800
14194100
14194400
14194600
14194800
14195100
14195400
14195600
14195800
14196100
14196400
14196600
14196800
14197100
14197400
14197600
14197800
14198100
14198400
14198700
14198900
14199100
14199400
14199700
14199900
14200100
14200400
14200700
14200900
14201100
14201300
14201600
14201900
14202100
14202300
14202600
14202900
14203200
14203400
14203600
14203900
14204200
14204400
14204600
14204800
14205100
14205400
14205600
14205800
14206100
14206400
14206600
14206800
14207100
14207400
14207700
14207900
14208100
14208400
14208700
14208900
14209100
14209400
14209700
14209900
14210100
14210400
14210700
14210900
14211100
14211400
14211700
14212000
14212200
14259700
14260000
14260200
14260400
14260700
14261000
14261300
14261500
14261700
14262000
14262300
14262600
14262800
14263000
14263300
14263600
14263800
14264000
14264300
14264600
14264800
14265000
14265300
14265600
14265900
14266100
14266300
14266600
14266900
14267100
14267300
14267600
14267900
14268200
14268400
14268600
14268900
14269200
14269500
14269700
14269900
14270200
14270500
14270800
14271000
14271200
14271500
14271800
14272000
14272200
14272500
14272800
14273100
14273300
14273500
14273800
14274100
14274400
14274600
14274800
14275100
14275400
14275600
14275800
14276100
14276400
14276600
14276800
14277000
14277300
14277600
14277800
14278000
14278300
14278600
14278800
14279000
14279300
14279600
14279900
14280100
14280300
14280600
14280900
14281200
14281400
14281600
14281900
14282200
14282500
14282700
14282900
14283100
14283400
14283700
14283900
14284100
14284300
14284600
14284900
14329800
14330100
14330400
14330600
14330800
14331100
14331400
14331600
14331800
14332000
14332300
14332600
14332800
14333000
14333200
14333500
14333800
14334100
14334300
14334500
14334800
14335100
14335300
14335500
14335700
14336000
14336300
14336500
14336700
14336900
14337200
14337500
14337800
14338000
14338200
14338500
14338800
14339100
14339300
14339500
14339800
14340100
14340400
14340700
14340900
14341100
14341400
14341700
14341900
14342100
14342400
14342700
14343000
14343200
14343400
14343700
14344000
14344300
14344500
14344700
14345000
14345300
14345500
14345700
14345900
14346200
14346500
14346700
14346900
14347100
14347400
14347700
14348000
14348200
14348400
14348700
14349000
14349300
14349500
14349700
14350000
14350300
14350600
14350800
14351000
14351200
14351500
14351800
14352000
14352200
14352400
14352700
14353000
14353200
14353400
14353700
14354000
14354300
14354500
14354700
14400700
14401000
14401300
14401600
14401800
14402000
14402300
14402600
14402900
14403100
14403300
14403600
14403900
14404200
14404400
14404600
14404900
14405200
14405500
14405700
14405900
14406200
14406500
14406700
14406900
14407200
14407500
14407800
14408000
14408200
14408500
14408800
14409000
14409200
14409500
14409800
14410100
14410300
14410500
14410800
14411100
14411300
14411500
14411800
14412100
14412300
14412500
14412800
14413100
14413400
14413600
14413800
14414100
14414400
14414600
14414800
14415000
14415300
14415600
14415800
14416000
14416300
14416600
14416900
14417100
14417300
14417600
14417900
14418200
14418400
14418600
14418900
14419200
14419400
14419600
14419800
14420100
14420400
14420600
14420900
14421200
14421500
14421800
14422000
14422300
14422600
14422900
14423200
14423500
14423800
14424100
14424400
14424700
14424900
14425200
14425500
14425800
14426100
14426400
14426600
14484100
14484400
14484700
14485000
14485300
14485600
14485800
14486100
14486400
14486700
14487000
14487200
14487400
14487700
14487900
14488200
14488500
14488800
14489100
14489400
14489600
14489900
14490200
14490500
14490800
14491100
14491400
14491700
14491900
14492200
14492700
14493000
14493300
14493600
14493900
14494300
14494600
14494900
14495200
14495500
14495800
14496100
14496400
14496700
14497000
14497300
14497600
14497900
14498200
14498500
14498800
14499100
14499400
14499700
14500000
14500300
14500600
14500900
14501300
14501700
14501900
14502200
14502500
14502900
14503300
14503600
14503900
14504100
14504400
14504700
14504900
14505100
14505300
14505600
14505900
14506200
14506500
14506700
14506900
14507200
14507500
14507800
14508000
14508500
14508700
14508900
14509200
14509500
14509800
14510000
14510200
14510500
14510700
14510900
14511200
14511500
14511800
14512000
14512200
14512500
14558200
14558500
14558800
14559100
14559300
14559500
14559800
14560100
14560300
14560500
14560800
14561100
14561400
14561600
14561800
14562100
14562400
14562600
14562800
14563100
14563400
14563700
14563900
14564100
14564400
14564700
14564900
14565100
14565300
14565600
14565900
14566100
14566300
14566600
14566900
14567200
14567400
14567600
14567900
14568200
14568500
14568700
14568900
14569200
14569500
14569700
14569900
14570200
14570500
14570800
14571000
14571200
14571500
14571800
14572000
14572200
14572500
14572800
14573000
14573200
14573500
14573800
14574100
14574300
14574500
14574800
14575100
14575300
14575500
14575800
14576100
14576400
14576600
14576800
14577100
14577400
14577600
14577800
14578100
14578400
14578700
14578900
14579100
14579400
14579700
14580000
14580200
14580400
14580700
14581000
14581200
14581400
14581700
14582000
14582300
14582500
14582700
14583000
14583300
14583600
14629700
14630000
14630300
14630600
14630800
14631000
14631300
14631600
14631800
14632000
14632200
14632400
14632700
14633000
14633300
14633500
14633700
14634000
14634300
14634600
14634800
14635000
14635300
14635600
14635900
14636100
14636300
14636600
14636900
14637200
14637400
14637600
14637800
14638100
14638400
14638600
14638800
14639100
14639400
14639900
14640100
14640300
14640600
14640900
14641200
14641400
14641600
14641900
14642200
14642400
14642600
14642900
14643200
14643400
14643600
14643800
14644100
14644400
14644600
14644800
14645100
14645400
14645700
14645900
14646100
14646400
14646700
14646900
14647100
14647300
14647600
14647900
14648100
14648300
14648600
14648900
14649200
14649400
14649600
14649900
14650200
14650400
14650600
14650800
14651100
14651400
14651600
14651800
14652100
14652400
14652600
14652800
14653100
14653400
14653700
14653900
14654100
14654400
14654700
14655000
14701100
14701400
14701700
14702000
14702200
14702400
14702600
14702900
14703100
14703300
14703500
14703900
14704100
14704300
14704600
14704900
14705100
14705300
14705500
14705800
14706100
14706400
14706600
14706800
14707100
14707400
14707700
14708000
14708300
14708600
14708800
14709000
14709200
14709400
14709600
14709800
14710000
14710200
14710400
14710700
14711000
14711200
14711500
14711700
14711900
14712200
14712400
14712700
14713000
14713200
14713500
14713800
14714000
14714200
14714500
14714800
14715100
14715300
14715500
14715800
14716100
14716400
14716600
14716800
14717100
14717400
14717600
14717800
14718100
14718400
14718700
14718900
14719100
14719400
14719700
14720000
14720200
14720400
14720700
14721000
14721200
14721400
14721600
14721900
14722200
14722400
14722600
14722900
14723200
14723500
14723700
14723900
14724200
14724500
14724700
14724900
14725200
14725500
14725800
14726000
14772200
14772500
14772800
14773000
14773200
14773400
14773700
14774000
14774200
14774400
14774700
14775000
14775300
14775500
14775700
14776000
14776300
14776500
14776700
14776900
14777200
14777500
14777700
14777900
14778200
14778500
14778700
14778900
14779200
14779500
14779800
14780000
14780200
14780500
14780800
14781000
14781200
14781500
14781800
14782000
14782200
14782500
14782800
14783100
14783300
14783500
14783800
14784100
14784300
14784500
14784800
14785100
14785400
14785600
14785800
14786100
14786400
14786700
14786900
14787100
14787400
14787700
14787900
14788100
14788300
14788600
14788900
14789100
14789300
14789600
14789900
14790200
14790400
14790600
14790900
14791200
14791400
14791600
14791900
14792200
14792500
14792700
14792900
14793200
14793500
14793700
14793900
14794200
14794500
14794700
14794900
14795200
14795500
14795800
14796000
14796200
14796500
14796800
14797000
14797200
14843900
14844100
14844400
14844700
14845000
14845200
14845400
14845700
14846000
14846200
14846400
14846700
14847000
14847300
14847500
14847700
14848000
14848300
14848500
14848700
14849000
14849300
14849500
14849700
14850000
14850300
14850600
14850800
14851000
14851300
14851600
14851900
14852100
14852300
14852600
14852900
14853100
14853300
14853600
14853900
14854200
14854400
14854600
14854900
14855200
14855500
14855700
14855900
14856200
14856500
14856800
14857000
14857200
14857500
14857800
14858000
14858200
14858500
14858800
14859100
14859300
14859500
14859800
14860100
14860300
14860500
14860800
14861100
14861400
14861600
14861800
14862100
14862400
14862600
14862800
14863100
14863400
14863600
14863800
14864100
14864400
14864700
14864900
14865100
14865400
14865700
14865900
14866100
14866300
14866600
14866900
14867100
14867300
14867600
14867900
14868200
14868400
14868600
14868900
14869200
14919100
14919300
14919600
14919900
14920100
14920300
14920500
14920800
14921100
14921300
14921500
14921800
14922100
14922400
14922600
14922800
14923100
14923400
14923700
14923900
14924100
14924400
14924700
14924900
14925100
14925300
14925600
14925900
14926100
14926300
14926600
14926900
14927200
14927400
14927600
14927900
14928200
14928400
14928600
14928900
14929200
14929400
14929600
14929800
14930100
14930400
14930600
14930800
14931100
14931400
14931600
14931800
14932100
14932400
14932700
14932900
14933100
14933400
14933700
14933900
14934100
14934400
14934700
14935000
14935200
14935400
14935700
14936000
14936200
14936400
14936600
14936900
14937200
14937400
14937600
14937900
14938200
14938500
14938700
14938900
14939200
14939500
14939700
14939900
14940100
14940400
14940700
14940900
14941100
14941400
14941700
14941900
14942100
14942300
14942600
14942900
14943100
14943300
14943600
14943900
14990500
14990700
14990900
14991200
14991500
14991700
14991900
14992200
14992500
14992800
14993000
14993200
14993500
14993800
14994100
14994300
14994500
14994800
14995100
14995300
14995500
14995800
14996100
14996300
14996500
14996700
14997000
14997300
14997500
14997700
14998000
14998300
14998500
14998700
14999000
14999300
14999500
14999700
14999900
15000200
15000500
15000700
15000900
15001200
15001500
15001800
15002000
15002200
15002500
15002800
15003000
15003200
15003400
15003700
15004000
15004200
15004400
15004700
15005000
15005300
15005500
15005700
15006000
15006300
15006500
15006700
15006900
15007200
15007500
15007700
15007900
15008200
15008500
15008700
15008900
15009100
15009400
15009700
15009900
15010100
15010400
15010700
15010900
15011100
15011400
15011700
15012000
15012200
15012400
15012700
15013000
15013200
15013400
15013700
15014000
15014200
15014400
15014600
15014900
15015200
15062600
15062900
15063200
15063500
15063700
15063900
15064200
15064500
15064700
15064900
15065200
15065500
15065800
15066000
15066200
15066500
15066800
15067100
15067300
15067500
15067800
15068100
15068300
15068500
15068800
15069100
15069400
15069600
15069800
15070100
15070400
15070600
15070800
15071000
15071300
15071600
15071800
15072000
15072300
15072600
15072900
15073100
15073300
15073600
15073900
15074100
15074300
15074500
15074800
15075100
15075300
15075500
15075800
15076100
15076300
15076500
15076700
15077000
15077300
15077500
15077700
15078000
15078300
15078500
15078700
15079000
15079300
15079500
15079700
15079900
15080200
15080500
15080700
15080900
15081200
15081500
15081700
15081900
15082100
15082400
15082700
15082900
15083100
15083400
15083700
15084000
15084200
15084400
15084700
15085000
15085300
15085500
15085700
15086000
15086300
15086500
15086700
15087000
15087300
15087600
15138100
15138300
15138500
15138800
15139100
15139400
15139600
15139800
15140000
15140200
15140500
15140800
15141100
15141300
15141500
15141800
15142100
15142400
15142600
15142800
15143100
15143400
15143700
15143900
15144100
15144400
15144700
15144900
15145100
15145400
15145700
15146000
15146200
15146400
15146700
15147000
15147200
15147400
15147700
15148000
15148200
15148400
15148700
15149000
15149300
15149500
15149700
15150000
15150300
15150500
15150700
15151000
15151300
15151600
15151800
15152000
15152300
15152600
15152800
15153000
15153300
15153600
15153900
15154100
15154300
15154600
15154900
15155200
15155400
15155600
15155900
15156200
15156400
15156600
15156800
15157100
15157400
15157600
15157800
15158100
15158400
15158600
15158800
15159000
15159300
15159600
15159800
15160000
15160300
15160600
15160800
15161000
15161300
15161600
15161800
15162000
15162300
15162600
15162900
15163100
15209600
15209800
15210100
15210400
15210700
15210900
15211100
15211400
15211700
15212000
15212200
15212400
15212700
15213000
15213200
15213400
15213700
15214000
15214200
15214400
15214700
15215000
15215300
15215500
15215700
15216000
15216300
15216500
15216700
15217000
15217300
15217600
15217800
15218000
15218300
15218600
15218800
15219000
15219200
15219500
15219800
15220000
15220200
15220500
15220800
15221100
15221300
15221500
15221800
15222100
15222400
15222600
15222800
15223100
15223400
15223600
15223800
15224000
15224300
15224600
15224800
15225000
15225300
15225600
15225800
15226000
15226200
15226500
15226800
15227000
15227200
15227500
15227800
15228000
15228200
15228500
15228800
15229100
15229300
15229500
15229800
15230100
15230300
15230500
15230800
15231100
15231400
15231600
15231800
15232100
15232400
15232600
15232800
15233100
15233400
15233700
15233900
15234100
15234400
15234700
15282300
15282500
15282700
15283000
15283300
15283500
15283700
15284000
15284300
15284600
15284800
15285000
15285300
15285600
15285900
15286100
15286300
15286600
15286900
15287100
15287300
15287600
15287900
15288200
15288400
15288600
15288900
15289200
15289500
15289700
15289900
15290200
15290500
15290800
15291000
15291200
15291500
15291800
15292000
15292200
15292500
15292800
15293100
15293300
15293500
15293800
15294100
15294300
15294500
15294800
15295100
15295400
15295600
15295800
15296100
15296400
15296600
15296800
15297100
15297400
15297600
15297800
15298000
15298300
15298600
15298800
15299000
15299300
15299600
15299900
15300100
15300300
15300600
15300900
15301100
15301300
15301500
15301800
15302100
15302300
15302500
15302800
15303100
15303400
15303600
15303800
15304100
15304400
15304700
15304900
15305100
15305400
15305700
15305900
15306100
15306400
15306700
15307000
15307200
15307400
15357000
15357300
15357600
15357800
15358000
15358200
15358500
15358800
15359000
15359200
15359500
15359800
15360000
15360200
15360500
15360800
15361100
15361300
15361500
15361800
15362100
15362300
15362600
15363000
15363300
15363600
15363900
15364100
15364300
15364600
15364900
15365200
15365500
15365800
15366100
15366300
15366600
15366900
15367300
15367600
15367900
15368200
15368500
15368800
15369100
15369400
15369700
15369900
15370200
15370500
15370800
15371100
15371500
15371800
15372100
15372400
15372700
15373000
15373300
15373600
15373900
15374200
15374500
15374800
15375100
15375400
15375700
15376000
15376300
15376600
15376900
15377200
15377500
15377800
15378200
15378500
15378800
15379200
15379500
15379800
15380100
15380600
15380800
15381100
15381400
15381700
15381900
15382100
15382400
15382700
15383000
15383200
15383400
15383600
15383900
15384200
15384500
15384800
15385000
15385200
15432600
15432900
15433200
15433500
15433700
15434000
15434200
15434400
15434700
15435000
15435300
15435600
15435800
15436100
15436300
15436500
15436800
15437100
15437400
15437700
15437900
15438100
15438300
15438600
15438900
15439200
15439500
15439700
15439900
15440100
15440400
15440700
15441000
15441300
15441500
15441700
15442000
15442200
15442500
15442800
15443000
15443200
15443400
15443600
15443900
15444200
15444500
15444800
15445000
15445200
15445400
15445700
15446000
15446300
15446600
15446800
15447000
15447200
15447400
15447700
15448000
15448300
15448600
15448800
15449000
15449200
15449400
15449700
15450000
15450300
15450600
15450800
15451000
15451200
15451400
15451700
15452000
15452300
15452500
15452700
15452900
15453100
15453400
15453700
15453900
15454200
15454400
15454600
15454900
15455200
15455500
15455700
15455900
15456100
15456300
15456600
15456900
15457200
15457500
15457700
15505800
15506100
15506300
15506500
15506800
15507000
15507300
15507600
15507800
15508000
15508200
15508400
15508700
15509000
15509300
15509500
15509700
15509900
15510100
15510400
15510700
15511000
15511300
15511500
15511700
15511900
15512100
15512400
15512700
15513000
15513300
15513500
15513700
15513900
15514200
15514500
15514800
15515100
15515400
15515600
15515800
15516000
15516200
15516500
15516800
15517100
15517400
15517600
15517800
15518000
15518300
15518600
15518900
15519200
15519400
15519600
15519800
15520000
15520300
15520600
15520800
15521100
15521300
15521500
15521800
15522100
15522400
15522700
15522900
15523100
15523300
15523600
15523900
15524200
15524500
15524700
15524900
15525100
15525300
15525600
15525900
15526200
15526500
15526700
15526900
15527100
15527300
15527600
15527900
15528200
15528500
15528700
15528900
15529100
15529300
15529600
15529900
15530200
15530500
15530700
15580800
15581100
15581300
15581500
15581700
15581900
15582200
15582500
15582800
15583100
15583300
15583500
15583800
15584100
15584400
15584700
15585000
15585200
15585400
15585600
15585900
15586200
15586500
15586700
15586900
15587100
15587300
15587600
15587900
15588200
15588500
15588700
15588900
15589100
15589400
15589700
15589900
15590100
15590300
15590600
15590900
15591200
15591500
15591700
15591900
15592100
15592400
15592700
15593000
15593300
15593500
15593700
15594000
15594300
15594600
15594900
15595100
15595300
15595500
15595800
15596100
15596400
15596700
15596900
15597100
15597300
15597500
15597800
15598100
15598400
15598700
15598900
15599100
15599300
15599600
15599900
15600200
15600500
15600700
15600900
15601200
15601500
15601800
15602100
15602300
15602500
15602700
15603000
15603300
15603600
15603900
15604100
15604300
15604500
15604800
15605100
15605300
15605500
15605700
15605900
15653600
15653800
15654000
15654300
15654600
15654900
15655200
15655400
15655600
15655800
15656100
15656400
15656600
15656900
15657100
15657300
15657600
15657900
15658200
15658400
15658600
15658800
15659000
15659300
15659600
15659900
15660100
15660300
15660600
15660800
15661100
15661400
15661600
15661800
15662000
15662200
15662500
15662800
15663100
15663400
15663600
15663800
15664000
15664300
15664600
15664900
15665200
15665400
15665600
15665800
15666000
15666300
15666600
15666900
15667200
15667400
15667600
15667800
15668100
15668400
15668700
15669000
15669200
15669400
15669700
15670000
15670300
15670600
15670800
15671000
15671200
15671500
15671800
15672100
15672400
15672600
15672800
15673000
15673300
15673600
15673900
15674200
15674400
15674600
15674900
15675200
15675500
15675800
15676000
15676200
15676400
15676700
15677000
15677300
15677600
15677800
15678000
15678200
15678400
15678700
15727300
15727500
15727700
15728000
15728300
15728600
15728800
15729000
15729300
15729500
15729800
15730100
15730300
15730500
15730700
15730900
15731200
15731500
15731800
15732100
15732300
15732500
15732700
15733000
15733300
15733600
15733900
15734100
15734300
15734500
15734700
15735000
15735300
15735600
15735800
15736000
15736300
15736500
15736800
15737100
15737300
15737500
15737700
15738000
15738300
15738600
15738900
15739100
15739300
15739500
15739800
15740100
15740300
15740600
15740800
15741000
15741300
15741600
15741900
15742100
15742300
15742500
15742700
15743000
15743300
15743600
15743800
15744000
15744200
15744400
15744700
15745000
15745200
15745500
15745700
15745900
15746200
15746500
15746800
15747100
15747300
15747500
15747700
15748000
15748300
15748600
15748900
15749100
15749300
15749500
15749800
15750100
15750400
15750700
15750900
15751100
15751400
15751700
15752000
15752300
15804600
15804900
15805200
15805400
15805600
15805800
15806100
15806400
15806700
15807000
15807200
15807400
15807600
15807800
15808100
15808400
15808700
15809000
15809200
15809400
15809700
15810000
15810300
15810600
15810800
15811000
15811200
15811500
15811800
15812100
15812400
15812600
15812800
15813000
15813200
15813500
15813800
15814100
15814400
15814600
15814800
15815000
15815200
15815500
15815800
15816100
15816400
15816600
15816800
15817000
15817200
15817500
15817800
15818100
15818400
15818600
15818800
15819000
15819200
15819500
15819800
15820100
15820300
15820500
15820700
15820900
15821200
15821500
15821700
15822000
15822200
15822400
15822700
15823000
15823300
15823600
15823800
15824000
15824200
15824500
15824800
15825100
15825400
15825600
15825800
15826000
15826300
15826600
15826900
15827200
15827400
15827600
15827800
15828000
15828300
15828600
15828900
15829200
15829400
15829600
15877700
15877900
15878100
15878400
15878700
15879000
15879300
15879500
15879700
15879900
15880200
15880500
15880800
15881100
15881300
15881500
15881700
15881900
15882200
15882500
15882800
15883100
15883300
15883500
15883700
15883900
15884200
15884500
15884800
15885100
15885300
15885500
15885800
15886000
15886300
15886600
15886800
15887100
15887300
15887500
15887800
15888100
15888400
15888700
15888900
15889100
15889300
15889600
15889900
15890200
15890500
15890700
15890900
15891100
15891300
15891600
15891900
15892200
15892400
15892600
15892900
15893100
15893400
15893700
15893900
15894200
15894400
15894600
15894900
15895100
15895400
15895700
15895900
15896200
15896400
15896600
15896900
15897100
15897400
15897700
15897900
15898200
15898400
15898600
15898900
15899200
15899500
15899800
15900000
15900200
15900400
15900600
15900900
15901200
15901500
15901800
15902000
15902200
15902400
15902700
15951900
15952100
15952400
15952700
15953000
15953300
15953500
15953700
15954000
15954200
15954500
15954800
15955000
15955300
15955500
15955700
15956000
15956300
15956600
15956900
15957100
15957300
15957500
15957800
15958100
15958400
15958700
15958900
15959100
15959300
15959500
15959800
15960100
15960400
15960700
15960900
15961100
15961300
15961600
15961900
15962200
15962500
15962800
15963000
15963200
15963400
15963700
15964000
15964300
15964600
15964900
15965100
15965300
15965500
15965700
15966000
15966300
15966600
15966900
15967100
15967300
15967500
15967700
15968000
15968300
15968600
15968900
15969100
15969300
15969500
15969700
15970000
15970300
15970600
15970900
15971100
15971300
15971500
15971800
15972100
15972400
15972700
15972900
15973100
15973400
15973600
15973900
15974200
15974400
15974700
15974900
15975100
15975400
15975700
15976000
15976300
15976500
15976800
15977000
15977200
16028000
16028300
16028600
16028800
16029000
16029200
16029500
16029800
16030100
16030400
16030600
16030800
16031100
16031400
16031700
16032000
16032200
16032400
16032600
16032800
16033100
16033300
16033600
16033900
16034200
16034400
16034600
16034900
16035200
16035500
16035700
16035900
16036200
16036500
16036700
16036900
16037200
16037500
16037700
16037900
16038200
16038500
16038800
16039000
16039200
16039500
16039800
16040100
16040300
16040500
16040800
16041100
16041300
16041500
16041800
16042100
16042400
16042600
16042800
16043100
16043400
16043700
16043900
16044100
16044400
16044700
16044900
16045100
16045400
16045700
16046000
16046200
16046400
16046700
16047000
16047300
16047500
16047700
16048000
16048300
16048500
16048700
16049000
16049300
16049600
16049800
16050000
16050300
16050600
16050800
16051000
16051300
16051600
16051800
16052000
16052300
16052600
16052900
16053100
16053300
16102300
16102500
16102700
16103000
16103300
16103600
16103900
16104200
16104500
16104800
16105000
16105200
16105400
16105700
16106000
16106200
16106400
16106700
16107000
16107300
16107500
16107700
16108000
16108300
16108500
16108700
16109000
16109300
16109500
16109800
16110000
16110200
16110400
16110700
16111000
16111200
16111400
16111700
16111900
16112100
16112400
16112700
16112900
16113200
16113500
16113800
16114100
16114400
16114600
16114800
16115100
16115400
16115700
16115900
16116100
16116400
16116700
16117000
16117300
16117500
16117700
16118000
16118300
16118500
16118700
16119000
16119300
16119600
16119800
16120000
16120300
16120600
16120800
16121000
16121300
16121600
16121800
16122000
16122200
16122500
16122800
16123000
16123200
16123500
16123800
16124000
16124200
16124400
16124700
16125000
16125200
16125400
16125700
16126000
16126300
16126500
16126700
16127000
16127300
16127600
16177100
16177300
16177500
16177800
16178100
16178400
16178600
16178800
16179100
16179400
16179700
16179900
16180100
16180400
16180700
16181000
16181200
16181400
16181700
16182000
16182300
16182500
16182700
16183000
16183300
16183600
16183800
16184000
16184300
16184600
16184800
16185000
16185300
16185600
16185900
16186100
16186300
16186600
16186900
16187100
16187300
16187600
16187900
16188200
16188400
16188600
16188900
16189200
16189400
16189600
16189900
16190200
16190500
16190700
16190900
16191200
16191500
16191700
16191900
16192100
16192400
16192700
16192900
16193100
16193400
16193700
16194000
16194200
16194400
16194700
16195000
16195300
16195500
16195700
16196000
16196300
16196600
16196800
16197000
16197300
16197600
16197800
16198000
16198200
16198500
16198800
16199000
16199200
16199500
16199800
16200100
16200300
16200500
16200800
16201100
16201300
16201500
16201800
16202100
16202400
16253300
16253500
16253700
16254000
16254300
16254600
16254800
16255000
16255300
16255600
16255800
16256000
16256300
16256500
16256700
16257000
16257300
16257500
16257700
16258000
16258300
16258600
16258800
16259000
16259300
16259600
16259800
16260000
16260300
16260600
16260900
16261100
16261300
16261600
16261900
16262100
16262300
16262600
16262900
16263200
16263400
16263600
16263900
16264200
16264500
16264700
16264900
16265200
16265500
16265700
16265900
16266100
16266400
16266700
16266900
16267100
16267400
16267700
16268000
16268200
16268400
16268700
16269000
16269200
16269400
16269700
16270000
16270300
16270500
16270700
16271000
16271300
16271500
16271700
16272000
16272300
16272500
16272700
16273000
16273300
16273600
16273800
16274000
16274300
16274600
16274800
16275000
16275300
16275600
16275900
16276100
16276300
16276600
16276900
16277200
16277400
16277600
16277900
16278200
16278400
16327600
16327900
16328100
16328300
16328600
16328900
16329100
16329300
16329500
16329800
16330100
16330300
16330500
16330800
16331100
16331400
16331600
16331800
16332100
16332400
16332700
16332900
16333100
16333400
16333700
16334000
16334200
16334400
16334700
16335000
16335300
16335500
16335700
16336000
16336300
16336500
16336700
16337000
16337300
16337600
16337800
16338000
16338300
16338600
16338800
16339000
16339300
16339600
16339800
16340000
16340200
16340500
16340800
16341000
16341200
16341500
16341800
16342100
16342300
16342500
16342800
16343100
16343300
16343500
16343800
16344100
16344400
16344600
16344800
16345100
16345400
16345700
16345900
16346100
16346400
16346700
16346900
16347100
16347300
16347600
16347900
16348100
16348300
16348600
16348900
16349200
16349400
16349600
16349900
16350200
16350500
16350700
16350900
16351200
16351500
16351800
16352000
16352200
16352500
16352800
16402700
16403000
16403300
16403500
16403700
16404000
16404300
16404600
16404800
16405000
16405300
16405600
16405900
16406100
16406300
16406600
16406900
16407200
16407400
16407600
16407900
16408200
16408500
16408700
16408900
16409200
16409500
16409700
16409900
16410200
16410500
16410800
16411000
16411200
16411500
16411800
16412100
16412300
16412500
16412800
16413100
16413400
16413600
16413800
16414100
16414400
16414700
16414900
16415100
16415400
16415700
16415900
16416100
16416300
16416600
16416900
16417100
16417300
16417600
16417900
16418200
16418400
16418600
16418900
16419200
16419500
16419700
16419900
16420200
16420500
16420700
16420900
16421200
16421500
16421800
16422000
16422200
16422500
16422800
16423000
16423200
16423500
16423800
16424000
16424200
16424500
16424800
16425100
16425300
16425500
16425800
16426100
16426300
16426500
16426800
16427100
16427400
16427600
16427800
16428100
16478300
16478600
16478800
16479000
16479300
16479600
16479800
16480000
16480200
16480500
16480800
16481000
16481200
16481500
16481800
16482100
16482300
16482500
16482800
16483100
16483300
16483500
16483800
16484100
16484400
16484600
16484800
16485100
16485400
16485700
16485900
16486100
16486400
16486700
16486900
16487100
16487400
16487700
16488000
16488200
16488400
16488700
16489000
16489200
16489400
16489600
16489900
16490200
16490400
16490600
16490900
16491200
16491400
16491600
16491900
16492200
16492400
16492600
16492900
16493200
16493500
16493700
16493900
16494200
16494500
16494700
16494900
16495200
16495500
16495700
16495900
16496100
16496400
16496700
16496900
16497100
16497400
16497700
16498000
16498200
16498400
16498700
16499000
16499200
16499400
16499700
16500000
16500300
16500500
16500700
16501000
16501300
16501500
16501700
16501900
16502200
16502500
16502700
16502900
16503200
16552800
16553000
16553200
16553500
16553800
16554100
16554300
16554500
16554800
16555100
16555400
16555600
16555800
16556100
16556400
16556700
16556900
16557100
16557400
16557700
16557900
16558100
16558400
16558700
16558900
16559100
16559400
16559700
16560000
16560200
16560400
16560700
16561000
16561200
16561400
16561700
16562000
16562200
16562400
16562700
16563000
16563200
16563400
16563600
16563900
16564200
16564400
16564600
16564900
16565200
16565500
16565700
16565900
16566200
16566500
16566700
16566900
16567200
16567500
16567800
16568000
16568200
16568500
16568800
16569000
16569200
16569400
16569700
16570000
16570200
16570400
16570700
16571000
16571200
16571400
16571700
16572000
16572300
16572500
16572700
16573000
16573300
16573500
16573700
16574000
16574300
16574500
16574700
16575000
16575300
16575600
16575800
16576000
16576300
16576600
16576800
16577000
16577300
16577600
16577800
16628000
16628300
16628600
16628800
16629000
16629300
16629600
16629900
16630100
16630300
16630600
16630900
16631100
16631300
16631500
16631800
16632100
16632300
16632500
16632800
16633100
16633400
16633600
16633800
16634100
16634400
16634600
16634800
16635000
16635300
16635600
16635800
16636000
16636300
16636600
16636900
16637100
16637300
16637600
16637900
16638200
16638400
16638600
16638900
16639200
16639400
16639600
16639800
16640100
16640400
16640600
16640800
16641100
16641400
16641700
16641900
16642100
16642400
16642700
16642900
16643100
16643400
16643700
16643900
16644100
16644400
16644700
16645000
16645200
16645400
16645700
16646000
16646200
16646400
16646700
16647000
16647300
16647500
16647700
16648000
16648300
16648600
16648800
16649000
16649300
16649600
16649900
16650100
16650300
16650600
16650900
16651100
16651300
16651500
16651800
16652100
16652300
16652500
16652800
16653100
16705300
16705500
16705700
16706000
16706300
16706500
16706700
16706900
16707200
16707500
16707700
16707900
16708100
16708400
16708700
16708900
16709100
16709400
16709700
16710000
16710200
16710400
16710700
16711000
16711200
16711400
16711700
16712000
16712200
16712400
16712700
16713000
16713300
16713600
16713900
16714100
16714300
16714600
16714900
16715200
16715400
16715600
16715900
16716200
16716500
16716700
16716900
16717200
16717500
16717800
16718000
16718200
16718500
16718800
16719000
16719200
16719500
16719800
16720100
16720300
16720500
16720800
16721100
16721300
16721500
16721800
16722100
16722300
16722500
16722800
16723100
16723300
16723500
16723800
16724100
16724400
16724600
16724800
16725100
16725400
16725600
16725800
16726000
16726200
16726500
16726800
16727000
16727200
16727500
16727800
16728100
16728300
16728500
16728800
16729100
16729400
16729600
16729800
16730100
16730400
16781000
16781200
16781500
16781800
16782100
16782300
16782500
16782800
16783100
16783400
16783600
16783800
16784100
16784400
16784700
16785000
16785300
16785600
16785900
16786200
16786500
16786800
16787100
16787400
16787700
16787900
16788100
16788400
16788700
16789000
16789200
16789400
16789700
16790000
16790200
16790400
16790700
16791000
16791300
16791600
16791900
16792200
16792500
16792800
16793100
16793500
16793700
16793900
16794200
16794500
16794800
16795000
16795300
16795600
16795900
16796200
16796500
16796700
16796900
16797200
16797500
16797800
16798000
16798200
16798500
16798800
16799100
16799400
16799600
16799800
16800100
16800400
16800700
16800900
16801100
16801400
16801700
16802000
16802200
16802400
16802700
16803000
16803200
16803400
16803600
16803900
16804200
16804400
16804600
16804900
16805200
16805500
16805700
16805900
16806200
16806500
16806700
16806900
16807200
16807500
16858500
16858700
16858900
16859200
16859500
16859800
16860000
16860200
16860500
16860800
16861100
16861300
16861500
16861800
16862100
16862300
16862500
16862800
16863100
16863300
16863500
16863700
16864000
16864300
16864500
16864700
16865000
16865300
16865500
16865700
16866000
16866300
16866600
16866800
16867000
16867300
16867600
16867900
16868100
16868300
16868600
16868900
16869100
16869300
16869600
16869900
16870200
16870400
16870600
16870900
16871200
16871500
16871700
16871900
16872200
16872500
16872800
16873000
16873200
16873500
16873800
16874000
16874200
16874500
16874800
16875100
16875300
16875500
16875800
16876100
16876300
16876500
16876800
16877100
16877300
16877500
16877800
16878100
16878400
16878600
16878800
16879100
16879400
16879600
16879800
16880100
16880400
16880700
16880900
16881100
16881400
16881700
16881900
16882100
16882300
16882600
16882900
16883100
16883300
16883600
16936200
16936400
16936600
16936900
16937200
16937500
16937700
16937900
16938200
16938500
16938800
16939000
16939200
16939500
16939800
16940100
16940300
16940500
16940800
16941100
16941400
16941600
16941800
16942100
16942400
16942600
16942800
16943100
16943400
16943700
16943900
16944100
16944400
16944700
16944900
16945100
16945400
16945700
16946000
16946200
16946400
16946700
16947000
16947200
16947400
16947700
16948000
16948200
16948400
16948600
16948900
16949200
16949400
16949600
16949900
16950200
16950400
16950600
16950800
16951100
16951400
16951600
16951800
16952100
16952400
16952700
16952900
16953100
16953400
16953700
16953900
16954100
16954300
16954600
16954900
16955100
16955300
16955600
16955900
16956200
16956400
16956600
16956900
16957200
16957500
16957700
16957900
16958200
16958500
16958700
16958900
16959200
16959500
16959700
16959900
16960200
16960500
16960800
16961000
16961200
17011500
17011700
17011900
17012100
17012400
17012700
17012900
17013100
17013400
17013700
17014000
17014200
17014400
17014700
17015000
17015300
17015500
17015700
17016000
17016300
17016500
17016700
17017000
17017300
17017500
17017700
17018000
17018300
17018600
17018800
17019000
17019300
17019600
17019800
17020000
17020200
17020500
17020800
17021000
17021200
17021500
17021800
17022100
17022300
17022500
17022800
17023100
17023400
17023600
17023800
17024100
17024400
17024700
17024900
17025100
17025400
17025700
17025900
17026100
17026400
17026700
17027000
17027200
17027400
17027700
17028000
17028200
17028400
17028700
17029000
17029300
17029500
17029700
17030000
17030300
17030500
17030700
17031000
17031300
17031600
17031800
17032000
17032300
17032600
17032800
17033000
17033300
17033600
17033900
17034100
17034300
17034600
17034900
17035100
17035300
17035500
17035800
17036100
17036300
17036500
17087800
17088000
17088300
17088600
17088900
17089100
17089300
17089600
17089900
17090200
17090400
17090600
17090900
17091200
17091500
17091700
17091900
17092200
17092500
17092700
17092900
17093100
17093400
17093700
17093900
17094100
17094400
17094700
17095000
17095200
17095400
17095700
17096000
17096300
17096500
17096700
17097000
17097300
17097500
17097700
17098000
17098300
17098600
17098800
17099000
17099300
17099600
17099900
17100100
17100300
17100600
17100900
17101200
17101400
17101600
17101900
17102200
17102400
17102600
17102900
17103200
17103500
17103700
17103900
17104200
17104500
17104800
17105000
17105200
17105500
17105800
17106000
17106200
17106400
17106700
17107000
17107300
17107500
17107700
17108000
17108300
17108600
17108800
17109000
17109300
17109600
17109900
17110100
17110300
17110600
17110900
17111100
17111300
17111500
17111800
17112100
17112300
17112500
17112800
17113100
17166000
17166200
17166400
17166700
17167000
17167300
17167500
17167700
17167900
17168200
17168500
17168700
17168900
17169200
17169500
17169800
17170000
17170200
17170500
17170800
17171000
17171200
17171400
17171700
17172000
17172200
17172400
17172700
17173000
17173200
17173400
17173600
17173900
17174200
17174400
17174600
17174900
17175200
17175500
17175800
17176000
17176200
17176500
17176800
17177100
17177300
17177500
17177800
17178100
17178400
17178600
17178800
17179100
17179400
17179700
17179900
17180100
17180400
17180700
17180900
17181100
17181400
17181700
17182000
17182200
17182400
17182700
17183000
17183200
17183400
17183700
17184000
17184200
17184400
17184700
17185000
17185300
17185500
17185700
17186000
17186300
17186500
17186700
17187000
17187300
17187600
17187800
17188000
17188300
17188600
17188900
17189100
17189300
17189600
17189900
17190100
17190300
17190500
17190800
17191100
17242500
17242700
17242900
17243200
17243500
17243700
17243900
17244200
17244500
17244800
17245000
17245200
17245500
17245800
17246100
17246300
17246500
17246800
17247100
17247400
17247600
17247800
17248100
17248400
17248700
17248900
17249100
17249400
17249700
17249900
17250100
17250400
17250700
17251000
17251200
17251400
17251700
17252000
17252200
17252400
17252700
17253000
17253300
17253500
17253700
17254000
17254300
17254500
17254700
17255000
17255300
17255500
17255700
17255900
17256200
17256500
17256700
17256900
17257200
17257500
17257800
17258000
17258200
17258500
17258800
17259000
17259200
17259400
17259700
17260000
17260200
17260400
17260700
17261000
17261300
17261500
17261700
17262000
17262300
17262600
17262800
17263000
17263300
17263600
17263800
17264000
17264200
17264500
17264800
17265000
17265200
17265500
17265800
17266000
17266200
17266500
17266800
17267100
17267300
17267500
17319400
17319600
17319800
17320100
17320400
17320700
17320900
17321100
17321400
17321700
17322000
17322200
17322400
17322700
17323000
17323200
17323400
17323700
17324000
17324300
17324500
17324700
17325000
17325300
17325500
17325700
17326000
17326300
17326600
17326800
17327000
17327300
17327600
17327800
17328000
17328300
17328600
17328900
17329100
17329300
17329600
17329900
17330200
17330400
17330600
17330900
17331200
17331500
17331700
17331900
17332200
17332500
17332700
17332900
17333100
17333400
17333700
17333900
17334100
17334400
17334700
17335000
17335200
17335400
17335700
17336000
17336200
17336400
17336700
17337000
17337200
17337400
17337700
17338000
17338300
17338500
17338700
17339000
17339300
17339500
17339700
17340000
17340300
17340600
17340800
17341000
17341300
17341600
17341800
17342000
17342200
17342500
17342800
17343000
17343200
17343500
17343800
17344100
17344300
17344500
17397900
17398100
17398400
17398700
17399000
17399200
17399400
17399700
17400000
17400200
17400400
17400600
17400900
17401200
17401400
17401600
17401900
17402200
17402500
17402700
17402900
17403200
17403500
17403700
17403900
17404100
17404400
17404700
17404900
17405100
17405400
17405700
17405900
17406100
17406400
17406700
17406900
17407100
17407400
17407700
17408000
17408200
17408500
17408800
17409000
17409200
17409400
17409700
17410100
17410300
17410500
17410800
17411100
17411400
17411700
17411900
17412100
17412300
17412500
17412800
17413100
17413300
17413600
17413800
17414000
17414300
17414600
17414900
17415200
17415400
17415600
17415900
17416200
17416400
17416600
17416900
17417200
17417500
17417700
17417900
17418200
17418500
17418700
17418900
17419200
17419500
17419700
17419900
17420100
17420400
17420700
17421000
17421200
17421400
17421700
17422000
17422300
17422500
17422700
17423000
17475700
17476000
17476300
17476600
17476900
17477200
17477500
17477800
17478000
17478200
17478500
17478700
17479000
17479300
17479600
17479800
17480000
17480300
17480600
17480800
17481000
17481200
17481500
17481800
17482000
17482200
17482500
17482800
17483000
17483300
17483500
17483800
17484100
17484400
17484600
17484800
17485100
17485400
17485700
17485900
17486100
17486400
17486700
17487000
17487200
17487400
17487700
17488000
17488300
17488600
17488900
17489200
17489500
17489800
17490100
17490400
17490700
17491000
17491300
17491600
17491900
17492100
17492300
17492600
17492900
17493200
17493500
17493700
17494100
17494300
17494500
17494700
17495000
17495300
17495600
17495800
17496000
17496300
17496600
17496900
17497100
17497300
17497600
17497900
17498200
17498400
17498600
17498900
17499200
17499400
17499600
17499900
17500200
17500500
17500700
17500900
17501200
17501500
17501700
17501900
17554100
17554400
17554700
17554900
17555100
17555400
17555700
17556000
17556200
17556400
17556700
17557000
17557200
17557400
17557600
17557900
17558200
17558400
17558600
17558900
17559200
17559500
17559700
17559900
17560200
17560500
17560700
17560900
17561100
17561400
17561700
17561900
17562100
17562300
17562600
17562900
17563100
17563300
17563600
17563900
17564200
17564500
17564700
17564900
17565200
17565500
17565700
17565900
17566100
17566400
17566700
17566900
17567100
17567300
17567600
17567900
17568100
17568300
17568500
17568800
17569100
17569300
17569500
17569800
17570100
17570300
17570500
17570700
17571000
17571300
17571500
17571700
17572000
17572300
17572600
17572800
17573000
17573300
17573600
17573900
17574100
17574300
17574600
17574900
17575200
17575400
17575600
17575900
17576200
17576400
17576600
17576800
17577100
17577400
17577700
17577900
17578100
17578400
17578700
17579000
17635600
17635900
17636200
17636500
17636700
17636900
17637200
17637500
17637800
17638000
17638200
17638500
17638800
17639100
17639300
17639500
17639700
17640000
17640300
17640500
17640700
17640900
17641200
17641500
17641700
17641900
17642200
17642500
17642800
17643000
17643200
17643500
17643800
17644100
17644300
17644500
17644800
17645100
17645300
17645500
17645700
17646000
17646300
17646500
17646700
17647000
17647300
17647600
17647800
17648000
17648200
17648500
17648800
17649000
17649200
17649500
17649800
17650100
17650300
17650500
17650800
17651100
17651400
17651700
17651900
17652100
17652400
17652700
17652900
17653100
17653300
17653600
17653900
17654100
17654300
17654600
17654900
17655200
17655500
17655700
17655900
17656200
17656500
17656700
17656900
17657200
17657500
17657800
17658000
17658200
17658500
17658800
17659100
17659300
17659500
17659800
17660100
17660300
17660500
17660800
17712900
17713100
17713400
17713700
17713900
17714100
17714400
17714700
17715000
17715200
17715400
17715700
17716000
17716200
17716400
17716600
17716900
17717200
17717400
17717600
17717900
17718200
17718500
17718700
17718900
17719200
17719500
17719700
17719900
17720100
17720400
17720700
17721000
17721200
17721400
17721700
17722000
17722200
17722400
17722600
17722900
17723200
17723400
17723600
17723900
17724200
17724500
17724700
17724900
17725200
17725500
17725800
17726000
17726200
17726500
17726800
17727000
17727200
17727500
17727800
17728100
17728300
17728500
17728800
17729100
17729400
17729600
17729800
17730100
17730400
17730600
17730800
17731100
17731400
17731700
17731900
17732100
17732400
17732700
17733000
17733200
17733400
17733700
17734000
17734300
17734500
17734700
17735000
17735300
17735500
17735700
17735900
17736200
17736500
17736800
17737000
17737200
17737500
17737800
17738000
17790600
17790900
17791100
17791300
17791600
17791900
17792200
17792400
17792600
17792900
17793200
17793500
17793700
17793900
17794100
17794400
17794700
17794900
17795100
17795400
17795700
17796000
17796200
17796400
17796700
17797000
17797200
17797400
17797600
17797900
17798200
17798400
17798600
17798900
17799200
17799500
17799700
17799900
17800200
17800500
17800700
17800900
17801200
17801500
17801800
17802000
17802200
17802400
17802700
17803000
17803200
17803400
17803700
17804000
17804300
17804500
17804700
17804900
17805200
17805500
17805800
17806000
17806200
17806500
17806800
17807000
17807200
17807400
17807700
17808000
17808300
17808500
17808700
17809000
17809300
17809500
17809700
17809900
17810200
17810500
17810700
17810900
17811200
17811500
17811800
17812000
17812200
17812500
17812800
17813000
17813200
17813400
17813700
17814000
17814200
17814400
17814700
17815000
17815300
17815500
17870800
17871100
17871300
17871500
17871800
17872100
17872300
17872500
17872700
17873000
17873300
17873500
17873700
17874000
17874300
17874600
17874900
17875100
17875300
17875600
17875900
17876200
17876400
17876600
17876900
17877200
17877500
17877700
17877900
17878200
17878500
17878700
17878900
17879200
17879500
17879800
17880000
17880200
17880500
17880800
17881000
17881200
17881500
17881800
17882000
17882200
17882500
17882800
17883100
17883300
17883500
17883800
17884100
17884300
17884500
17884800
17885100
17885300
17885500
17885800
17886100
17886400
17886600
17886800
17887000
17887300
17887600
17887900
17888100
17888300
17888600
17888900
17889100
17889300
17889500
17889800
17890100
17890300
17890500
17890800
17891100
17891400
17891600
17891800
17892100
17892400
17892600
17892800
17893100
17893400
17893700
17893900
17894100
17894400
17894700
17894900
17895100
17895400
17895700
17895900
17948600
17948800
17949000
17949300
17949600
17949800
17950000
17950200
17950500
17950800
17951000
17951200
17951500
17951800
17952100
17952300
17952500
17952800
17953100
17953300
17953500
17953800
17954100
17954300
17954500
17954800
17955100
17955300
17955500
17955800
17956100
17956300
17956500
17956800
17957100
17957400
17957600
17957800
17958100
17958400
17958600
17958800
17959100
17959400
17959700
17959900
17960100
17960400
17960700
17960900
17961100
17961400
17961700
17962000
17962200
17962400
17962700
17963000
17963200
17963400
17963700
17964000
17964300
17964500
17964700
17965000
17965300
17965500
17965700
17966000
17966300
17966500
17966700
17967000
17967300
17967500
17967700
17968000
17968300
17968500
17968700
17968900
17969200
17969500
17969700
17969900
17970200
17970500
17970700
17970900
17971200
17971500
17971700
17971900
17972100
17972400
17972700
17972900
17973100
17973400
18026800
18027000
18027300
18027600
18027900
18028100
18028300
18028600
18028900
18029100
18029300
18029500
18029800
18030100
18030300
18030500
18030800
18031100
18031400
18031600
18031800
18032100
18032400
18032600
18032800
18033000
18033300
18033600
18033800
18034000
18034300
18034600
18034800
18035000
18035300
18035600
18035900
18036100
18036300
18036600
18036900
18037100
18037300
18037600
18037900
18038100
18038300
18038600
18038900
18039100
18039300
18039600
18039900
18040100
18040300
18040600
18040900
18041200
18041400
18041600
18041900
18042200
18042400
18042600
18042900
18043200
18043500
18043700
18043900
18044200
18044500
18044700
18044900
18045200
18045500
18045800
18046000
18046200
18046500
18046800
18047000
18047200
18047500
18047800
18048100
18048300
18048500
18048800
18049100
18049300
18049500
18049800
18050100
18050300
18050500
18050800
18051100
18051300
18051500
18051800
18107400
18107600
18107900
18108200
18108500
18108700
18108900
18109200
18109500
18109700
18109900
18110200
18110400
18110700
18111000
18111300
18111500
18111700
18112000
18112300
18112500
18112700
18113000
18113300
18113500
18113700
18113900
18114200
18114500
18114700
18114900
18115200
18115500
18115800
18116000
18116200
18116400
18116700
18117000
18117300
18117500
18117700
18118000
18118300
18118600
18118800
18119000
18119300
18119600
18119800
18120000
18120300
18120600
18120900
18121100
18121300
18121500
18121800
18122100
18122300
18122500
18122800
18123100
18123400
18123700
18124000
18124200
18124400
18124700
18125000
18125300
18125500
18125700
18126000
18126300
18126600
18126800
18127000
18127300
18127500
18127800
18128100
18128300
18128500
18128800
18129100
18129400
18129600
18129800
18130100
18130400
18130700
18131000
18131200
18131400
18131700
18132000
18132300
18132500
18132700
18186100
18186400
18186700
18186900
18187100
18187400
18187600
18187900
18188200
18188400
18188600
18188800
18189100
18189400
18189700
18190000
18190200
18190400
18190700
18191000
18191200
18191400
18191700
18192000
18192200
18192400
18192700
18193000
18193300
18193500
18193800
18194000
18194300
18194600
18194900
18195100
18195300
18195500
18195800
18196100
18196400
18196700
18196900
18197100
18197400
18197700
18198000
18198200
18198400
18198700
18199000
18199300
18199500
18199900
18200200
18200400
18200600
18200900
18201200
18201400
18201700
18202000
18202300
18202500
18202700
18202900
18203100
18203400
18203600
18203900
18204100
18204300
18204500
18204800
18205100
18205300
18205500
18205800
18206100
18206400
18206600
18206800
18207100
18207400
18207600
18207800
18208000
18208300
18208600
18208800
18209000
18209300
18209600
18209900
18210100
18210300
18210600
18210900
18211100
18211300
18265100
18265400
18265700
18265900
18266100
18266300
18266600
18266900
18267200
18267500
18267700
18267900
18268200
18268400
18268700
18269000
18269200
18269400
18269600
18269800
18270100
18270400
18270700
18270900
18271100
18271300
18271600
18271900
18272200
18272400
18272600
18272800
18273100
18273400
18273700
18273900
18274100
18274300
18274600
18274900
18275100
18275300
18275600
18275800
18276100
18276400
18276600
18276800
18277100
18277300
18277600
18277900
18278100
18278300
18278600
18278800
18279100
18279400
18279700
18279900
18280100
18280300
18280600
18280900
18281200
18281400
18281700
18281900
18282100
18282400
18282700
18282900
18283200
18283400
18283600
18283900
18284200
18284500
18284800
18285000
18285200
18285500
18285800
18286100
18286400
18286600
18286800
18287100
18287400
18287700
18288000
18288200
18288400
18288700
18289000
18289200
18289500
18289700
18289900
18290200
18346600
18346800
18347000
18347300
18347600
18347800
18348000
18348300
18348600
18348900
18349100
18349300
18349600
18349900
18350200
18350400
18350600
18350900
18351200
18351400
18351600
18351900
18352200
18352500
18352700
18352900
18353200
18353500
18353800
18354000
18354200
18354500
18354800
18355100
18355300
18355500
18355800
18356100
18356300
18356500
18356700
18357000
18357300
18357500
18357700
18358000
18358300
18358600
18358800
18359000
18359300
18359600
18359800
18360000
18360300
18360600
18360800
18361000
18361300
18361600
18361900
18362100
18362300
18362600
18362900
18363100
18363300
18363600
18363900
18364200
18364400
18364600
18364900
18365200
18365400
18365600
18365800
18366100
18366400
18366600
18366800
18367100
18367400
18367700
18367900
18368100
18368400
18368700
18369000
18369200
18369400
18369700
18370000
18370300
18370500
18370700
18371000
18371300
18371500
18371700
18425000
18425300
18425600
18425800
18426000
18426300
18426600
18426900
18427100
18427300
18427600
18427900
18428100
18428300
18428600
18428900
18429200
18429400
18429600
18429900
18430200
18430400
18430600
18430900
18431200
18431500
18431700
18431900
18432200
18432500
18432700
18432900
18433200
18433500
18433700
18433900
18434200
18434500
18434800
18435000
18435200
18435500
18435800
18436000
18436200
18436500
18436800
18437100
18437300
18437500
18437800
18438100
18438300
18438500
18438700
18439000
18439300
18439500
18439700
18440000
18440300
18440600
18440800
18441000
18441300
18441600
18441800
18442000
18442200
18442500
18442800
18443000
18443200
18443500
18443800
18444000
18444200
18444500
18444800
18445100
18445300
18445500
18445800
18446100
18446300
18446500
18446800
18447100
18447300
18447500
18447800
18448100
18448400
18448600
18448800
18449100
18449400
18449600
18449800
18450100
18504200
18504500
18504800
18505000
18505200
18505500
18505800
18506000
18506200
18506400
18506700
18507000
18507200
18507400
18507700
18508000
18508300
18508500
18508700
18509000
18509300
18509500
18509700
18509900
18510200
18510500
18510700
18510900
18511200
18511500
18511800
18512000
18512200
18512500
18512800
18513000
18513200
18513500
18513800
18514100
18514300
18514500
18514800
18515100
18515300
18515500
18515800
18516100
18516300
18516500
18516800
18517100
18517400
18517600
18517800
18518100
18518400
18518700
18518900
18519100
18519400
18519700
18519900
18520100
18520400
18520700
18521000
18521200
18521400
18521700
18522000
18522300
18522500
18522700
18523000
18523300
18523500
18523700
18524000
18524300
18524600
18524800
18525000
18525300
18525600
18525900
18526100
18526300
18526600
18526900
18528400
18528600
18528800
18529000
18529300
18529600
18529800
18530000
18530300
18530600
18584800
18585000
18585300
18585600
18585900
18586100
18586300
18586600
18586900
18587200
18587400
18587600
18587900
18588200
18588400
18588600
18588900
18589200
18589400
18589600
18589900
18590200
18590500
18590700
18590900
18591200
18591500
18591700
18591900
18592200
18592500
18592700
18592900
18593200
18593500
18593800
18594000
18594200
18594500
18594800
18595100
18595300
18595500
18595800
18596100
18596300
18596500
18596800
18597100
18597400
18597600
18597800
18598100
18598400
18598700
18598900
18599100
18599400
18599700
18599900
18600100
18600400
18600700
18600900
18601100
18601400
18601700
18602000
18602200
18602400
18602700
18603000
18603200
18603400
18603700
18604000
18604200
18604400
18604700
18605000
18605300
18605500
18605700
18606000
18606300
18606500
18606700
18607000
18607300
18607600
18607800
18608000
18608300
18608600
18608800
18609000
18609200
18609500
18609800
18610000
18663800
18664100
18664400
18664700
18664900
18665100
18665400
18665700
18666000
18666200
18666400
18666700
18667000
18667300
18667500
18667700
18668000
18668300
18668500
18668700
18669000
18669300
18669600
18669800
18670000
18670300
18670600
18670800
18671000
18671200
18671500
18671800
18672000
18672200
18672500
18672800
18673000
18673200
18673500
18673800
18674000
18674200
18674500
18674800
18675100
18675300
18675500
18675800
18676100
18676300
18676500
18676800
18677100
18677300
18677500
18677700
18678000
18678300
18678500
18678700
18679000
18679300
18679600
18679800
18680000
18680300
18680600
18680800
18681000
18681200
18681500
18681800
18682000
18682200
18682500
18682800
18683100
18683300
18683500
18683800
18684100
18684300
18684500
18684800
18685100
18685400
18685600
18685800
18686100
18686400
18686600
18686800
18687100
18687400
18687600
18687800
18688100
18688400
18688600
18688800
18743500
18743700
18744000
18744300
18744600
18744800
18745000
18745300
18745600
18745800
18746000
18746300
18746600
18746800
18747000
18747200
18747500
18747800
18748000
18748200
18748500
18748800
18749000
18749200
18749500
18749800
18750100
18750300
18750500
18750800
18751100
18751300
18751500
18751800
18752100
18752400
18752600
18752800
18753100
18753400
18753700
18753900
18754100
18754400
18754700
18754900
18755100
18755400
18755700
18756000
18756200
18756400
18756700
18757000
18757200
18757400
18757700
18758000
18758200
18758400
18758700
18759000
18759200
18759400
18759700
18760000
18760300
18760500
18760700
18761000
18761300
18761500
18761700
18762000
18762300
18762500
18762700
18762900
18763200
18763500
18763700
18763900
18764200
18764500
18764800
18765000
18765200
18765500
18765800
18766000
18766200
18766500
18766800
18767100
18767300
18767500
18767800
18768100
18768300
18768500
18825700
18825900
18826100
18826400
18826700
18827000
18827200
18827400
18827700
18828000
18828200
18828400
18828600
18828900
18829200
18829400
18829600
18829900
18830200
18830400
18830600
18830800
18831100
18831400
18831600
18831800
18832100
18832400
18832600
18832800
18833100
18833400
18833700
18833900
18834100
18834400
18834700
18834900
18835100
18835400
18835700
18836000
18836200
18836400
18836700
18837000
18837200
18837400
18837700
18838000
18838300
18838500
18838700
18839000
18839300
18839600
18839800
18840000
18840300
18840600
18840800
18841000
18841300
18841500
18841700
18842000
18842300
18842500
18842700
18843000
18843300
18843600
18843800
18844000
18844300
18844600
18844800
18845000
18845300
18845600
18845900
18846100
18846300
18846600
18846900
18847100
18847300
18847600
18847900
18848200
18848400
18848600
18848800
18849000
18849300
18849600
18849800
18850000
18850200
18850500
18905000
18905200
18905400
18905700
18905900
18906200
18906500
18906800
18907000
18907200
18907500
18907800
18908100
18908300
18908500
18908700
18909000
18909300
18909500
18909700
18909900
18910200
18910500
18910800
18911100
18911300
18911500
18911800
18912100
18912400
18912600
18912800
18913100
18913400
18913600
18913800
18914100
18914400
18914600
18914900
18915200
18915500
18915800
18916100
18916400
18916700
18916900
18917100
18917400
18917700
18917900
18918100
18918400
18918700
18919000
18919200
18919400
18919700
18920000
18920300
18920500
18920800
18921000
18921300
18921600
18921900
18922200
18922500
18922800
18923100
18923400
18923600
18923800
18924000
18924300
18924600
18925000
18925400
18925600
18925900
18926100
18926300
18926600
18926900
18927100
18927300
18927600
18927900
18928200
18928400
18928600
18928900
18929200
18929400
18929600
18929900
18930200
18930400
18930600
18930900
18986100
18986300
18986500
18986800
18987100
18987400
18987600
18987800
18988100
18988400
18988600
18988800
18989000
18989300
18989600
18989900
18990100
18990300
18990600
18990900
18991200
18991400
18991600
18991900
18992200
18992500
18992700
18992900
18993100
18993400
18993700
18994000
18994200
18994400
18994700
18995000
18995200
18995400
18995600
18995900
18996200
18996400
18996600
18996900
18997200
18997400
18997600
18997900
18998200
18998500
18998700
18998900
18999200
18999500
18999700
18999900
19000200
19000500
19000700
19000900
19001200
19001500
19001800
19002000
19002200
19002500
19002800
19003000
19003200
19003500
19003800
19004000
19004200
19004400
19004700
19005000
19005200
19005400
19005700
19006000
19006300
19006500
19006700
19007000
19007300
19007500
19007700
19008000
19008300
19008600
19008800
19009000
19009300
19009600
19009800
19010000
19010300
19010600
19010800
19011000
19079000
19079400
19079700
19080000
19080300
19080500
19080700
19081000
19081300
19081500
19081700
19082000
19082300
19082600
19082800
19083000
19083200
19083500
19083800
19084000
19084200
19084500
19084800
19085100
19085300
19085500
19085800
19086100
19086400
19086600
19086800
19087000
19087300
19087600
19087800
19088000
19088300
19088600
19088900
19089100
19089300
19089600
19089900
19090100
19090300
19090500
19090800
19091100
19091300
19091500
19091800
19092100
19092300
19092500
19092800
19093100
19093400
19093600
19093800
19094100
19094300
19094600
19094900
19095200
19095400
19095600
19095900
19096200
19096400
19096600
19096900
19097200
19097500
19097800
19098000
19098200
19098500
19098800
19099000
19099200
19099400
19099700
19100000
19100200
19100400
19100700
19101000
19101300
19101500
19101700
19102000
19102300
19102600
19102800
19103000
19103300
19103600
19103800
19104000
19104300
19159200
19159400
19159700
19160000
19160200
19160400
19160700
19161000
19161300
19161500
19161700
19162000
19162300
19162500
19162700
19162900
19163200
19163500
19163700
19163900
19164200
19164500
19164700
19164900
19165200
19165500
19165800
19166000
19166200
19166500
19166800
19167000
19167200
19167500
19167800
19168100
19168300
19168500
19168800
19169100
19169300
19169500
19169800
19170100
19170400
19170600
19170800
19171100
19171400
19171700
19171900
19172100
19172400
19172700
19172900
19173100
19173400
19173700
19174000
19174200
19174400
19174700
19175000
19175200
19175400
19175700
19176000
19176200
19176400
19176700
19177000
19177200
19177400
19177700
19178000
19178300
19178500
19178700
19179000
19179300
19179500
19179700
19180000
19180300
19180500
19180700
19181000
19181300
19181600
19181800
19182000
19182300
19182600
19182800
19183000
19183300
19183600
19183900
19184100
19184300
19239800
19240000
19240200
19240500
19240800
19241100
19241300
19241500
19241800
19242100
19242300
19242500
19242700
19243000
19243300
19243500
19243700
19244000
19244300
19244600
19244800
19245000
19245300
19246400
19246700
19247000
19247200
19247400
19247700
19248000
19248200
19248400
19248600
19248900
19249200
19249400
19249600
19249900
19250200
19250400
19250600
19250900
19251200
19251400
19251600
19251900
19252200
19252500
19252700
19252900
19253100
19253400
19253700
19253900
19254100
19254400
19254700
19255000
19255200
19255400
19255700
19256000
19256300
19256500
19256700
19256900
19257200
19257500
19257700
19257900
19258200
19258500
19258800
19259000
19259200
19259500
19259800
19260100
19260300
19260500
19260800
19261100
19261300
19261500
19261800
19262100
19262300
19262500
19262800
19263100
19263300
19263500
19263800
19264100
19264400
19264600
19264800
19265100
19265400
19265600
19323400
19323600
19323800
19324100
19324400
19324600
19324800
19325100
19325400
19325600
19325800
19326100
19326400
19326700
19326900
19327100
19327300
19327600
19327900
19328100
19328300
19328600
19328900
19329200
19329400
19329600
19329900
19330200
19330500
19330700
19330900
19331200
19331500
19331700
19331900
19332200
19332500
19332800
19333000
19333200
19333500
19333800
19334000
19334200
19334500
19334800
19335000
19335200
19335500
19335800
19336100
19336300
19336500
19336800
19337100
19337300
19337500
19337800
19338100
19338400
19338600
19338800
19339100
19339400
19339600
19339800
19340100
19340400
19340700
19340900
19341100
19341400
19341700
19341900
19342100
19342400
19342700
19343000
19343200
19343400
19343700
19344000
19344200
19344400
19344700
19345000
19345300
19345500
19345700
19346000
19346300
19346500
19346700
19347000
19347300
19347600
19347800
19348000
19348300
19348600
19403800
19404100
19404400
19404700
19404900
19405100
19405400
19405700
19405900
19406100
19406400
19406700
19407000
19407200
19407400
19407700
19408000
19408200
19408400
19408700
19409000
19409200
19409400
19409700
19410000
19410200
19410400
19410700
19411000
19411200
19411400
19411700
19412000
19412300
19412500
19412700
19413000
19413300
19413500
19413700
19414000
19414300
19414500
19414700
19414900
19415200
19415500
19415700
19415900
19416200
19416500
19416800
19417000
19417200
19417500
19417800
19418000
19418200
19418500
19418800
19419000
19419200
19419500
19419800
19420100
19420300
19420500
19420800
19421100
19421300
19421500
19421800
19422100
19422300
19422500
19422800
19423100
19423300
19423500
19423800
19424100
19424300
19424500
19424700
19425000
19425300
19425500
19425700
19426000
19426300
19426500
19426700
19427000
19427300
19427600
19427800
19428000
19428300
19428600
19428800
19484700
19485000
19485200
19485400
19485700
19486000
19486300
19486500
19486700
19487000
19487300
19487600
19487800
19488000
19488300
19488600
19488900
19489100
19489300
19489600
19489900
19490200
19490400
19490600
19490900
19491200
19491400
19491600
19491800
19492100
19492400
19492600
19492800
19493100
19493400
19493700
19493900
19494100
19494400
19494700
19494900
19495100
19495300
19495600
19495900
19496100
19496300
19496600
19496900
19497200
19497400
19497600
19497900
19498200
19498400
19498600
19498800
19499100
19499400
19499700
19499900
19500100
19500400
19500700
19500900
19501100
19501300
19501600
19501900
19502100
19502300
19502500
19502800
19503100
19503300
19503500
19503700
19504000
19504300
19504500
19504700
19505000
19505300
19505500
19505700
19506000
19506300
19506600
19506800
19507000
19507300
19507600
19507900
19508100
19508300
19508600
19508900
19509100
19509300
19509600
19567700
19568000
19568300
19568600
19568800
19569000
19569300
19569600
19569900
19570100
19570300
19570600
19570900
19571100
19571300
19571600
19571900
19572200
19572400
19572600
19572900
19573200
19573400
19573600
19573900
19574200
19574500
19574700
19574900
19575200
19575500
19575700
19575900
19576200
19576500
19576800
19577000
19577200
19577500
19577800
19578000
19578200
19578500
19578800
19579100
19579300
19579500
19579800
19580100
19580300
19580500
19580800
19581100
19581300
19581500
19581800
19582100
19582300
19582500
19582800
19583100
19583400
19583600
19583800
19584100
19584400
19584600
19584800
19585100
19585400
19585600
19585800
19586100
19586400
19586700
19587000
19587300
19587500
19587700
19588000
19588200
19588500
19588800
19589100
19589300
19589500
19589800
19590100
19590300
19590500
19590800
19591100
19591400
19591600
19591800
19592100
19592400
19592600
19592800
19593100
19649500
19649800
19650000
19650200
19650500
19650800
19651000
19651200
19651400
19651700
19652000
19652200
19652400
19652700
19653000
19653300
19653500
19653700
19653900
19654100
19654400
19654700
19654900
19655100
19655300
19655600
19655900
19656200
19656500
19656700
19656900
19657200
19657500
19657800
19658000
19658200
19658500
19658800
19659100
19659300
19659500
19659800
19660100
19660300
19660600
19660900
19661200
19661500
19661800
19662100
19662400
19662700
19662900
19663100
19663400
19663700
19663900
19664100
19664400
19664700
19665000
19665200
19665400
19665600
19665900
19666100
19666400
19666700
19666900
19667200
19667400
19667600
19667800
19668100
19668400
19668700
19668900
19669100
19669300
19669600
19669800
19670100
19670300
19670600
19670900
19671100
19671300
19671600
19671900
19672200
19672400
19672600
19672900
19673200
19673500
19673700
19673900
19674200
19674500
19674700
19731300
19731500
19731700
19732000
19732300
19732600
19732800
19733000
19733300
19733600
19733800
19734000
19734200
19734500
19734800
19735000
19735200
19735500
19735800
19736000
19736200
19736500
19736800
19737000
19737200
19737500
19737800
19738100
19738300
19738500
19738800
19739100
19739300
19739500
19739800
19740100
19740300
19740500
19740700
19741000
19741300
19741500
19741700
19742000
19742300
19742600
19742800
19743000
19743300
19743600
19743800
19744000
19744300
19744600
19744900
19745100
19745300
19745600
19745900
19746100
19746300
19746600
19746900
19747200
19747400
19747600
19747900
19748200
19748400
19748600
19748900
19749200
19749400
19749600
19749800
19750100
19750400
19750600
19750800
19751100
19751400
19751600
19751800
19752100
19752400
19752600
19752800
19753100
19753400
19753700
19753900
19754100
19754400
19754700
19754900
19755100
19755400
19755700
19756000
19756200
19814700
19815000
19815300
19815600
19815800
19816000
19816300
19816600
19816900
19817100
19817300
19817600
19817900
19818200
19818400
19818600
19818900
19819200
19819400
19819600
19819900
19820200
19820500
19820700
19820900
19821200
19821500
19821700
19821900
19822200
19822500
19822700
19822900
19823200
19823500
19823800
19824000
19824200
19824500
19824800
19825000
19825200
19825500
19825800
19826000
19826200
19826500
19826800
19827000
19827200
19827400
19827700
19828000
19828200
19828400
19828700
19829000
19829200
19829400
19829600
19829900
19830200
19830400
19830600
19830900
19831200
19831500
19831700
19831900
19832200
19832500
19832700
19832900
19833200
19833500
19833800
19834000
19834200
19834500
19834800
19835000
19835200
19835500
19835800
19836000
19836200
19836400
19836700
19837000
19837200
19837400
19837700
19838000
19838200
19838400
19838700
19839000
19839200
19839400
19839700
19895800
19896100
19896400
19896700
19896900
19897100
19897400
19897700
19897900
19898100
19898400
19898700
19899000
19899200
19899400
19899700
19900000
19900200
19900400
19900700
19901000
19901200
19901400
19901600
19901900
19902200
19902400
19902600
19902900
19903200
19903500
19903700
19903900
19904200
19904500
19904700
19904900
19905200
19905500
19905800
19906000
19906200
19906500
19906800
19907000
19907200
19907500
19907800
19908000
19908200
19908500
19908800
19909100
19909300
19909500
19909800
19910100
19910300
19910500
19910800
19911100
19911300
19911500
19911800
19912100
19912300
19912500
19912800
19913100
19913300
19913500
19913700
19914000
19914300
19914500
19914700
19915000
19915300
19915500
19915700
19916000
19916300
19916600
19916800
19917000
19917300
19917600
19917900
19918100
19918300
19918600
19918900
19919100
19919300
19919600
19919900
19920200
19920400
19920600
19920900
19978700
19978900
19979200
19979500
19979700
19979900
19980200
19980500
19980800
19981000
19981200
19981500
19981800
19982000
19982200
19982500
19982800
19983000
19983200
19983500
19983800
19984100
19984300
19984500
19984800
19985100
19985300
19985500
19985800
19986100
19986300
19986500
19986800
19987100
19987300
19987500
19987800
19988100
19988400
19988600
19988800
19989100
19989400
19989600
19989800
19990000
19990300
19990600
19990800
19991000
19991300
19991600
19991900
19992100
19992300
19992600
19992900
19993100
19993300
19993600
19993900
19994100
19994300
19994600
19994900
19995200
19995400
19995600
19995900
19996200
19996400
19996600
19996900
19997200
19997400
19997600
19997800
19998100
19998400
19998600
19998800
19999100
19999400
19999700
19999900
20000100
20000400
20000700
20000900
20001100
20001400
20001700
20002000
20002200
20002400
20002700
20003000
20003200
20003400
20003700
20063300
20063600
20063900
20064200
20064400
20064600
20064900
20065200
20065500
20065700
20065900
20066200
20066400
20066600
20066900
20067200
20067400
20067600
20067800
20068100
20068400
20068700
20068900
20069100
20069400
20069700
20069900
20070100
20070400
20070700
20071000
20071300
20071500
20071700
20072000
20072300
20072500
20072700
20073000
20073300
20073600
20073800
20074000
20074300
20074600
20074900
20075100
20075300
20075600
20075900
20076200
20076400
20076600
20076900
20077200
20077500
20077700
20077900
20078100
20078400
20078700
20079000
20079200
20079400
20079700
20080000
20080300
20080500
20080700
20081000
20081300
20081600
20081800
20082000
20082200
20082500
20082800
20083000
20083200
20083500
20083800
20084100
20084300
20084500
20084800
20085100
20085400
20085600
20085800
20086100
20086400
20086700
20086900
20087100
20087400
20087700
20087900
20088100
20088300
20088600
20145600
20145900
20146100
20146300
20146500
20146800
20147100
20147300
20147500
20147800
20148100
20148400
20148600
20148800
20149000
20149300
20149600
20149900
20150100
20150300
20150600
20150900
20151200
20151400
20151600
20151900
20152200
20152500
20152700
20152900
20153200
20153500
20153800
20154000
20154200
20154500
20154800
20155100
20155300
20155500
20155800
20156100
20156400
20156600
20156800
20157100
20157400
20157700
20157900
20158100
20158400
20158700
20158900
20159100
20159300
20159600
20159900
20160200
20160400
20160600
20160900
20161200
20161400
20161600
20161800
20162100
20162400
20162600
20162800
20163100
20163400
20163700
20163900
20164100
20164300
20164600
20164900
20165200
20165400
20165600
20165900
20166200
20166500
20166700
20166900
20167200
20167500
20167800
20168100
20168300
20168500
20168800
20169100
20169300
20169500
20169700
20170000
20170300
20170500
20170700
20228500
20228800
20229100
20229400
20229600
20229800
20230100
20230400
20230600
20230800
20231000
20231300
20231600
20231800
20232000
20232300
20232600
20232800
20233000
20233300
20233600
20233800
20234000
20234300
20234600
20234900
20235100
20235300
20235600
20235900
20236100
20236300
20236500
20236800
20237100
20237300
20237500
20237800
20238100
20238400
20238600
20238800
20239100
20239400
20239600
20239800
20240000
20240300
20240600
20240800
20241000
20241300
20241600
20241800
20242000
20242200
20242500
20242800
20243000
20243200
20243500
20243800
20244000
20244200
20244500
20244800
20245000
20245200
20245400
20245700
20246000
20246200
20246400
20246700
20247000
20247200
20247400
20247700
20248000
20248200
20248400
20248600
20248900
20249200
20249400
20249600
20249900
20250200
20250500
20250700
20250900
20251200
20251500
20251700
20251900
20252100
20252400
20252700
20253000
20253200
20312400
20312600
20312800
20313100
20313400
20313700
20313900
20314100
20314400
20314600
20314900
20315200
20315500
20315700
20315900
20316200
20316500
20316800
20317000
20317200
20317500
20317800
20318100
20318300
20318500
20318700
20319000
20319300
20319500
20319700
20319900
20320200
20320500
20320700
20320900
20321100
20321400
20321700
20322000
20322200
20322400
20322600
20322900
20323200
20323500
20323700
20323900
20324200
20324500
20324800
20325000
20325200
20325400
20325700
20326000
20326300
20326500
20326700
20326900
20327200
20327500
20327700
20327900
20328100
20328400
20328700
20329000
20329200
20329400
20329700
20330000
20330300
20330500
20330700
20331000
20331300
20331600
20331800
20332000
20332300
20332600
20332900
20333100
20333400
20333600
20333900
20334200
20334500
20334700
20334900
20335200
20335500
20335800
20336000
20336200
20336500
20336800
20337000
20337200
20337500
20394700
20394900
20395200
20395500
20395800
20396000
20396200
20396500
20396800
20397100
20397300
20397500
20397800
20398100
20398300
20398500
20398700
20399000
20399300
20399500
20399700
20400000
20400200
20400500
20400800
20401000
20401200
20401400
20401700
20402000
20402300
20402600
20402800
20403000
20403300
20403600
20403800
20404000
20404300
20404600
20404800
20405000
20405200
20405500
20405800
20406100
20406400
20406700
20407000
20407200
20407500
20407700
20407900
20408100
20408300
20408600
20408900
20409100
20409300
20409600
20409900
20410200
20410400
20410600
20410900
20411200
20411500
20411700
20412000
20412200
20412500
20412800
20413000
20413200
20413400
20413600
20413900
20414200
20414500
20414800
20415000
20415300
20415500
20415800
20416100
20416400
20416800
20417100
20417300
20417500
20417800
20418100
20418300
20418500
20418700
20419000
20419300
20419500
20419700
20420000
20477900
20478200
20478500
20478700
20478900
20479200
20479500
20479700
20479900
20480100
20480400
20480700
20480900
20481100
20481300
20481600
20481900
20482200
20482400
20482600
20482900
20483200
20483500
20483700
20483900
20484200
20484500
20484800
20485000
20485200
20485500
20485800
20486000
20486200
20486500
20486800
20487100
20487300
20487500
20487800
20488100
20488300
20488500
20488800
20489100
20489300
20489500
20489800
20490100
20490300
20490500
20490700
20491000
20491300
20491500
20491700
20492000
20492300
20492500
20492700
20492900
20493200
20493500
20493700
20493900
20494200
20494500
20494800
20495000
20495200
20495500
20495800
20496000
20496200
20496400
20496700
20497000
20497200
20497400
20497700
20498000
20498300
20498500
20498700
20499000
20499300
20499500
20499700
20500000
20500300
20500600
20500800
20501000
20501300
20501600
20501800
20502000
20502300
20502600
20502800
20560600
20560900
20561100
20561300
20561600
20561900
20562100
20562300
20562600
20562900
20563200
20563400
20563600
20563900
20564200
20564400
20564600
20564900
20565200
20565500
20565700
20565900
20566200
20566500
20566800
20567000
20567200
20567500
20567800
20568000
20568200
20568400
20568700
20569000
20569200
20569400
20569700
20570000
20570300
20570500
20570700
20571000
20571300
20571600
20571800
20572000
20572300
20572600
20572800
20573000
20573300
20573600
20573900
20574100
20574300
20574600
20574900
20575100
20575300
20575600
20575900
20576100
20576300
20576600
20576900
20577200
20577400
20577600
20577900
20578200
20578400
20578600
20578900
20579200
20579500
20579700
20579900
20580200
20580500
20580700
20580900
20581100
20581400
20581700
20581900
20582100
20582400
20582700
20583000
20583200
20583400
20583700
20584000
20584300
20584500
20584700
20585000
20585300
20585500
20585700
20643300
20643500
20643700
20644000
20644300
20644500
20644700
20644900
20645200
20645500
20645700
20645900
20646200
20646500
20646800
20647000
20647200
20647500
20647800
20648000
20648200
20648500
20648800
20649000
20649200
20649500
20649800
20650100
20650300
20650500
20650800
20651100
20651300
20651500
20651800
20652100
20652400
20652600
20652800
20653100
20653400
20653600
20653800
20654000
20654300
20654600
20654800
20655000
20655300
20655600
20655900
20656100
20656300
20656600
20656900
20657200
20657400
20657600
20657900
20658200
20658400
20658700
20658900
20659100
20659400
20659700
20660000
20660200
20660400
20660700
20661000
20661200
20661400
20661700
20662000
20662300
20662500
20662700
20663000
20663300
20663500
20663700
20664000
20664300
20664500
20664800
20665000
20665200
20665500
20665800
20666100
20666300
20666500
20666800
20667100
20667400
20667600
20667800
20668100
20668400
20726700
20726900
20727100
20727400
20727700
20728000
20728200
20728400
20728700
20729000
20729300
20729500
20729700
20730000
20730300
20730600
20730800
20731000
20731300
20731600
20731800
20732000
20732200
20732500
20732800
20733000
20733200
20733500
20733800
20734100
20734300
20734500
20734800
20735100
20735300
20735500
20735700
20736000
20736300
20736500
20736700
20737000
20737300
20737600
20737800
20738000
20738300
20738600
20738800
20739000
20739200
20739500
20739800
20740000
20740200
20740500
20740800
20741100
20741300
20741500
20741800
20742100
20742300
20742500
20742800
20743100
20743400
20743700
20743900
20744100
20744400
20744700
20744900
20745100
20745300
20745600
20745900
20746100
20746300
20746600
20746900
20747200
20747400
20747600
20747900
20748200
20748500
20748700
20748900
20749200
20749500
20749700
20749900
20750200
20750500
20750700
20750900
20751200
20751500
20751800
20812700
20812900
20813200
20813500
20813800
20814000
20814200
20814500
20814800
20815000
20815200
20815400
20815700
20816000
20816200
20816400
20816700
20817000
20817300
20817500
20817700
20818000
20818300
20818500
20818700
20819000
20819300
20819600
20819800
20820000
20820300
20820600
20820800
20821000
20821300
20821600
20821800
20822000
20822200
20822500
20822800
20823000
20823200
20823500
20823800
20824000
20824200
20824500
20824800
20825000
20825200
20825500
20825800
20826000
20826200
20826500
20826800
20827100
20827300
20827500
20827800
20828100
20828300
20828500
20828800
20829100
20829300
20829500
20829700
20830000
20830300
20830500
20830700
20831000
20831300
20831600
20831900
20832100
20832300
20832600
20832900
20833100
20833300
20833600
20833900
20834200
20834400
20834600
20834900
20835200
20835400
20835600
20835900
20836200
20836400
20836600
20836900
20837200
20837400
20837600
20902800
20903000
20903300
20903600
20903900
20904100
20904300
20904600
20904900
20905100
20905300
20905500
20905800
20906100
20906300
20906500
20906800
20907100
20907400
20907600
20907800
20908100
20908400
20908600
20908800
20909000
20909300
20909600
20909800
20910000
20910300
20910600
20910900
20911100
20911300
20911600
20911900
20912100
20912300
20912600
20912900
20913100
20913300
20913500
20913800
20914100
20914300
20914500
20914800
20915100
20915300
20915500
20915800
20916100
20916300
20916500
20916800
20917100
20917400
20917600
20917800
20918100
20918400
20918600
20918800
20919100
20919400
20919700
20919900
20920100
20920400
20920700
20920900
20921100
20921400
20921700
20922000
20922200
20922400
20922700
20923000
20923300
20923500
20923700
20924000
20924300
20924500
20924700
20925000
20925300
20925600
20925800
20926000
20926300
20926600
20926800
20927000
20927300
20927600
20927800
20985900
20986100
20986300
20986600
20986900
20987100
20987300
20987600
20987900
20988200
20988400
20988600
20988900
20989200
20989400
20989600
20989900
20990200
20990400
20990600
20990900
20991200
20991500
20991700
20991900
20992200
20992500
20992700
20992900
20993200
20993500
20993800
20994000
20994200
20994500
20994800
20995000
20995200
20995500
20995800
20996100
20996300
20996500
20996800
20997100
20997400
20997600
20997800
20998100
20998400
20998600
20998800
20999100
20999400
20999700
20999900
21000100
21000400
21000700
21000900
21001100
21001400
21001700
21001900
21002100
21002400
21002700
21003000
21003500
21003700
21003900
21004200
21004500
21004700
21004900
21005200
21005500
21005700
21005900
21006100
21006400
21006700
21006900
21007100
21007400
21007700
21007900
21008100
21008300
21008600
21008900
21009100
21009300
21009600
21009900
21010200
21010400
21010600
21010900
21011200
21072000
21072200
21072400
21072700
21073000
21073200
21073400
21073600
21073900
21074200
21074400
21074600
21074800
21075100
21075400
21075600
21075800
21076100
21076400
21076700
21076900
21077100
21077400
21077700
21077900
21078100
21078400
21078700
21079000
21079200
21079400
21079700
21080000
21080200
21080400
21080600
21080900
21081200
21081400
21081600
21081800
21082100
21082400
21082700
21082900
21083100
21083400
21083700
21084000
21084200
21084400
21084700
21085000
21085300
21085500
21085700
21086000
21086300
21086600
21086800
21087000
21087300
21087600
21087900
21088100
21088300
21088600
21088900
21089100
21089300
21089500
21089800
21090100
21090300
21090500
21090800
21091100
21091400
21091600
21091800
21092100
21092400
21092600
21092800
21093100
21093400
21093700
21093900
21094100
21094400
21094700
21095000
21095200
21095400
21095700
21095900
21096200
21096500
21096800
21097100
21155800
21156100
21156300
21156500
21156700
21157000
21157300
21157500
21157800
21158100
21158300
21158500
21158800
21159100
21159400
21159600
21159800
21160100
21160300
21160600
21160800
21161000
21161200
21161400
21161700
21162000
21162300
21162600
21162800
21163000
21163300
21163600
21163800
21164000
21164200
21164500
21164800
21165000
21165200
21165500
21165800
21166100
21166300
21166600
21166900
21167200
21167500
21167800
21168100
21168400
21168700
21169000
21169300
21169500
21169700
21169900
21170200
21170500
21170700
21170900
21171200
21171500
21171800
21172000
21172300
21172600
21172900
21173100
21173300
21173500
21173700
21174000
21174300
21174500
21174800
21175000
21175200
21175500
21175800
21176100
21176400
21176700
21176900
21177200
21177500
21177800
21178100
21178300
21178500
21178800
21179100
21179400
21179600
21179800
21180100
21180400
21180700
21180900
21181100
21181400
21240400
21240700
21241000
21241200
21241400
21241700
21242000
21242300
21242500
21242700
21243000
21243300
21243600
21243800
21244000
21244300
21244600
21244800
21245000
21245200
21245500
21245800
21246000
21246200
21246500
21246800
21247000
21247200
21247500
21247800
21248100
21248300
21248500
21248800
21249100
21249300
21249500
21249800
21250100
21250400
21250600
21250800
21251100
21251400
21251600
21251800
21252100
21252400
21252700
21252900
21253100
21253400
21253700
21254000
21254200
21254400
21254700
21255000
21255200
21255400
21255600
21255900
21256200
21256400
21256600
21256900
21257200
21257500
21257700
21257900
21258200
21258500
21258800
21259000
21259200
21259500
21259800
21260000
21260200
21260500
21260800
21261100
21261300
21261500
21261800
21262100
21262300
21262500
21262800
21263100
21263300
21263500
21263800
21264100
21264400
21264600
21264800
21265100
21265400
21265600
21327100
21327300
21327600
21327900
21328200
21328400
21328600
21328800
21329100
21329400
21329700
21329900
21330100
21330400
21330700
21331000
21331300
21331500
21331700
21331900
21332200
21332500
21332800
21333000
21333200
21333500
21333800
21334100
21334400
21334600
21334800
21335100
21335400
21335700
21335900
21336100
21336400
21336700
21337000
21337200
21337400
21337600
21337900
21338200
21338500
21338700
21338900
21339200
21339500
21339800
21340000
21340200
21340500
21340800
21341100
21341400
21341600
21341800
21342100
21342400
21342700
21342900
21343100
21343300
21343600
21343900
21344200
21344400
21344600
21344800
21345100
21345400
21345700
21345900
21346100
21346300
21346600
21346900
21347200
21347400
21347600
21347900
21348200
21348500
21348800
21349000
21349200
21349500
21349800
21350100
21350300
21350500
21350800
21351100
21351400
21351600
21351800
21352000
21352300
21352600
21412800
21413100
21413400
21413600
21413800
21414000
21414300
21414600
21414800
21415000
21415300
21415600
21415900
21416100
21416300
21416600
21416900
21417100
21417300
21417500
21417800
21418100
21418300
21418500
21418800
21419100
21419400
21419600
21419800
21420100
21420400
21420700
21420900
21421100
21421400
21421700
21421900
21422100
21422400
21422700
21423000
21423200
21423400
21423700
21424000
21424200
21424400
21424700
21425000
21425300
21425500
21425700
21426000
21426300
21426500
21426700
21427000
21427300
21427500
21427700
21428000
21428300
21428600
21428800
21429000
21429300
21429600
21429800
21430000
21430300
21430600
21430900
21431100
21431300
21431600
21431900
21432100
21432300
21432500
21432800
21433100
21433300
21433500
21433800
21434100
21434400
21434600
21434800
21435100
21435400
21435700
21435900
21436100
21436400
21436700
21436900
21437100
21437400
21437700
21438000
21497800
21498100
21498300
21498500
21498800
21499100
21499300
21499500
21499800
21500100
21500400
21500600
21500800
21501100
21501400
21501600
21501800
21502100
21502400
21502600
21502800
21503100
21503400
21503700
21503900
21504100
21504400
21504700
21504900
21505100
21505300
21505600
21505900
21506100
21506300
21506600
21506900
21507200
21507400
21507600
21507900
21508200
21508500
21508700
21508900
21509200
21509500
21509700
21509900
21510100
21510400
21510700
21510900
21511100
21511400
21511700
21512000
21512200
21512400
21512700
21513000
21513200
21513400
21513700
21514000
21514200
21514400
21514700
21515000
21515300
21515500
21515700
21516000
21516300
21516500
21516700
21517000
21517300
21517600
21517800
21518000
21518300
21518600
21518800
21519000
21519200
21519500
21519800
21520000
21520200
21520500
21520800
21521100
21521300
21521500
21521800
21522100
21522400
21522600
21522800
21584500
21584800
21585000
21585200
21585400
21585700
21586000
21586200
21586400
21586600
21586900
21587200
21587400
21587600
21587900
21588200
21588500
21588800
21589000
21589200
21589500
21589800
21590000
21590200
21590500
21590800
21591100
21591300
21591500
21591700
21592000
21592300
21592500
21592700
21593000
21593300
21593500
21593800
21594100
21594300
21594500
21594700
21595000
21595300
21595600
21595800
21596000
21596300
21596600
21596900
21597100
21597300
21597500
21597800
21598100
21598400
21598600
21598800
21599100
21599400
21599700
21599900
21600100
21600400
21600700
21601000
21601200
21601400
21601700
21601900
21602100
21602400
21602700
21603000
21603200
21603400
21603700
21604000
21604200
21604400
21604700
21605000
21605300
21605600
21605800
21606000
21606300
21606600
21606800
21607000
21607200
21607500
21607800
21608000
21608200
21608400
21608700
21609000
21609300
21609500
21669100
21669400
21669700
21670000
21670300
21670500
21670700
21671000
21671300
21671600
21671800
21672000
21672300
21672600
21672800
21673000
21673200
21673500
21673800
21674000
21674200
21674500
21674800
21675100
21675300
21675500
21675800
21676100
21676300
21676500
21676800
21677100
21677300
21677500
21677800
21678100
21678400
21678600
21678800
21679100
21679400
21679600
21679800
21680100
21680400
21680700
21680900
21681100
21681400
21681700
21681900
21682100
21682400
21682700
21683000
21683200
21683400
21683700
21684000
21684300
21684500
21684700
21685000
21685300
21685500
21685700
21685900
21686200
21686500
21686700
21686900
21687200
21687500
21687800
21688000
21688200
21688500
21688800
21689000
21689200
21689500
21689800
21690100
21690300
21690500
21690800
21691100
21691300
21691500
21691800
21692100
21692300
21692500
21692700
21693000
21693300
21693500
21693700
21694000
21694300
21754500
21754800
21755100
21755300
21755500
21755700
21756000
21756300
21756500
21756700
21757000
21757300
21757600
21757800
21758000
21758300
21758600
21758900
21759100
21759300
21759600
21759900
21760100
21760300
21760500
21760800
21761100
21761300
21761500
21761800
21762100
21762400
21762600
21762800
21763100
21763400
21763600
21763800
21764100
21764400
21764700
21764900
21765100
21765400
21765700
21765900
21766100
21766400
21766700
21766900
21767100
21767300
21767600
21767900
21768100
21768300
21768600
21768900
21769100
21769300
21769600
21769900
21770200
21770400
21770600
21770900
21771200
21771500
21771700
21771900
21772200
21772500
21772800
21773000
21773200
21773500
21773800
21774000
21774200
21774400
21774700
21775000
21775200
21775400
21775700
21776000
21776300
21776500
21776700
21777000
21777300
21777500
21777700
21778000
21778300
21778600
21778800
21779000
21779300
21779600
21841800
21842000
21842300
21842600
21842800
21843000
21843300
21843600
21843900
21844100
21844300
21844600
21844900
21845200
21845400
21845600
21845800
21846100
21846400
21846600
21846800
21847000
21847300
21847600
21847800
21848000
21848200
21848500
21848800
21849100
21849300
21849500
21849700
21850000
21850300
21850600
21850800
21851000
21851300
21851600
21851900
21852200
21852400
21852600
21852800
21853100
21853400
21853600
21853800
21854100
21854400
21854700
21854900
21855100
21855400
21855700
21856000
21856200
21856400
21856700
21857000
21857300
21857500
21857700
21857900
21858100
21858400
21858700
21859000
21859200
21859400
21859600
21859900
21860200
21860400
21860600
21860800
21861100
21861400
21861600
21861800
21862000
21862300
21862600
21862900
21863100
21863300
21863600
21863900
21864200
21864400
21864600
21864900
21865200
21865500
21865700
21865900
21866100
21866400
21866700
21927000
21927200
21927400
21927600
21927900
21928200
21928400
21928600
21928900
21929200
21929400
21929700
21930000
21930300
21930500
21930700
21931000
21931300
21931600
21931800
21932000
21932300
21932600
21932800
21933000
21933200
21933500
21933800
21934000
21934200
21934500
21934800
21935100
21935300
21935500
21935800
21936100
21936400
21936600
21936800
21937100
21937400
21937600
21937800
21938100
21938400
21938600
21938800
21939000
21939300
21939600
21939800
21940000
21940300
21940600
21940900
21941200
21941400
21941600
21941900
21942200
21942400
21942600
21942900
21943200
21943500
21943700
21943900
21944200
21944500
21944800
21945000
21945200
21945500
21945800
21946000
21946200
21946400
21946700
21947000
21947200
21947400
21947700
21948000
21948300
21948500
21948700
21949000
21949300
21949600
21949800
21950000
21950300
21950600
21950800
21951000
21951300
21951600
21951900
21952100
22012700
22012900
22013200
22013500
22013800
22014100
22014400
22014700
22014900
22015100
22015400
22015700
22016000
22016200
22016400
22016700
22017000
22017200
22017400
22017600
22017900
22018200
22018400
22018600
22018900
22019200
22019500
22019700
22019900
22020200
22020500
22020700
22020900
22021100
22021400
22021700
22021900
22022100
22022400
22022700
22023000
22023200
22023400
22023700
22024000
22024300
22024500
22024700
22025000
22025300
22025500
22025700
22026000
22026300
22026600
22026800
22027000
22027300
22027600
22027800
22028000
22028300
22028600
22028800
22029000
22029300
22029600
22029900
22030100
22030300
22030600
22030900
22031100
22031300
22031600
22031900
22032200
22032400
22032600
22032900
22033200
22033400
22033600
22033900
22034200
22034500
22034700
22034900
22035200
22035500
22035800
22036000
22036200
22036500
22036800
22037100
22037300
22037500
22037800
22038100
22101100
22101400
22101700
22102000
22102200
22102400
22102600
22102900
22103200
22103400
22103600
22103800
22104100
22104400
22104600
22104800
22105100
22105400
22105700
22105900
22106100
22106400
22106700
22106900
22107100
22107300
22107600
22107900
22108100
22108300
22108600
22108900
22109200
22109400
22109600
22109900
22110200
22110500
22110700
22110900
22111200
22111500
22111800
22112000
22112200
22112500
22112800
22113100
22113300
22113500
22113800
22114100
22114400
22114600
22114800
22115100
22115400
22115700
22115900
22116100
22116400
22116700
22116900
22117100
22117300
22117600
22117900
22118100
22118300
22118600
22118900
22119200
22119400
22119600
22119900
22120200
22120400
22120600
22120900
22121200
22121500
22121700
22121900
22122200
22122500
22122800
22123000
22123200
22123500
22123800
22124100
22124300
22124500
22124800
22125100
22125400
22125600
22125800
22126100
22126400
22187100
22187400
22187700
22188000
22188200
22188400
22188700
22189000
22189300
22189500
22189700
22190000
22190300
22190600
22190800
22191000
22191300
22191600
22191900
22192100
22192300
22192600
22192900
22193200
22193400
22193600
22193900
22194200
22194400
22194600
22194900
22195200
22195500
22195800
22196000
22196200
22196500
22196800
22197000
22197200
22197500
22197800
22198100
22198300
22198500
22198800
22199100
22199400
22199600
22199800
22200000
22200300
22200600
22200900
22201100
22201300
22201600
22201900
22202200
22202400
22202600
22202900
22203200
22203500
22203700
22203900
22204100
22204400
22204700
22204900
22205100
22205400
22205700
22206000
22206200
22206400
22206700
22207000
22207200
22207400
22207700
22208000
22208200
22208400
22208700
22209000
22209300
22209500
22209700
22210000
22210300
22210500
22210700
22211000
22211300
22211500
22211700
22211900
22212200
22212500
22273300
22273500
22273700
22273900
22274200
22274500
22274700
22274900
22275100
22275400
22275700
22275900
22276100
22276400
22276700
22277000
22277200
22277400
22277700
22278000
22278300
22278500
22278700
22279000
22279300
22279500
22279700
22280000
22280300
22280600
22280800
22281000
22281300
22281600
22281800
22282000
22282300
22282600
22282800
22283000
22283300
22283600
22283900
22284100
22284300
22284600
22284900
22285100
22285300
22285600
22285900
22286200
22286400
22286600
22286900
22287200
22287400
22287600
22287900
22288200
22288500
22288700
22288900
22289200
22289500
22289800
22290000
22290200
22290500
22290800
22291000
22291200
22291400
22291700
22292000
22292200
22292400
22292700
22293000
22293300
22293500
22293700
22294000
22294300
22294500
22294700
22295000
22295300
22295500
22295700
22296000
22296300
22296600
22296800
22297000
22297300
22297600
22297800
22298000
22298300
22361900
22362100
22362300
22362500
22362800
22363100
22363300
22363500
22363700
22364000
22364300
22364500
22364700
22364900
22365200
22365500
22365700
22365900
22366100
22366400
22366700
22366900
22367100
22367400
22367600
22367800
22368100
22368400
22368600
22368800
22369100
22369400
22369700
22369900
22370100
22370400
22370700
22370900
22371100
22371400
22371700
22371900
22372100
22372400
22372700
22373000
22373200
22373400
22373700
22374000
22374200
22374400
22374700
22375000
22375300
22375500
22375700
22375900
22376100
22376400
22376700
22376900
22377100
22377400
22377700
22378000
22378200
22378400
22378700
22379000
22379300
22379500
22379700
22380000
22380300
22380500
22380700
22380900
22381200
22381500
22381700
22381900
22382200
22382500
22382800
22383000
22383200
22383500
22383800
22384000
22384200
22384400
22384700
22385000
22385200
22385400
22385700
22386000
22386200
22386400
22447500
22447800
22448100
22448300
22448500
22448800
22449100
22449400
22449600
22449800
22450100
22450400
22450700
22450900
22451100
22451400
22451700
22451900
22452100
22452400
22452700
22453000
22453200
22453400
22453700
22454000
22454300
22454500
22454700
22455000
22455300
22455600
22455800
22456000
22456300
22456600
22456800
22457000
22457300
22457600
22457900
22458100
22458300
22458600
22458900
22459100
22459300
22459600
22459900
22460200
22460400
22460600
22460900
22461200
22461400
22461600
22461900
22462200
22462500
22462700
22462900
22463200
22463500
22463700
22463900
22464200
22464500
22464800
22465000
22465200
22465500
22465800
22466000
22466200
22466500
22466800
22467100
22467300
22467500
22467800
22468100
22468400
22468600
22468800
22469100
22469400
22469700
22469900
22470100
22470400
22470700
22470900
22471100
22471400
22471700
22472000
22472200
22472400
22472700
22473000
22534900
22535100
22535300
22535600
22535900
22536200
22536400
22536600
22536900
22537200
22537400
22537600
22537900
22538200
22538400
22538600
22538800
22539100
22539400
22539600
22539800
22540100
22540400
22540600
22540800
22541000
22541300
22541600
22541800
22542000
22542300
22542600
22542900
22543100
22543300
22543600
22543900
22544200
22544400
22544600
22544900
22545200
22545400
22545600
22545800
22546100
22546400
22546600
22546800
22547100
22547400
22547700
22547900
22548100
22548400
22548700
22548900
22549100
22549400
22549700
22549900
22550100
22550400
22550700
22551000
22551200
22551400
22551700
22552000
22552200
22552400
22552700
22553000
22553300
22553500
22553700
22554000
22554300
22554500
22554700
22555000
22555300
22555600
22555800
22556000
22556300
22556600
22556900
22557100
22557300
22557600
22557900
22558100
22558300
22558500
22558800
22559100
22559300
22559500
22559800
22621700
22622000
22622300
22622500
22622700
22623000
22623300
22623600
22623800
22624000
22624300
22624600
22624800
22625000
22625300
22625600
22625800
22626000
22626300
22626600
22626900
22627100
22627300
22627600
22627900
22628100
22628300
22628600
22628900
22629200
22629400
22629600
22629900
22630200
22630400
22630600
22630900
22631200
22631500
22631700
22631900
22632200
22632500
22632800
22633000
22633200
22633500
22633800
22634000
22634200
22634400
22634700
22635000
22635200
22635400
22635700
22636000
22636300
22636500
22636700
22637000
22637300
22637500
22637700
22638000
22638300
22638600
22638800
22639000
22639300
22639600
22639800
22640000
22640300
22640600
22640800
22641000
22641300
22641600
22641900
22642100
22642300
22642600
22642900
22643100
22643300
22643600
22643900
22644200
22644400
22644600
22644900
22645200
22645400
22645600
22645800
22646100
22646400
22646600
22646800
22708500
22708800
22709100
22709400
22709600
22709800
22710100
22710400
22710700
22710900
22711100
22711400
22711700
22711900
22712100
22712400
22712600
22712900
22713200
22713400
22713600
22713900
22714200
22714500
22714700
22714900
22715200
22715500
22715800
22716000
22716200
22716500
22716800
22717100
22717300
22717500
22717800
22718100
22718400
22718600
22718800
22719100
22719400
22719700
22719900
22720100
22720400
22720700
22720900
22721100
22721300
22721600
22721900
22722100
22722300
22722600
22722900
22723200
22723400
22723600
22723900
22724200
22724400
22724600
22724900
22725200
22725400
22725600
22725900
22726200
22726500
22726700
22726900
22727200
22727500
22727700
22727900
22728200
22728500
22728800
22729000
22729200
22729500
22729800
22730000
22730200
22730500
22730800
22731100
22731300
22731500
22731800
22732100
22732400
22732600
22732800
22733100
22733400
22733600
22733800
22796200
22796500
22796800
22797000
22797200
22797400
22797700
22798000
22798300
22798600
22798900
22799200
22799500
22799900
22800100
22800300
22800600
22800900
22801200
22801400
22801600
22801900
22802200
22802500
22802700
22802900
22803200
22803500
22803700
22803900
22804200
22804500
22804800
22805000
22805200
22805500
22805800
22806000
22806200
22806500
22806800
22807100
22807300
22807500
22807800
22808100
22808400
22808600
22808800
22809100
22809400
22809600
22809800
22810000
22810300
22810600
22810800
22811000
22811300
22811600
22811900
22812100
22812300
22812500
22812800
22813100
22813300
22813500
22813800
22814100
22814400
22814600
22814800
22815000
22815300
22815600
22815800
22816000
22816300
22816600
22816900
22817100
22817300
22817600
22817900
22818200
22818400
22818600
22818800
22819100
22819400
22819600
22819800
22820000
22820300
22820600
22820800
22821000
22821300
22821600
22885600
22885900
22886100
22886300
22886600
22886900
22887200
22887400
22887600
22887900
22888200
22888500
22888700
22888900
22889200
22889500
22889800
22890000
22890200
22890500
22890800
22891000
22891200
22891500
22891800
22892000
22892200
22892500
22892800
22893100
22893300
22893500
22893800
22894100
22894300
22894500
22894800
22895100
22895300
22895500
22895800
22896100
22896400
22896600
22896800
22897100
22897400
22897600
22897800
22898000
22898300
22898600
22898800
22899000
22899300
22899600
22899900
22900100
22900300
22900600
22900900
22901100
22901300
22901600
22901900
22902200
22902400
22902600
22902900
22903200
22903400
22903600
22903900
22904200
22904500
22904700
22904900
22905200
22905500
22905700
22905900
22906200
22906500
22906700
22906900
22907200
22907500
22907700
22907900
22908200
22908500
22908800
22909000
22909200
22909500
22909800
22910000
22910200
22910500
22910800
22972600
22972900
22973100
22973300
22973600
22973900
22974200
22974400
22974600
22974900
22975200
22975400
22975600
22975800
22976100
22976400
22976600
22976800
22977100
22977400
22977700
22977900
22978100
22978400
22978700
22978900
22979100
22979400
22979700
22980000
22980200
22980400
22980700
22981000
22981200
22981400
22981700
22982000
22982200
22982400
22982700
22983000
22983300
22983500
22983700
22984000
22984300
22984500
22984700
22985000
22985300
22985600
22985800
22986000
22986300
22986600
22986900
22987100
22987300
22987600
22987900
22988200
22988400
22988600
22988900
22989200
22989400
22989600
22989900
22990200
22990500
22990700
22990900
22991200
22991500
22991800
22992000
22992200
22992500
22992800
22993000
22993200
22993500
22993800
22994000
22994200
22994500
22994800
22995100
22995300
22995500
22995800
22996100
22996300
22996500
22996800
22997100
22997400
22997600
22997800
23060400
23060600
23060800
23061000
23061200
23061500
23061800
23062000
23062200
23062400
23062700
23063000
23063200
23063400
23063600
23063900
23064200
23064400
23064600
23064800
23065100
23065400
23065600
23065800
23066100
23066400
23066700
23066900
23067100
23067400
23067700
23067900
23068100
23068400
23068700
23069000
23069200
23069400
23069700
23070000
23070200
23070400
23070700
23071000
23071200
23071400
23071700
23072000
23072300
23072500
23072700
23073000
23073300
23073500
23073700
23074000
23074300
23074500
23074700
23074900
23075200
23075500
23075700
23075900
23076200
23076500
23076800
23077000
23077200
23077500
23077800
23078100
23078300
23078500
23078800
23079100
23079300
23079500
23079700
23080000
23080300
23080500
23080700
23081000
23081300
23081500
23081700
23081900
23082200
23082500
23082700
23082900
23083200
23083500
23083700
23083900
23084200
23084500
23084700
23084900
23149900
23150100
23150400
23150700
23150900
23151100
23151300
23151600
23151900
23152200
23152400
23152600
23152900
23153200
23153500
23153700
23153900
23154100
23154400
23154700
23154900
23155100
23155300
23155600
23155900
23156100
23156300
23156500
23156800
23157100
23157300
23157500
23157800
23158100
23158400
23158700
23158900
23159100
23159400
23159700
23159900
23160100
23160300
23160600
23160900
23161100
23161300
23161600
23161900
23162200
23162400
23162600
23162800
23163100
23163400
23163600
23163800
23164100
23164400
23164700
23164900
23165100
23165300
23165600
23165900
23166200
23166400
23166600
23166900
23167200
23167500
23167700
23167900
23168200
23168500
23168800
23169100
23169300
23169500
23169800
23170100
23170400
23170600
23170800
23171100
23171400
23171700
23171900
23172100
23172400
23172700
23173000
23173200
23173400
23173700
23174000
23174300
23174500
23174700
23175000
23237600
23237900
23238100
23238300
23238600
23238900
23239200
23239400
23239600
23239900
23240200
23240500
23240700
23240900
23241200
23241500
23241800
23242100
23242300
23242500
23242800
23243100
23243400
23243600
23243800
23244100
23244400
23244700
23244900
23245100
23245400
23245700
23246000
23246300
23246500
23246700
23247000
23247300
23247600
23247800
23248000
23248300
23248600
23248900
23249100
23249300
23249500
23249800
23250100
23250300
23250500
23250700
23251000
23251300
23251500
23251700
23252000
23252300
23252600
23252800
23253000
23253200
23253500
23253800
23254000
23254200
23254400
23254700
23255000
23255200
23255400
23255600
23255900
23256200
23256500
23256700
23256900
23257100
23257400
23257700
23258000
23258200
23258400
23258700
23259000
23259300
23259500
23259700
23259900
23260200
23260500
23260700
23260900
23261100
23261400
23261700
23261900
23262100
23262300
23262600
23325800
23326000
23326200
23326400
23326700
23327000
23327200
23327400
23327700
23328000
23328300
23328500
23328700
23329000
23329300
23329600
23329800
23330000
23330200
23330500
23330800
23331000
23331200
23331400
23331700
23332000
23332200
23332400
23332600
23332900
23333200
23333500
23333700
23333900
23334200
23334500
23334800
23335000
23335200
23335500
23335800
23336100
23336300
23336500
23336700
23337000
23337300
23337600
23337800
23338000
23338300
23338600
23338900
23339100
23339300
23339600
23339900
23340200
23340400
23340600
23340900
23341200
23341400
23341600
23341800
23342100
23342400
23342600
23342800
23343100
23343400
23343700
23344000
23344200
23344400
23344700
23345000
23345200
23345400
23345600
23345900
23346200
23346400
23346600
23346800
23347000
23347300
23347600
23347800
23348000
23348200
23348500
23348800
23349000
23349200
23349400
23349700
23350000
23350200
23350400
23415300
23415500
23415800
23416100
23416400
23416600
23416800
23417100
23417400
23417600
23417800
23418100
23418400
23418700
23418900
23419100
23419400
23419700
23419900
23420100
23420400
23420700
23421000
23421200
23421400
23421700
23422000
23422300
23422500
23422700
23423000
23423300
23423600
23423800
23424000
23424300
23424600
23424900
23425100
23425300
23425600
23425900
23426200
23426400
23426600
23426900
23427200
23427400
23427600
23427800
23428100
23428400
23428600
23428800
23429100
23429400
23429700
23429900
23430100
23430400
23430700
23430900
23431100
23431400
23431700
23432000
23432200
23432400
23432700
23433000
23433200
23433400
23433600
23433900
23434200
23434400
23434600
23434900
23435200
23435500
23435700
23435900
23436200
23436500
23436800
23437000
23437200
23437500
23437800
23438100
23438300
23438500
23438800
23439100
23439400
23439600
23439800
23440100
23440400
23440600
23503400
23503700
23504000
23504200
23504400
23504700
23505000
23505300
23505500
23505700
23506000
23506300
23506500
23506700
23507000
23507300
23507600
23507800
23508000
23508300
23508600
23508800
23509000
23509300
23509600
23509900
23510200
23510400
23510600
23510800
23511100
23511400
23511700
23511900
23512100
23512400
23512700
23513000
23513200
23513400
23513700
23514000
23514300
23514500
23514700
23515000
23515300
23515500
23515700
23516000
23516300
23516600
23516800
23517000
23517200
23517500
23517800
23518000
23518200
23518400
23518700
23519000
23519200
23519400
23519700
23520000
23520300
23520500
23520700
23521000
23521300
23521600
23521900
23522100
23522300
23522600
23522900
23523200
23523400
23523600
23523900
23524200
23524500
23524700
23524900
23525100
23525300
23525600
23525900
23526200
23526400
23526600
23526900
23527200
23527500
23529000
23529300
23529500
23529700
23530000
23593800
23594000
23594200
23594500
23594700
23595000
23595300
23595500
23595700
23595900
23596100
23596400
23596600
23596800
23597000
23597300
23597600
23597900
23598200
23598500
23598700
23599000
23599400
23599700
23600000
23600200
23600400
23600700
23601000
23601300
23601500
23601700
23601900
23602200
23602500
23602700
23602900
23603100
23603400
23603700
23603900
23604100
23604400
23604700
23605000
23605200
23605400
23605700
23606000
23606300
23606500
23606700
23607000
23607300
23607500
23607700
23607900
23608200
23608500
23608700
23608900
23609200
23609500
23609800
23610000
23610200
23610500
23610800
23611100
23611300
23611500
23611800
23612100
23612400
23612600
23612800
23613100
23613400
23613700
23613900
23614100
23614400
23614700
23615000
23615200
23615400
23615700
23616000
23616300
23616500
23616700
23617000
23617300
23617600
23617800
23618000
23618300
23618600
23618900
23619100
23684500
23684700
23684900
23685200
23685500
23685700
23685900
23686200
23686500
23686800
23687000
23687200
23687500
23687800
23688000
23688200
23688500
23688800
23689100
23689300
23689500
23689800
23690100
23690300
23690500
23690800
23691100
23691400
23691600
23691800
23692100
23692400
23692700
23692900
23693100
23693400
23693700
23694000
23694200
23694400
23694700
23695000
23695200
23695400
23695600
23695900
23696200
23696400
23696600
23696900
23697200
23697500
23697800
23698000
23698200
23698500
23698800
23699100
23699300
23699500
23699800
23700100
23700300
23700500
23700800
23701100
23701400
23701600
23701800
23702100
23702400
23702600
23702800
23703100
23703400
23703700
23703900
23704100
23704400
23704700
23704900
23705100
23705300
23705600
23705800
23706100
23706400
23706600
23706800
23707000
23707300
23707600
23707800
23708000
23708300
23708600
23708900
23709100
23709300
23709600
23772800
23773100
23773400
23773600
23773800
23774100
23774400
23774600
23774800
23775000
23775300
23775600
23775800
23776000
23776300
23776600
23776800
23777000
23777300
23777600
23777900
23778100
23778300
23778600
23778900
23779100
23779300
23779600
23779900
23780200
23780400
23780600
23780900
23781200
23781400
23781600
23781900
23782200
23782500
23782700
23782900
23783200
23783500
23783800
23784000
23784200
23784500
23784800
23785100
23785300
23785500
23785800
23786100
23786300
23786500
23786800
23787100
23787400
23787600
23787800
23788100
23788400
23788600
23788800
23789100
23789400
23789700
23789900
23790100
23790400
23790700
23790900
23791100
23791400
23791700
23791900
23792100
23792400
23792700
23793000
23793200
23793400
23793700
23794000
23794200
23794400
23794600
23794900
23795200
23795400
23795600
23795900
23796200
23796500
23796700
23796900
23797200
23797500
23797800
23798000
23861600
23861800
23862100
23862400
23862700
23863000
23863200
23863400
23863700
23864000
23864300
23864500
23864700
23865000
23865300
23865500
23865700
23866000
23866300
23866600
23866800
23867000
23867300
23867600
23867800
23868000
23868300
23868600
23868800
23869000
23869300
23869600
23869900
23870100
23870300
23870600
23870900
23871100
23871300
23871600
23871900
23872200
23872400
23872600
23872900
23873200
23873500
23873700
23873900
23874200
23874500
23874700
23874900
23875100
23875400
23875700
23875900
23876100
23876400
23876700
23877000
23877200
23877400
23877700
23878000
23878200
23878400
23878700
23879000
23879300
23879500
23879700
23880000
23880300
23880500
23880700
23881000
23881300
23881500
23881700
23882000
23882300
23882600
23882800
23883000
23883300
23883600
23883800
23884000
23884300
23884600
23884900
23885100
23885300
23885600
23885900
23886100
23886300
23886600
23886900
23953500
23953800
23954100
23954400
23954700
23954900
23955100
23955400
23955700
23956000
23956200
23956400
23956700
23957000
23957200
23957400
23957700
23958000
23958200
23958400
23958600
23958900
23959200
23959400
23959600
23959900
23960200
23960500
23960700
23960900
23961200
23961500
23961700
23961900
23962200
23962500
23962800
23963000
23963200
23963500
23963800
23964100
23964300
23964500
23964800
23965100
23965300
23965500
23965700
23966000
23966300
23966500
23966700
23967000
23967300
23967600
23967800
23968000
23968300
23968600
23968900
23969100
23969300
23969600
23969900
23970100
23970300
23970600
23970900
23971100
23971300
23971500
23971800
23972100
23972300
23972500
23972800
23973100
23973300
23973500
23973800
23974100
23974400
23974600
23974800
23975100
23975400
23975600
23975800
23976100
23976400
23976700
23976900
23977100
23977400
23977700
23977900
23978100
23978300
23978600
24042900
24043100
24043300
24043600
24043900
24044100
24044300
24044500
24044800
24045100
24045300
24045500
24045800
24046100
24046400
24046600
24046800
24047100
24047400
24047600
24047800
24048100
24048400
24048700
24048900
24049100
24049400
24049700
24049900
24050100
24050400
24050700
24050900
24051100
24051400
24051700
24052000
24052200
24052400
24052700
24053000
24053200
24053400
24053700
24054000
24054300
24054500
24054700
24055000
24055300
24055600
24055800
24056000
24056300
24056600
24056800
24057000
24057200
24057500
24057800
24058000
24058200
24058500
24058800
24059100
24059300
24059500
24059800
24060100
24060300
24060500
24060800
24061100
24061400
24061600
24061800
24062100
24062400
24062600
24062800
24063100
24063400
24063600
24063800
24064100
24064400
24064700
24064900
24065100
24065400
24065700
24065900
24066100
24066400
24066700
24067000
24067200
24067400
24067700
24068000
24132400
24132700
24132900
24133100
24133300
24133600
24133900
24134100
24134300
24134500
24134800
24135100
24135300
24135500
24135800
24136100
24136400
24136600
24136800
24137100
24137400
24137600
24137800
24138100
24138400
24138700
24138900
24139100
24139400
24139700
24139900
24140100
24140400
24140700
24140900
24141100
24141300
24141600
24141900
24142100
24142300
24142600
24142900
24143100
24143300
24143600
24143900
24144200
24144400
24144600
24144900
24145200
24145500
24145700
24145900
24146200
24146500
24146700
24146900
24147100
24147400
24147700
24147900
24148100
24148400
24148700
24149000
24149200
24149400
24149700
24150000
24150200
24150400
24150600
24150900
24151200
24151400
24151600
24151900
24152200
24152400
24152600
24152900
24153200
24153500
24153700
24153900
24154200
24154500
24154700
24154900
24155200
24155500
24155700
24155900
24156100
24156400
24156700
24156900
24157100
24223300
24223600
24223900
24224200
24224400
24224600
24224800
24225100
24225400
24225700
24225900
24226100
24226400
24226700
24227000
24227200
24227400
24227700
24228000
24228300
24228500
24228700
24229000
24229300
24229500
24229700
24229900
24230200
24230500
24230700
24230900
24231200
24231500
24231800
24232000
24232200
24232500
24232800
24233000
24233200
24233500
24233800
24234100
24234300
24234500
24234800
24235100
24235400
24235600
24235800
24236000
24236300
24236600
24236800
24237000
24237200
24237500
24237800
24238000
24238200
24238400
24238700
24239000
24239200
24239400
24239600
24239900
24240200
24240400
24240600
24240800
24241100
24241400
24241600
24241800
24242100
24242400
24242700
24242900
24243100
24243400
24243700
24244000
24244200
24244400
24244700
24245000
24245200
24245400
24245700
24246000
24246300
24246500
24246700
24247000
24247300
24247500
24247700
24248000
24248300
24313200
24313400
24313600
24313800
24314100
24314400
24314600
24314800
24315000
24315300
24315600
24315800
24316000
24316200
24316500
24316800
24317000
24317200
24317400
24317700
24318000
24318200
24318400
24318600
24318900
24319200
24319400
24319600
24319900
24320200
24320500
24320700
24320900
24321200
24321500
24321700
24322000
24322300
24322600
24322800
24323000
24323200
24323500
24323800
24324000
24324200
24324400
24324700
24325000
24325200
24325400
24325600
24325900
24326200
24326400
24326600
24326900
24327200
24327500
24327700
24327900
24328200
24328500
24328700
24328900
24329200
24329500
24329800
24330000
24330200
24330500
24330800
24331000
24331200
24331500
24331800
24332000
24332200
24332500
24332800
24333100
24333300
24333500
24333800
24334100
24334300
24334500
24334700
24335000
24335300
24335500
24335700
24336000
24336300
24336600
24336800
24337000
24337300
24337600
24337800
24403000
24403200
24403500
24403700
24404000
24404300
24404600
24404900
24405100
24405300
24405500
24405800
24406100
24406300
24406500
24406800
24407100
24407400
24407600
24407800
24408000
24408300
24408600
24408900
24409200
24409500
24409800
24410100
24410400
24410600
24410800
24411000
24411200
24411500
24411800
24412100
24412400
24412700
24413000
24413300
24413600
24413900
24414200
24414500
24414700
24414900
24415200
24415500
24415800
24416000
24416200
24416500
24416800
24417100
24417300
24417500
24417800
24418100
24418400
24418600
24418800
24419100
24419400
24419600
24419800
24420100
24420400
24420700
24420900
24421100
24421400
24421700
24421900
24422100
24422400
24422700
24423000
24423200
24423400
24423700
24424000
24424200
24424400
24424700
24425000
24425200
24425400
24425700
24426000
24426300
24426500
24426700
24427000
24427300
24427500
24427700
24427900
24428200
24428500
24428700
24495400
24495600
24495800
24496100
24496400
24496700
24496900
24497100
24497400
24497700
24498000
24498200
24498400
24498700
24499000
24499200
24499400
24499600
24499900
24500200
24500400
24500600
24500900
24501200
24501400
24501600
24501900
24502200
24502500
24502700
24502900
24503200
24503500
24503700
24503900
24504200
24504500
24504800
24505000
24505200
24505500
24505800
24506000
24506200
24506500
24506800
24507100
24507300
24507500
24507800
24508100
24508400
24508600
24508800
24509100
24509400
24509700
24510000
24510200
24510400
24510600
24510900
24511200
24511400
24511600
24511900
24512200
24512500
24512700
24512900
24513200
24513500
24513700
24513900
24514200
24514500
24514800
24515000
24515200
24515500
24515800
24516000
24516200
24516500
24516800
24517000
24517200
24517500
24517800
24518100
24518300
24518500
24518800
24519100
24519300
24519500
24519800
24520100
24520400
24520600
24585700
24586000
24586300
24586600
24586800
24587000
24587300
24587600
24587800
24588000
24588200
24588500
24588800
24589000
24589200
24589500
24589800
24590000
24590200
24590400
24590700
24591000
24591200
24591400
24591700
24592000
24592200
24592400
24592700
24593000
24593300
24593500
24593700
24594000
24594300
24594500
24594700
24595000
24595300
24595500
24595700
24596000
24596300
24596600
24596800
24597000
24597300
24597600
24597800
24598000
24598200
24598500
24598800
24599000
24599200
24599500
24599800
24600100
24600300
24600500
24600800
24601100
24601400
24601600
24601800
24602100
24602400
24602600
24602800
24603100
24603400
24603700
24603900
24604100
24604400
24604700
24604900
24605100
24605400
24605700
24606000
24606200
24606400
24606700
24607000
24607200
24607400
24607700
24608000
24608200
24608400
24608700
24609000
24609300
24609500
24609700
24610000
24610300
24610500
24610700
24675500
24675700
24675900
24676200
24676500
24676800
24677000
24677200
24677500
24677800
24678100
24678300
24678500
24678800
24679100
24679400
24679600
24679800
24680100
24680400
24680600
24680800
24681000
24681300
24681600
24681800
24682000
24682300
24682600
24682800
24683000
24683300
24683600
24683900
24684100
24684300
24684600
24684900
24685100
24685300
24685600
24685900
24686200
24686400
24686600
24686900
24687200
24687400
24687600
24687900
24688200
24688500
24688700
24688900
24689200
24689500
24689800
24690000
24690200
24690500
24690800
24691000
24691200
24691400
24691700
24692000
24692200
24692400
24692700
24693000
24693300
24693500
24693700
24694000
24694300
24694500
24694700
24695000
24695300
24695600
24695800
24696000
24696300
24696600
24696800
24697000
24697300
24697600
24697900
24698100
24698300
24698600
24698900
24699100
24699300
24699600
24699900
24700100
24700300
24700500
24765200
24765500
24765800
24766000
24766200
24766400
24766700
24767000
24767200
24767400
24767600
24767900
24768200
24768400
24768600
24768900
24769200
24769500
24769700
24769900
24770200
24770500
24770700
24770900
24771100
24771400
24771700
24771900
24772100
24772400
24772700
24772900
24773100
24773400
24773700
24774000
24774200
24774400
24774700
24775000
24775200
24775400
24775600
24775900
24776200
24776400
24776600
24776900
24777200
24777400
24777600
24777900
24778200
24778500
24778700
24778900
24779200
24779500
24779700
24779900
24780100
24780400
24780700
24780900
24781100
24781400
24781700
24782000
24782200
24782400
24782700
24783000
24783200
24783400
24783700
24784000
24784300
24784500
24784700
24785000
24785300
24785500
24785700
24786000
24786300
24786600
24786800
24787000
24787300
24787600
24787900
24788100
24788300
24788600
24788900
24789100
24789300
24789600
24789900
24790100
24855500
24855800
24856100
24856300
24856500
24856800
24857100
24857400
24857600
24857800
24858100
24858400
24858700
24858900
24859100
24859400
24859700
24860000
24860200
24860400
24860700
24861000
24861300
24861500
24861700
24862000
24862300
24862600
24862800
24863000
24863300
24863600
24863800
24864000
24864200
24864500
24864800
24865000
24865200
24865500
24865800
24866100
24866300
24866500
24866800
24867100
24867300
24867500
24867800
24868100
24868400
24868600
24868800
24869000
24869300
24869600
24869800
24870000
24870300
24870600
24870900
24871100
24871300
24871600
24871900
24872200
24872400
24872600
24872900
24873200
24873500
24873700
24873900
24874200
24874500
24874800
24875000
24875200
24875500
24875800
24876100
24876300
24876500
24876800
24877100
24877400
24877600
24877800
24878100
24878400
24878600
24878800
24879000
24879300
24879600
24879800
24880000
24880300
24880600
24880800
24946500
24946700
24946900
24947100
24947400
24947700
24948000
24948200
24948400
24948700
24949000
24949300
24949500
24949700
24949900
24950200
24950500
24950800
24951000
24951200
24951400
24951700
24952000
24952300
24952500
24952700
24953000
24953300
24953600
24953800
24954000
24954300
24954600
24954900
24955100
24955300
24955500
24955800
24956100
24956300
24956500
24956700
24957000
24957300
24957500
24957700
24958000
24958300
24958600
24958800
24959000
24959300
24959600
24959900
24960100
24960300
24960600
24960900
24961200
24961400
24961600
24961800
24962100
24962400
24962700
24962900
24963100
24963400
24963700
24964000
24964200
24964400
24964600
24964900
24965200
24965500
24965700
24965900
24966200
24966500
24966800
24967100
24967300
24967500
24967800
24968100
24968400
24968600
24968800
24969100
24969400
24969700
24969900
24970100
24970400
24970700
24971000
24971200
24971400
24971700
25041300
25041600
25041800
25042000
25042200
25042500
25042800
25043000
25043200
25043500
25043800
25044100
25044300
25044500
25044800
25045100
25045400
25045600
25045800
25046100
25046400
25046600
25046800
25047100
25047400
25047700
25047900
25048100
25048400
25048700
25048900
25049100
25049400
25049700
25049900
25050100
25050400
25050700
25051000
25051200
25051400
25051700
25052000
25052200
25052400
25052700
25053000
25053200
25053400
25053700
25054000
25054300
25054500
25054700
25055000
25055300
25055500
25055700
25056000
25056300
25056600
25056800
25057000
25057300
25057600
25057800
25058000
25058300
25058600
25058900
25059100
25059300
25059600
25059900
25060100
25060300
25060500
25060800
25061100
25061300
25061500
25061800
25062100
25062300
25062500
25062800
25063100
25063400
25063600
25063800
25064100
25064400
25064600
25064800
25065100
25065400
25065600
25065800
25066100
25066400
25132000
25132200
25132400
25132700
25133000
25133300
25133500
25133700
25134000
25134300
25134500
25134700
25134900
25135200
25135500
25135700
25135900
25136200
25136500
25136800
25137000
25137200
25137500
25137800
25138000
25138200
25138500
25138800
25139100
25139300
25139500
25139800
25140100
25140300
25140500
25140800
25141100
25141300
25141500
25141800
25142100
25142400
25142600
25142800
25143100
25143400
25143700
25144000
25144300
25144600
25144900
25145100
25145300
25145600
25145900
25146200
25146400
25146600
25146900
25147200
25147500
25147700
25147900
25148100
25148400
25148700
25148900
25149100
25149400
25149700
25150000
25150200
25150400
25150700
25151000
25151200
25151400
25151700
25152000
25152300
25152500
25152700
25153000
25153300
25153500
25153700
25154000
25154300
25154500
25154700
25155000
25155300
25155600
25155800
25156000
25156300
25156600
25156900
25157100
25157300
25223900
25224100
25224400
25224700
25225000
25225200
25225400
25225700
25226000
25226200
25226400
25226700
25227000
25227300
25227600
25227800
25228000
25228200
25228500
25228800
25229100
25229300
25229500
25229800
25230100
25230300
25230500
25230700
25231000
25231300
25231500
25231700
25231900
25232100
25232300
25232600
25232900
25233200
25233400
25233600
25234000
25234300
25234600
25234800
25235000
25235300
25235500
25235800
25236200
25236400
25236700
25237000
25237300
25237500
25237700
25237900
25238200
25238500
25238700
25238900
25239100
25239400
25239700
25239900
25240100
25240300
25240600
25240900
25241100
25241300
25241600
25241900
25242200
25242400
25242600
25242900
25243200
25243400
25243600
25243900
25244200
25244500
25244700
25244900
25245200
25245500
25245700
25245900
25246200
25246500
25246700
25246900
25247200
25247500
25247800
25248000
25248200
25248500
25248800
25249100
25317600
25317800
25318000
25318300
25318600
25318900
25319100
25319300
25319600
25319900
25320200
25320400
25320600
25320900
25321200
25321400
25321600
25321900
25322200
25322500
25322700
25322900
25323200
25323500
25323700
25323900
25324200
25324500
25324800
25325000
25325200
25325500
25325800
25326000
25326200
25326400
25326700
25327000
25327200
25327400
25327700
25328000
25328300
25328500
25328700
25329000
25329300
25329500
25329700
25329900
25330200
25330500
25330800
25331000
25331200
25331500
25331800
25332100
25332300
25332500
25332800
25333100
25333300
25333500
25333800
25334100
25334400
25334600
25334800
25335100
25335400
25335700
25335900
25336100
25336400
25336700
25336900
25337100
25337400
25337700
25338000
25338200
25338400
25338700
25339000
25339200
25339400
25339600
25339900
25340200
25340400
25340600
25340900
25341200
25341400
25341600
25341800
25342100
25342400
25342700
25409000
25409200
25409400
25409700
25410000
25410300
25410500
25410700
25411000
25411300
25411500
25411700
25412000
25412300
25412600
25412800
25413000
25413300
25413600
25413900
25414100
25414300
25414600
25414900
25415100
25415300
25415600
25415900
25416100
25416300
25416500
25416800
25417100
25417300
25417500
25417700
25418000
25418300
25418500
25418700
25419000
25419300
25419500
25419700
25419900
25420200
25420500
25420800
25421000
25421200
25421500
25421800
25422100
25422300
25422500
25422800
25423100
25423300
25423500
25423800
25424100
25424400
25424700
25424900
25425100
25425400
25425700
25425900
25426100
25426400
25426700
25427000
25427200
25427400
25427700
25428000
25428200
25428400
25428700
25429000
25429300
25429500
25429700
25430000
25430300
25430500
25430700
25431000
25431300
25431600
25431800
25432000
25432300
25432600
25432800
25433000
25433200
25433500
25433800
25434100
25500700
25501000
25501300
25501600
25501800
25502000
25502300
25502600
25502900
25503100
25503300
25503500
25503800
25504100
25504300
25504500
25504800
25505100
25505400
25505600
25505800
25506100
25506400
25506600
25506800
25507000
25507300
25507600
25507800
25508000
25508300
25508600
25508800
25509000
25509300
25509600
25509900
25510100
25510300
25510600
25510900
25511200
25511400
25511600
25511900
25512200
25512400
25512600
25512800
25513100
25513400
25513600
25513800
25514100
25514400
25514700
25514900
25515100
25515300
25515600
25515900
25516100
25516300
25516600
25516900
25517200
25517400
25517600
25517900
25518200
25518400
25518600
25518900
25519200
25519500
25519700
25519900
25520200
25520500
25520800
25521000
25521200
25521500
25521800
25522000
25522200
25522500
25522800
25523000
25523200
25523400
25523700
25524000
25524200
25524400
25524700
25525000
25525300
25525500
25525700
25595400
25595600
25595800
25596100
25596400
25596600
25596800
25597000
25597300
25597600
25597800
25598000
25598300
25598600
25598900
25599100
25599300
25599500
25599800
25600100
25600300
25600500
25600800
25601100
25601400
25601600
25601800
25602100
25602400
25602600
25602800
25603000
25603300
25603600
25603900
25604100
25604300
25604600
25604900
25605100
25605300
25605500
25605800
25606100
25606300
25606500
25606800
25607100
25607400
25607700
25607900
25608100
25608400
25608700
25609000
25609200
25609400
25609700
25610000
25610300
25610500
25610700
25611000
25611300
25611600
25611800
25612000
25612300
25612600
25612800
25613000
25613300
25613600
25613900
25614100
25614300
25614600
25614900
25615100
25615300
25615600
25615900
25616200
25616400
25616600
25616900
25617200
25617500
25617700
25617900
25618200
25618500
25618700
25618900
25619200
25619500
25619800
25620000
25620200
25620500
25687700
25688000
25688300
25688600
25688800
25689000
25689300
25689600
25689900
25690100
25690300
25690600
25690900
25691100
25691300
25691500
25691800
25692100
25692400
25692600
25692800
25693100
25693400
25693600
25693800
25694100
25694400
25694700
25694900
25695100
25695400
25695700
25696000
25696200
25696400
25696700
25697000
25697300
25697500
25697700
25698000
25698300
25698600
25698800
25699000
25699300
25699600
25699900
25700200
25700400
25700600
25700900
25701200
25701400
25701600
25701800
25702100
25702400
25702600
25702800
25703000
25703300
25703600
25703900
25704100
25704300
25704600
25704900
25705200
25705400
25705600
25705900
25706200
25706400
25706600
25706900
25707200
25707500
25707700
25707900
25708200
25708500
25708800
25709000
25709200
25709500
25709800
25710100
25710300
25710500
25710800
25711100
25711400
25711600
25711800
25712100
25712400
25712700
25712900
25713100
25788200
25788400
25788600
25788900
25789100
25789400
25789700
25789900
25790100
25790400
25790700
25791000
25791200
25791400
25791700
25792000
25792200
25792400
25792700
25793000
25793200
25793400
25793600
25793900
25794200
25794400
25794600
25794900
25795200
25795500
25795700
25795900
25796200
25796500
25796800
25797000
25797200
25797500
25797800
25798100
25798300
25798500
25798800
25799100
25799300
25799500
25799800
25800100
25800400
25800600
25800800
25801100
25801400
25801600
25801800
25802000
25802300
25802600
25802800
25803000
25803300
25803600
25803800
25804000
25804300
25804600
25804900
25805100
25805300
25805600
25805900
25806100
25806300
25806600
25806900
25807200
25807400
25807600
25807800
25808100
25808400
25808700
25808900
25809100
25809400
25809700
25810000
25810200
25810400
25810700
25811000
25811200
25811400
25811600
25811900
25812200
25812400
25812600
25812900
25813200
25883200
25883400
25883600
25883900
25884200
25884400
25884600
25884900
25885200
25885400
25885600
25885900
25886200
25886500
25886700
25886900
25887200
25887500
25887700
25887900
25888200
25888500
25888800
25889000
25889200
25889500
25889800
25890000
25890200
25890500
25890800
25891100
25891300
25891500
25891800
25892100
25892300
25892500
25892700
25893000
25893300
25893500
25893700
25894000
25894300
25894500
25894700
25894900
25895200
25895500
25895700
25895900
25896200
25896500
25896700
25896900
25897200
25897500
25897700
25897900
25898200
25898500
25898800
25899000
25899200
25899500
25899800
25900000
25900200
25900500
25900800
25901000
25901200
25901500
25901800
25902100
25902300
25902500
25902800
25903100
25903300
25903500
25903800
25904100
25904400
25904600
25904800
25905100
25905400
25905600
25905800
25906000
25906300
25906600
25906800
25907000
25907300
25907600
25907900
25908100
25975300
25975500
25975800
25976100
25976400
25976600
25976800
25977100
25977400
25977600
25977800
25978100
25978400
25978600
25978800
25979000
25979300
25979600
25979800
25980000
25980300
25980600
25980800
25981000
25981300
25981600
25981900
25982100
25982300
25982600
25982900
25983200
25983400
25983600
25983900
25984200
25984400
25984600
25984800
25985100
25985400
25985600
25985800
25986100
25986400
25986600
25986800
25987000
25987300
25987600
25987800
25988000
25988300
25988600
25988800
25989000
25989300
25989600
25989800
25990000
25990300
25990600
25990800
25991000
25991200
25991500
25991800
25992100
25992300
25992500
25992800
25993100
25993300
25993500
25993700
25994000
25994300
25994500
25994700
25995000
25995300
25995600
25995800
25996000
25996300
25996600
25996800
25997000
25997300
25997600
25997900
25998200
25998400
25998600
25998900
25999200
25999400
25999600
25999900
26000200
26070100
26070300
26070600
26070900
26071200
26071400
26071600
26071800
26072000
26072300
26072600
26072900
26073100
26073300
26073600
26073900
26074200
26074400
26074600
26074900
26075200
26075400
26075600
26075800
26076100
26076400
26076600
26076800
26077100
26077400
26077700
26077900
26078100
26078400
26078700
26078900
26079100
26079300
26079600
26079900
26080100
26080300
26080600
26080900
26081100
26081300
26081500
26081800
26082100
26082300
26082500
26082800
26083100
26083400
26083600
26083800
26084100
26084400
26084700
26084900
26085100
26085400
26085700
26086000
26086200
26086400
26086700
26087000
26087300
26087500
26087700
26088000
26088300
26088500
26088700
26088900
26089200
26089500
26089700
26089900
26090200
26090500
26090800
26091000
26091200
26091500
26091800
26092000
26092200
26092400
26092700
26093000
26093200
26093400
26093700
26094000
26094200
26094400
26094600
26094900
26165600
26165800
26166000
26166300
26166600
26166900
26167100
26167300
26167500
26167800
26168100
26168300
26168500
26168800
26169100
26169400
26169600
26169800
26170100
26170400
26170700
26170900
26171100
26171400
26171700
26172000
26172200
26172400
26172700
26173000
26173200
26173400
26173700
26174000
26174200
26174400
26174600
26174900
26175200
26175400
26175600
26175900
26176200
26176500
26176700
26176900
26177200
26177500
26177700
26177900
26178100
26178400
26178700
26178900
26179100
26179400
26179700
26180000
26180200
26180400
26180700
26181000
26181300
26181500
26181700
26182000
26182300
26182600
26182800
26183000
26183300
26183600
26183900
26184100
26184300
26184600
26184900
26185100
26185300
26185600
26185900
26186200
26186400
26186600
26186900
26187200
26187400
26187600
26187900
26188200
26188500
26188700
26188900
26189200
26189500
26189700
26189900
26190200
26190500
26190800
26258600
26258900
26259100
26259300
26259600
26259900
26260200
26260400
26260600
26260900
26261200
26261500
26261700
26261900
26262200
26262500
26262700
26262900
26263100
26263400
26263700
26263900
26264100
26264400
26264700
26265000
26265200
26265400
26265700
26266000
26266200
26266400
26266700
26267000
26267300
26267500
26267700
26268000
26268300
26268500
26268700
26269000
26269300
26269600
26269800
26270000
26270300
26270600
26270900
26271100
26271300
26271600
26271900
26272200
26272400
26272600
26272900
26273200
26273500
26273700
26273900
26274200
26274500
26274800
26275000
26275200
26275500
26275800
26276100
26276300
26276500
26276800
26277100
26277300
26277500
26277700
26278000
26278300
26278500
26278700
26279000
26279300
26279600
26279800
26280000
26280300
26280600
26280800
26281000
26281300
26281600
26281800
26282000
26282200
26282500
26282800
26283000
26283200
26283500
26283800
26352200
26352500
26352800
26353100
26353300
26353500
26353800
26354100
26354400
26354600
26354800
26355100
26355400
26355600
26355800
26356100
26356400
26356700
26356900
26357100
26357400
26357700
26357900
26358100
26358400
26358700
26359000
26359200
26359400
26359700
26360000
26360200
26360400
26360700
26361000
26361200
26361400
26361700
26362000
26362200
26362400
26362600
26362900
26363200
26363400
26363600
26363900
26364200
26364400
26364600
26364800
26365100
26365400
26365600
26365800
26366100
26366400
26366700
26366900
26367100
26367400
26367700
26367900
26368100
26368300
26368600
26368900
26369100
26369300
26369600
26369900
26370200
26370400
26370600
26370900
26371200
26371400
26371600
26371900
26372200
26372400
26372600
26372900
26373200
26373400
26373600
26373800
26374100
26374400
26374600
26374800
26375100
26375400
26375600
26375800
26376100
26376400
26376700
26376900
26377100
26447800
26448000
26448300
26448600
26448800
26449000
26449200
26449500
26449800
26450100
26450300
26450500
26450800
26451100
26451400
26451600
26451800
26452000
26452300
26452600
26452800
26453000
26453300
26453600
26453900
26454100
26454300
26454600
26454900
26455200
26455400
26455600
26455900
26456200
26456500
26456700
26456900
26457200
26457500
26457800
26458000
26458200
26458500
26458800
26459100
26459300
26459500
26459700
26460000
26460300
26460600
26460800
26461000
26461300
26461600
26461900
26462100
26462300
26462500
26462800
26463000
26463300
26463600
26463900
26464100
26464400
26464700
26465000
26465200
26465400
26465700
26466000
26466300
26466500
26466700
26467000
26467300
26467500
26467800
26468000
26468200
26468500
26468800
26469100
26469300
26469500
26469800
26470100
26470300
26470500
26470800
26471100
26471400
26471600
26471800
26472100
26472400
26472700
26472900
26473100
26541200
26541500
26541800
26542100
26542300
26542500
26542800
26543100
26543400
26543600
26543800
26544100
26544400
26544700
26544900
26545100
26545300
26545600
26545900
26546100
26546300
26546600
26546900
26547200
26547400
26547600
26547900
26548200
26548500
26548800
26549000
26549200
26549500
26549800
26550100
26550300
26550500
26550800
26551100
26551400
26551600
26551800
26552100
26552400
26552700
26553000
26553200
26553400
26553700
26554000
26554300
26554500
26554700
26554900
26555200
26555500
26555700
26555900
26556100
26556400
26556700
26557000
26557200
26557400
26557700
26558000
26558300
26558500
26558700
26559000
26559300
26559600
26559800
26560000
26560200
26560500
26560800
26561000
26561200
26561500
26561800
26562100
26562300
26562500
26562800
26563100
26563400
26563700
26563900
26564100
26564400
26564700
26565000
26565200
26565400
26565700
26566000
26566300
26566500
26566700
26635200
26635500
26635700
26635900
26636200
26636500
26636800
26637000
26637200
26637500
26637800
26638000
26638200
26638500
26638800
26639100
26639300
26639500
26639800
26640100
26640300
26640500
26640800
26641100
26641400
26641600
26641800
26642100
26642400
26642600
26642800
26643100
26643400
26643700
26643900
26644100
26644400
26644700
26644900
26645100
26645300
26645600
26645900
26646100
26646300
26646500
26646800
26647100
26647300
26647500
26647800
26648100
26648400
26648600
26648800
26649100
26649400
26649700
26649900
26650100
26650400
26650700
26650900
26651100
26651300
26651600
26651900
26652100
26652300
26652600
26652900
26653100
26653300
26653600
26653900
26654200
26654400
26654600
26654900
26655200
26655400
26655600
26655900
26656200
26656500
26656700
26656900
26657200
26657500
26657800
26658000
26658200
26658500
26658800
26659000
26659200
26659400
26659700
26660000
26660200
26731400
26731700
26732000
26732200
26732400
26732700
26733000
26733300
26733500
26733700
26734000
26734300
26734500
26734700
26734900
26735200
26735500
26735800
26736000
26736200
26736500
26736800
26737100
26737300
26737500
26737800
26738100
26738400
26738600
26738800
26739000
26739300
26739600
26739900
26740100
26740300
26740500
26740800
26741100
26741300
26741500
26741700
26742000
26742300
26742600
26742900
26743100
26743300
26743600
26743900
26744200
26744400
26744600
26744800
26745000
26745300
26745600
26745900
26746100
26746300
26746600
26747100
26747400
26747700
26748000
26748300
26748600
26748900
26749200
26749500
26749900
26750200
26750500
26750800
26751200
26751500
26751800
26752100
26752400
26752700
26753000
26753400
26753700
26754000
26754500
26754800
26755100
26755300
26755500
26755800
26756100
26756400
26756600
26756800
26757100
26757400
26757700
26757900
26758100
26758300
26827200
26827500
26827800
26828100
26828300
26828500
26828800
26829100
26829400
26829600
26829800
26830100
26830400
26830600
26830800
26831100
26831400
26831700
26831900
26832100
26832400
26832700
26833000
26833200
26833400
26833700
26834000
26834200
26834400
26834600
26834900
26835200
26835400
26835600
26835800
26836100
26836400
26836600
26836800
26837100
26837400
26837700
26837900
26838100
26838400
26838700
26838900
26839100
26839400
26839700
26840000
26840200
26840400
26840700
26841000
26841200
26841400
26841700
26842000
26842300
26842500
26842700
26843000
26843300
26843500
26843700
26844000
26844300
26844600
26844800
26845000
26845200
26845500
26845800
26846100
26846300
26846500
26846800
26847100
26847300
26847500
26847800
26848100
26848400
26848600
26848800
26849100
26849400
26849600
26849800
26850100
26850400
26850700
26850900
26851100
26851400
26851700
26851900
26852100
26852400
26923600
26923900
26924200
26924400
26924600
26924900
26925200
26925500
26925700
26925900
26926100
26926400
26926700
26926900
26927100
26927400
26927700
26928000
26928300
26928500
26928700
26929000
26929300
26929500
26929700
26930000
26930300
26930600
26930800
26931000
26931300
26931600
26931800
26932000
26932300
26932600
26932900
26933100
26933300
26933600
26933900
26934200
26934400
26934600
26934900
26935200
26935400
26935600
26935900
26936200
26936500
26936700
26936900
26937200
26937500
26937800
26938000
26938200
26938500
26938800
26939100
26939300
26939500
26939800
26940100
26940400
26940600
26940800
26941100
26941400
26941600
26941800
26942100
26942400
26942700
26942900
26943100
26943400
26943700
26943900
26944100
26944400
26944700
26945000
26945200
26945400
26945700
26946000
26946200
26946400
26946700
26947000
26947300
26947500
26947700
26948000
26948300
26948500
26948700
26949000
27020900
27021100
27021300
27021600
27021900
27022200
27022400
27022600
27022900
27023200
27023500
27023700
27023900
27024200
27024500
27024700
27024900
27025200
27025500
27025700
27025900
27026200
27026500
27026800
27027000
27027200
27027500
27027800
27028000
27028200
27028500
27028800
27029000
27029200
27029500
27029800
27030100
27030300
27030500
27030800
27031100
27031300
27031500
27031800
27032100
27032400
27032600
27032800
27033100
27033400
27033700
27033900
27034100
27034400
27034700
27034900
27035100
27035400
27035700
27036000
27036200
27036400
27036700
27037000
27037200
27037400
27037700
27038000
27038200
27038400
27038700
27039000
27039300
27039500
27039700
27040000
27040300
27040500
27040700
27041000
27041300
27041500
27041700
27042000
27042300
27042600
27042800
27043000
27043300
27043600
27043800
27044000
27044300
27044600
27044900
27045100
27045300
27045600
27045900
27046100
27115300
27115600
27115900
27116100
27116300
27116600
27116900
27117100
27117300
27117600
27117900
27118200
27118400
27118600
27118900
27119200
27119400
27119600
27119900
27120200
27120400
27120600
27120900
27121200
27121500
27121700
27121900
27122200
27122500
27122700
27122900
27123200
27123500
27123800
27124000
27124200
27124500
27124800
27125000
27125200
27125500
27125800
27126100
27126300
27126500
27126800
27127100
27127400
27127600
27127800
27128100
27128400
27128600
27128800
27129100
27129400
27129700
27129900
27130100
27130400
27130700
27130900
27131100
27131400
27131700
27131900
27132100
27132400
27132700
27133000
27133200
27133400
27133700
27134000
27134200
27134400
27134700
27135000
27135200
27135400
27135700
27136000
27136300
27136500
27136700
27137000
27137300
27137500
27137700
27138000
27138300
27138600
27138800
27139000
27139300
27139600
27139800
27140000
27140300
27140600
27210800
27211100
27211400
27211600
27211800
27212100
27212400
27212700
27212900
27213100
27213400
27213700
27213900
27214100
27214300
27214600
27214900
27215100
27215300
27215600
27215900
27216100
27216300
27216600
27216900
27217200
27217400
27217600
27217900
27218200
27218400
27218600
27218900
27219200
27219500
27219700
27219900
27220200
27220500
27220800
27221000
27221200
27221500
27221800
27222000
27222200
27222400
27222700
27223000
27223200
27223400
27223700
27224000
27224300
27224500
27224700
27225000
27225300
27225500
27225700
27226000
27226300
27226600
27226800
27227000
27227300
27227600
27227800
27228000
27228300
27228600
27228800
27229000
27229300
27229600
27229800
27230000
27230300
27230600
27230900
27231100
27231300
27231600
27231900
27232100
27232300
27232600
27232900
27233200
27233400
27233600
27233900
27234200
27234500
27234700
27234900
27235200
27235500
27235700
27235900
27305400
27305600
27305800
27306000
27306300
27306600
27306800
27307000
27307300
27307600
27307900
27308100
27308300
27308600
27308900
27309100
27309300
27309600
27309900
27310200
27310400
27310600
27310900
27311200
27311400
27311600
27311900
27312200
27312500
27312700
27312900
27313200
27313500
27313800
27314000
27314200
27314500
27314800
27315100
27315300
27315500
27315800
27316100
27316400
27316600
27316800
27317100
27317400
27317600
27317800
27318100
27318400
27318700
27319000
27319200
27319400
27319700
27320000
27320200
27320400
27320600
27320900
27321200
27321400
27321600
27321900
27322200
27322400
27322600
27322800
27323100
27323400
27323700
27323900
27324100
27324400
27324700
27325000
27325200
27325400
27325700
27326000
27326300
27326500
27326700
27327000
27327300
27327600
27327800
27328000
27328300
27328600
27328800
27329000
27329200
27329500
27329800
27330000
27330200
27330500
27400000
27400300
27400600
27400800
27401000
27401300
27401600
27401800
27402000
27402200
27402500
27402800
27403000
27403200
27403500
27403800
27404100
27404300
27404500
27404800
27405100
27405300
27405500
27405700
27406000
27406300
27406500
27406700
27407000
27407300
27407600
27407800
27408000
27408300
27408600
27408900
27409100
27409300
27409600
27409900
27410200
27410400
27410600
27410900
27411200
27411400
27411600
27411800
27412100
27412400
27412600
27412800
27413100
27413400
27413700
27413900
27414100
27414400
27414700
27415000
27415200
27415400
27415700
27416000
27416200
27416400
27416600
27416900
27417200
27417400
27417600
27417900
27418200
27418500
27418700
27418900
27419200
27419500
27419700
27419900
27420100
27420400
27420700
27420900
27421100
27421400
27421700
27422000
27422200
27422400
27422700
27423000
27423300
27423500
27423700
27424000
27424300
27424600
27424800
27425000
27494700
27494900
27495100
27495400
27495700
27495900
27496100
27496300
27496600
27496900
27497100
27497300
27497600
27497900
27498200
27498400
27498600
27498900
27499200
27499400
27499600
27499800
27500100
27500400
27500700
27500900
27501100
27501400
27501700
27502000
27502200
27502400
27502700
27503000
27503300
27503500
27503700
27503900
27504200
27504500
27504700
27504900
27505100
27505400
27505700
27505900
27506100
27506400
27506700
27507000
27507300
27507500
27507700
27508000
27508300
27508500
27508700
27509000
27509300
27509600
27509800
27510000
27510200
27510500
27510800
27511000
27511200
27511500
27511800
27512100
27512300
27512500
27512800
27513100
27513400
27513600
27513800
27514000
27514300
27514600
27514900
27515100
27515300
27515600
27515900
27516200
27516400
27516600
27516900
27517200
27517500
27517800
27518000
27518200
27518500
27518800
27519100
27519300
27519500
27519800
27592900
27593200
27593400
27593600
27593900
27594200
27594400
27594600
27594900
27595200
27595500
27595700
27595900
27596200
27596500
27596800
27597000
27597200
27597500
27597800
27598000
27598200
27598500
27598800
27599100
27599300
27599500
27599800
27600100
27600300
27600500
27600800
27601100
27601400
27601600
27601800
27602100
27602400
27602600
27602800
27603100
27603400
27603600
27603800
27604100
27604400
27604600
27604800
27605000
27605300
27605600
27605800
27606000
27606300
27606600
27606800
27607000
27607300
27607600
27607800
27608000
27608300
27608600
27608900
27609100
27609300
27609600
27609900
27610100
27610300
27610500
27610800
27611100
27611300
27611500
27611800
27612100
27612400
27612600
27612800
27613100
27613400
27613600
27613800
27614100
27614400
27614700
27614900
27615100
27615400
27615700
27615900
27616100
27616400
27616700
27616900
27617100
27617400
27617700
27617900
27688000
27688200
27688400
27688700
27689000
27689300
27689500
27689700
27690000
27690300
27690600
27690800
27691000
27691300
27691600
27691900
27692100
27692300
27692600
27692900
27693100
27693300
27693500
27693800
27694100
27694300
27694500
27694800
27695100
27695300
27695500
27695800
27696100
27696400
27696600
27696800
27697100
27697400
27697600
27697800
27698100
27698400
27698600
27698800
27699100
27699400
27699600
27699800
27700000
27700300
27700600
27700800
27701000
27701300
27701600
27701800
27702000
27702300
27702600
27702900
27703100
27703300
27703600
27703900
27704100
27704300
27704500
27704800
27705100
27705300
27705500
27705800
27706100
27706400
27706600
27706800
27707100
27707400
27707700
27708000
27708200
27708400
27708600
27708900
27709200
27709400
27709600
27709900
27710200
27710500
27710700
27710900
27711200
27711500
27711700
27711900
27712100
27712400
27712700
27712900
27783000
27783200
27783500
27783700
27783900
27784200
27784500
27784700
27784900
27785200
27785500
27785800
27786000
27786200
27786500
27786800
27787000
27787200
27787500
27787700
27787900
27788200
27788400
27788700
27789000
27789300
27789500
27789700
27790000
27790300
27790600
27790800
27791000
27791300
27791600
27791800
27792000
27792300
27792600
27792900
27793200
27793500
27793700
27794000
27794300
27794600
27794900
27795200
27795700
27796000
27796300
27796600
27796900
27797300
27797600
27798000
27798300
27798700
27798900
27799300
27799500
27799700
27800000
27800300
27800600
27800800
27801000
27801300
27801600
27801900
27802100
27802300
27802600
27802900
27803100
27803300
27803600
27803900
27804100
27804300
27804600
27804900
27805100
27805300
27805600
27805900
27806200
27806400
27806600
27806900
27807200
27807400
27807600
27807900
27808200
27808500
27808700
27808900
27809200
27809500
27882400
27882700
27883000
27883300
27883600
27883900
27884100
27884300
27884600
27884900
27885100
27885300
27885600
27885900
27886200
27886400
27886600
27886900
27887200
27887500
27887700
27888000
27888200
27888400
27888700
27889000
27889300
27889500
27889700
27890000
27890300
27890600
27890900
27891100
27891300
27891600
27891900
27892200
27892400
27892600
27892900
27893200
27893500
27893700
27893900
27894200
27894500
27894800
27895000
27895300
27895500
27895700
27896000
27896300
27896500
27896700
27897000
27897300
27897600
27897800
27898000
27898300
27898600
27898800
27899000
27899300
27899600
27899800
27900000
27900300
27900600
27900900
27901200
27901500
27901700
27901900
27902200
27902500
27902700
27902900
27903200
27903500
27903800
27904000
27904200
27904500
27904800
27905100
27905300
27905500
27905800
27906100
27906300
27906500
27906800
27907100
27907400
27907600
27907800
27908100
27979900
27980100
27980400
27980700
27981000
27981200
27981400
27981700
27982000
27982200
27982400
27982700
27983000
27983200
27983400
27983700
27984000
27984300
27984500
27984700
27985000
27985300
27985500
27985700
27986000
27986300
27986600
27986800
27987000
27987300
27987600
27987800
27988000
27988300
27988600
27988900
27989100
27989300
27989600
27989900
27990100
27990300
27990600
27990900
27991100
27991300
27991600
27991900
27992100
27992300
27992600
27992900
27993200
27993400
27993600
27993900
27994200
27994400
27994600
27994900
27995200
27995400
27995600
27995900
27996200
27996400
27996600
27996800
27997100
27997400
27997600
27997800
27998100
27998400
27998600
27998800
27999000
27999300
27999600
27999800
28000000
28000300
28000600
28000800
28001000
28001200
28001500
28001800
28002000
28002200
28002500
28002800
28003000
28003200
28003500
28003800
28004000
28004200
28004400
28004700
28075600
28075900
28076100
28076300
28076600
28076900
28077200
28077400
28077600
28077900
28078200
28078400
28078600
28078800
28079100
28079400
28079600
28079800
28080100
28080400
28080700
28080900
28081100
28081400
28081700
28081900
28082100
28082400
28082700
28083000
28083300
28083500
28083700
28084000
28084300
28084600
28084900
28085100
28085300
28085600
28085900
28086100
28086300
28086600
28086900
28087200
28087400
28087600
28087900
28088200
28088400
28088600
28088900
28089200
28089400
28089600
28089900
28090200
28090500
28090700
28090900
28091200
28091500
28091700
28091900
28092200
28092500
28092800
28093000
28093200
28093500
28093800
28094100
28094300
28094500
28094800
28095100
28095300
28095500
28095700
28096000
28096300
28096600
28096800
28097100
28097400
28097600
28097800
28098100
28098400
28098700
28098900
28099200
28099500
28099800
28100000
28100200
28100500
28100800
28101000
28177400
28177600
28177800
28178100
28178300
28178600
28178900
28179100
28179300
28179500
28179700
28179900
28180200
28180500
28180700
28180900
28181100
28181400
28181700
28181900
28182100
28182300
28182600
28182900
28183100
28183300
28183600
28183900
28184200
28184400
28184600
28184900
28185200
28185500
28185700
28185900
28186100
28186300
28186600
28186900
28187100
28187300
28187500
28187800
28188100
28188300
28188500
28188700
28189000
28189300
28189500
28189700
28189900
28190200
28190500
28190800
28191000
28191200
28191500
28191800
28192100
28192300
28192500
28192800
28193100
28193400
28193600
28193800
28194100
28194400
28194600
28194800
28195000
28195300
28195600
28195800
28196000
28196300
28196600
28196900
28197100
28197300
28197500
28197800
28198000
28198300
28198600
28198900
28199100
28199300
28199600
28199900
28200200
28200400
28200600
28200900
28201200
28201500
28201700
28201900
28273200
28273400
28273700
28274000
28274300
28274500
28274700
28275000
28275300
28275600
28275800
28276000
28276300
28276600
28276900
28277100
28277300
28277600
28277900
28278200
28278400
28278600
28278900
28279200
28279500
28279700
28279900
28280200
28280500
28280800
28281000
28281200
28281400
28281700
28282000
28282200
28282400
28282600
28282900
28283200
28283400
28283600
28283800
28284100
28284400
28284700
28284900
28285100
28285400
28285700
28286000
28286200
28286400
28286700
28287000
28287300
28287500
28287700
28288000
28288300
28288600
28288800
28289000
28289300
28289600
28289900
28290100
28290300
28290600
28290900
28291200
28291400
28291600
28291900
28292200
28292400
28292600
28292900
28293200
28293500
28293700
28293900
28294200
28294500
28294800
28295000
28295200
28295500
28295800
28296100
28296300
28296500
28296800
28297100
28297400
28297600
28297800
28298100
28298400
28298700
28370000
28370200
28370400
28370600
28370900
28371200
28371400
28371600
28371800
28372100
28372400
28372600
28372800
28373100
28373400
28373700
28373900
28374100
28374400
28374700
28375000
28375200
28375400
28375700
28376000
28376200
28376400
28376600
28376900
28377200
28377400
28377600
28377800
28378100
28378400
28378600
28378800
28379000
28379300
28379600
28379900
28380100
28380300
28380600
28380900
28381200
28381400
28381600
28381900
28382200
28382500
28382700
28382900
28383100
28383400
28383700
28383900
28384100
28384300
28384600
28384900
28385100
28385300
28385500
28385800
28386100
28386300
28386500
28386800
28387100
28387400
28387600
28387800
28388100
28388400
28388600
28388800
28389000
28389300
28389600
28389800
28390000
28390200
28390500
28390800
28391000
28391200
28391400
28391700
28392000
28392200
28392400
28392600
28392900
28393200
28393500
28393700
28393900
28394200
28394500
28468600
28468800
28469000
28469300
28469600
28469900
28470100
28470300
28470600
28470900
28471200
28471400
28471600
28471900
28472200
28472500
28472700
28472900
28473200
28473500
28473800
28474000
28474200
28474500
28474800
28475100
28475300
28475500
28475800
28476100
28476400
28476600
28476800
28477100
28477400
28477700
28477900
28478100
28478400
28478700
28479000
28479200
28479400
28479700
28480000
28480300
28480500
28480700
28481000
28481300
28481500
28481700
28482000
28482300
28482600
28482800
28483000
28483300
28483600
28483800
28484000
28484200
28484500
28484800
28485000
28485200
28485500
28485800
28486100
28486300
28486500
28486800
28487100
28487400
28487600
28487800
28488100
28488400
28488700
28488900
28489100
28489400
28489700
28490000
28490200
28490400
28490700
28491000
28491300
28491500
28491700
28492000
28492300
28492600
28492800
28493000
28493300
28493600
28493900
28494100
28565500
28565800
28566100
28566300
28566500
28566800
28567100
28567400
28567600
28567800
28568100
28568400
28568700
28568900
28569100
28569400
28569700
28570000
28570200
28570400
28570700
28571000
28571300
28571500
28571700
28572000
28572300
28572600
28572800
28573000
28573300
28573600
28573900
28574100
28574300
28574600
28574900
28575100
28575300
28575600
28575900
28576200
28576400
28576600
28576900
28577200
28577400
28577600
28577900
28578200
28578500
28578700
28578900
28579200
28579500
28579700
28579900
28580200
28580500
28580800
28581000
28581200
28581500
28581800
28582100
28582300
28582500
28582800
28583100
28583400
28583600
28583800
28584100
28584400
28584700
28584900
28585100
28585400
28585700
28585900
28586100
28586300
28586600
28586900
28587100
28587300
28587600
28587900
28588200
28588400
28588600
28588900
28589200
28589500
28589700
28589900
28590200
28590500
28590800
28591000
28663100
28663300
28663500
28663700
28664000
28664300
28664600
28664900
28665200
28665500
28665800
28666100
28666400
28666700
28667000
28667200
28667500
28667800
28668100
28668400
28668700
28669000
28669300
28669600
28669800
28670000
28670200
28670500
28670800
28671000
28671300
28671500
28671700
28672000
28672300
28672600
28672900
28673200
28673500
28673800
28674100
28674400
28674700
28675000
28675300
28675500
28675800
28676000
28676200
28676500
28676700
28677000
28677300
28677600
28677900
28678100
28678300
28678500
28678800
28679000
28679300
28679600
28679900
28680100
28680400
28680700
28680900
28681200
28681500
28681800
28682100
28682400
28682800
28683200
28683600
28684000
28684300
28684700
28685000
28685300
28685600
28685800
28686000
28686300
28686600
28686900
28687200
28687400
28687600
28687900
28688200
28688500
28688700
28688900
28689200
28689500
28689700
28689900
28690200
28690500
28764400
28764700
28765000
28765200
28765400
28765700
28766000
28766200
28766400
28766700
28767000
28767300
28767500
28767700
28768000
28768300
28768500
28768700
28769000
28769300
28769600
28769800
28770000
28770300
28770600
28770800
28771000
28771200
28771500
28771800
28772000
28772200
28772500
28772800
28773100
28773300
28773500
28773800
28774100
28774300
28774500
28774800
28775100
28775400
28775600
28775800
28776100
28776400
28776600
28776800
28777100
28777400
28777600
28777800
28778100
28778400
28778700
28778900
28779100
28779400
28779700
28779900
28780100
28780400
28780700
28780900
28781100
28781400
28781700
28782000
28782200
28782400
28782700
28783000
28783200
28783400
28783700
28784000
28784300
28784500
28784700
28785000
28785300
28785600
28785800
28786000
28786300
28786600
28786800
28787000
28787300
28787600
28787900
28788100
28788300
28788600
28788900
28789100
28789300
28789600
28861700
28861900
28862100
28862400
28862700
28862900
28863100
28863400
28863700
28864000
28864200
28864400
28864700
28865000
28865300
28865500
28865700
28866000
28866300
28866500
28866700
28866900
28867200
28867500
28867700
28867900
28868200
28868500
28868800
28869000
28869200
28869500
28869800
28870000
28870200
28870500
28870800
28871100
28871300
28871500
28871800
28872100
28872300
28872500
28872800
28873100
28873400
28873600
28873800
28874100
28874400
28874600
28874800
28875100
28875400
28875600
28875800
28876100
28876400
28876700
28876900
28877100
28877400
28877700
28877900
28878100
28878400
28878700
28879000
28879200
28879400
28879700
28880000
28880300
28880500
28880700
28881000
28881300
28881500
28881700
28882000
28882300
28882600
28882800
28883000
28883300
28883600
28883800
28884000
28884200
28884500
28884800
28885000
28885200
28885500
28885800
28886000
28886200
28886500
28886800
28959000
28959300
28959600
28959900
28960100
28960300
28960600
28960900
28961200
28961400
28961600
28961900
28962200
28962500
28962700
28962900
28963200
28963500
28963700
28963900
28964200
28964500
28964800
28965000
28965200
28965500
28965800
28966000
28966200
28966500
28966800
28967000
28967200
28967500
28967800
28968100
28968300
28968500
28968800
28969100
28969300
28969500
28969800
28970100
28970300
28970500
28970800
28971100
28971300
28971500
28971700
28972000
28972300
28972500
28972700
28973000
28973300
28973500
28973700
28973900
28974200
28974500
28974700
28974900
28975200
28975500
28975800
28976000
28976200
28976500
28976800
28977000
28977200
28977500
28977800
28978100
28978300
28978500
28978800
28979100
28979300
28979500
28979800
28980100
28980300
28980500
28980800
28981100
28981400
28981600
28981800
28982100
28982400
28982600
28982800
28983100
28983400
28983600
28983800
28984100
29065600
29065900
29066100
29066300
29066600
29066900
29067200
29067400
29067700
29067900
29068100
29068400
29068700
29069000
29069200
29069400
29069700
29070000
29070200
29070400
29070700
29071000
29071200
29071400
29071700
29072000
29072300
29072500
29072700
29073000
29073300
29073500
29073700
29074000
29074300
29074600
29074800
29075000
29075300
29075600
29075900
29076200
29076500
29076700
29076900
29077200
29077500
29077700
29077900
29078200
29078500
29078800
29079000
29079200
29079500
29079800
29080000
29080200
29080500
29080800
29081100
29081300
29081500
29081800
29082100
29082300
29082500
29082800
29083100
29083300
29083500
29083800
29084000
29084300
29084600
29084900
29085100
29085300
29085600
29085900
29086100
29086300
29086600
29086900
29087200
29087400
29087600
29087900
29088200
29088400
29088600
29088900
29089200
29089500
29089700
29089900
29090200
29090500
29090800
29091000
29163600
29163800
29164000
29164300
29164600
29164900
29165100
29165300
29165600
29165900
29166100
29166300
29166600
29166900
29167200
29167400
29167600
29167900
29168200
29168400
29168600
29168900
29169200
29169400
29169600
29169800
29170100
29170400
29170600
29170800
29171100
29171400
29171700
29171900
29172100
29172400
29172700
29172900
29173100
29173400
29173700
29174000
29174200
29174400
29174700
29175000
29175200
29175400
29175700
29176000
29176300
29176500
29176700
29177000
29177300
29177500
29177700
29178000
29178300
29178500
29178700
29179000
29179300
29179500
29179700
29180000
29180300
29180500
29180700
29180900
29181200
29181500
29181700
29181900
29182200
29182500
29182800
29183100
29183300
29183500
29183800
29184100
29184300
29184500
29184700
29185000
29185300
29185500
29185700
29186000
29186300
29186600
29186800
29187000
29187300
29187600
29187800
29188000
29188300
29188600
29261500
29261700
29262000
29262300
29262600
29262800
29263000
29263300
29263600
29263800
29264000
29264200
29264500
29264800
29265000
29265200
29265500
29265800
29266100
29266300
29266500
29266800
29267100
29267300
29267500
29267700
29268000
29268300
29268500
29268700
29269000
29269300
29269600
29269800
29270000
29270300
29270600
29270800
29271000
29271300
29271600
29271800
29272000
29272300
29272600
29272900
29273100
29273300
29273600
29273900
29274100
29274300
29274600
29274900
29275100
29275300
29275600
29275900
29276100
29276300
29276500
29276800
29277100
29277300
29277500
29277800
29278100
29278300
29278500
29278700
29279000
29279300
29279500
29279700
29280000
29280300
29280600
29280800
29281000
29281300
29281600
29281800
29282000
29282300
29282600
29282900
29283100
29283300
29283600
29283900
29284100
29284300
29284600
29284900
29285200
29285400
29285600
29285900
29286200
29286400
29361400
29361700
29361900
29362100
29362400
29362700
29363000
29363200
29363400
29363700
29364000
29364300
29364500
29364700
29365000
29365300
29365600
29365800
29366000
29366300
29366600
29366800
29367000
29367300
29367600
29367900
29368100
29368300
29368600
29368900
29369100
29369300
29369600
29369900
29370200
29370400
29370600
29370900
29371200
29371400
29371600
29371900
29372200
29372500
29372700
29372900
29373200
29373500
29373700
29373900
29374200
29374500
29374800
29375100
29375400
29375600
29375800
29376100
29376400
29376700
29376900
29377100
29377400
29377700
29378000
29378200
29378400
29378700
29379000
29379200
29379400
29379700
29380000
29380200
29380400
29380700
29381000
29381300
29381500
29381700
29382000
29382300
29382500
29382700
29383000
29383300
29383600
29383800
29384000
29384300
29384600
29384800
29385000
29385300
29385600
29385900
29386100
29386300
29386600
29386900
29460900
29461200
29461400
29461600
29461800
29462100
29462400
29462600
29462800
29463100
29463400
29463700
29463900
29464100
29464400
29464700
29464900
29465100
29465300
29465600
29465900
29466100
29466300
29466600
29466900
29467100
29467300
29467600
29467900
29468200
29468400
29468600
29468900
29469200
29469400
29469600
29469900
29470200
29470500
29470700
29470900
29471200
29471500
29471700
29471900
29472200
29472500
29472800
29473000
29473200
29473500
29473800
29474100
29474300
29474500
29474800
29475100
29475400
29475600
29475800
29476100
29476400
29476600
29476800
29477100
29477400
29477700
29477900
29478100
29478400
29478700
29478900
29479100
29479400
29479700
29479900
29480100
29480400
29480700
29481000
29481200
29481400
29481700
29482000
29482200
29482400
29482700
29483000
29483300
29483500
29483700
29484000
29484300
29484500
29484700
29485000
29485300
29485600
29485800
29486100
29559800
29560000
29560200
29560500
29560800
29561100
29561300
29561500
29561700
29562000
29562300
29562600
29562900
29563200
29563500
29563800
29564100
29564300
29564500
29564700
29565000
29565300
29565500
29565700
29565900
29566200
29566500
29566700
29566900
29567200
29567500
29567800
29568100
29568400
29568700
29569000
29569300
29569600
29569800
29570100
29570400
29570700
29570900
29571100
29571400
29571700
29572000
29572200
29572400
29572700
29573000
29573300
29573600
29573900
29574200
29574500
29574700
29575000
29575300
29575600
29575900
29576300
29576600
29577000
29577300
29577600
29577900
29578300
29578600
29578900
29579300
29579600
29579900
29580400
29580700
29581000
29581300
29581500
29581700
29581900
29582100
29582300
29582600
29582900
29583100
29583300
29583600
29583900
29584100
29584300
29584600
29584900
29585200
29585400
29585600
29585900
29586200
29586400
29586600
29586900
29660000
29660300
29660600
29660900
29661200
29661400
29661600
29661900
29662200
29662500
29662700
29662900
29663200
29663500
29663700
29663900
29664100
29664400
29664700
29664900
29665100
29665400
29665700
29665900
29666100
29666400
29666700
29667000
29667200
29667400
29667700
29668000
29668200
29668400
29668700
29669000
29669200
29669400
29669700
29670000
29670300
29670500
29670700
29671000
29671300
29671500
29671700
29672000
29672300
29672500
29672700
29673000
29673300
29673600
29673800
29674000
29674300
29674600
29674900
29675100
29675300
29675600
29675900
29676100
29676300
29676600
29676900
29677200
29677400
29677600
29677900
29678200
29678400
29678600
29678900
29679200
29679500
29679700
29679900
29680200
29680500
29680700
29680900
29681200
29681500
29681700
29681900
29682200
29682500
29682700
29682900
29683200
29683500
29683800
29684000
29684200
29684500
29684800
29685000
29685200
29758700
29758900
29759100
29759400
29759700
29760000
29760200
29760400
29760700
29761000
29761200
29761400
29761700
29762000
29762300
29762500
29762700
29763000
29763300
29763500
29763700
29764000
29764300
29764500
29764700
29765000
29765300
29765600
29765800
29766000
29766300
29766600
29766800
29767000
29767300
29767600
29767900
29768100
29768300
29768600
29768900
29769100
29769300
29769600
29769900
29770200
29770400
29770600
29770900
29771200
29771500
29771700
29771900
29772200
29772500
29772700
29772900
29773100
29773400
29773700
29773900
29774100
29774400
29774700
29775000
29775200
29775400
29775700
29776000
29776200
29776400
29776700
29777000
29777200
29777400
29777700
29778000
29778300
29778500
29778700
29779000
29779300
29779500
29779700
29780000
29780300
29780500
29780700
29781000
29781300
29781600
29781800
29782000
29782300
29782600
29782800
29783000
29783300
29783600
29783900
29857400
29857600
29857800
29858100
29858400
29858600
29858800
29859100
29859400
29859600
29859800
29860100
29860400
29860700
29860900
29861100
29861400
29861700
29861900
29862100
29862400
29862700
29862900
29863100
29863300
29863600
29863900
29864100
29864300
29864600
29864900
29865100
29865300
29865600
29865900
29866200
29866400
29866600
29866900
29867200
29867500
29867700
29867900
29868200
29868500
29868700
29868900
29869200
29869500
29869800
29870000
29870200
29870500
29870800
29871000
29871200
29871500
29871800
29872100
29872300
29872500
29872800
29873100
29873300
29873500
29873800
29874100
29874300
29874500
29874800
29875100
29875300
29875500
29875800
29876100
29876400
29876600
29876800
29877100
29877400
29877600
29877800
29878100
29878400
29878600
29878800
29879000
29879300
29879600
29879800
29880000
29880300
29880600
29880900
29881100
29881300
29881600
29881900
29882100
29882300
29958700
29959000
29959300
29959600
29959800
29960000
29960300
29960600
29960800
29961000
29961200
29961500
29961800
29962000
29962200
29962500
29962800
29963100
29963300
29963500
29963800
29964100
29964300
29964500
29964700
29965000
29965300
29965500
29965700
29966000
29966300
29966600
29966800
29967000
29967300
29967600
29967800
29968000
29968300
29968600
29968900
29969100
29969300
29969600
29969800
29970000
29970300
29970600
29970800
29971000
29971300
29971600
29971800
29972000
29972300
29972600
29972800
29973000
29973300
29973600
29973900
29974100
29974300
29974600
29974900
29975100
29975300
29975600
29975900
29976200
29976400
29976600
29976900
29977200
29977400
29977600
29977800
29978100
29978400
29978600
29978800
29979100
29979400
29979700
29979900
29980100
29980400
29980700
29980900
29981100
29981400
29981700
29982000
29982200
29982400
29982700
29983000
29983200
29983400
29983600
30058000
30058200
30058400
30058700
30059000
30059300
30059500
30059700
30060000
30060300
30060600
30060800
30061000
30061300
30061600
30061900
30062100
30062300
30062500
30062800
30063100
30063400
30063600
30063800
30064100
30064400
30064700
30064900
30065100
30065400
30065700
30065900
30066100
30066400
30066700
30067000
30067200
30067400
30067700
30068000
30068200
30068400
30068700
30069000
30069200
30069400
30069700
30070000
30070300
30070500
30070700
30071000
30071300
30071500
30071700
30072000
30072300
30072600
30072800
30073000
30073300
30073600
30073800
30074000
30074300
30074600
30074900
30075100
30075300
30075600
30075900
30076200
30076400
30076600
30076900
30077200
30077400
30077600
30077900
30078200
30078500
30078700
30078900
30079200
30079500
30079700
30079900
30080200
30080500
30080700
30080900
30081100
30081400
30081700
30081900
30082100
30082400
30082700
30082900
30083100
30157400
30157700
30158000
30158200
30158400
30158700
30159000
30159300
30159500
30159700
30160000
30160300
30160500
30160700
30160900
30161100
30161400
30161700
30161900
30162100
30162400
30162700
30163000
30163200
30163400
30163700
30164000
30164200
30164400
30164700
30165000
30165300
30165500
30165700
30166000
30166300
30166500
30166700
30167000
30167300
30167500
30167700
30167900
30168200
30168500
30168700
30168900
30169200
30169500
30169800
30170000
30170200
30170500
30170800
30171000
30171200
30171500
30171800
30172100
30172300
30172500
30172800
30173100
30173300
30173500
30173700
30174000
30174200
30174500
30174800
30175100
30175300
30175500
30175800
30176100
30176400
30176600
30176800
30177100
30177400
30177600
30177800
30178000
30178300
30178600
30178800
30179000
30179300
30179600
30179900
30180100
30180300
30180600
30180900
30181100
30181300
30181600
30181900
30182100
30182300
30259400
30259600
30259900
30260100
30260300
30260600
30260900
30261200
30261400
30261600
30261900
30262200
30262400
30262600
30262900
30263200
30263500
30263700
30263900
30264200
30264500
30264700
30264900
30265200
30265500
30265700
30265900
30266200
30266500
30266700
30266900
30267200
30267500
30267700
30267900
30268200
30268500
30268800
30269000
30269200
30269500
30269800
30270000
30270200
30270500
30270800
30271000
30271200
30271500
30271800
30272000
30272200
30272500
30272800
30273100
30273300
30273500
30273800
30274100
30274300
30274500
30274800
30275100
30275400
30275600
30275800
30276100
30276400
30276600
30276800
30277100
30277400
30277700
30277900
30278100
30278400
30278700
30278900
30279100
30279400
30279700
30279900
30280100
30280400
30280700
30280900
30281100
30281400
30281700
30281900
30282100
30282400
30282700
30283000
30283200
30283400
30283700
30284000
30284200
30284400
30358700
30359000
30359300
30359600
30359800
30360000
30360300
30360600
30360800
30361000
30361300
30361600
30361900
30362100
30362300
30362600
30362900
30363100
30363300
30363600
30363900
30364200
30364400
30364600
30364900
30365200
30365400
30365600
30365900
30366200
30366500
30366700
30366900
30367200
30367500
30367700
30367900
30368200
30368500
30368800
30369000
30369200
30369500
30369800
30370100
30370300
30370500
30370800
30371100
30371400
30371600
30371800
30372100
30372400
30372600
30372800
30373000
30373300
30373600
30373800
30374000
30374300
30374600
30374900
30375100
30375300
30375600
30375900
30376100
30376300
30376600
30376900
30377200
30377400
30377600
30377900
30378200
30378400
30378600
30378900
30379200
30379400
30379600
30379800
30380100
30380400
30380600
30380800
30381100
30381400
30381700
30381900
30382100
30382400
30382700
30382900
30383100
30383300
30383600
30383900
30458300
30458600
30458800
30459000
30459300
30459600
30459800
30460000
30460300
30460600
30460800
30461000
30461200
30461500
30461800
30462000
30462200
30462400
30462700
30463000
30463200
30463400
30463600
30464100
30464400
30464700
30464900
30465100
30465400
30465700
30465900
30466100
30466400
30466700
30467000
30467200
30467400
30467700
30468000
30468300
30468500
30468700
30469000
30469300
30469500
30469700
30470000
30470300
30470600
30470800
30471000
30471300
30471600
30471800
30472000
30472200
30472500
30472800
30473100
30473300
30473500
30473800
30474100
30474300
30474500
30474700
30475000
30475300
30475500
30475700
30476000
30476300
30476600
30476800
30477000
30477300
30477600
30477900
30478100
30478300
30478600
30478900
30479100
30479300
30479600
30479900
30480200
30480400
30480600
30480900
30481200
30481400
30481600
30481900
30482200
30482400
30482600
30482900
30483200
30483400
30562200
30562400
30562700
30563000
30563300
30563500
30563800
30564000
30564200
30564500
30564800
30565100
30565300
30565500
30565800
30566100
30566400
30566600
30566800
30567100
30567400
30567700
30568000
30568200
30568400
30568700
30569000
30569200
30569400
30569600
30569900
30570200
30570400
30570600
30570800
30571100
30571400
30571700
30571900
30572100
30572400
30572700
30573000
30573200
30573400
30573700
30574000
30574300
30574600
30574800
30575000
30575300
30575600
30575900
30576100
30576300
30576600
30576900
30577200
30577400
30577600
30577800
30578100
30578400
30578700
30578900
30579100
30579400
30579700
30580000
30580200
30580400
30580700
30581000
30581200
30581400
30581600
30581900
30582200
30582500
30582700
30582900
30583200
30583500
30583700
30583900
30584100
30584400
30584700
30585000
30585200
30585400
30585700
30586000
30586300
30586500
30586700
30587000
30587300
30587600
30662700
30663000
30663200
30663400
30663700
30664000
30664300
30664500
30664700
30665000
30665300
30665600
30665800
30666000
30666200
30666500
30666800
30667000
30667200
30667400
30667700
30668000
30668200
30668400
30668700
30669000
30669300
30669600
30669800
30670000
30670300
30670600
30670900
30671100
30671300
30671600
30671900
30672200
30672400
30672600
30672800
30673100
30673400
30673700
30673900
30674100
30674400
30674700
30675000
30675200
30675400
30675700
30676000
30676300
30676600
30676800
30677000
30677300
30677600
30677900
30678100
30678300
30678600
30678900
30679100
30679300
30679500
30679800
30680100
30680400
30680600
30680800
30681100
30681400
30681600
30681800
30682000
30682300
30682600
30682900
30683100
30683300
30683600
30683900
30684200
30684400
30684600
30684900
30685200
30685500
30685700
30685900
30686100
30686300
30686600
30686900
30687100
30687300
30687500
30687800
30763100
30763300
30763600
30763900
30764200
30764400
30764600
30764900
30765200
30765400
30765600
30765800
30766100
30766400
30766600
30766800
30767000
30767200
30767500
30767800
30768000
30768200
30768400
30768700
30769000
30769200
30769400
30769600
30769900
30770200
30770500
30770800
30771000
30771200
30771500
30771800
30772000
30772200
30772400
30772700
30773000
30773200
30773400
30773600
30773900
30774200
30774500
30774700
30774900
30775200
30775500
30775700
30775900
30776200
30776500
30776800
30777000
30777200
30777400
30777700
30778000
30778300
30778500
30778700
30779000
30779300
30779500
30779700
30779900
30780200
30780500
30780800
30781000
30781200
30781400
30781700
30782000
30782200
30782400
30782600
30782900
30783200
30783400
30783600
30783800
30784000
30784300
30784600
30784800
30785000
30785200
30785500
30785800
30786000
30786200
30786500
30786800
30787100
30787400
30787600
30864900
30865200
30865500
30865800
30866000
30866200
30866400
30866700
30867000
30867300
30867500
30867700
30868000
30868300
30868600
30868900
30869100
30869300
30869600
30869900
30870200
30870400
30870600
30870900
30871200
30871400
30871600
30871900
30872200
30872500
30872800
30873000
30873200
30873500
30873800
30874000
30874200
30874500
30874800
30875000
30875200
30875500
30875800
30876100
30876400
30876600
30876800
30877100
30877300
30877600
30877900
30878100
30878300
30878600
30878900
30879200
30879400
30879600
30879800
30880100
30880400
30880700
30880900
30881100
30881400
30881700
30882000
30882200
30882400
30882700
30883000
30883300
30883500
30883700
30884000
30884300
30884600
30884800
30885000
30885300
30885600
30885800
30886000
30886300
30886600
30886900
30887100
30887300
30887600
30887900
30888200
30888400
30888600
30888900
30889200
30889400
30889600
30889900
30890200
30890500
30967500
30967800
30968100
30968400
30968600
30968800
30969100
30969400
30969700
30969900
30970100
30970400
30970700
30970900
30971100
30971300
30971600
30971900
30972100
30972300
30972600
30972900
30973200
30973400
30973600
30973900
30974200
30974400
30974600
30974800
30975000
30975300
30975600
30975800
30976000
30976300
30976600
30976900
30977100
30977300
30977600
30977900
30978200
30978500
30978700
30978900
30979200
30979500
30979700
30979900
30980100
30980400
30980700
30980900
30981100
30981400
30981700
30982000
30982300
30982500
30982700
30983000
30983300
30983500
30983700
30984000
30984300
30984600
30984800
30985000
30985300
30985600
30985900
30986100
30986300
30986600
30986900
30987100
30987300
30987600
30987900
30988200
30988400
30988600
30988800
30989100
30989400
30989600
30989800
30990000
30990300
30990600
30990800
30991000
30991300
30991600
30991900
30992100
30992300
30992500
31068300
31068500
31068800
31069100
31069400
31069600
31069800
31070100
31070400
31070600
31070800
31071000
31071300
31071600
31071800
31072000
31072200
31072500
31072800
31073100
31073300
31073500
31073800
31074100
31074400
31074600
31074800
31075100
31075400
31075700
31076000
31076200
31076400
31076600
31076900
31077200
31077400
31077600
31077900
31078200
31078500
31078800
31079000
31079200
31079500
31079800
31080100
31080300
31080500
31080800
31081100
31081300
31081500
31081700
31081900
31082200
31082500
31082700
31082900
31083200
31083500
31083800
31084000
31084200
31084500
31084800
31085000
31085200
31085400
31085600
31085900
31086200
31086400
31086600
31086900
31087200
31087500
31087700
31087900
31088100
31088300
31088600
31088900
31089100
31089300
31089500
31089800
31090100
31090300
31090500
31090700
31091000
31091300
31091600
31091800
31092000
31092200
31092500
31092800
31093000
31170700
31171000
31171300
31171600
31171800
31172000
31172300
31172600
31172900
31173100
31173300
31173500
31173800
31174100
31174400
31174700
31174900
31175100
31175400
31175700
31176000
31176200
31176400
31176700
31177000
31177200
31177400
31177700
31178000
31178300
31178600
31178800
31179000
31179300
31179600
31179800
31180000
31180200
31180500
31180800
31181000
31181200
31181400
31181700
31182000
31182300
31182500
31182700
31183000
31183300
31183500
31183700
31183900
31184200
31184500
31184700
31184900
31185100
31185400
31185700
31185900
31186200
31186500
31186800
31187000
31187200
31187500
31187800
31188100
31188400
31188600
31188800
31189100
31189400
31189700
31189900
31190100
31190400
31190700
31191000
31191200
31191400
31191600
31191900
31192200
31192500
31192700
31192900
31193200
31193500
31193700
31193900
31194200
31194500
31194800
31195000
31195200
31195400
31195700
31196000
31272000
31272200
31272400
31272600
31272900
31273200
31273400
31273600
31273800
31274100
31274400
31274600
31274800
31275100
31275400
31275700
31276000
31276300
31276600
31276800
31277000
31277300
31277600
31277900
31278100
31278300
31278600
31278900
31279200
31279400
31279600
31279800
31280000
31280200
31280400
31280700
31281000
31281200
31281400
31281600
31281900
31282200
31282400
31282600
31282800
31283100
31283400
31283700
31284000
31284200
31284400
31284700
31285000
31285300
31285500
31285700
31286000
31286300
31286600
31286800
31287000
31287200
31287500
31287800
31288100
31288300
31288500
31288800
31289100
31289300
31289500
31289700
31290000
31290300
31290600
31290800
31291000
31291300
31291600
31291900
31292100
31292300
31292600
31292900
31293200
31293400
31293600
31293800
31294100
31294400
31294700
31294900
31295100
31295400
31295700
31296000
31296200
31296400
31296700
31297000
31372800
31373000
31373200
31373500
31373800
31374100
31374300
31374500
31374800
31375100
31375300
31375500
31375800
31376100
31376300
31376500
31376700
31377000
31377300
31377600
31377900
31378200
31378500
31378800
31379000
31379300
31379600
31379900
31380100
31380300
31380600
31380900
31381200
31381400
31381600
31381900
31382200
31382500
31382800
31383000
31383200
31383500
31383800
31384100
31384300
31384500
31384800
31385100
31385400
31385600
31385800
31386000
31386300
31386600
31386900
31387100
31387300
31387600
31387900
31388200
31388400
31388600
31388900
31389200
31389500
31389800
31390100
31390300
31390500
31390800
31391100
31391400
31391600
31391800
31392000
31392300
31392600
31392900
31393200
31393400
31393600
31393900
31394200
31394500
31394700
31394900
31395200
31395500
31395800
31396000
31396200
31396400
31396700
31397000
31397300
31397500
31397700
31398000
31398300
31398600
31478700
31479000
31479300
31479500
31479700
31480000
31480300
31480600
31480900
31481200
31481500
31481700
31481900
31482200
31482500
31482700
31482900
31483100
31483400
31483700
31483900
31484100
31484400
31484700
31485000
31485300
31485500
31485700
31486000
31486300
31486600
31486800
31487000
31487300
31487600
31487800
31488000
31488300
31488600
31488900
31489100
31489300
31489600
31489900
31490200
31490400
31490600
31490900
31491200
31491400
31491600
31491800
31492100
31492400
31492600
31492800
31493100
31493400
31493700
31494000
31494200
31494400
31494700
31495000
31495200
31495400
31495600
31495900
31496200
31496400
31496600
31496900
31497200
31497400
31497600
31497800
31498100
31498400
31498600
31498800
31499100
31499400
31499600
31499800
31500000
31500300
31500600
31500800
31501000
31501300
31501600
31501900
31502100
31502300
31502600
31502900
31503100
31503300
31503500
31503800
31579600
31579800
31580000
31580300
31580600
31580800
31581000
31581300
31581600
31581800
31582000
31582200
31582500
31582800
31583000
31583200
31583500
31583800
31584100
31584300
31584500
31584800
31585100
31585400
31585600
31585800
31586100
31586400
31586700
31586900
31587100
31587400
31587700
31588000
31588200
31588400
31588700
31589000
31589200
31589400
31589700
31590000
31590300
31590500
31590700
31591000
31591300
31591500
31591700
31592000
31592300
31592500
31592700
31592900
31593200
31593500
31593700
31593900
31594200
31594500
31594800
31595000
31595200
31595500
31595800
31596000
31596200
31596500
31596800
31597100
31597300
31597500
31597800
31598100
31598400
31598600
31598800
31599100
31599400
31599700
31599900
31600100
31600400
31600700
31601000
31601200
31601400
31601700
31602000
31602200
31602400
31602700
31603000
31603300
31603500
31603700
31604000
31604300
31604500
31604700
31681600
31681800
31682100
31682400
31682700
31682900
31683100
31683400
31683700
31684000
31684200
31684400
31684700
31685000
31685300
31685500
31685700
31685900
31686200
31686500
31686700
31686900
31687100
31687400
31687700
31687900
31688100
31688300
31688600
31688900
31689200
31689400
31689600
31689900
31690200
31690400
31690600
31690800
31691100
31691400
31691600
31691800
31692100
31692400
31692700
31692900
31693100
31693400
31693700
31694000
31694200
31694400
31694700
31695000
31695200
31695400
31695600
31695900
31696200
31696500
31696700
31696900
31697200
31697500
31697800
31698000
31698200
31698500
31698800
31699100
31699300
31699500
31699700
31700000
31700300
31700600
31700800
31701000
31701300
31701600
31701900
31702100
31702300
31702600
31702900
31703100
31703300
31703500
31703800
31704100
31704400
31704600
31704800
31705100
31705400
31705600
31705800
31706100
31706400
31706700
31786100
31786300
31786600
31786900
31787100
31787300
31787500
31787800
31788100
31788300
31788500
31788800
31789100
31789400
31789600
31789800
31790100
31790400
31790600
31790800
31791100
31791400
31791700
31791900
31792100
31792400
31792700
31793000
31793200
31793400
31793700
31794000
31794200
31794400
31794600
31794900
31795100
31795400
31795700
31795900
31796100
31796400
31796700
31797000
31797200
31797400
31797700
31798000
31798300
31798500
31798700
31799000
31799200
31799400
31799700
31800000
31800200
31800400
31800700
31801000
31801300
31801500
31801700
31802000
31802300
31802600
31802800
31803000
31803300
31803600
31803900
31804100
31804300
31804600
31804900
31805100
31805300
31805600
31805900
31806200
31806400
31806600
31806900
31807200
31807500
31807800
31808000
31808200
31808500
31808800
31809100
31809300
31809500
31809700
31810000
31810300
31810600
31810800
31811000
31811300
31888700
31888900
31889200
31889500
31889800
31890000
31890200
31890500
31890800
31891000
31891200
31891500
31891800
31892100
31892300
31892500
31892800
31893100
31893400
31893600
31893800
31894100
31894400
31894700
31894900
31895100
31895400
31895700
31896000
31896200
31896400
31896700
31897000
31897300
31897500
31897700
31898000
31898300
31898600
31898900
31899100
31899300
31899600
31899900
31900100
31900300
31900600
31900900
31901200
31901400
31901600
31901900
31902200
31902400
31902600
31902900
31903200
31903400
31903600
31903800
31904100
31904400
31904600
31904800
31905100
31905400
31905600
31905800
31906100
31906400
31906700
31906900
31907100
31907400
31907700
31908000
31908200
31908400
31908700
31909000
31909300
31909500
31909700
31909900
31910200
31910500
31910700
31910900
31911200
31911500
31911800
31912000
31912200
31912500
31912800
31913100
31913300
31913500
31913800
31914100
31991200
31991400
31991700
31992000
31992300
31992500
31992700
31993000
31993300
31993500
31993700
31993900
31994200
31994500
31994700
31994900
31995100
31995400
31995700
31995900
31996100
31996400
31996700
31997000
31997200
31997400
31997700
31998000
31998200
31998400
31998700
31999000
31999300
31999500
31999700
32000000
32000300
32000500
32000700
32001000
32001300
32001500
32001700
32002000
32002300
32002500
32002700
32002900
32003200
32003500
32003800
32004000
32004200
32004500
32004800
32005000
32005200
32005400
32005700
32006000
32006200
32006400
32006700
32007000
32007300
32007500
32007700
32008000
32008300
32008600
32008800
32009000
32009300
32009600
32009800
32010000
32010200
32010500
32010800
32011100
32011300
32011500
32011800
32012100
32012400
32012600
32012800
32013100
32013400
32013600
32013800
32014100
32014400
32014700
32014900
32015100
32015400
32015700
32015900
32016100
32093300
32093500
32093700
32094000
32094300
32094500
32094700
32094900
32095200
32095500
32095700
32095900
32096200
32096500
32096800
32097000
32097200
32097500
32097800
32098000
32098200
32098400
32098700
32099000
32099200
32099400
32099700
32100000
32100200
32100400
32100700
32101000
32101300
32101500
32101700
32102000
32102300
32102500
32102700
32102900
32103200
32103500
32103800
32104000
32104200
32104500
32104800
32105100
32105300
32105500
32105800
32106100
32106300
32106500
32106700
32107000
32107300
32107500
32107700
32108000
32108300
32108600
32108800
32109000
32109300
32109600
32109800
32110000
32110300
32110600
32110900
32111100
32111300
32111600
32111900
32112100
32112300
32112600
32112900
32113200
32113400
32113600
32113900
32114200
32114400
32114600
32114800
32115100
32115400
32115600
32115800
32116100
32116400
32116700
32116900
32117100
32117400
32117700
32117900
32118100
32195900
32196100
32196400
32196700
32196900
32197100
32197400
32197700
32198000
32198200
32198400
32198700
32199000
32199200
32199400
32199700
32200000
32200300
32200500
32200700
32201000
32201300
32201600
32201800
32202000
32202300
32202600
32202900
32203100
32203300
32203600
32203900
32204200
32204400
32204600
32204900
32205200
32205400
32205600
32205800
32206100
32206400
32206600
32206800
32207100
32207400
32207600
32207800
32208100
32208400
32208700
32208900
32209100
32209300
32209600
32209900
32210100
32210300
32210600
32210900
32211100
32211300
32211600
32211900
32212200
32212400
32212600
32212900
32213200
32213400
32213600
32213800
32214100
32214400
32214600
32214800
32215000
32215300
32215600
32215800
32216000
32216300
32216600
32216900
32217100
32217300
32217600
32217900
32218200
32218400
32218600
32218900
32219200
32219400
32219600
32219900
32220200
32220500
32220700
32220900
32298800
32299100
32299400
32299600
32299800
32300100
32300400
32300700
32300900
32301100
32301400
32301700
32302000
32302200
32302400
32302700
32303000
32303200
32303400
32303700
32304000
32304300
32304500
32304700
32305000
32305300
32305500
32305700
32305900
32306200
32306400
32306700
32307000
32307300
32307500
32307700
32308000
32308300
32308600
32308800
32309000
32309300
32309600
32309800
32310000
32310200
32310500
32310800
32311000
32311200
32311500
32311800
32312100
32312300
32312500
32312800
32313100
32313300
32313500
32313700
32314000
32314300
32314500
32314700
32315000
32315300
32315500
32315700
32316000
32316300
32316600
32316800
32317000
32317300
32317600
32317800
32318000
32318300
32318600
32318800
32319000
32319300
32319600
32319800
32320000
32320300
32320600
32320900
32321100
32321300
32321600
32321900
32322100
32322300
32322600
32322900
32323200
32323400
32323600
32323900
32406300
32406600
32406900
32407200
32407400
32407600
32407800
32408100
32408300
32408600
32408900
32409100
32409300
32409500
32409700
32410000
32410300
32410600
32410900
32411100
32411300
32411500
32411700
32412000
32412300
32412600
32412800
32413100
32413300
32413500
32413800
32414100
32414400
32414700
32414900
32415100
32415400
32415700
32415900
32416100
32416300
32416600
32416900
32417200
32417400
32417600
32417800
32418100
32418400
32418700
32419000
32419200
32419400
32419600
32419900
32420200
32420500
32420800
32421000
32421200
32421400
32421600
32421800
32422100
32422400
32422700
32423000
32423200
32423400
32423600
32423800
32424100
32424400
32424600
32424900
32425100
32425300
32425600
32425900
32426200
32426500
32426800
32427000
32427200
32427400
32427700
32428000
32428300
32428500
32428800
32429000
32429200
32429500
32429800
32430100
32430400
32430600
32430800
32431100
32431400
32509400
32509700
32510000
32510300
32510600
32510900
32511100
32511300
32511500
32511800
32512100
32512400
32512600
32512800
32513000
32513200
32513500
32513800
32514100
32514300
32514500
32514800
32515000
32515300
32515600
32515800
32516100
32516300
32516500
32516800
32517100
32517400
32517600
32517800
32518100
32518400
32518700
32519000
32519200
32519400
32519700
32520000
32520300
32520600
32520800
32521000
32521200
32521400
32521700
32522000
32522200
32522500
32522700
32522900
32523200
32523500
32523800
32524100
32524300
32524500
32524700
32524900
32525200
32525500
32525800
32526100
32526300
32526500
32526800
32527000
32527300
32527600
32527800
32528000
32528300
32528500
32528800
32529100
32529300
32529500
32529700
32530000
32530300
32530600
32530900
32531100
32531300
32531600
32531900
32532200
32532500
32532700
32532900
32533100
32533300
32533600
32533900
32534200
32534500
32534700
32613300
32613500
32613700
32613900
32614200
32614500
32614800
32615100
32615300
32615500
32615800
32616100
32616400
32616700
32617000
32617200
32617400
32617700
32618000
32618300
32618600
32618800
32619000
32619200
32619400
32619700
32620000
32620300
32620500
32620700
32620900
32621100
32621400
32621700
32622000
32622300
32622500
32622700
32623000
32623200
32623500
32623800
32624100
32624400
32624600
32624800
32625100
32625300
32625600
32625900
32626200
32626400
32626600
32626900
32627200
32627500
32627800
32628000
32628300
32628500
32628700
32629000
32629300
32629600
32629800
32630000
32630300
32630500
32630800
32631100
32631400
32631700
32631900
32632100
32632400
32632700
32633000
32633200
32633500
32633700
32633900
32634200
32634500
32634800
32635100
32635300
32635600
32635800
32636000
32636300
32636600
32636900
32637200
32637400
32637600
32637800
32638000
32638300
32638600
32638900
32723300
32723600
32723900
32724200
32724400
32724600
32724800
32725100
32725400
32725700
32725900
32726100
32726400
32726700
32727000
32727200
32727400
32727700
32728000
32728300
32728600
32728800
32729000
32729300
32729600
32729900
32730100
32730300
32730600
32730900
32731200
32731500
32731700
32731900
32732200
32732500
32732800
32733000
32733200
32733500
32733700
32733900
32734200
32734500
32734800
32735000
32735200
32735400
32735700
32736000
32736300
32736500
32736700
32737000
32737300
32737600
32737800
32738000
32738200
32738500
32738800
32739100
32739400
32739600
32739800
32740100
32740400
32740700
32740900
32741100
32741300
32741600
32741900
32742200
32742400
32742600
32742800
32743100
32743400
32743700
32743900
32744100
32744400
32744700
32745000
32745200
32745400
32745700
32746000
32746300
32746500
32746700
32746900
32747200
32747500
32747700
32747900
32748100
32748400
32748700
32828900
32829200
32829500
32829700
32829900
32830100
32830400
32830700
32830900
32831100
32831300
32831600
32831900
32832100
32832300
32832500
32832800
32833100
32833300
32833500
32833700
32833900
32834200
32834500
32834800
32835000
32835200
32835500
32835800
32836100
32836300
32836500
32836700
32837000
32837300
32837600
32837800
32838000
32838200
32838500
32838800
32839100
32839300
32839500
32839800
32840100
32840400
32840600
32840800
32841000
32841300
32841600
32841900
32842100
32842300
32842500
32842800
32843100
32843300
32843500
32843800
32844100
32844400
32844600
32844800
32845100
32845400
32845700
32846000
32846200
32846400
32846700
32847000
32847300
32847500
32847700
32848000
32848300
32848600
32848800
32849000
32849200
32849500
32849800
32850100
32850300
32850500
32850800
32851100
32851400
32851600
32851800
32852000
32852300
32852600
32852900
32853100
32853300
32853500
32853800
32933100
32933300
32933500
32933800
32934100
32934400
32934600
32934800
32935000
32935300
32935600
32935900
32936100
32936300
32936600
32936900
32937200
32937500
32937700
32937900
32938200
32938500
32938800
32939000
32939200
32939400
32939700
32940000
32940200
32940400
32940600
32940900
32941200
32941500
32941700
32941900
32942200
32942500
32942800
32943000
32943200
32943500
32943800
32944100
32944400
32944600
32944800
32945100
32945400
32945600
32945800
32946000
32946300
32946600
32946900
32947100
32947300
32947600
32947900
32948200
32948500
32948700
32948900
32949200
32949500
32949800
32950000
32950200
32950400
32950700
32951000
32951300
32951500
32951700
32951900
32952200
32952500
32952800
32953000
32953200
32953400
32953700
32954000
32954200
32954400
32954600
32954800
32955100
32955400
32955600
32955800
32956000
32956300
32956600
32956800
32957000
32957200
32957500
32957800
32958000
33039100
33039300
33039600
33039900
33040200
33040500
33040800
33041000
33041200
33041500
33041800
33042100
33042300
33042500
33042800
33043100
33043400
33043600
33043800
33044100
33044400
33044700
33045000
33045200
33045400
33045700
33046000
33046300
33046500
33046700
33047000
33047300
33047600
33047800
33048000
33048200
33048500
33048700
33048900
33049100
33049400
33049700
33050000
33050200
33050400
33050700
33051000
33051300
33051500
33051700
33051900
33052200
33052500
33052800
33053000
33053200
33053400
33053700
33054000
33054300
33054500
33054700
33055000
33055300
33055600
33055800
33056000
33056200
33056400
33056600
33056900
33057200
33057500
33057700
33057900
33058200
33058500
33058800
33059000
33059200
33059500
33059800
33060100
33060400
33060600
33060800
33061100
33061400
33061700
33061900
33062100
33062300
33062600
33062900
33063200
33063400
33063600
33063800
33064100
33064400
33142800
33143000
33143300
33143600
33143800
33144000
33144200
33144500
33144800
33145100
33145300
33145500
33145800
33146100
33146400
33146700
33146900
33147100
33147400
33147700
33148000
33148300
33148500
33148700
33149000
33149300
33149600
33149800
33150000
33150200
33150500
33150800
33151100
33151300
33151500
33151700
33152000
33152300
33152600
33152800
33153000
33153300
33153600
33153900
33154100
33154300
33154500
33154800
33155100
33155400
33155600
33155800
33156100
33156400
33156700
33156900
33157100
33157400
33157700
33158000
33158300
33158500
33158700
33159000
33159300
33159600
33159800
33160000
33160200
33160500
33160800
33161100
33161300
33161500
33161700
33162000
33162300
33162600
33162800
33163000
33163200
33163500
33163800
33164100
33164300
33164500
33164700
33165000
33165300
33165600
33165900
33166200
33166400
33166600
33166900
33167200
33167500
33167700
33167900
33168200
33247800
33248000
33248200
33248500
33248800
33249100
33249300
33249500
33249800
33250100
33250400
33250600
33250800
33251100
33251400
33251700
33251900
33252100
33252400
33252700
33252900
33253100
33253400
33253700
33254000
33254200
33254400
33254700
33255000
33255200
33255400
33255700
33256000
33256200
33256400
33256600
33256900
33257200
33257400
33257600
33257900
33258200
33258400
33258600
33258900
33259200
33259500
33259700
33259900
33260200
33260500
33260800
33261000
33261200
33261500
33261800
33262000
33262300
33262500
33262700
33263000
33263300
33263500
33263700
33264000
33264300
33264500
33264700
33265000
33265300
33265500
33265700
33265900
33266200
33266500
33266800
33267000
33267200
33267500
33267800
33268100
33268300
33268500
33268800
33269100
33269300
33269500
33269800
33270100
33270400
33270600
33270900
33271100
33271300
33271600
33271900
33272100
33272300
33272600
33272900
33355700
33356000
33356300
33356600
33356900
33357300
33357700
33358100
33358400
33358700
33359100
33359300
33359500
33359700
33359900
33360200
33360500
33360700
33360900
33361100
33361400
33361700
33361900
33362100
33362400
33362700
33363000
33363200
33363400
33363700
33364000
33364200
33364500
33364800
33365000
33365200
33365500
33365800
33366000
33366200
33366500
33366800
33367000
33367200
33367500
33367800
33368100
33368400
33368600
33368800
33369100
33369400
33369600
33369800
33370100
33370400
33370700
33370900
33371100
33371400
33371700
33372000
33372200
33372400
33372600
33372900
33373200
33373400
33373600
33373900
33374200
33374400
33374600
33374800
33375100
33375400
33375700
33375900
33376100
33376400
33376700
33376900
33377100
33377400
33377700
33377900
33378100
33378400
33378700
33379000
33379200
33379400
33379700
33380000
33380300
33380500
33380700
33381000
33381300
33381500
33460400
33460700
33461000
33461300
33461600
33461800
33462000
33462300
33462600
33462900
33463100
33463300
33463600
33463900
33464100
33464300
33464600
33464900
33465200
33465400
33465600
33465800
33466100
33466400
33466600
33466800
33467100
33467400
33467700
33467900
33468100
33468300
33468600
33468900
33469200
33469400
33469600
33469900
33470200
33470400
33470600
33470800
33471100
33471400
33471700
33471900
33472100
33472400
33472700
33473000
33473200
33473400
33473700
33474000
33474300
33474500
33474700
33474900
33475200
33475500
33475700
33475900
33476200
33476500
33476700
33476900
33477200
33477500
33477800
33478100
33478300
33478500
33478800
33479100
33479300
33479500
33479800
33480100
33480400
33480600
33480800
33481100
33481400
33481700
33481900
33482100
33482300
33482600
33482900
33483100
33483300
33483600
33483900
33484200
33484400
33484600
33484800
33485100
33485400
33485700
33565600
33565800
33566100
33566400
33566700
33566900
33567100
33567400
33567700
33567900
33568100
33568300
33568600
33568900
33569200
33569400
33569600
33569800
33570100
33570400
33570600
33570800
33571100
33571400
33571700
33571900
33572100
33572300
33572600
33572900
33573200
33573400
33573600
33573900
33574200
33574400
33574600
33574900
33575200
33575500
33575800
33576000
33576200
33576500
33576800
33577000
33577200
33577500
33577800
33578000
33578200
33578400
33578700
33579000
33579300
33579500
33579700
33580000
33580300
33580500
33580700
33580900
33581200
33581500
33581700
33581900
33582100
33582400
33582700
33583000
33583200
33583400
33583700
33584000
33584300
33584500
33584700
33585000
33585300
33585600
33585900
33586100
33586300
33586600
33586900
33587100
33587300
33587500
33587800
33588100
33588300
33588500
33588700
33589000
33589300
33589500
33589700
33590000
33590300
33590600
33673200
33673400
33673700
33674000
33674300
33674500
33674700
33675000
33675300
33675600
33675800
33676000
33676300
33676600
33676900
33677100
33677300
33677600
33677900
33678200
33678400
33678600
33678900
33679200
33679400
33679600
33679900
33680200
33680500
33680800
33681000
33681200
33681500
33681800
33682100
33682300
33682500
33682800
33683100
33683300
33683500
33683700
33683900
33684200
33684400
33684700
33685000
33685300
33685500
33685700
33686000
33686300
33686600
33686900
33687100
33687300
33687600
33687900
33688200
33688400
33688600
33688900
33689200
33689400
33689600
33689800
33690000
33690300
33690600
33690800
33691000
33691300
33691600
33691800
33692000
33692200
33692400
33692600
33692900
33693200
33693500
33693700
33693900
33694200
33694500
33694800
33695000
33695200
33695500
33695800
33696000
33696200
33696400
33696600
33696900
33697200
33697400
33697600
33697800
33698100
33778000
33778200
33778500
33778800
33779000
33779200
33779500
33779800
33780100
33780300
33780500
33780800
33781100
33781300
33781500
33781700
33782000
33782300
33782600
33782800
33783000
33783300
33783600
33783900
33784100
33784300
33784600
33784900
33785200
33785500
33785700
33785900
33786200
33786500
33786700
33786900
33787200
33787500
33787800
33788000
33788200
33788400
33788700
33789000
33789200
33789400
33789700
33790000
33790300
33790500
33790700
33791000
33791300
33791600
33791800
33792000
33792300
33792600
33792800
33793000
33793200
33793500
33793800
33794000
33794200
33794500
33794800
33795100
33795400
33795600
33795800
33796100
33796400
33796600
33796800
33797000
33797300
33797600
33797800
33798000
33798200
33798400
33798700
33799000
33799200
33799400
33799700
33800000
33800300
33800500
33800700
33801000
33801300
33801600
33801800
33802000
33802300
33802600
33802900
33803100
33883700
33884000
33884300
33884500
33884700
33885000
33885300
33885600
33885800
33886000
33886300
33886600
33886800
33887000
33887200
33887500
33887800
33888100
33888300
33888500
33888800
33889100
33889300
33889500
33889800
33890100
33890400
33890700
33890900
33891100
33891400
33891700
33891900
33892100
33892400
33892700
33893000
33893200
33893400
33893700
33894000
33894300
33894500
33894700
33894900
33895200
33895500
33895700
33895900
33896200
33896500
33896800
33897000
33897200
33897400
33897700
33898000
33898300
33898500
33898700
33899000
33899300
33899600
33899800
33900000
33900300
33900600
33900900
33901100
33901300
33901600
33901900
33902200
33902400
33902600
33902900
33903200
33903400
33903600
33903800
33904100
33904400
33904700
33904900
33905100
33905400
33905700
33905900
33906100
33906400
33906700
33907000
33907300
33907500
33907700
33908000
33908300
33908500
33908700
33908900
33992200
33992400
33992700
33993000
33993300
33993500
33993700
33994000
33994200
33994400
33994700
33995000
33995300
33995500
33995700
33996000
33996300
33996500
33996700
33997000
33997300
33997600
33997900
33998100
33998300
33998600
33998900
33999200
33999400
33999600
33999900
34000200
34000500
34000700
34000900
34001200
34001500
34001800
34002000
34002200
34002500
34002800
34003100
34003300
34003500
34003800
34004100
34004300
34004500
34004700
34004900
34005200
34005500
34005700
34005900
34006200
34006500
34006700
34006900
34007200
34007500
34007800
34008000
34008200
34008400
34008700
34009000
34009200
34009400
34009600
34009900
34010200
34010500
34010800
34011000
34011200
34011500
34011800
34012100
34012400
34012600
34012800
34013100
34013400
34013700
34013900
34014100
34014400
34014700
34014900
34015100
34015300
34015600
34015900
34016200
34016400
34016600
34016900
34017200
34017400
34097400
34097600
34097800
34098100
34098400
34098700
34098900
34099100
34099400
34099700
34100000
34100200
34100400
34100700
34101000
34101300
34101500
34101700
34102000
34102300
34102600
34102800
34103000
34103300
34103600
34103800
34104000
34104200
34104500
34104800
34105100
34105300
34105500
34105800
34106100
34106300
34106500
34106800
34107100
34107400
34107700
34107900
34108100
34108400
34108700
34108900
34109100
34109300
34109600
34109900
34110100
34110300
34110600
34110800
34111100
34111400
34111600
34111800
34112100
34112400
34112700
34112900
34113100
34113400
34113700
34114000
34114300
34114500
34114700
34115000
34115300
34115600
34115800
34116000
34116300
34116600
34116800
34117000
34117300
34117600
34117900
34118200
34118400
34118600
34118900
34119200
34119400
34119600
34119900
34120200
34120500
34120700
34120900
34121100
34121400
34121700
34121900
34122100
34122400
34122700
34203600
34203900
34204200
34204400
34204600
34204900
34205200
34205400
34205600
34205900
34206200
34206500
34206700
34206900
34207100
34207400
34207700
34207900
34208100
34208300
34208600
34208900
34209100
34209300
34209600
34209900
34210200
34210500
34210700
34210900
34211200
34211500
34211800
34212000
34212200
34212500
34212800
34213100
34213300
34213500
34213700
34214000
34214300
34214600
34214800
34215000
34215300
34215600
34215800
34216000
34216200
34216600
34216800
34217000
34217300
34217600
34217800
34218000
34218200
34218400
34218700
34219000
34219200
34219500
34219700
34219900
34220200
34220500
34220800
34221000
34221200
34221500
34221800
34222000
34222200
34222400
34222600
34222900
34223200
34223400
34223600
34223800
34224100
34224400
34224700
34224900
34225100
34225400
34225700
34225900
34226100
34226300
34226600
34226900
34227200
34227400
34227600
34227900
34228200
34228400
34311400
34311700
34312000
34312300
34312500
34312700
34313000
34313300
34313600
34313800
34314000
34314300
34314600
34314900
34315200
34315500
34315700
34316000
34316300
34316500
34316700
34316900
34317200
34317500
34317700
34318000
34318300
34318700
34319100
34319500
34319900
34320300
34320700
34321000
34321500
34321800
34322000
34322200
34322500
34322800
34323100
34323400
34323700
34323900
34324100
34324400
34324700
34325000
34325300
34325500
34325700
34325900
34326100
34326400
34326700
34327000
34327200
34327400
34327600
34327900
34328200
34328400
34328700
34328900
34329100
34329400
34329700
34330000
34330300
34330500
34330700
34331000
34331300
34331600
34331900
34332100
34332300
34332600
34332900
34333200
34333500
34333700
34333900
34334100
34334300
34334600
34334900
34335200
34335400
34335700
34335900
34336100
34336400
34336700
34337000
34337300
34337500
34337700
34338000
34338300
34419000
34419300
34419600
34419800
34420000
34420200
34420500
34420800
34421100
34421300
34421500
34421700
34421900
34422200
34422500
34422800
34423000
34423200
34423400
34423600
34423900
34424200
34424400
34424700
34424900
34425100
34425400
34425700
34426000
34426300
34426500
34426700
34427000
34427300
34427600
34427900
34428100
34428300
34428600
34428900
34429200
34429500
34429700
34429900
34430200
34430500
34430800
34431100
34431300
34431500
34431800
34432100
34432400
34432700
34432900
34433100
34433300
34433600
34433900
34434200
34434500
34434700
34434900
34435200
34435500
34435800
34436100
34436300
34436500
34436700
34437000
34437300
34437600
34437900
34438100
34438300
34438600
34438800
34439100
34439400
34439600
34439800
34440100
34440300
34440600
34440900
34441100
34441300
34441600
34441800
34442100
34442400
34442600
34442800
34443100
34443300
34443600
34443900
34444100
34444300
34526100
34526400
34526700
34527000
34527300
34527500
34527700
34527900
34528200
34528500
34528800
34529000
34529200
34529400
34529700
34530000
34530300
34530600
34530800
34531000
34531300
34531600
34531900
34532200
34532400
34532600
34532800
34533100
34533400
34533700
34534000
34534200
34534400
34534700
34535000
34535300
34535600
34535800
34536000
34536300
34536600
34536900
34537200
34537500
34537700
34537900
34538200
34538400
34538700
34539000
34539200
34539400
34539700
34539900
34540200
34540500
34540700
34540900
34541100
34541300
34541600
34541900
34542200
34542400
34542600
34542800
34543100
34543400
34543700
34543900
34544100
34544300
34544600
34544900
34545200
34545400
34545600
34545800
34546100
34546400
34546700
34546900
34547100
34547300
34547600
34547900
34548200
34548400
34548600
34548800
34549000
34549300
34549600
34549900
34550100
34550300
34550500
34550700
34551000
34551300
34632800
34633000
34633200
34633500
34633800
34634100
34634400
34634600
34634800
34635000
34635200
34635500
34635800
34636100
34636400
34636600
34636800
34637100
34637300
34637600
34637900
34638200
34638500
34638700
34638900
34639200
34639400
34639700
34640000
34640300
34640600
34640800
34641000
34641300
34641500
34641800
34642100
34642400
34642700
34642900
34643100
34643400
34643700
34644000
34644200
34644500
34644700
34644900
34645200
34645500
34645800
34646100
34646300
34646500
34646700
34646900
34647200
34647500
34647800
34648100
34648300
34648500
34648700
34649000
34649300
34649600
34649900
34650200
34650400
34650600
34650800
34651100
34651400
34651700
34652000
34652300
34652500
34652700
34652900
34653200
34653500
34653800
34654100
34654300
34654500
34654700
34654900
34655200
34655500
34655800
34656100
34656300
34656500
34656800
34657000
34657300
34657600
34657900
34658100
34658300
34741000
34741400
34741600
34741800
34742100
34742400
34742700
34742900
34743100
34743300
34743600
34743900
34744200
34744500
34744700
34744900
34745200
34745500
34745800
34746100
34746300
34746500
34746800
34747100
34747400
34747700
34747900
34748100
34748400
34748600
34748900
34749200
34749400
34749600
34749800
34750000
34750300
34750600
34750800
34751100
34751300
34751500
34751800
34752100
34752400
34752700
34753000
34753200
34753400
34753700
34754000
34754300
34754600
34754800
34755000
34755300
34755500
34755800
34756100
34756300
34756500
34756700
34756900
34757200
34757500
34757700
34757900
34758100
34758400
34758700
34759000
34759300
34759500
34759700
34760000
34760300
34760600
34760900
34761100
34761300
34761600
34761900
34762200
34762500
34762700
34762900
34763200
34763500
34763800
34764100
34764400
34764600
34764800
34765000
34765200
34765500
34765800
34766000
34766300
34766500
34848400
34848600
34848900
34849200
34849500
34849800
34850000
34850200
34850400
34850600
34850900
34851200
34851400
34851700
34851900
34852100
34852400
34852700
34853000
34853300
34853500
34853700
34853900
34854200
34854500
34854800
34855100
34855300
34855500
34855700
34856000
34856300
34856600
34856800
34857000
34857200
34857500
34857800
34858100
34858400
34858600
34858800
34859100
34859400
34859700
34860000
34860200
34860400
34860700
34861000
34861300
34861600
34861800
34862000
34862300
34862600
34862900
34863200
34863400
34863600
34863800
34864000
34864300
34864600
34864900
34865100
34865300
34865500
34865700
34866000
34866300
34866600
34866900
34867100
34867300
34867600
34867900
34868200
34868500
34868700
34868900
34869200
34869400
34869700
34870000
34870200
34870400
34870700
34870900
34871200
34871500
34871700
34872000
34872200
34872400
34872700
34873000
34873200
34873500
34873700
34957500
34957800
34958100
34958300
34958500
34958800
34959100
34959400
34959700
34959900
34960100
34960300
34960600
34960900
34961200
34961400
34961600
34961800
34962100
34962400
34962700
34963000
34963200
34963400
34963700
34964000
34964300
34964600
34964800
34965000
34965300
34965600
34965900
34966200
34966500
34966700
34966900
34967200
34967500
34967800
34968100
34968300
34968500
34968800
34969100
34969400
34969700
34969900
34970100
34970300
34970600
34970900
34971200
34971500
34971700
34971900
34972200
34972500
34972800
34973100
34973300
34973500
34973800
34974100
34974400
34974700
34974900
34975100
34975400
34975700
34976000
34976200
34976400
34976700
34977000
34977300
34977600
34977800
34978000
34978300
34978600
34978900
34979200
34979500
34979700
34979900
34980200
34980500
34980800
34981100
34981300
34981500
34981800
34982000
34982300
34982600
34982800
34983000
34983200
34983400
35065000
35065200
35065400
35065700
35066000
35066300
35066600
35066800
35067100
35067300
35067500
35067800
35068100
35068400
35068700
35068900
35069200
35069400
35069600
35069900
35070200
35070500
35070800
35071000
35071300
35071500
35071700
35072000
35072300
35072600
35072900
35073100
35073300
35073500
35073800
35074100
35074400
35074700
35074900
35075100
35075400
35075700
35076000
35076300
35076600
35076800
35077000
35077300
35077600
35077900
35078200
35078400
35078600
35078800
35079000
35079300
35079600
35079900
35080100
35080300
35080500
35080700
35081000
35081300
35081600
35081900
35082100
35082300
35082500
35082700
35083000
35083300
35083600
35083900
35084100
35084300
35084600
35084800
35085100
35085400
35085700
35086000
35086200
35086400
35086700
35087000
35087300
35087600
35087900
35088100
35088300
35088600
35088900
35089200
35089500
35089700
35089900
35090100
35090400
35090700
35172600
35172800
35173000
35173300
35173600
35173800
35174100
35174300
35174500
35174800
35175100
35175400
35175600
35175800
35176100
35176400
35176700
35177000
35177200
35177400
35177700
35178000
35178300
35178600
35178800
35179000
35179300
35179500
35179800
35180100
35180300
35180500
35180700
35180900
35181200
35181500
35181800
35182100
35182300
35182500
35182700
35183000
35183300
35183600
35183900
35184100
35184300
35184600
35184900
35185200
35185500
35185700
35185900
35186200
35186400
35186700
35187000
35187200
35187400
35187600
35187800
35188100
35188300
35188600
35188900
35189100
35189300
35189600
35189900
35190100
35190400
35190700
35190900
35191200
35191400
35191600
35191900
35192200
35192500
35192800
35193100
35193400
35193700
35193900
35194100
35194400
35194600
35194900
35195200
35195500
35195800
35196100
35196300
35196500
35196700
35196900
35197200
35197500
35197800
35198100
35283400
35283700
35284000
35284300
35284600
35284800
35285000
35285200
35285500
35285800
35286100
35286400
35286700
35287000
35287300
35287700
35288000
35288300
35288600
35288900
35289200
35289500
35289800
35290100
35290400
35290700
35291000
35291300
35291600
35291800
35292000
35292200
35292400
35292700
35293000
35293200
35293400
35293700
35294000
35294300
35294500
35294700
35295000
35295300
35295600
35295800
35296000
35296300
35296600
35296900
35297100
35297300
35297600
35297900
35298200
35298400
35298600
35298900
35299200
35299400
35299600
35299900
35300200
35300500
35300700
35300900
35301200
35301500
35301700
35301900
35302200
35302500
35302700
35302900
35303100
35303400
35303700
35303900
35304100
35304400
35304700
35304900
35305100
35305300
35305600
35305900
35306100
35306300
35306600
35306900
35307200
35307400
35307600
35307900
35308200
35308500
35308700
35308900
35309100
35309400
35391700
35392000
35392300
35392600
35392800
35393000
35393200
35393500
35393800
35394000
35394200
35394400
35394700
35395000
35395200
35395400
35395600
35395900
35396200
35396500
35396700
35396900
35397200
35397500
35397800
35398000
35398200
35398500
35398800
35399100
35399300
35399500
35399800
35400100
35400300
35400500
35400700
35401000
35401300
35401500
35401700
35402000
35402300
35402600
35402800
35403000
35403300
35403600
35403900
35404100
35404300
35404600
35404900
35405100
35405300
35405500
35405800
35406100
35406300
35406500
35406700
35407000
35407300
35407500
35407700
35407900
35408200
35408500
35408800
35409000
35409200
35409500
35409800
35410100
35410300
35410500
35410800
35411100
35411400
35411600
35411800
35412100
35412400
35412700
35412900
35413100
35413400
35413700
35414000
35414200
35414400
35414700
35415000
35415200
35415400
35415600
35415900
35416200
35416400
35416600
35502400
35502700
35503000
35503300
35503500
35503700
35503900
35504200
35504500
35504700
35504900
35505200
35505500
35505800
35506000
35506200
35506500
35506800
35507000
35507200
35507500
35507800
35508100
35508400
35508700
35509000
35509300
35509500
35509800
35510000
35510200
35510500
35510800
35511100
35511300
35511500
35511900
35512200
35512500
35512800
35513100
35513300
35513600
35513900
35514100
35514300
35514600
35514900
35515100
35515300
35515500
35515800
35516100
35516300
35516500
35516800
35517100
35517300
35517500
35517800
35518100
35518400
35518600
35518800
35519100
35519400
35519700
35519900
35520100
35520400
35520700
35521000
35521200
35521400
35521700
35522000
35522200
35522400
35522700
35523000
35523300
35523600
35523800
35524000
35524300
35524700
35525000
35525300
35525600
35525900
35526200
35526600
35526900
35527200
35527500
35527800
35528100
35528400
35528700
35529000
35633200
35633600
35633900
35634300
35634700
35635000
35635300
35635600
35636000
35636300
35636600
35636900
35637200
35637600
35637900
35638200
35638600
35639000
35639400
35639800
35640200
35640600
35641000
35641300
35641600
35642000
35642400
35642700
35643000
35643300
35643600
35644100
35644400
35644700
35645100
35645400
35645700
35646000
35646300
35646600
35646900
35647200
35647700
35648000
35648200
35648400
35648600
35648900
35649200
35649400
35649600
35649800
35650100
35650300
35650500
35650700
35651000
35651300
35651600
35651900
35652100
35652300
35652500
35652800
35653300
35653600
35653900
35654100
35654300
35654600
35654900
35655200
35655500
35655700
35655900
35656100
35656400
35656700
35657000
35657200
35657400
35657700
35658000
35658300
35658500
35658700
35658900
35659200
35659500
35659700
35659900
35660100
35660400
35660700
35661000
35661200
35661400
35661700
35662000
35662300
35745900
35746200
35746500
35746800
35747100
35747400
35747700
35747900
35748100
35748400
35748700
35749000
35749200
35749400
35749600
35749900
35750200
35750500
35750800
35751000
35751200
35751500
35751800
35752100
35752400
35752600
35752800
35753000
35753300
35753600
35753900
35754200
35754400
35754600
35754800
35755100
35755400
35755700
35756000
35756200
35756400
35756700
35757000
35757300
35757600
35757800
35758000
35758200
35758500
35758800
35759100
35759300
35759500
35759700
35760000
35760300
35760600
35760800
35761000
35761200
35761500
35761800
35762100
35762300
35762500
35762800
35763100
35763400
35763700
35763900
35764100
35764300
35764600
35764900
35765200
35765500
35765700
35765900
35766100
35766400
35766700
35767000
35767300
35767500
35767700
35768200
35768400
35768700
35769000
35769300
35769600
35769800
35770000
35770300
35770600
35770900
35771200
35771400
35771600
35772000
35855000
35855200
35855400
35855700
35856000
35856300
35856600
35856800
35857000
35857300
35857600
35857900
35858200
35858400
35858800
35859000
35859200
35859500
35859800
35860100
35860300
35860500
35860700
35861000
35861300
35861600
35861900
35862100
35862500
35862800
35863100
35863400
35863700
35863900
35864100
35864300
35864600
35864900
35865200
35865400
35865600
35865800
35866000
35866300
35866600
35866800
35867000
35867200
35867400
35867700
35868000
35868300
35868600
35868800
35869000
35869200
35869500
35869800
35870100
35870400
35870600
35870800
35871000
35871300
35871600
35871900
35872200
35872400
35872600
35872900
35873200
35873500
35873800
35874000
35874200
35874400
35874700
35875000
35875300
35875500
35875700
35876000
35876300
35876600
35876900
35877100
35877300
35877500
35877800
35878100
35878400
35878600
35878800
35879000
35879200
35879500
35879800
35880000
35880200
35880400
35967500
35967800
35968100
35968400
35968600
35968800
35969000
35969200
35969500
35969800
35970100
35970400
35970600
35970800
35971000
35971200
35971500
35971800
35972100
35972400
35972600
35972800
35973000
35973200
35973500
35973800
35974100
35974400
35974600
35974800
35975000
35975200
35975500
35975800
35976100
35976300
35976500
35976700
35976900
35977200
35977500
35977800
35978100
35978300
35978500
35978800
35979100
35979400
35979700
35979900
35980100
35980300
35980600
35980900
35981200
35981500
35981700
35981900
35982100
35982300
35982600
35982900
35983200
35983500
35983700
35983900
35984100
35984300
35984600
35984900
35985200
35985500
35985700
35985900
35986100
35986300
35986600
35986900
35987200
35987500
35987700
35987900
35988100
35988300
35988600
35988900
35989200
35989500
35989700
35989900
35990100
35990400
35990700
35991000
35991300
35991500
35991700
35992000
35992300
35992600
36075900
36076200
36076500
36076800
36077100
36077300
36077500
36077700
36078000
36078300
36078600
36078900
36079200
36079600
36079800
36080100
36080400
36080600
36080900
36081100
36081500
36081700
36081900
36082200
36082500
36082800
36083100
36083300
36083500
36083800
36084000
36084200
36084500
36084800
36085000
36085300
36085500
36085700
36086000
36086300
36086600
36086900
36087100
36087300
36087500
36087800
36088100
36088400
36088700
36089000
36089200
36089400
36089600
36089900
36090200
36090500
36090800
36091000
36091200
36091400
36091700
36092000
36092300
36092600
36092800
36093000
36093300
36093500
36093800
36094100
36094400
36094600
36094800
36095000
36095300
36095600
36095900
36096200
36096400
36096600
36096800
36097100
36097400
36097700
36098000
36098200
36098400
36098700
36098900
36099200
36099500
36099700
36100000
36100200
36100400
36100700
36101000
36101300
36101800
36102100
36186100
36186400
36186600
36186800
36187100
36187300
36187500
36187700
36187900
36188200
36188500
36188800
36189100
36189300
36189500
36189700
36189900
36190200
36190500
36190800
36191100
36191400
36191600
36191800
36192000
36192300
36192600
36192900
36193200
36193500
36193700
36193900
36194100
36194400
36194700
36195000
36195300
36195500
36195700
36196000
36196200
36196500
36196800
36197100
36197400
36197600
36197800
36198100
36198400
36198700
36199000
36199200
36199400
36199600
36199900
36200200
36200500
36200800
36201000
36201200
36201400
36201600
36201900
36202200
36202500
36202800
36203000
36203200
36203400
36203600
36203900
36204200
36204600
36204800
36205000
36205300
36205600
36205900
36206100
36206400
36206700
36207000
36207200
36207500
36207800
36208100
36208400
36208600
36208900
36209200
36209500
36209700
36210000
36210300
36210600
36210800
36211100
36211400
36211700
36211900
36297500
36297800
36298100
36298400
36298700
36299000
36299300
36299600
36299900
36300200
36300500
36300700
36300900
36301100
36301500
36301800
36302100
36302400
36302700
36303000
36303300
36303600
36303900
36304200
36304500
36304800
36305100
36305500
36305800
36306100
36306400
36306800
36307100
36307300
36307600
36307900
36308100
36308300
36308500
36308800
36309100
36309300
36309500
36309700
36310000
36310300
36310500
36310700
36311000
36311300
36311600
36311800
36312000
36312300
36312600
36312900
36313100
36313300
36313600
36313900
36314200
36314400
36314600
36314900
36315200
36315500
36315700
36315900
36316200
36316500
36316700
36316900
36317200
36317500
36317800
36318000
36318200
36318500
36318800
36319000
36319200
36319500
36319800
36320000
36320200
36320400
36320700
36321000
36321200
36321400
36321600
36321900
36322200
36322500
36322700
36322900
36323200
36323500
36323800
36324000
36407400
36407700
36407900
36408100
36408400
36408700
36408900
36409100
36409300
36409600
36409900
36410100
36410300
36410600
36410900
36411200
36411400
36411600
36411900
36412200
36412500
36412700
36412900
36413200
36413500
36413800
36414000
36414200
36414500
36414800
36415100
36415400
36415600
36415800
36416100
36416400
36416700
36416900
36417100
36417400
36417700
36417900
36418100
36418400
36418700
36419000
36419200
36419400
36419700
36420000
36420200
36420400
36420600
36420900
36421200
36421500
36421700
36421900
36422200
36422500
36422800
36423000
36423200
36423500
36423800
36424000
36424200
36424400
36424700
36425000
36425200
36425400
36425700
36425900
36426200
36426500
36426700
36426900
36427100
36427400
36427700
36427900
36428100
36428300
36428600
36428900
36429100
36429300
36429600
36429900
36430200
36430400
36430600
36430900
36431200
36431500
36431800
36432000
36432200
36432500
36517000
36517200
36517400
36517600
36517900
36518200
36518500
36518700
36518900
36519200
36519500
36519800
36520000
36520200
36520500
36520800
36521000
36521200
36521400
36521700
36522000
36522300
36522500
36522700
36523000
36523300
36523500
36523700
36523900
36524200
36524500
36524700
36524900
36525100
36525400
36525700
36525900
36526100
36526300
36526600
36526900
36527100
36527300
36527500
36527800
36528100
36528300
36528500
36528700
36529000
36529300
36529500
36529700
36529900
36530200
36530500
36530700
36530900
36531100
36531400
36531700
36531900
36532100
36532400
36532700
36533000
36533200
36533400
36533700
36534000
36534300
36534500
36534700
36535000
36535300
36535500
36535700
36536000
36536300
36536600
36536800
36537000
36537300
36537600
36537800
36538000
36538200
36538500
36538800
36539000
36539200
36539400
36539700
36540000
36540200
36540400
36540600
36540900
36541200
36541400
36627900
36628200
36628400
36628600
36628900
36629200
36629500
36629700
36629900
36630200
36630500
36630800
36631000
36631200
36631500
36631800
36632100
36632300
36632500
36632800
36633100
36633400
36633600
36633800
36634100
36634400
36634600
36634800
36635100
36635400
36635700
36635900
36636100
36636400
36636700
36636900
36637100
36637400
36637700
36638000
36638200
36638400
36638700
36639000
36639200
36639400
36639700
36640000
36640300
36640500
36640700
36641000
36641300
36641500
36641700
36642000
36642300
36642600
36642800
36643000
36643300
36643600
36643900
36644100
36644300
36644600
36644900
36645100
36645300
36645500
36645800
36646100
36646300
36646500
36646700
36647000
36647300
36647500
36647700
36648000
36648300
36648600
36648800
36649000
36649300
36649600
36649800
36650000
36650300
36650600
36650900
36651100
36651300
36651600
36651900
36652100
36652300
36652600
36652900
36653200
36736900
36737200
36737500
36737700
36737900
36738100
36738400
36738700
36738900
36739100
36739400
36739700
36740000
36740200
36740400
36740700
36741000
36741200
36741400
36741700
36742000
36742300
36742500
36742700
36743000
36743300
36743500
36743700
36744000
36744300
36744600
36744800
36745000
36745300
36745600
36745900
36746100
36746300
36746600
36746900
36747200
36747400
36747600
36747900
36748200
36748400
36748600
36748800
36749100
36749400
36749600
36749800
36750100
36750400
36750700
36750900
36751100
36751400
36751700
36751900
36752100
36752400
36752700
36753000
36753200
36753400
36753700
36754000
36754200
36754400
36754600
36754900
36755200
36755400
36755600
36755800
36756100
36756400
36756600
36756800
36757100
36757400
36757700
36757900
36758100
36758400
36758700
36759000
36759200
36759400
36759700
36760000
36760300
36760500
36760700
36761000
36761300
36761600
36761800
36762000
36846600
36846900
36847100
36847300
36847500
36847800
36848100
36848300
36848500
36848700
36849000
36849300
36849600
36849800
36850000
36850300
36850600
36850800
36851000
36851200
36851500
36851800
36852000
36852200
36852500
36852800
36853100
36853300
36853500
36853800
36854100
36854300
36854500
36854800
36855100
36855400
36855600
36855800
36856100
36856400
36856600
36856800
36857100
36857400
36857700
36857900
36858100
36858400
36858700
36858900
36859100
36859300
36859600
36859900
36860100
36860300
36860600
36860900
36861200
36861400
36861600
36861900
36862200
36862500
36862700
36862900
36863200
36863500
36863800
36864000
36864200
36864500
36864800
36865100
36865300
36865500
36865800
36866100
36866300
36866500
36866700
36867000
36867300
36867500
36867700
36868000
36868300
36868600
36868800
36869000
36869300
36869600
36869800
36870000
36870300
36870600
36870800
36871000
36871200
36871500
36958700
36959000
36959300
36959500
36959700
36960000
36960300
36960600
36960800
36961000
36961300
36961600
36961800
36962000
36962200
36962500
36962800
36963000
36963200
36963500
36963800
36964100
36964300
36964500
36964800
36965100
36965400
36965600
36965800
36966000
36966300
36966600
36966800
36967000
36967200
36967500
36967800
36968000
36968200
36968400
36968700
36982700
36983000
36983300
36983600
36983900
36984200
36984600
36984900
36985200
36985600
36985800
36986100
36986400
36986700
36987000
36987300
36987600
36987900
36988200
36988500
36988800
36989100
36989300
36989600
36989900
36990200
36990500
36990800
36991100
36991500
36991800
36992200
36992500
36992800
36993100
36993500
36993800
36994100
36994400
36994700
36995000
36995300
36995500
36995700
36996000
36996300
36996600
36996800
36997100
36997400
36997700
36998000
36998300
36998700
36999000
36999300
36999600
36999900
37000200
37091000
37091200
37091500
37091800
37092100
37092400
37092700
37093000
37093300
37093500
37093700
37094000
37094300
37094600
37094800
37095000
37095300
37095600
37095900
37096100
37096300
37096600
37096900
37097100
37097300
37097600
37097900
37098200
37098400
37098600
37098900
37099200
37099400
37099600
37099900
37100200
37100400
37100600
37100900
37101200
37101500
37101700
37101900
37102200
37102500
37102700
37102900
37103100
37103400
37103700
37103900
37104100
37104400
37104700
37105000
37105200
37105400
37105700
37106000
37106300
37106500
37106700
37107000
37107300
37107500
37107700
37107900
37108200
37108500
37108700
37108900
37109200
37109500
37109800
37110000
37110200
37110500
37110800
37111000
37111200
37111500
37111800
37112100
37112300
37112500
37112800
37113100
37113300
37113500
37113800
37114100
37114300
37114500
37114800
37115100
37115400
37115700
37115900
37116100
37116400
37201200
37201500
37201700
37201900
37202100
37202400
37202700
37202900
37203100
37203300
37203600
37203900
37204100
37204300
37204500
37204800
37205100
37205300
37205500
37205700
37206000
37206300
37206500
37206700
37206900
37207200
37207500
37207700
37207900
37208100
37208400
37208700
37209000
37209200
37209400
37209700
37210000
37210200
37210400
37210600
37210900
37211200
37211400
37211600
37211900
37212200
37212500
37212700
37212900
37213200
37213500
37213800
37214000
37214200
37214500
37214800
37215000
37215200
37215500
37215800
37216100
37216300
37216500
37216800
37217100
37217400
37217600
37217800
37218100
37218400
37218600
37218800
37219000
37219300
37219600
37219800
37220000
37220200
37220500
37220800
37221000
37221200
37221400
37221700
37221900
37222100
37222400
37222700
37223000
37223200
37223400
37223700
37224000
37224300
37224500
37224700
37225000
37225300
37225500
37225700
37316300
37316600
37316800
37317000
37317200
37317500
37317800
37318100
37318400
37318700
37318900
37319100
37319300
37319600
37319900
37320200
37320500
37320800
37321100
37321300
37321500
37321800
37322000
37322300
37322600
37322900
37323200
37323400
37323600
37323900
37324100
37324400
37324700
37325000
37325300
37325500
37325700
37326000
37326300
37326600
37326900
37327200
37327400
37327600
37327900
37328200
37328500
37328800
37329000
37329300
37329500
37329700
37330000
37330300
37330600
37330900
37331100
37331400
37331600
37331800
37332100
37332400
37332700
37333000
37333200
37333500
37333700
37333900
37334200
37334500
37334800
37335100
37335400
37335700
37335900
37336100
37336300
37336600
37336900
37337200
37337500
37337800
37338100
37338400
37338600
37338900
37339100
37339300
37339600
37339900
37340200
37340500
37340700
37341000
37341200
37341400
37341700
37342000
37342300
37342600
37427700
37428000
37428300
37428600
37428800
37429100
37429300
37429500
37429800
37430100
37430400
37430700
37430900
37431100
37431300
37431600
37431900
37432200
37432500
37432700
37432900
37433100
37433300
37433600
37433900
37434200
37434500
37434700
37434900
37435200
37435400
37435700
37436000
37436300
37436600
37436900
37437100
37437400
37437600
37437800
37438100
37438400
37438700
37439000
37439200
37439500
37439700
37439900
37440200
37440500
37440800
37441100
37441300
37441500
37441700
37442000
37442300
37442600
37442900
37443100
37443300
37443600
37443800
37444100
37444400
37444700
37444900
37445100
37445400
37445700
37446000
37446300
37446500
37446800
37447000
37447200
37447500
37447800
37448100
37448400
37448600
37448800
37449000
37449200
37449500
37449800
37450100
37450400
37450600
37450800
37451000
37451200
37451500
37451800
37452100
37452400
37452600
37452800
37453000
37453300
37539100
37539300
37539500
37539800
37540100
37540400
37540700
37540900
37541100
37541300
37541500
37541800
37542100
37542400
37542700
37542900
37543100
37543400
37543600
37543900
37544200
37544500
37544800
37545000
37545200
37545500
37545800
37546100
37546400
37546700
37546900
37547100
37547400
37547700
37548000
37548300
37548500
37548700
37548900
37549200
37549500
37549800
37550100
37550300
37550500
37550800
37551000
37551300
37551600
37551900
37552200
37552400
37552600
37552900
37553100
37553400
37553700
37554000
37554300
37554500
37554700
37555000
37555200
37555500
37555800
37556100
37556400
37556600
37556800
37557100
37557400
37557700
37558000
37558300
37558500
37558700
37559000
37559300
37559600
37559900
37560100
37560400
37560600
37560800
37561100
37561400
37561700
37561900
37562100
37562300
37562500
37562800
37563100
37563400
37563700
37563900
37564100
37564400
37564700
37565000
37650600
37650900
37651100
37651400
37651700
37652000
37652300
37652500
37652700
37653000
37653300
37653600
37653900
37654100
37654300
37654500
37654800
37655100
37655400
37655700
37655900
37656100
37656300
37656500
37656800
37657100
37657400
37657700
37658000
37658200
37658400
37658700
37658900
37659200
37659500
37659700
37659900
37660100
37660300
37660600
37660900
37661200
37661400
37661600
37661800
37662100
37662400
37662700
37663000
37663200
37663400
37663600
37663900
37664200
37664500
37664700
37664900
37665100
37665400
37665700
37666000
37666200
37666400
37666600
37666800
37667100
37667400
37667700
37668000
37668200
37668400
37668600
37668800
37669100
37669400
37669700
37670000
37670200
37670400
37670600
37670900
37671200
37671500
37671800
37672100
37672300
37672500
37672700
37672900
37673200
37673500
37673800
37674100
37674300
37674500
37674700
37675000
37675300
37675600
37675900
37762700
37763000
37763300
37763600
37763900
37764200
37764400
37764600
37764800
37765000
37765300
37765600
37765900
37766200
37766400
37766600
37766900
37767200
37767500
37767700
37767900
37768100
37768400
37768700
37769000
37769200
37769400
37769600
37769800
37770100
37770400
37770700
37771000
37771200
37771400
37771600
37771900
37772200
37772400
37772700
37772900
37773100
37773400
37773700
37774000
37774300
37774500
37774700
37774900
37775200
37775500
37775800
37776100
37776300
37776500
37776700
37776900
37777200
37777500
37777800
37778100
37778300
37778500
37778800
37779100
37779400
37779700
37779900
37780100
37780400
37780700
37781000
37781300
37781500
37781700
37782000
37782300
37782600
37782900
37783100
37783300
37783600
37783800
37784100
37784400
37784700
37785000
37785200
37785400
37785700
37786000
37786300
37786600
37786800
37787000
37787200
37787500
37787700
37788000
37788300
37874200
37874500
37874700
37874900
37875200
37875500
37875800
37876100
37876400
37876600
37876800
37877000
37877200
37877500
37877800
37878100
37878400
37878600
37878800
37879000
37879200
37879500
37879800
37880100
37880400
37880600
37880800
37881000
37881200
37881500
37881800
37882100
37882400
37882600
37882800
37883100
37883300
37883600
37883900
37884200
37884500
37884700
37884900
37885200
37885500
37885800
37886100
37886400
37886600
37886800
37887000
37887300
37887600
37887900
37888200
37888500
37888800
37889000
37889200
37889500
37889800
37890100
37890400
37890700
37891000
37891200
37891400
37891700
37891900
37892200
37892500
37892800
37893100
37893300
37893500
37893800
37894000
37894300
37894600
37894900
37895200
37895400
37895600
37895900
37896100
37896400
37896700
37897000
37897300
37897500
37897700
37898000
37898300
37898600
37898900
37899200
37899400
37899600
37899900
37900200
37988800
37989000
37989200
37989500
37989800
37990000
37990200
37990500
37990700
37991000
37991300
37991600
37991800
37992000
37992300
37992600
37992900
37993200
37993400
37993600
37993900
37994100
37994400
37994700
37994900
37995200
37995400
37995600
37995900
37996200
37996500
37996800
37997000
37997200
37997500
37997800
37998100
37998400
37998600
37998800
37999000
37999300
37999600
37999900
38000200
38000400
38000600
38000900
38001100
38001400
38001700
38001900
38002200
38002400
38002600
38002900
38003200
38003400
38003600
38003900
38004100
38004400
38004700
38005000
38005200
38005400
38005600
38005900
38006200
38006500
38006800
38007000
38007200
38007500
38007800
38008100
38008400
38008600
38008800
38009000
38009300
38009600
38009900
38010200
38010400
38010600
38010800
38011000
38011300
38011600
38011800
38012100
38012300
38012500
38012800
38013100
38013400
38013700
38014000
38014200
38100000
38100300
38100500
38100700
38101000
38101200
38101500
38101800
38102100
38102400
38102600
38102800
38103100
38103400
38103700
38104000
38104200
38104400
38104700
38104900
38105200
38105500
38105800
38106100
38106300
38106500
38106800
38107100
38107400
38107700
38108000
38108200
38108400
38108700
38109000
38109300
38109600
38109800
38110000
38110200
38110400
38110700
38111000
38111300
38111600
38111800
38112000
38112200
38112500
38112800
38113100
38113400
38113600
38113900
38114100
38114300
38114600
38114900
38115200
38115500
38115700
38115900
38116100
38116300
38116600
38116900
38117200
38117500
38117700
38117900
38118200
38118500
38118800
38119100
38119300
38119500
38119800
38120100
38120400
38120600
38120800
38121000
38121200
38121500
38121800
38122100
38122400
38122600
38122800
38123100
38123300
38123600
38123900
38124200
38124500
38124700
38124900
38125200
38125500
38125800
38212400
38212700
38213000
38213200
38213400
38213600
38213800
38214100
38214400
38214700
38215000
38215200
38215400
38215700
38216000
38216200
38216500
38216800
38217000
38217200
38217400
38217600
38217900
38218200
38218500
38218700
38218900
38219200
38219400
38219700
38220000
38220300
38220500
38220700
38220900
38221200
38221500
38221800
38222000
38222200
38222500
38222700
38223000
38223300
38223500
38223700
38224000
38224200
38224500
38224800
38225000
38225200
38225500
38225800
38226100
38226400
38226600
38226800
38227100
38227400
38227600
38227900
38228200
38228400
38228700
38228900
38229100
38229400
38229700
38230000
38230300
38230500
38230700
38231000
38231300
38231600
38231900
38232100
38232300
38232600
38232900
38233200
38233500
38233700
38233900
38234100
38234400
38234700
38235000
38235200
38235400
38235700
38236000
38236300
38236500
38236700
38236900
38237100
38237300
38237600
38326300
38326600
38326900
38327100
38327300
38327500
38327800
38328100
38328400
38328700
38329000
38329300
38329500
38329700
38329900
38330200
38330500
38330800
38331100
38331300
38331500
38331800
38332100
38332400
38332700
38333000
38333200
38333400
38333600
38333800
38334000
38334300
38334700
38335000
38335300
38335700
38336000
38336300
38336700
38337000
38337300
38337600
38337900
38338400
38338600
38338800
38339000
38339300
38339600
38339900
38340100
38340300
38340500
38340800
38341100
38341400
38341700
38341900
38342100
38342300
38342500
38342800
38343100
38343400
38343700
38343900
38344100
38344400
38344700
38345000
38345300
38345500
38345700
38346000
38346300
38346600
38346900
38347100
38347300
38347600
38347900
38348200
38348500
38348700
38348900
38349200
38349500
38349800
38350100
38350300
38350500
38350800
38351100
38351400
38351700
38351900
38352100
38352400
38352700
38353000
38439300
38439600
38439800
38440000
38440200
38440400
38440700
38441000
38441300
38441600
38441800
38442000
38442300
38442600
38442900
38443200
38443400
38443600
38443800
38444100
38444400
38444700
38445000
38445200
38445400
38445700
38445900
38446200
38446500
38446800
38447000
38447200
38447400
38447600
38447900
38448200
38448500
38448700
38448900
38449100
38449400
38449700
38450000
38450200
38450500
38450700
38450900
38451200
38451500
38451700
38452000
38452200
38452400
38452700
38453000
38453200
38453500
38453700
38453900
38454200
38454500
38454800
38455100
38455300
38455500
38455800
38456100
38456400
38456700
38457000
38457200
38457400
38457700
38458000
38458300
38458600
38458800
38459000
38459200
38459500
38459800
38460100
38460400
38460600
38460800
38461100
38461300
38461600
38461900
38462200
38462400
38462600
38462800
38463000
38463300
38463600
38463800
38464000
38464200
38464400
38552000
38552200
38552400
38552600
38552900
38553200
38553500
38553800
38554000
38554200
38554500
38554700
38555000
38555300
38555500
38555800
38556000
38556200
38556500
38556800
38557100
38557400
38557600
38557900
38558100
38558300
38558600
38558900
38559200
38559500
38559700
38559900
38560100
38560300
38560600
38560900
38561200
38561500
38561700
38561900
38562100
38562300
38562600
38562900
38563200
38563500
38563700
38564000
38564200
38564400
38564700
38565000
38565300
38565600
38565800
38566100
38566300
38566500
38566800
38567100
38567400
38567700
38567900
38568100
38568300
38568500
38568800
38569100
38569400
38569600
38569800
38570000
38570200
38570500
38570800
38571100
38571400
38571600
38571800
38572100
38572400
38572700
38573000
38573300
38573500
38573700
38573900
38574200
38574500
38574800
38575100
38575400
38575600
38575800
38576000
38576300
38576600
38576900
38577200
38577500
38667000
38667200
38667400
38667700
38668000
38668200
38668400
38668600
38668900
38669200
38669400
38669600
38669900
38670200
38670500
38670700
38670900
38671200
38671500
38671700
38671900
38672200
38672500
38672800
38673000
38673200
38673500
38673800
38674000
38674200
38674500
38674800
38675100
38675300
38675500
38675800
38676100
38676300
38676500
38676800
38677100
38677300
38677500
38677800
38678100
38678400
38678600
38678800
38679100
38679400
38679600
38679800
38680100
38680400
38680700
38680900
38681100
38681400
38681700
38681900
38682100
38682300
38682600
38682900
38683100
38683300
38683600
38683900
38684200
38684400
38684600
38684900
38685200
38685400
38685600
38685900
38686200
38686500
38686700
38686900
38687200
38687500
38687700
38687900
38688200
38688500
38688700
38688900
38689200
38689500
38689800
38690000
38690200
38690500
38690800
38691000
38691200
38691500
38691800
38692000
38778600
38778900
38779200
38779500
38779700
38779900
38780200
38780500
38780700
38780900
38781200
38781500
38781800
38782000
38782200
38782500
38782800
38783000
38783200
38783400
38783700
38784000
38784200
38784400
38784700
38785000
38785300
38785500
38785700
38786000
38786300
38786600
38786800
38787000
38787300
38787600
38787800
38788000
38788300
38788600
38788900
38789200
38789400
38789600
38789900
38790200
38790400
38790600
38790900
38791200
38791400
38791600
38791900
38792200
38792500
38792700
38793000
38793200
38793500
38793800
38794100
38794400
38794800
38795100
38795400
38795800
38796100
38796400
38796700
38797000
38797400
38797700
38798000
38798400
38798700
38799100
38799400
38799700
38800100
38800400
38800700
38801000
38801300
38801600
38801900
38802100
38802300
38802600
38802900
38803100
38803300
38803600
38803900
38804200
38804400
38804600
38804900
38805200
38805400
38805600
38892200
38892400
38892600
38892800
38893000
38893300
38893600
38893900
38894100
38894300
38894600
38894900
38895100
38895300
38895500
38895800
38896100
38896300
38896500
38896800
38897100
38897400
38897600
38897800
38898100
38898400
38898700
38898900
38899100
38899400
38899700
38900000
38900200
38900400
38900700
38901000
38901300
38901500
38901700
38902000
38902300
38902600
38902800
38903000
38903300
38903600
38903900
38904100
38904300
38904600
38904900
38905100
38905300
38905500
38905800
38906100
38906300
38906500
38906800
38907100
38907400
38907600
38907800
38908100
38908400
38908600
38908800
38909000
38909300
38909600
38909800
38910000
38910300
38910600
38910900
38911100
38911300
38911600
38911900
38912100
38912300
38912500
38912800
38913100
38913300
38913500
38913700
38914000
38914300
38914500
38914700
38914900
38915200
38915500
38915700
38915900
38916100
38916400
38916700
38916900
39006800
39007000
39007200
39007500
39007800
39008100
39008300
39008500
39008700
39009000
39009300
39009600
39009800
39010000
39010300
39010600
39010800
39011000
39011200
39011500
39011800
39012000
39012200
39012500
39012800
39013100
39013300
39013500
39013800
39014100
39014300
39014500
39014700
39015000
39015300
39015500
39015700
39016000
39016300
39016600
39016800
39017000
39017300
39017600
39017900
39018100
39018300
39018600
39018900
39019200
39019400
39019600
39019900
39020200
39020500
39020700
39020900
39021200
39021500
39021800
39022000
39022200
39022500
39022800
39023100
39023300
39023500
39023800
39024100
39024400
39024600
39024800
39025100
39025400
39025700
39025900
39026100
39026400
39026700
39026900
39027100
39027400
39027700
39028000
39028200
39028400
39028700
39029000
39029200
39029400
39029600
39029900
39030200
39030400
39030600
39030900
39031200
39031500
39031700
39031900
39119500
39119700
39120000
39120300
39120500
39120700
39121000
39121300
39121600
39121800
39122000
39122300
39122600
39122900
39123100
39123300
39123600
39123900
39124200
39124400
39124600
39124900
39125200
39125400
39125600
39125800
39126100
39126400
39126600
39126800
39127100
39127400
39127700
39127900
39128100
39128400
39128700
39128900
39129100
39129300
39129600
39129900
39130100
39130300
39130600
39130900
39131100
39131300
39131600
39131900
39132200
39132400
39132600
39132900
39133200
39133400
39133600
39133800
39134100
39134400
39134600
39134800
39135100
39135400
39135700
39135900
39136100
39136400
39136700
39137000
39137200
39137400
39137700
39138000
39138300
39138500
39138700
39139000
39139300
39139500
39139700
39139900
39140200
39140500
39140700
39140900
39141200
39141500
39141800
39142000
39142200
39142500
39142800
39143000
39143200
39143500
39143800
39144100
39144300
39144500
39232800
39233100
39233400
39233600
39233800
39234100
39234400
39234600
39234800
39235000
39235300
39235600
39235800
39236000
39236300
39236600
39236800
39237000
39237300
39237600
39237900
39238100
39238300
39238600
39238900
39239100
39239300
39239500
39239800
39240100
39240300
39240500
39240800
39241100
39241400
39241600
39241800
39242100
39242400
39242700
39242900
39243100
39243400
39243700
39244000
39244200
39244400
39244700
39245000
39245200
39245400
39245600
39245900
39246200
39246400
39246600
39246900
39247200
39247400
39247600
39247800
39248100
39248400
39248600
39248800
39249100
39249400
39249600
39249800
39250100
39250400
39250700
39250900
39251100
39251400
39251700
39251900
39252100
39252300
39252600
39252900
39253100
39253300
39253600
39253900
39254200
39254400
39254600
39254900
39255200
39255500
39255700
39255900
39256200
39256500
39256800
39257000
39257200
39257500
39257800
39347800
39348100
39348400
39348700
39348900
39349200
39349500
39349800
39350000
39350300
39350500
39350700
39350900
39351200
39351500
39351800
39352100
39352300
39352500
39352700
39352900
39353200
39353500
39353800
39354100
39354300
39354500
39354700
39354900
39355200
39355500
39355700
39356000
39356200
39356400
39356700
39356900
39357200
39357500
39357700
39357900
39358100
39358300
39358600
39358900
39359200
39359500
39359700
39359900
39360200
39360500
39360800
39361100
39361300
39361500
39361700
39362000
39362300
39362500
39362800
39363000
39363200
39363500
39363800
39364100
39364400
39364600
39364800
39365000
39365300
39365600
39365900
39366200
39366500
39366700
39366900
39367100
39367400
39367700
39368000
39368300
39368500
39368700
39368900
39369200
39369500
39369800
39370100
39370300
39370500
39370700
39370900
39371200
39371500
39371700
39371900
39372100
39372300
39372600
39372900
39463300
39463600
39463900
39464200
39464400
39464600
39464800
39465000
39465300
39465600
39465900
39466100
39466300
39466600
39466900
39467100
39467300
39467600
39467900
39468200
39468400
39468600
39468800
39469100
39469400
39469600
39469800
39470100
39470400
39470700
39470900
39471100
39471300
39471600
39471900
39472100
39472300
39472500
39472800
39473100
39473300
39473500
39473800
39474100
39474400
39474700
39474900
39475100
39475400
39475700
39476000
39476200
39476400
39476700
39477000
39477300
39477500
39477700
39477900
39478200
39478500
39478700
39478900
39479200
39479500
39479800
39480000
39480200
39480500
39480800
39481000
39481200
39481400
39481700
39482000
39482300
39482500
39482700
39483000
39483300
39483500
39483700
39484000
39484300
39484600
39484900
39485100
39485300
39485600
39485900
39486100
39486300
39486500
39486800
39487100
39487300
39487500
39487700
39487900
39488200
39576300
39576600
39576900
39577100
39577300
39577600
39577800
39578100
39578400
39578700
39578900
39579100
39579400
39579700
39579900
39580100
39580300
39580600
39580900
39581200
39581400
39581600
39581900
39582200
39582500
39582700
39582900
39583200
39583500
39583700
39583900
39584200
39584500
39584800
39585100
39585300
39585500
39585800
39586100
39586300
39586500
39586800
39587100
39587400
39587600
39587800
39588000
39588300
39588600
39588900
39589100
39589300
39589600
39589900
39590100
39590300
39590600
39590900
39591200
39591500
39591700
39591900
39592200
39592500
39592800
39593000
39593200
39593500
39593800
39594100
39594300
39594500
39594700
39595000
39595300
39595500
39595700
39596000
39596300
39596600
39596800
39597000
39597300
39597600
39597900
39598100
39598300
39598600
39598900
39599100
39599300
39599500
39599800
39600100
39600300
39600500
39600800
39601100
39601400
39601600
39692100
39692400
39692600
39692800
39693000
39693200
39693400
39693700
39694000
39694300
39694500
39694700
39695000
39695300
39695600
39695800
39696000
39696300
39696600
39696900
39697200
39697400
39697600
39697900
39698200
39698500
39698700
39698900
39699200
39699500
39699800
39700000
39700200
39700400
39700700
39701000
39701200
39701400
39701700
39702000
39702300
39702500
39702700
39703000
39703300
39703600
39703800
39704000
39704300
39704600
39704900
39705100
39705300
39705600
39705900
39706100
39706300
39706600
39706900
39707200
39707500
39707700
39707900
39708200
39708500
39708800
39709000
39709200
39709500
39709800
39710000
39710200
39710400
39710600
39710900
39711200
39711400
39711600
39711800
39712100
39712400
39712600
39712800
39713100
39713300
39713500
39713700
39714000
39714300
39714500
39714700
39715000
39715300
39715600
39715800
39716000
39716300
39716600
39716900
39717100
39805200
39805500
39805800
39806100
39806300
39806500
39806800
39807100
39807300
39807500
39807800
39808100
39808400
39808600
39808800
39809000
39809300
39809600
39809800
39810000
39810300
39810600
39810900
39811100
39811300
39811600
39811900
39812200
39812500
39812700
39812900
39813200
39813500
39813800
39814000
39814200
39814500
39814800
39815100
39815300
39815500
39815700
39816000
39816300
39816600
39816800
39817000
39817300
39817600
39817800
39818000
39818300
39818600
39818900
39819200
39819400
39819600
39819900
39820200
39820400
39820600
39820900
39821200
39821500
39821700
39821900
39822100
39822400
39822700
39822900
39823100
39823400
39823700
39824000
39824200
39824400
39824700
39825000
39825200
39825500
39825700
39825900
39826200
39826500
39826700
39826900
39827100
39827400
39827700
39827900
39828100
39828300
39828500
39828800
39829100
39829400
39829600
39829800
39830100
39830400
39919000
39919200
39919400
39919700
39920000
39920300
39920500
39920700
39921000
39921300
39921600
39921800
39922000
39922300
39922600
39922900
39923200
39923400
39923600
39923900
39924200
39924400
39924600
39924800
39925100
39925400
39925600
39925800
39926000
39926300
39926600
39926800
39927000
39927300
39927600
39927900
39928100
39928300
39928600
39928900
39929200
39929500
39929700
39929900
39930200
39930500
39930700
39930900
39931100
39931400
39931700
39931900
39932100
39932300
39932500
39932800
39933100
39933400
39933600
39933800
39934100
39934400
39934600
39934800
39935000
39935300
39935600
39935900
39936100
39936300
39936600
39936900
39937200
39937400
39937600
39937900
39938200
39938500
39938700
39938900
39939100
39939400
39939700
39939900
39940100
39940400
39940700
39941000
39941200
39941400
39941700
39942000
39942300
39942500
39942700
39943000
39943300
39943600
39943800
39944000
40035000
40035200
40035500
40035800
40036000
40036200
40036400
40036700
40037000
40037300
40037600
40037800
40038000
40038300
40038600
40038900
40039100
40039300
40039600
40039900
40040200
40040400
40040600
40040800
40041000
40041300
40042500
40042700
40042900
40043200
40043500
40043700
40043900
40044200
40044500
40044700
40044900
40045200
40045500
40045800
40046100
40046300
40046500
40046800
40047100
40047300
40047500
40047800
40048000
40048200
40048500
40048800
40049000
40049300
40049500
40049700
40050000
40050300
40050500
40050700
40051000
40051300
40051600
40051800
40052000
40052300
40052600
40052900
40053100
40053300
40053600
40053900
40054200
40054400
40054600
40054900
40055200
40055400
40055600
40055800
40056100
40056300
40056500
40056800
40057100
40057300
40057500
40057800
40058100
40058400
40058600
40058800
40059100
40059400
40059700
40059900
40060100
40060400
40060700
40061000
40149500
40149700
40150000
40150300
40150500
40150700
40151000
40151300
40151600
40151800
40152000
40152300
40152600
40152900
40153200
40153400
40153600
40153900
40154200
40154400
40154600
40154800
40155100
40155400
40155600
40155800
40156000
40156200
40156500
40156800
40157000
40157200
40157400
40157700
40158000
40158200
40158400
40158700
40159000
40159300
40159600
40159800
40160000
40160300
40160600
40160800
40161000
40161200
40161500
40161800
40162000
40162200
40162500
40162800
40163100
40163300
40163500
40163800
40164100
40164400
40164600
40164800
40165100
40165400
40165600
40165800
40166000
40166300
40166600
40166900
40167100
40167300
40167600
40167900
40168200
40168400
40168600
40168900
40169200
40169500
40169700
40169900
40170100
40170400
40170700
40170900
40171100
40171400
40171700
40172000
40172200
40172400
40172600
40172900
40173200
40173500
40173700
40173900
40174200
40174500
40263400
40263700
40264000
40264200
40264400
40264700
40265000
40265300
40265500
40265700
40266000
40266300
40266500
40266700
40266900
40267200
40267500
40267700
40267900
40268200
40268500
40268800
40269000
40269200
40269500
40269800
40270000
40270200
40270400
40270700
40271000
40271300
40271500
40271700
40272000
40272300
40272500
40272700
40273000
40273300
40273600
40273900
40274100
40274300
40274600
40274900
40275200
40275400
40275600
40275900
40276200
40276500
40276700
40276900
40277100
40277400
40277700
40277900
40278100
40278400
40278700
40279000
40279200
40279400
40279700
40280000
40280300
40280500
40280700
40281000
40281300
40281600
40281800
40282000
40282300
40282600
40282800
40283000
40283300
40283600
40283900
40284200
40284400
40284600
40284900
40285200
40285400
40285600
40285900
40286200
40286500
40286700
40286900
40287100
40287400
40287700
40288000
40288200
40288400
40288700
40377600
40377800
40378000
40378200
40378500
40378800
40379000
40379200
40379400
40379700
40380000
40380200
40380400
40380700
40380900
40381200
40381400
40381700
40381900
40382100
40382300
40382600
40382900
40383100
40383300
40383600
40383900
40384200
40384400
40384600
40384900
40385200
40385500
40385700
40385900
40386200
40386500
40386800
40387000
40387200
40387500
40387800
40388100
40388300
40388500
40388800
40389100
40389400
40389600
40389800
40390000
40390300
40390600
40390800
40391000
40391300
40391600
40391900
40392100
40392300
40392500
40392800
40393100
40393300
40393500
40393800
40394100
40394400
40394600
40394800
40395100
40395400
40395600
40395800
40396000
40396300
40396600
40396800
40397000
40397300
40397600
40397900
40398100
40398300
40398600
40398900
40399200
40399400
40399600
40399900
40400200
40400500
40400700
40400900
40401200
40401500
40401800
40402000
40402200
40402400
40493300
40493600
40494000
40494300
40494600
40494900
40495100
40495300
40495500
40495800
40496100
40496300
40496500
40496700
40497000
40497300
40497500
40497700
40498000
40498300
40498500
40498700
40499000
40499300
40499600
40499800
40500000
40500300
40500600
40500800
40501000
40501300
40501600
40501800
40502000
40502300
40502600
40502900
40503100
40503300
40503600
40503900
40504100
40504300
40504600
40504900
40505100
40505300
40505500
40505800
40506100
40506300
40506500
40506800
40507100
40507400
40507600
40507800
40508100
40508400
40508700
40508900
40509100
40509400
40509700
40509900
40510100
40510400
40510700
40511000
40511200
40511400
40511700
40512000
40512200
40512400
40512700
40513000
40513200
40513400
40513700
40514000
40514300
40514500
40514700
40515000
40515300
40515500
40515700
40516000
40516300
40516500
40516700
40517000
40517300
40517600
40517800
40518000
40518300
40518600
40608200
40608500
40608800
40609000
40609200
40609500
40609800
40610100
40610300
40610500
40610800
40611100
40611300
40611500
40611700
40612000
40612300
40612600
40612800
40613000
40613300
40613600
40613800
40614000
40614200
40614500
40614800
40615000
40615200
40615500
40615800
40616100
40616300
40616500
40616800
40617100
40617400
40617600
40617800
40618100
40618400
40618600
40618800
40619000
40619300
40619600
40619800
40620000
40620300
40620600
40620900
40621100
40621300
40621600
40621900
40622100
40622300
40622500
40622800
40623100
40623300
40623500
40623800
40624100
40624400
40624600
40624800
40625100
40625400
40625700
40625900
40626100
40626400
40626700
40627000
40627200
40627400
40627700
40628000
40628300
40628500
40628700
40629000
40629300
40629600
40629800
40630000
40630300
40630600
40630900
40631100
40631300
40631600
40631900
40632100
40632300
40632600
40632900
40633200
40633400
40725200
40725400
40725600
40725900
40726200
40726500
40726800
40727000
40727200
40727500
40727800
40728100
40728300
40728500
40728800
40729100
40729300
40729500
40729800
40730100
40730400
40730600
40730800
40731000
40731300
40731600
40731800
40732000
40732300
40732600
40732900
40733100
40733300
40733600
40733900
40734200
40734400
40734600
40734800
40735100
40735400
40735600
40735800
40736100
40736400
40736600
40736800
40737000
40737300
40737600
40737900
40738100
40738300
40738600
40738900
40739100
40739300
40739600
40739900
40740100
40740300
40740600
40740900
40741200
40741400
40741600
40741900
40742200
40742500
40742700
40742900
40743200
40743500
40743700
40743900
40744100
40744400
40744700
40745000
40745200
40745400
40745700
40746000
40746300
40746500
40746700
40747000
40747300
40747500
40747700
40747900
40748200
40748500
40748800
40749000
40749200
40749500
40749800
40750000
40750200
40840700
40841000
40841300
40841600
40841800
40842000
40842300
40842600
40842800
40843000
40843300
40843600
40843900
40844100
40844300
40844600
40844900
40845100
40845300
40845600
40845900
40846200
40846400
40846600
40846900
40847200
40847400
40847600
40847900
40848200
40848500
40848700
40848900
40849200
40849500
40849800
40850000
40850200
40850500
40850800
40851100
40851300
40851500
40851700
40852000
40852300
40852500
40852700
40853000
40853300
40853600
40853800
40854000
40854300
40854600
40854900
40855100
40855300
40855600
40855900
40856200
40856400
40856600
40856900
40857200
40857400
40857600
40857900
40858200
40858400
40858600
40858800
40859100
40859400
40859600
40859800
40860100
40860400
40860700
40860900
40861100
40861400
40861700
40861900
40862100
40862300
40862600
40862900
40863100
40863300
40863500
40863800
40864100
40864300
40864500
40864800
40865100
40865400
40865600
40865800
40955700
40956000
40956300
40956600
40956800
40957000
40957200
40957500
40957800
40958000
40958200
40958400
40958700
40959000
40959200
40959400
40959600
40959900
40960200
40960400
40960600
40960800
40961100
40961400
40961600
40961800
40962100
40962400
40962600
40962800
40963100
40963400
40963700
40963900
40964100
40964400
40964700
40965000
40965200
40965400
40965700
40966000
40966200
40966400
40966700
40967000
40967200
40967400
40967600
40967900
40968200
40968500
40968700
40968900
40969200
40969500
40969800
40970000
40970200
40970500
40970800
40971000
40971200
40971400
40971700
40972000
40972300
40972500
40972700
40973000
40973300
40973500
40973700
40973900
40974200
40974500
40974700
40974900
40975100
40975400
40975700
40975900
40976100
40976400
40976700
40976900
40977100
40977400
40977700
40978000
40978200
40978400
40978700
40979000
40979300
40979500
40979700
40980000
40980300
40980500
41072800
41073100
41073400
41073600
41073800
41074100
41074300
41074600
41074900
41075100
41075300
41075500
41075800
41076100
41076300
41076500
41076700
41077000
41077300
41077600
41077800
41078000
41078300
41078600
41078900
41079100
41079300
41079600
41079900
41080100
41080300
41080600
41080900
41081200
41081400
41081600
41081800
41082100
41082400
41082600
41082800
41083100
41083400
41083600
41083800
41084100
41084400
41084700
41084900
41085100
41085400
41085700
41086000
41086200
41086400
41086700
41087000
41087200
41087400
41087600
41087900
41088200
41088500
41088700
41088900
41089200
41089500
41089800
41090000
41090200
41090500
41090800
41091000
41091200
41091400
41091700
41092000
41092300
41092500
41092700
41093000
41093300
41093600
41093800
41094000
41094300
41094600
41094800
41095000
41095200
41095500
41095800
41096000
41096200
41096500
41096800
41097100
41097300
41097500
41097800
41188200
41188500
41188800
41189000
41189200
41189500
41189800
41190100
41190300
41190500
41190800
41191100
41191300
41191500
41191700
41192000
41192300
41192500
41192700
41193000
41193300
41193600
41193800
41194000
41194300
41194600
41194900
41195100
41195300
41195600
41195900
41196200
41196400
41196600
41196900
41197200
41197500
41197700
41197900
41198200
41198500
41198700
41198900
41199100
41199400
41199700
41200000
41200200
41200400
41200700
41201000
41201200
41201400
41201700
41202000
41202200
41202400
41202600
41202900
41203200
41203400
41203600
41203900
41204200
41204500
41204700
41204900
41205200
41205500
41205700
41205900
41206100
41206400
41206700
41206900
41207100
41207400
41207700
41208000
41208200
41208400
41208700
41209000
41209300
41209600
41209800
41210000
41210300
41210600
41210800
41211000
41211200
41211500
41211800
41212000
41212200
41212500
41212800
41213100
41213300
41303900
41304200
41304500
41304700
41304900
41305200
41305500
41305800
41306000
41306200
41306500
41306800
41307000
41307200
41307400
41307700
41308000
41308200
41308400
41308700
41309000
41309200
41309400
41309700
41310000
41310300
41310500
41310700
41310900
41311200
41311500
41311700
41311900
41312200
41312500
41312800
41313000
41313200
41313500
41313800
41314000
41314200
41314400
41314700
41315000
41315300
41315500
41315700
41316000
41316300
41316600
41316800
41317000
41317300
41317600
41317800
41318000
41318200
41318500
41318800
41319000
41319200
41319400
41319700
41320000
41320200
41320400
41320700
41321000
41321200
41321400
41321600
41321900
41322200
41322400
41322600
41322900
41323200
41323500
41323700
41323900
41324200
41324500
41324700
41324900
41325100
41325400
41325700
41325900
41326100
41326300
41326600
41326900
41327100
41327300
41327600
41327900
41328200
41328500
41328700
41428400
41428700
41429000
41429200
41429400
41429700
41430000
41430200
41430400
41430600
41430900
41431200
41431400
41431600
41431900
41432200
41432500
41432700
41432900
41433200
41433500
41433700
41433900
41434200
41434500
41434800
41435100
41435300
41435500
41435700
41436000
41436300
41436600
41436800
41437000
41437300
41437600
41437800
41438000
41438300
41438600
41438900
41439100
41439300
41439600
41439900
41440100
41440300
41440600
41440900
41441100
41441300
41441600
41441900
41442100
41442300
41442600
41442900
41443100
41443300
41443600
41443900
41444200
41444400
41444600
41444900
41445200
41445400
41445600
41445900
41446200
41446500
41446700
41446900
41447200
41447500
41447700
41447900
41448200
41448500
41448800
41449000
41449200
41449500
41449800
41450000
41450200
41450400
41450700
41451000
41451200
41451400
41451700
41452000
41452200
41452400
41452700
41453000
41453300
41453500
41546500
41546800
41547100
41547300
41547500
41547800
41548100
41548400
41548700
41548900
41549100
41549400
41549700
41550000
41550200
41550400
41550700
41551000
41551200
41551400
41551600
41551900
41552200
41552400
41552600
41552900
41553200
41553400
41553600
41553800
41554100
41554400
41554600
41554800
41555100
41555400
41555700
41555900
41556100
41556400
41556700
41556900
41557100
41557300
41557600
41557900
41558100
41558300
41558600
41558900
41559100
41559300
41559600
41559900
41560200
41560400
41560600
41560900
41561200
41561400
41561600
41561900
41562200
41562400
41562600
41562900
41563200
41563400
41563600
41563800
41564100
41564400
41564600
41564800
41565100
41565400
41565600
41565800
41566100
41566400
41566700
41566900
41567100
41567400
41567700
41568000
41568200
41568400
41568700
41569000
41569200
41569400
41569700
41570000
41570300
41570500
41570700
41571000
41571300
41572400
41663100
41663400
41663700
41663900
41664100
41664400
41664700
41664900
41665100
41665400
41665700
41666000
41666200
41666400
41666700
41667000
41667200
41667400
41667700
41668000
41668200
41668400
41668700
41669000
41669300
41669500
41669700
41670000
41670300
41670500
41670700
41671000
41671300
41671500
41671700
41671900
41672200
41672500
41672700
41672900
41673200
41673500
41673800
41674000
41674200
41674500
41674800
41675000
41675200
41675400
41675700
41676000
41676200
41676400
41676700
41677000
41677300
41677500
41677700
41678000
41678300
41678500
41678700
41679000
41679300
41679500
41679700
41680000
41680300
41680600
41680800
41681000
41681300
41681600
41681800
41682000
41682300
41682600
41682800
41683000
41683300
41683600
41683800
41684000
41684200
41684500
41684800
41685000
41685200
41685500
41685800
41686100
41686300
41686500
41686800
41687100
41687300
41687500
41687800
41688100
41782700
41783000
41783300
41783600
41783800
41784000
41784300
41784600
41784900
41785100
41785300
41785600
41785900
41786200
41786400
41786600
41786900
41787200
41787500
41787700
41787900
41788200
41788500
41788800
41789000
41789200
41789500
41789800
41790000
41790200
41790500
41790800
41791100
41791300
41791500
41791700
41792000
41792300
41792600
41792800
41793000
41793300
41793600
41793800
41794000
41794200
41794500
41794800
41795000
41795200
41795400
41795600
41795900
41796200
41796400
41796600
41796800
41797100
41797400
41797600
41797800
41798100
41798400
41798700
41798900
41799100
41799300
41799600
41799900
41800200
41800400
41800600
41800900
41801200
41801400
41801600
41801900
41802200
41802500
41802700
41802900
41803200
41803500
41803800
41804000
41804200
41804500
41804800
41805100
41805300
41805500
41805800
41806100
41806300
41806500
41806700
41807000
41807300
41807600
41807800
41899700
41900000
41900300
41900600
41900800
41901000
41901300
41901600
41901900
41902100
41902300
41902600
41902900
41903200
41903400
41903600
41903900
41904200
41904500
41904700
41904900
41905200
41905500
41905700
41905900
41906200
41906500
41906800
41907000
41907200
41907500
41907800
41908000
41908200
41908500
41908800
41909100
41909300
41909500
41909800
41910100
41910300
41910500
41910800
41911100
41911300
41911500
41911700
41912000
41912300
41912500
41912700
41913000
41913300
41913600
41913800
41914000
41914300
41914600
41914800
41915000
41915200
41915500
41915800
41916000
41916200
41916500
41916800
41917100
41917300
41917500
41917800
41918100
41918400
41918600
41918800
41919100
41919400
41919600
41919800
41920100
41920400
41920700
41920900
41921100
41921400
41921700
41921900
41922100
41922400
41922700
41923000
41923200
41923400
41923700
41924000
41924200
41924400
41924700
41925000
42016900
42017200
42017500
42017800
42018000
42018200
42018500
42018800
42019000
42019200
42019400
42019700
42020000
42020200
42020400
42020700
42021000
42021300
42021500
42021700
42022000
42022300
42022600
42022800
42023000
42023300
42023600
42023900
42024100
42024300
42024600
42024900
42025100
42025300
42025600
42025900
42026200
42026400
42026600
42026900
42027200
42027500
42027700
42027900
42028200
42028500
42028800
42029000
42029200
42029500
42029800
42030000
42030200
42030500
42030800
42031100
42031300
42031500
42031800
42032100
42032300
42032500
42032800
42033100
42033400
42033600
42033800
42034100
42034400
42034600
42034800
42035000
42035300
42035600
42035800
42036000
42036300
42036600
42036900
42037100
42037300
42037600
42037900
42038200
42038400
42038600
42038900
42039200
42039400
42039600
42039900
42040200
42040500
42040700
42040900
42041200
42041500
42041700
42041900
42042200
42136200
42136500
42136700
42136900
42137200
42137500
42137700
42137900
42138200
42138500
42138800
42139000
42139200
42139500
42139800
42140000
42140200
42140400
42140700
42141000
42141200
42141400
42141600
42141900
42142200
42142400
42142600
42142900
42143200
42143500
42143700
42143900
42144200
42144500
42144800
42145000
42145200
42145500
42145800
42146000
42146200
42146500
42146800
42147000
42147200
42147400
42147700
42148000
42148200
42148400
42148700
42149000
42149200
42149400
42149700
42150000
42150200
42150400
42150700
42151000
42151200
42151400
42151700
42152000
42152300
42152500
42152700
42153000
42153300
42153500
42153700
42154000
42154300
42154600
42154800
42155000
42155300
42155600
42155800
42156000
42156200
42156500
42156800
42157000
42157200
42157500
42157800
42158100
42158300
42158500
42158800
42159100
42159300
42159500
42159800
42160100
42160400
42160600
42160800
42161100
42252600
42252800
42253100
42253400
42253600
42253800
42254100
42254400
42254700
42254900
42255100
42255400
42255700
42255900
42256100
42256400
42256700
42257000
42257200
42257400
42257700
42258000
42258200
42258400
42258700
42259000
42259200
42259400
42259600
42259900
42260200
42260400
42260600
42260900
42261200
42261500
42261700
42261900
42262200
42262500
42262800
42263000
42263200
42263500
42263800
42264100
42264300
42264500
42264800
42265100
42265300
42265500
42265800
42266100
42266400
42266600
42266800
42267100
42267400
42267600
42267800
42268100
42268400
42268700
42268900
42269100
42269400
42269700
42269900
42270100
42270400
42270700
42270900
42271100
42271400
42271700
42272000
42272200
42272400
42272700
42273000
42273200
42273400
42273700
42274000
42274300
42274600
42274800
42275000
42275300
42275600
42275900
42276100
42276300
42276600
42276900
42277200
42277400
42277600
42277900
42369600
42369800
42370000
42370300
42370600
42370900
42371100
42371300
42371600
42371900
42372200
42373100
42373300
42373500
42373800
42374100
42374300
42374500
42374800
42375100
42375400
42375600
42375800
42376100
42376400
42376700
42376900
42377100
42377300
42377600
42377900
42378100
42378300
42378600
42378900
42379200
42379400
42379600
42379900
42380200
42380500
42380700
42380900
42381200
42381500
42381700
42381900
42382100
42382400
42382700
42382900
42383100
42383300
42383600
42383900
42384100
42384300
42384600
42384900
42385200
42385400
42385600
42385900
42386200
42386500
42386700
42386900
42387200
42387500
42387700
42387900
42388200
42388500
42388800
42389000
42389200
42389500
42389800
42390000
42390200
42390500
42390800
42391100
42391300
42391500
42391800
42392100
42392300
42392500
42392800
42393100
42393400
42393600
42393800
42394100
42394400
42394600
42394800
42395000
42395300
42490700
42491000
42491200
42491500
42491800
42492100
42492300
42492500
42492800
42493100
42493400
42493600
42493800
42494100
42494400
42494700
42494900
42495100
42495400
42495700
42496000
42496200
42496400
42496700
42497000
42497200
42497400
42497700
42498000
42498300
42498500
42498700
42499000
42499300
42499500
42499700
42500000
42500300
42500600
42500800
42501000
42501200
42501500
42501800
42502000
42502200
42502400
42502700
42503000
42503200
42503400
42503700
42504000
42504300
42504500
42504700
42505000
42505300
42505500
42505700
42505900
42506200
42506500
42506700
42506900
42507200
42507500
42507800
42508000
42508200
42508500
42508800
42509000
42509200
42509500
42509800
42510100
42510300
42510500
42510800
42511100
42511300
42511500
42511800
42512100
42512400
42512600
42512800
42513100
42513400
42513600
42513800
42514000
42514300
42514600
42514800
42515000
42515300
42515600
42515900
42609600
42609900
42610100
42610300
42610500
42610800
42611100
42611400
42611600
42611800
42612100
42612400
42612700
42612900
42613100
42613400
42613700
42613900
42614100
42614400
42614700
42615000
42615200
42615400
42615700
42616000
42616200
42616400
42616700
42617000
42617200
42617400
42617700
42618000
42618300
42618500
42618700
42619000
42619300
42619500
42619700
42620000
42620300
42620600
42620800
42621000
42621300
42621600
42621800
42622000
42622200
42622500
42622800
42623000
42623200
42623500
42623800
42624100
42624300
42624500
42624800
42625100
42625300
42625500
42625800
42626100
42626400
42626600
42626800
42627100
42627400
42627600
42627800
42628000
42628300
42628600
42628800
42629000
42629300
42629600
42629800
42630000
42630300
42630600
42630900
42631100
42631300
42631600
42631900
42632100
42632300
42632600
42632900
42633200
42633400
42633600
42633900
42634200
42634500
42634700
42727000
42727200
42727400
42727700
42728000
42728200
42728400
42728600
42728900
42729200
42729400
42729600
42729900
42730200
42730500
42730700
42730900
42731200
42731500
42731700
42731900
42732200
42732500
42732800
42733000
42733200
42733500
42733800
42734000
42734200
42734500
42734800
42735000
42735200
42735500
42735800
42736000
42736200
42736500
42736800
42737100
42737300
42737500
42737800
42738100
42738300
42738500
42738800
42739100
42739300
42739500
42739800
42740100
42740400
42740600
42740800
42741100
42741400
42741700
42741900
42742100
42742400
42742700
42742900
42743100
42743400
42743700
42744000
42744200
42744400
42744700
42745000
42745200
42745400
42745700
42746000
42746300
42746500
42746700
42747000
42747300
42747500
42747700
42748000
42748300
42748500
42748700
42749000
42749300
42749500
42749700
42750000
42750300
42750500
42750700
42750900
42751200
42751500
42751700
42751900
42847300
42847600
42847900
42848100
42848300
42848600
42848900
42849200
42849400
42849600
42849900
42850200
42850500
42850700
42850900
42851200
42851500
42851800
42852000
42852200
42852500
42852800
42853000
42853200
42853500
42853800
42854100
42854300
42854500
42854800
42855100
42855300
42855500
42855700
42856000
42856300
42856500
42856700
42857000
42857300
42857500
42857700
42858000
42858300
42858600
42858800
42859000
42859300
42859500
42859800
42860100
42860400
42860600
42860800
42861000
42861300
42861600
42861800
42862000
42862200
42862500
42862800
42863000
42863200
42863400
42863700
42864000
42864200
42864400
42864600
42864900
42865200
42865400
42865600
42865900
42866200
42866500
42866700
42866900
42867200
42867500
42867700
42867900
42868100
42868400
42868700
42869000
42869200
42869400
42869700
42870000
42870200
42870400
42870700
42871000
42871300
42871600
42871800
42872000
42872300
42964800
42965000
42965300
42965600
42965800
42966000
42966300
42966600
42966900
42967100
42967300
42967600
42967900
42968200
42968400
42968600
42968900
42969200
42969500
42969700
42969900
42970200
42970500
42970800
42971000
42971200
42971500
42971800
42972000
42972200
42972400
42972700
42973000
42973300
42973500
42973700
42974000
42974300
42974500
42974700
42974900
42975200
42975500
42975700
42975900
42976200
42976500
42976700
42976900
42977200
42977500
42977800
42978000
42978200
42978500
42978800
42979000
42979200
42979500
42979800
42980100
42980300
42980500
42980700
42981000
42981300
42981500
42981700
42981900
42982200
42982500
42982700
42982900
42983200
42983500
42983800
42984000
42984200
42984500
42984800
42985100
42985400
42985600
42985800
42986100
42986400
42986600
42986800
42987000
42987300
42987600
42987800
42988000
42988300
42988600
42988900
42989100
42989300
42989600
42989900
43082800
43083100
43083400
43083600
43083800
43084100
43084400
43084600
43084800
43085100
43085400
43085700
43085900
43086100
43086400
43086700
43086900
43087100
43087300
43087600
43087900
43088200
43088400
43088600
43088900
43089200
43089400
43089600
43089800
43090100
43090400
43090600
43090800
43091000
43091300
43091600
43091900
43092100
43092300
43092600
43092900
43093200
43093400
43093600
43093900
43094200
43094400
43094600
43094900
43095200
43095500
43095700
43095900
43096100
43096400
43096700
43096900
43097100
43097400
43097700
43097900
43098100
43098400
43098700
43099000
43099200
43099400
43099700
43100000
43100200
43100400
43100700
43101000
43101300
43101500
43101700
43102000
43102300
43102500
43102700
43103000
43103300
43103600
43103800
43104000
43104300
43104600
43104900
43105100
43105300
43105600
43105900
43106100
43106300
43106600
43106900
43107200
43107400
43107600
43107900
43202100
43202400
43202600
43202800
43203100
43203400
43203600
43203800
43204000
43204300
43204600
43204800
43205000
43205300
43205600
43205800
43206000
43206300
43206600
43206900
43207100
43207300
43207600
43207900
43208100
43208300
43208600
43208900
43209200
43209400
43209600
43209900
43210200
43210500
43210700
43210900
43211200
43211500
43211700
43211900
43212100
43212400
43212700
43212900
43213100
43213400
43213700
43214000
43214200
43214400
43214700
43215000
43215200
43215400
43215600
43215900
43216200
43216400
43216600
43216900
43217200
43217400
43217600
43217900
43218200
43218500
43218700
43218900
43219200
43219500
43219800
43220000
43220200
43220500
43220800
43221000
43221200
43221500
43221800
43222100
43222300
43222500
43222800
43223100
43223300
43223500
43223800
43224100
43224400
43224600
43224800
43225100
43225400
43225700
43225900
43226100
43226400
43226700
43227000
43227200
43320100
43320300
43320500
43320800
43321100
43321400
43321600
43321800
43322100
43322400
43322600
43322800
43323100
43323400
43323700
43323900
43324100
43324400
43324700
43325000
43325200
43325400
43325700
43326000
43326300
43326600
43326800
43327000
43327300
43327600
43327900
43328200
43328400
43328600
43328900
43329200
43329400
43329600
43329900
43330200
43330500
43330700
43330900
43331200
43331500
43331800
43332000
43332200
43332400
43332700
43333000
43333200
43333400
43333700
43334000
43334300
43334500
43334700
43334900
43335200
43335500
43335700
43335900
43336200
43336500
43336800
43337000
43337200
43337500
43337800
43338000
43338200
43338400
43338700
43339000
43339400
43339700
43340000
43340400
43340700
43341100
43341500
43341800
43342100
43342400
43342600
43343100
43343400
43343700
43344000
43344300
43344600
43344900
43345100
43345300
43345600
43345900
43346200
43346400
43346600
43447900
43448200
43448400
43448600
43448900
43449200
43449500
43449700
43449900
43450100
43450400
43450700
43451000
43451200
43451400
43451700
43452000
43452200
43452400
43452700
43453000
43453300
43453500
43453700
43454000
43454300
43454500
43454700
43455000
43455300
43455600
43455800
43456000
43456300
43456600
43456900
43457100
43457300
43457600
43457900
43458100
43458300
43458600
43458900
43459200
43459400
43459600
43459900
43460200
43460500
43460700
43460900
43461200
43461500
43461700
43461900
43462200
43462500
43462700
43462900
43463200
43463500
43463800
43464000
43464200
43464500
43464800
43465000
43465200
43465500
43465800
43466000
43466200
43466400
43466700
43467000
43467200
43467400
43467700
43468000
43468300
43468500
43468700
43469000
43469300
43469600
43469800
43470000
43470300
43470600
43470900
43471100
43471300
43471600
43471900
43472200
43472400
43472600
43472900
43473200
43569700
43569900
43570100
43570400
43570700
43571000
43571200
43571400
43571700
43572000
43572300
43572500
43572700
43573000
43573300
43573600
43573900
43574100
43574300
43574600
43574900
43575100
43575300
43575500
43575800
43576100
43576300
43576500
43576800
43577100
43577400
43577600
43577800
43578100
43578400
43578700
43578900
43579100
43579400
43579700
43579900
43580100
43580400
43580700
43581000
43581200
43581500
43581800
43582100
43582400
43582600
43582800
43583100
43583400
43583700
43583900
43584100
43584400
43584700
43585000
43585200
43585400
43585700
43586000
43586200
43586400
43586700
43587000
43587300
43587500
43587700
43588000
43588300
43588600
43588800
43589000
43589300
43589600
43589900
43590100
43590300
43590600
43590900
43591200
43591400
43591600
43591900
43592200
43592400
43592600
43592800
43593100
43593400
43593600
43593800
43594100
43594400
43594700
43595000
43595200
43691300
43691600
43691900
43692200
43692500
43693100
43693400
43693700
43693900
43694100
43694400
43694700
43695000
43695200
43695400
43695700
43696000
43696300
43696500
43696700
43697000
43697300
43697500
43697700
43697900
43698200
43698500
43698700
43698900
43699200
43699500
43699800
43700000
43700200
43700500
43700800
43701100
43701300
43701500
43701800
43702100
43702300
43702500
43702800
43703100
43703400
43703600
43703800
43704100
43704400
43704600
43704800
43705100
43705400
43705600
43705800
43706100
43706400
43706700
43706900
43707100
43707400
43707700
43707900
43708100
43708400
43708700
43709000
43709200
43709400
43709700
43710000
43710200
43710400
43710600
43710900
43711200
43711400
43711600
43711900
43712200
43712500
43712700
43712900
43713200
43713500
43713800
43714000
43714200
43714500
43714800
43715000
43715200
43715500
43715800
43716100
43716300
43716500
43716800
43717100
43811300
43811500
43811700
43812000
43812300
43812500
43812700
43813000
43813300
43813600
43813800
43814000
43814300
43814600
43814900
43815100
43815300
43815600
43815900
43816100
43816300
43816600
43816900
43817200
43817400
43817600
43817900
43818200
43818500
43818700
43818900
43819200
43819500
43819700
43819900
43820100
43820400
43820700
43820900
43821100
43821400
43821700
43822000
43822200
43822400
43822700
43823000
43823300
43823500
43823700
43824000
43824300
43824500
43824700
43825000
43825300
43825500
43825700
43826000
43826300
43826600
43826800
43827000
43827300
43827600
43827800
43828000
43828300
43828600
43828900
43829100
43829300
43829600
43829900
43830100
43830300
43830600
43830900
43831200
43831400
43831600
43831900
43832200
43832500
43832700
43832900
43833200
43833500
43833800
43834000
43834200
43834500
43834800
43835100
43835300
43835500
43835800
43836100
43836300
43836500
43934300
43934600
43934900
43935100
43935300
43935600
43935900
43936200
43936400
43936600
43936900
43937200
43937400
43937600
43937900
43938200
43938500
43938700
43938900
43939200
43939500
43939700
43939900
43940200
43940500
43940700
43940900
43941100
43941400
43941700
43941900
43942100
43942400
43942700
43943000
43943200
43943400
43943700
43944000
43944200
43944400
43944700
43945000
43945300
43945500
43945700
43946000
43946300
43946500
43946700
43947000
43947300
43947600
43947800
43948000
43948300
43948600
43948800
43949000
43949300
43949600
43949800
43950000
43950300
43950600
43950800
43951000
43951300
43951500
43951700
43952000
43952300
43952500
43952700
43953000
43953300
43953500
43953700
43954000
43954300
43954600
43954800
43955000
43955300
43955600
43955800
43956000
43956200
43956500
43956800
43957000
43957200
43957500
43957800
43958100
43958300
43958500
43958800
43959100
43959300
44053000
44053200
44053400
44053700
44054000
44054200
44054400
44054700
44055000
44055300
44055500
44055700
44056000
44056300
44056500
44056700
44057000
44057300
44057500
44057800
44058000
44058200
44058500
44058800
44059000
44059200
44059500
44059800
44060100
44060300
44060500
44060800
44061100
44061300
44061500
44061800
44062100
44062400
44062600
44062800
44063100
44063400
44063600
44063800
44064000
44064300
44064600
44064800
44065000
44065300
44065600
44065800
44066000
44066200
44066500
44066800
44067000
44067200
44067500
44067800
44068000
44068200
44068500
44068800
44069100
44069300
44069500
44069800
44070100
44070300
44070500
44070800
44071100
44071300
44071500
44071800
44072100
44072300
44072500
44072800
44073100
44073400
44073600
44073800
44074100
44074400
44074600
44074800
44075100
44075400
44075700
44075900
44076100
44076400
44076700
44076900
44077100
44077400
44077700
44078000
44172400
44172600
44172800
44173000
44173300
44173600
44173900
44174100
44174300
44174600
44174900
44175200
44175400
44175600
44175900
44176200
44176400
44176600
44176900
44177200
44177400
44177600
44177900
44178200
44178500
44178700
44178900
44179200
44179500
44179700
44179900
44180200
44180500
44180700
44180900
44181200
44181500
44181800
44182000
44182200
44182500
44182800
44183000
44183200
44183500
44183800
44184100
44184300
44184500
44184800
44185100
44185300
44185500
44185700
44186000
44186300
44186500
44186700
44187000
44187300
44187500
44187700
44187900
44188200
44188500
44188700
44188900
44189200
44189500
44189700
44189900
44190200
44190500
44190700
44190900
44191200
44191500
44191800
44192000
44192200
44192500
44192800
44193000
44193200
44193500
44193800
44194000
44194200
44194500
44194800
44195100
44195300
44195500
44195800
44196100
44196300
44196500
44196800
44197100
44197400
44294300
44294500
44294800
44295100
44295400
44295600
44295800
44296100
44296400
44296700
44296900
44297100
44297400
44297700
44297900
44298100
44298400
44298700
44298900
44299100
44299400
44299700
44299900
44300100
44300400
44300700
44300900
44301100
44301400
44301700
44302000
44302200
44302400
44302700
44303000
44303200
44303400
44303700
44304000
44304200
44304400
44304700
44305000
44305300
44305500
44305700
44306000
44306300
44306500
44306700
44307000
44307300
44307600
44307800
44308000
44308300
44308600
44308800
44309000
44309300
44309600
44309900
44310100
44310300
44310500
44310800
44311100
44311400
44311600
44311800
44312100
44312400
44312600
44312800
44313100
44313400
44313600
44313800
44314100
44314400
44314600
44314800
44315100
44315400
44315600
44315800
44316100
44316400
44316700
44316900
44317100
44317400
44317700
44317900
44318100
44318400
44318700
44318900
44319100
44319400
44414200
44414500
44414800
44415000
44415200
44415500
44415800
44416100
44416300
44416500
44416800
44417100
44417300
44417500
44417800
44418100
44418400
44418600
44418800
44419100
44419400
44419600
44419800
44420100
44420400
44420600
44420800
44421000
44421300
44421600
44421800
44422000
44422300
44422600
44422800
44423000
44423300
44423600
44423800
44424000
44424300
44424600
44424900
44425100
44425300
44425600
44425900
44426100
44426300
44426600
44426900
44427100
44427300
44427500
44427800
44428100
44428300
44428500
44428800
44429100
44429400
44429600
44429800
44430100
44430400
44430600
44430800
44431100
44431400
44431700
44431900
44432100
44432400
44432700
44432900
44433100
44433400
44433700
44434000
44434200
44434400
44434700
44435000
44435200
44435400
44435700
44436000
44436200
44436400
44436700
44437000
44437200
44437400
44437700
44438000
44438300
44438500
44438700
44439000
44439300
44534200
44534500
44534800
44535000
44535300
44535500
44535700
44536000
44536300
44536500
44536700
44536900
44537200
44537500
44537700
44537900
44538200
44538500
44538800
44539000
44539200
44539500
44539800
44540000
44540200
44540500
44540800
44541100
44541300
44541500
44541800
44542100
44542300
44542500
44542800
44543100
44543300
44543500
44543800
44544100
44544300
44544500
44544800
44545100
44545400
44545600
44545800
44546100
44546400
44546600
44546800
44547100
44547400
44547600
44547800
44548100
44548400
44548700
44548900
44549100
44549400
44549700
44549900
44550100
44550300
44550600
44550900
44551100
44551300
44551600
44551900
44552200
44552400
44552600
44552900
44553200
44553400
44553600
44553900
44554200
44554500
44554700
44554900
44555200
44555500
44555700
44555900
44556200
44556500
44556700
44556900
44557200
44557500
44557700
44557900
44558200
44558500
44558800
44559000
44559200
44656200
44656400
44656600
44656800
44657100
44657400
44657700
44657900
44658100
44658400
44658700
44659000
44659200
44659400
44659700
44660000
44660300
44660500
44660700
44661000
44661300
44661600
44661800
44662000
44662300
44662600
44662800
44663000
44663300
44663600
44663900
44664100
44664300
44664600
44664900
44665100
44665300
44665600
44665900
44666200
44666400
44666600
44666900
44667200
44667400
44667600
44667900
44668200
44668400
44668600
44668800
44669100
44669400
44669600
44669800
44670100
44670400
44670700
44670900
44671100
44671300
44671600
44671900
44672100
44672300
44672500
44672800
44673100
44673300
44673500
44673800
44674100
44674400
44674600
44674800
44675100
44675400
44675700
44675900
44676100
44676400
44676700
44676900
44677100
44677400
44677700
44678000
44678200
44678400
44678700
44679000
44679200
44679400
44679700
44680000
44680300
44680500
44680700
44681000
44681300
44779500
44779700
44779900
44780100
44780400
44780700
44781000
44781200
44781400
44781700
44782000
44782300
44782500
44782700
44783000
44783300
44783600
44783800
44784000
44784300
44784600
44784800
44785000
44785300
44785600
44785800
44786000
44786300
44786600
44786900
44787100
44787300
44787600
44787900
44788100
44788300
44788600
44788900
44789200
44789400
44789600
44789900
44790200
44790400
44790600
44790800
44791100
44791400
44791600
44791800
44792100
44792400
44792700
44792900
44793100
44793400
44793700
44794000
44794200
44794400
44794700
44795000
44795200
44795400
44795700
44796000
44796300
44796500
44796700
44797000
44797300
44797500
44797700
44798000
44798300
44798600
44798800
44799000
44799300
44799600
44799800
44800000
44800300
44800600
44800900
44801100
44801300
44801600
44801900
44802100
44802300
44802600
44802900
44803200
44803400
44803600
44803900
44804200
44804500
44804700
44899400
44899600
44899800
44900100
44900400
44900600
44900800
44901000
44901300
44901600
44901800
44902000
44902300
44902600
44902900
44903100
44903300
44903600
44903900
44904100
44904300
44904600
44904900
44905200
44905400
44905600
44905900
44906200
44906400
44906600
44906900
44907200
44907400
44907600
44907900
44908200
44908400
44908600
44908900
44909200
44909500
44909700
44909900
44910200
44910500
44910700
44910900
44911200
44911500
44911800
44912000
44912200
44912500
44912800
44913000
44913200
44913400
44913700
44914000
44914200
44914400
44914700
44915000
44915300
44915500
44915700
44916000
44916300
44916500
44916700
44917000
44917300
44917600
44917800
44918000
44918300
44918600
44918800
44919000
44919300
44919600
44919800
44920000
44920300
44920600
44920900
44921100
44921300
44921600
44921900
44922100
44922300
44922600
44922900
44923100
44923300
44923600
44923900
44924200
44924400
45026100
45026300
45026600
45026900
45027200
45027400
45027700
45027900
45028100
45028400
45028700
45029000
45029300
45029500
45029700
45030000
45030300
45030600
45030800
45031000
45031300
45031600
45031900
45032100
45032300
45032600
45032900
45033200
45033400
45033600
45033900
45034200
45034500
45034700
45034900
45035200
45035500
45035800
45036000
45036200
45036500
45036800
45037100
45037400
45037600
45037800
45038100
45038400
45038700
45038900
45039100
45039300
45039600
45039900
45040200
45040400
45040600
45040900
45041200
45041500
45041700
45041900
45042100
45042400
45042700
45042900
45043100
45043300
45043600
45043900
45044100
45044300
45044500
45044800
45045100
45045300
45045500
45045700
45046000
45046300
45046500
45046700
45046900
45047200
45047500
45047700
45047900
45048100
45048400
45048700
45049000
45049200
45049400
45049700
45050000
45050300
45050500
45050700
45051000
45051300
45146000
45146300
45146500
45146700
45146900
45147200
45147500
45147800
45148000
45148200
45148500
45148800
45149100
45149300
45149500
45149700
45150000
45150300
45150500
45150700
45150900
45151200
45151500
45151700
45151900
45152100
45152400
45152700
45152900
45153100
45153300
45153600
45153900
45154100
45154300
45154600
45154900
45155200
45155400
45155600
45155900
45156200
45156500
45156700
45156900
45157200
45157500
45157800
45158000
45158200
45158400
45158700
45159000
45159200
45159400
45159600
45159900
45160200
45160500
45160700
45160900
45161200
45161500
45161800
45162000
45162200
45162400
45162700
45163000
45163300
45163500
45163700
45164000
45164300
45164600
45164800
45165000
45165300
45165600
45165900
45166100
45166300
45166600
45166900
45167100
45167300
45167500
45167800
45168100
45168300
45168500
45168700
45169000
45169300
45169500
45169700
45169900
45170200
45170500
45170700
45265700
45266000
45266200
45266400
45266700
45267000
45267300
45267500
45267700
45267900
45268200
45268500
45268800
45269000
45269200
45269500
45269800
45270100
45270300
45270500
45270700
45271000
45271300
45271500
45271700
45271900
45272200
45272500
45272700
45272900
45273100
45273400
45273700
45273900
45274100
45274400
45274700
45275000
45275200
45275400
45275700
45276000
45276300
45276500
45276700
45277000
45277300
45277600
45277800
45278000
45278300
45278600
45278900
45279100
45279300
45279600
45279900
45280200
45280400
45280600
45280800
45281100
45281400
45281700
45281900
45282100
45282400
45282700
45283000
45283200
45283400
45283700
45284000
45284300
45284500
45284700
45284900
45285200
45285500
45285700
45285900
45286100
45286400
45286700
45286900
45287100
45287400
45287700
45288000
45288200
45288400
45288700
45289000
45289300
45289500
45289700
45290000
45290300
45290600
45290800
45389900
45390100
45390300
45390500
45390800
45391100
45391300
45391500
45391700
45392000
45392300
45392600
45392800
45393000
45393300
45393600
45393900
45394100
45394300
45394600
45394900
45395200
45395400
45395600
45395900
45396200
45396500
45396700
45396900
45397200
45397500
45397800
45398000
45398200
45398500
45398800
45399000
45399200
45399400
45399700
45400000
45400200
45400400
45400700
45401000
45401300
45401500
45401700
45402000
45402300
45402600
45402800
45403000
45403300
45403600
45403900
45404100
45404300
45404600
45404900
45405200
45405400
45405600
45405800
45406100
45406400
45406600
45406800
45407000
45407300
45407600
45407900
45408100
45408300
45408600
45408900
45409200
45409400
45409600
45409900
45410200
45410400
45410600
45410800
45411100
45411400
45411600
45411800
45412100
45412400
45412700
45412900
45413100
45413400
45413700
45414000
45414200
45414400
45414700
45415000
45512000
45512200
45512400
45512700
45513000
45513300
45513500
45513700
45513900
45514200
45514500
45514800
45515000
45515200
45515500
45515800
45516100
45516300
45516500
45516700
45517000
45517300
45517500
45517700
45517900
45518200
45518500
45518800
45519000
45519200
45519500
45519800
45520100
45520300
45520500
45520800
45521100
45521300
45521500
45521700
45522000
45522300
45522500
45522700
45522900
45523200
45523500
45523700
45523900
45524100
45524400
45524700
45524900
45525100
45525300
45525600
45525900
45526200
45526400
45526600
45526900
45527200
45527500
45527700
45527900
45528100
45528400
45528700
45529000
45529200
45529400
45529700
45530000
45530300
45530500
45530700
45531000
45531300
45531600
45531800
45532000
45532200
45532500
45532800
45533000
45533200
45533400
45533700
45534000
45534200
45534400
45534700
45535000
45535300
45535500
45535700
45536000
45536300
45536600
45536800
45633600
45633800
45634000
45634300
45634600
45634900
45635100
45635300
45635500
45635800
45636100
45636400
45636600
45636800
45637000
45637300
45637600
45637900
45638100
45638300
45638600
45638900
45639200
45639400
45639600
45639900
45640200
45640500
45640700
45640900
45641100
45641400
45641700
45641900
45642100
45642300
45642600
45642900
45643100
45643300
45643600
45643900
45644200
45644400
45644600
45644900
45645200
45645500
45645700
45645900
45646200
45646500
45646800
45647000
45647200
45647500
45647800
45648100
45648300
45648500
45648700
45649000
45649300
45649600
45649800
45650000
45650300
45650600
45650900
45651100
45651300
45651600
45651900
45652200
45652400
45652600
45652800
45653100
45653400
45653700
45653900
45654100
45654400
45654700
45655000
45655200
45655400
45655700
45656000
45656300
45656500
45656700
45657000
45657300
45657500
45657700
45657900
45658200
45658500
45658700
45756900
45757100
45757300
45757600
45757900
45758200
45758400
45758600
45758900
45759200
45759500
45759700
45759900
45760200
45760500
45760800
45761000
45761200
45761500
45761800
45762100
45762300
45762500
45762800
45763100
45763300
45763500
45763800
45764100
45764400
45764600
45764800
45765100
45765400
45765700
45765900
45766100
45766400
45766700
45766900
45767100
45767400
45767700
45768000
45768200
45768400
45768700
45769000
45769200
45769400
45769700
45770000
45770300
45770500
45770700
45771000
45771300
45771500
45771700
45771900
45772200
45772500
45772700
45772900
45773200
45773500
45773800
45774100
45774400
45774700
45775000
45775300
45775500
45775700
45775900
45776200
45776500
45776800
45777000
45777200
45777400
45777700
45778000
45778300
45778600
45778800
45779000
45779200
45779500
45779800
45780100
45780300
45780500
45780700
45781000
45781300
45781600
45781900
45782100
45782300
45879800
45880100
45880400
45880700
45881000
45881400
45881800
45882200
45882500
45882800
45883100
45883400
45883900
45884100
45884300
45884500
45884800
45885100
45885300
45885500
45885800
45886100
45886400
45886600
45886800
45887100
45887400
45887600
45887800
45888100
45888400
45888700
45888900
45889100
45889400
45889700
45890000
45890200
45890400
45890700
45891000
45891200
45891400
45891600
45891900
45892200
45892400
45892600
45892800
45893100
45893400
45893600
45893800
45894100
45894400
45894700
45894900
45895100
45895400
45895700
45896000
45896200
45896400
45896700
45897000
45897200
45897400
45897700
45898000
45898300
45898500
45898700
45899000
45899300
45899500
45899700
45900000
45900300
45900500
45900700
45900900
45901200
45901500
45901700
45901900
45902200
45902500
45902800
45903000
45903200
45903500
45903800
45904000
45904200
45904400
45904700
45905000
45905200
45905400
45905700
46002300
46002500
46002800
46003100
46003400
46003600
46003800
46004100
46004400
46004700
46004900
46005100
46005400
46005700
46005900
46006100
46006400
46006700
46007000
46007200
46007400
46007700
46008000
46008200
46008400
46008700
46009000
46009200
46009400
46009700
46010000
46010300
46010500
46010700
46011000
46011300
46011500
46011700
46012000
46012300
46012600
46012800
46013000
46013300
46013600
46013900
46014100
46014300
46014600
46014900
46015100
46015300
46015500
46015800
46016100
46016300
46016500
46016800
46017100
46017400
46017600
46017800
46018100
46018400
46018700
46018900
46019100
46019400
46019700
46019900
46020100
46020400
46020700
46020900
46021100
46021400
46021700
46022000
46022200
46022400
46022700
46023000
46023200
46023400
46023700
46024000
46024300
46024500
46024700
46025000
46025300
46025500
46025700
46026000
46026300
46026600
46026800
46027000
46027300
46027600
46125000
46125300
46125600
46125900
46126100
46126300
46126500
46126800
46127100
46127300
46127500
46127800
46128100
46128400
46128600
46128800
46129100
46129400
46129600
46129800
46130000
46130300
46130600
46130800
46131000
46131300
46131600
46131800
46132000
46132300
46132600
46132900
46133100
46133300
46133600
46133900
46134100
46134300
46134500
46134800
46135100
46135300
46135500
46135800
46136100
46136400
46136600
46136800
46137100
46137400
46137700
46137900
46138100
46138400
46138700
46139000
46139200
46139400
46139700
46140000
46140200
46140400
46140600
46140900
46141200
46141400
46141600
46141900
46142200
46142500
46142700
46142900
46143200
46143500
46143700
46143900
46144200
46144500
46144700
46144900
46145100
46145400
46145700
46145900
46146100
46146400
46146700
46146900
46147100
46147400
46147700
46148000
46148200
46148400
46148700
46149000
46149300
46149500
46149700
46150000
46247200
46247400
46247600
46247900
46248200
46248500
46248700
46248900
46249200
46249500
46249800
46250000
46250200
46250500
46250800
46251000
46251200
46251500
46251800
46252000
46252200
46252500
46252800
46253100
46253300
46253500
46253800
46254100
46254300
46254500
46254800
46255100
46255300
46255500
46255800
46256100
46256300
46256500
46256800
46257100
46257400
46257600
46257800
46258100
46258400
46258600
46258800
46259100
46259400
46259700
46259900
46260100
46260400
46260700
46260900
46261100
46261300
46261600
46261900
46262100
46262300
46262600
46262900
46263200
46263400
46263600
46263900
46265000
46265300
46265600
46265900
46266100
46266300
46266600
46266900
46267200
46267400
46267600
46267900
46268200
46268400
46268600
46268800
46269100
46269400
46269600
46269800
46270100
46270400
46270600
46270800
46271100
46271400
46271700
46271900
46272100
46272400
46272700
46272900
46273100
46370800
46371000
46371200
46371500
46371800
46372100
46372300
46372500
46372800
46373100
46373400
46373600
46373800
46374100
46374400
46374600
46374800
46375100
46375400
46375700
46375900
46376100
46376400
46376700
46376900
46377100
46377400
46377700
46378000
46378200
46378400
46378700
46379000
46379200
46379400
46379700
46380000
46380200
46380400
46380600
46380900
46381200
46381400
46381600
46381900
46382200
46382500
46382700
46382900
46383200
46383500
46383700
46383900
46384100
46384400
46384700
46384900
46385100
46385300
46385600
46385900
46386100
46386300
46386600
46386900
46387200
46387500
46387700
46387900
46388200
46388500
46388800
46389000
46389200
46389500
46389800
46390000
46390200
46390500
46390800
46391100
46391300
46391500
46391800
46392100
46392400
46392600
46392800
46393100
46393400
46393700
46393900
46394100
46394400
46394700
46394900
46395100
46395400
46395700
46396000
46495400
46495600
46495800
46496100
46496400
46496700
46496900
46497100
46497400
46497700
46498000
46498200
46498400
46498700
46499000
46499200
46499400
46499700
46500000
46500300
46500500
46500700
46501000
46501300
46501500
46501700
46502000
46502300
46502500
46502700
46503000
46503300
46503600
46503800
46504000
46504300
46504600
46504800
46505000
46505300
46505600
46505800
46506000
46506300
46506600
46506900
46507100
46507300
46507600
46507900
46508200
46508400
46508600
46508900
46509200
46509400
46509600
46509800
46510100
46510400
46510600
46510800
46511100
46511400
46511700
46511900
46512100
46512400
46512700
46512900
46513100
46513400
46513700
46513900
46514100
46514400
46514700
46515000
46515200
46515400
46515700
46516000
46516200
46516400
46516700
46517000
46517200
46517400
46517700
46518000
46518300
46518500
46518700
46519000
46519300
46519500
46519700
46520000
46520300
46520600
46617400
46617600
46617800
46618100
46618400
46618600
46618800
46619000
46619300
46619600
46619800
46620000
46620300
46620600
46620900
46621100
46621300
46621600
46621900
46622100
46622300
46622600
46622900
46623200
46623400
46623600
46623900
46624200
46624400
46624600
46624900
46625200
46625400
46625600
46625900
46626200
46626400
46626600
46626900
46627200
46627500
46627700
46627900
46628200
46628500
46628700
46628900
46629200
46629500
46629800
46630000
46630200
46630500
46630800
46631100
46631300
46631500
46631800
46632100
46632300
46632500
46632700
46633000
46633300
46633500
46633700
46634000
46634300
46634600
46634800
46635000
46635300
46635600
46635800
46636000
46636300
46636600
46636800
46637000
46637300
46637600
46637900
46638100
46638300
46638600
46638900
46639100
46639300
46639600
46639900
46640100
46640300
46640600
46640900
46641100
46641300
46641500
46641800
46642100
46642300
46739200
46739500
46739700
46739900
46740200
46740500
46740800
46741000
46741200
46741500
46741800
46742100
46742300
46742500
46742800
46743100
46743400
46743600
46743800
46744100
46744400
46744600
46744800
46745000
46745300
46745600
46745800
46746000
46746200
46746500
46746800
46747100
46747300
46747500
46747800
46748100
46748400
46748600
46748800
46749100
46749400
46749700
46749900
46750100
46750400
46750700
46751000
46751200
46751400
46751600
46751900
46752200
46752500
46752700
46752900
46753200
46753500
46753800
46754100
46754300
46754500
46754800
46755100
46755400
46755600
46755800
46756000
46756300
46756600
46756900
46757100
46757300
46757600
46757900
46758200
46758400
46758600
46758800
46759100
46759400
46759600
46759800
46760000
46760300
46760600
46760800
46761000
46761200
46761500
46761800
46762100
46762300
46762500
46762800
46763100
46763400
46763600
46763800
46764100
46764400
46864800
46865100
46865400
46865700
46865900
46866100
46866400
46866700
46867000
46867200
46867400
46867700
46868000
46868200
46868400
46868700
46869000
46869300
46869500
46869700
46870000
46870300
46870500
46870700
46871000
46871300
46871500
46871700
46872000
46872300
46872600
46872800
46873000
46873300
46873600
46873800
46874000
46874200
46874500
46874800
46875100
46875300
46875500
46875800
46876100
46876300
46876500
46876800
46877100
46877400
46877600
46877800
46878100
46878400
46878600
46878800
46879100
46879400
46879700
46879900
46880100
46880400
46880700
46880900
46881100
46881400
46881700
46882000
46882300
46882600
46882800
46883000
46883300
46883600
46883800
46884000
46884300
46884600
46884900
46885200
46885500
46885700
46885900
46886200
46886500
46886700
46886900
46887100
46887400
46887700
46887900
46888100
46888400
46888700
46888900
46889100
46889300
46889600
46889900
46890100
46990800
46991100
46991400
46991700
46992000
46992300
46992700
46993100
46993500
46993800
46994300
46994600
46994900
46995200
46995400
46995600
46995800
46996100
46996400
46996600
46996800
46997100
46997400
46997600
46997800
46998100
46998400
46998700
46998900
46999100
46999400
46999700
46999900
47000100
47000400
47000700
47001000
47001200
47001400
47001700
47002000
47002300
47002500
47002700
47003000
47003300
47003500
47003700
47004000
47004300
47004600
47004800
47005000
47005300
47005600
47005800
47006000
47006300
47006600
47006900
47007100
47007300
47007600
47007900
47008100
47008300
47008600
47008900
47009100
47009300
47009600
47009900
47010200
47010400
47010600
47010900
47011200
47011400
47011600
47011900
47012200
47012400
47012600
47012800
47013100
47013400
47013600
47013800
47014100
47014400
47014700
47014900
47015100
47015400
47015700
47015900
47016100
47016300
47016600
47016900
47115900
47116200
47116500
47116800
47117000
47117200
47117500
47117800
47118000
47118200
47118500
47118800
47119100
47119300
47119500
47119800
47120100
47120300
47120500
47120800
47121100
47121300
47121500
47121800
47122100
47122400
47122600
47122800
47123100
47123400
47123600
47123800
47124100
47124400
47124700
47124900
47125100
47125400
47125700
47126000
47126200
47126400
47126700
47127000
47127200
47127400
47127600
47127900
47128200
47128400
47128600
47128900
47129200
47129500
47129700
47129900
47130200
47130500
47130700
47130900
47131200
47131500
47131700
47131900
47132200
47132500
47132800
47133000
47133200
47133500
47133800
47134000
47134200
47134500
47134800
47135000
47135200
47135500
47135800
47136100
47136300
47136500
47136800
47137100
47137300
47137500
47137800
47138100
47138400
47138600
47138800
47139100
47139400
47139600
47139800
47140000
47140300
47140600
47140800
47141000
47242100
47242300
47242600
47242900
47243100
47243300
47243600
47243900
47244200
47244400
47244600
47244900
47245200
47245400
47245600
47245800
47246100
47246400
47246600
47246800
47247100
47247400
47247700
47247900
47248100
47248400
47248700
47248900
47249100
47249300
47249600
47249900
47250100
47250300
47250500
47250800
47251100
47251300
47251500
47251700
47252000
47252300
47252500
47252700
47252900
47253200
47253500
47253700
47253900
47254200
47254500
47254800
47255000
47255200
47255500
47255800
47256100
47256300
47256500
47256800
47257100
47257300
47257500
47257800
47258000
47258300
47258600
47258900
47259100
47259300
47259600
47259900
47260100
47260300
47260500
47260800
47261100
47261300
47261500
47261800
47262100
47262400
47262600
47262800
47263100
47263400
47263700
47263900
47264100
47264400
47264700
47265000
47265200
47265400
47265700
47266000
47266300
47266500
47266700
47267000
47365100
47365300
47365500
47365800
47366100
47366300
47366500
47366800
47367100
47367400
47367600
47367800
47368100
47368400
47368600
47368800
47369100
47369400
47369700
47369900
47370100
47370400
47370700
47370900
47371100
47371300
47371600
47371900
47372100
47372300
47372500
47372800
47373100
47373300
47373500
47373700
47374000
47374300
47374500
47374700
47374900
47375200
47375500
47375700
47375900
47376100
47376400
47376700
47376900
47377100
47377400
47377700
47378000
47378200
47378400
47378700
47379000
47379200
47379400
47379600
47379900
47380200
47380400
47380600
47380900
47381200
47381400
47381600
47381900
47382200
47382500
47382700
47382900
47383200
47383500
47383800
47384000
47384200
47384500
47384800
47385000
47385200
47385400
47385700
47386000
47386200
47386400
47386700
47387000
47387300
47387500
47387700
47388000
47388300
47388600
47388800
47389000
47389300
47389600
47389900
47487900
47488100
47488400
47488700
47489000
47489200
47489400
47489700
47490000
47490200
47490400
47490600
47490900
47491200
47491400
47491600
47491900
47492200
47492400
47492600
47492800
47493100
47493400
47493600
47493800
47494100
47494400
47494700
47494900
47495100
47495400
47495700
47496000
47496200
47496400
47496700
47497000
47497300
47497500
47497700
47498000
47498300
47498600
47498800
47499000
47499300
47499600
47499900
47500100
47500300
47500600
47500900
47501100
47501300
47501600
47501900
47502200
47502400
47502600
47502900
47503200
47503400
47503600
47503900
47504200
47504500
47504700
47504900
47505200
47505500
47505700
47505900
47506200
47506500
47506800
47507000
47507200
47507500
47507800
47508100
47508300
47508500
47508800
47509100
47509400
47509600
47509800
47510000
47510300
47510600
47510800
47511000
47511300
47511600
47511900
47512100
47512300
47512500
47512800
47513100
47614400
47614600
47614800
47615100
47615400
47615600
47615800
47616100
47616400
47616700
47616900
47617100
47617400
47617700
47617900
47618100
47618300
47618600
47618900
47619200
47619400
47619600
47619900
47620200
47620500
47620700
47620900
47621200
47621500
47621800
47622000
47622200
47622400
47622700
47623000
47623300
47623500
47623700
47624000
47624300
47624500
47624700
47624900
47625200
47625500
47625800
47626000
47626200
47626500
47626800
47627100
47627300
47627500
47627800
47628100
47628400
47628600
47628800
47629100
47629400
47629700
47629900
47630100
47630400
47630700
47630900
47631100
47631400
47631700
47632000
47632200
47632400
47632600
47632900
47633200
47633500
47633700
47633900
47634200
47634500
47634700
47634900
47635100
47635400
47635700
47636000
47636200
47636400
47636700
47637000
47637300
47637500
47637700
47638000
47638300
47638600
47638800
47639000
47639300
47639600
47738500
47738700
47739000
47739300
47739600
47739800
47740000
47740300
47740600
47740900
47741100
47741300
47741600
47741900
47742100
47742300
47742500
47742800
47743100
47743400
47743600
47743800
47744100
47744400
47744700
47744900
47745100
47745400
47745700
47746000
47746300
47746500
47746700
47747000
47747300
47747600
47747800
47748000
47748300
47748600
47748900
47749100
47749300
47749600
47749900
47750200
47750400
47750600
47750900
47751200
47751500
47751700
47751900
47752200
47752500
47752700
47752900
47753100
47753400
47753700
47753900
47754100
47754300
47754600
47754900
47755100
47755300
47755600
47755900
47756200
47756400
47756600
47756800
47757100
47757400
47757600
47757800
47758100
47758400
47758700
47758900
47759100
47759400
47759700
47760000
47760300
47760500
47760700
47761000
47761300
47761600
47761800
47762000
47762300
47762600
47762900
47763100
47763300
47763600
47763900
47864100
47864400
47864700
47864900
47865100
47865300
47865600
47865900
47866100
47866300
47866500
47866800
47867100
47867300
47867500
47867800
47868100
47868400
47868600
47868800
47869100
47869400
47869700
47869900
47870100
47870400
47870700
47871000
47871200
47871400
47871700
47872000
47872200
47872400
47872600
47872900
47873200
47873400
47873600
47873900
47874200
47874500
47874700
47874900
47875200
47875500
47875700
47875900
47876200
47876500
47876800
47877000
47877200
47877500
47877800
47878000
47878200
47878500
47878800
47879100
47879300
47879500
47879800
47880100
47880300
47880500
47880800
47881100
47881400
47881600
47881800
47882100
47882400
47882600
47882800
47883100
47883400
47883700
47883900
47884100
47884400
47884700
47885000
47885200
47885400
47885700
47886000
47886300
47886500
47886700
47887000
47887300
47887500
47887700
47887900
47888200
47888500
47888700
47888900
47889200
47990700
47990900
47991100
47991400
47991700
47992000
47992200
47992400
47992700
47993000
47993300
47993500
47993700
47994000
47994300
47994600
47994900
47995100
47995300
47995600
47995900
47996200
47996400
47996600
47996900
47997200
47997400
47997600
47997900
47998200
47998500
47998700
47998900
47999200
47999500
47999800
48000000
48000200
48000500
48000800
48001000
48001200
48001500
48001800
48002000
48002200
48002500
48002800
48003100
48003300
48003500
48003800
48004100
48004300
48004500
48004800
48005100
48005300
48005500
48005800
48006100
48006400
48006600
48006800
48007100
48007400
48007600
48007800
48008100
48008400
48008700
48008900
48009100
48009400
48009700
48009900
48010100
48010300
48010600
48010900
48011100
48011300
48011600
48011900
48012200
48012400
48012600
48012900
48013200
48013500
48013800
48014000
48014200
48014500
48014800
48015100
48015300
48015500
48015800
48016100
48115900
48116200
48116500
48116800
48117000
48117200
48117500
48117800
48118100
48118400
48118600
48118900
48119100
48119400
48119600
48119800
48120100
48120400
48120700
48121000
48121300
48121600
48121900
48122200
48122500
48122800
48123200
48123600
48124000
48124300
48124800
48125000
48125200
48125500
48125800
48126100
48126300
48126500
48126800
48127100
48127400
48127600
48127800
48128100
48128400
48128700
48128900
48129100
48129400
48129700
48130000
48130200
48130400
48130700
48131000
48131300
48131500
48131700
48132000
48132300
48132600
48132800
48133000
48133300
48133600
48133800
48134000
48134200
48134500
48134800
48135000
48135200
48135500
48135800
48136000
48136200
48136400
48136700
48137000
48137200
48137400
48137700
48138000
48138200
48138400
48138700
48139000
48139300
48139500
48139700
48140000
48140300
48140500
48140700
48140900
48141200
48141500
48141700
48141900
48142200
48241400
48241700
48242000
48242200
48242400
48242700
48243000
48243300
48243500
48243700
48244000
48244300
48244600
48244800
48245000
48245300
48245600
48245900
48246100
48246300
48246600
48246900
48247100
48247300
48247500
48247800
48248100
48248400
48248600
48248800
48249100
48249400
48249600
48249800
48250000
48250300
48250600
48250800
48251000
48251200
48251500
48251800
48252000
48252200
48252400
48252700
48253000
48253200
48253400
48253600
48253900
48254200
48254500
48254700
48254900
48255200
48255500
48255800
48256000
48256200
48256500
48256800
48257100
48257300
48257500
48257800
48258100
48258400
48258600
48258800
48259100
48259400
48259600
48259800
48260100
48260400
48260700
48260900
48261100
48261400
48261700
48262000
48262200
48262400
48262700
48263000
48263200
48263400
48263600
48263900
48264200
48264400
48264600
48264800
48265100
48265400
48265600
48265800
48266000
48266300
48368500
48368800
48369100
48369400
48369600
48369800
48370100
48370400
48370700
48370900
48371100
48371400
48371700
48371900
48372100
48372300
48372600
48372900
48373100
48373300
48373600
48373900
48374100
48374300
48374500
48374800
48375100
48375300
48375500
48375800
48376100
48376400
48376600
48376800
48377100
48377400
48377600
48377800
48378000
48378300
48378600
48378800
48379000
48379200
48379500
48379800
48380000
48380200
48380400
48380700
48381000
48381200
48381500
48381700
48381900
48382100
48382400
48382700
48382900
48383100
48383400
48383700
48384000
48384200
48384400
48384700
48385000
48385200
48385400
48385600
48385900
48386200
48386400
48386600
48386900
48387200
48387500
48387700
48387900
48388200
48388500
48388700
48388900
48389100
48389400
48389700
48389900
48390100
48390400
48390700
48391000
48391200
48391400
48391700
48392000
48392300
48392500
48392700
48393000
48393300
48493400
48493700
48494000
48494200
48494400
48494700
48495000
48495300
48495500
48495700
48496000
48496300
48496500
48496700
48497000
48497300
48497500
48497700
48497900
48498200
48498500
48498700
48498900
48499200
48499500
48499800
48500000
48500200
48500500
48500800
48501000
48501200
48501400
48501700
48502000
48502200
48502400
48502600
48502900
48503200
48503400
48503600
48503800
48504100
48504400
48504600
48504800
48505000
48505300
48505600
48505800
48506000
48506300
48506600
48506900
48507100
48507300
48507600
48507900
48508200
48508400
48508600
48508900
48509200
48509400
48509600
48509900
48510200
48510500
48510700
48510900
48511200
48511500
48511700
48511900
48512200
48512500
48512800
48513000
48513200
48513500
48513800
48514000
48514200
48514400
48514700
48515000
48515200
48515400
48515600
48515900
48516200
48516400
48516600
48516900
48517200
48517500
48517700
48517900
48518200
48619400
48619700
48620000
48620200
48620400
48620700
48621000
48621200
48621400
48621700
48622000
48622300
48622500
48622700
48623000
48623300
48623500
48623700
48624000
48624300
48624600
48624800
48625000
48625300
48625600
48625800
48626000
48626300
48626600
48626900
48627100
48627300
48627600
48627900
48628100
48628300
48628500
48628800
48629100
48629300
48629500
48629800
48630100
48630400
48630600
48630800
48631100
48631400
48631600
48631800
48632100
48632400
48632700
48632900
48633100
48633400
48633700
48633900
48634100
48634400
48634700
48634900
48635100
48635300
48635600
48635900
48636100
48636300
48636600
48636900
48637100
48637300
48637600
48637900
48638200
48638400
48638600
48638900
48639200
48639400
48639600
48639900
48640200
48640500
48640700
48640900
48641200
48641500
48641700
48641900
48642200
48642500
48642800
48643000
48643200
48643500
48643800
48644100
48644300
48644500
48747000
48747200
48747400
48747700
48748000
48748300
48748500
48748700
48749000
48749300
48749500
48749700
48749900
48750200
48750500
48750700
48750900
48751100
48751400
48751700
48751900
48752100
48752300
48752600
48752900
48753100
48753300
48753500
48753800
48754100
48754300
48754500
48754700
48754900
48755200
48755500
48755700
48755900
48756100
48756400
48756700
48756900
48757100
48757300
48757600
48757900
48758100
48758300
48758600
48758900
48759200
48759400
48759600
48759900
48760200
48760500
48760700
48760900
48761200
48761500
48761700
48761900
48762100
48762400
48762700
48762900
48763100
48763400
48763700
48764000
48764200
48764400
48764700
48765000
48765300
48765500
48765700
48765900
48766200
48766500
48766800
48767000
48767200
48767500
48767800
48768100
48768300
48768500
48768800
48769100
48769400
48769600
48769800
48770100
48770400
48770700
48771000
48771200
48771400
48771700
48871900
48872200
48872500
48872700
48872900
48873200
48873500
48873800
48874000
48874200
48874500
48874800
48875100
48875300
48875500
48875800
48876100
48876400
48876600
48876800
48877100
48877400
48877700
48877900
48878100
48878400
48878700
48879000
48879200
48879400
48879700
48880000
48880300
48880500
48880700
48881000
48881300
48881600
48881800
48882000
48882300
48882600
48882900
48883100
48883300
48883600
48883900
48884200
48884400
48884600
48884900
48885200
48885400
48885600
48885800
48886100
48886400
48886600
48886800
48887100
48887400
48887700
48887900
48888100
48888400
48888700
48889000
48889200
48889400
48889700
48890000
48890300
48890500
48890700
48891000
48891300
48891600
48891800
48892000
48892300
48892600
48892900
48893100
48893300
48893600
48893900
48894200
48894400
48894600
48894900
48895200
48895500
48895700
48895900
48896200
48896500
48896800
48897000
48897200
48897500
48997500
48997800
48998100
48998300
48998500
48998800
48999100
48999400
48999600
48999800
49000100
49000400
49000600
49000800
49001100
49001400
49001700
49001900
49002100
49002400
49002700
49003000
49003200
49003400
49003700
49004000
49004300
49004500
49004700
49005000
49005300
49005600
49005800
49006000
49006300
49006600
49006800
49007000
49007300
49007600
49007900
49008100
49008300
49008600
49008900
49009100
49009300
49009500
49009800
49010100
49010300
49010500
49010800
49011100
49011300
49011500
49011800
49012100
49012400
49012600
49012800
49013100
49013400
49013600
49013800
49014100
49014400
49014700
49014900
49015100
49015400
49015700
49016000
49016200
49016400
49016700
49017000
49017200
49017400
49017600
49017900
49018200
49018400
49018600
49018800
49019100
49019400
49019600
49019800
49020100
49020400
49020700
49021000
49021200
49021400
49021700
49022000
49022200
49022400
49022700
49125500
49125700
49125900
49126200
49126500
49126800
49127000
49127200
49127500
49127800
49128100
49128300
49128500
49128700
49129000
49129300
49129600
49129800
49130000
49130300
49130600
49130900
49131100
49131300
49131500
49131800
49132100
49132400
49132600
49132800
49133100
49133400
49133600
49133800
49134100
49134400
49134700
49134900
49135100
49135400
49135700
49135900
49136100
49136400
49136700
49137000
49137200
49137400
49137700
49138000
49138200
49138400
49138700
49139000
49139300
49139500
49139700
49140000
49140300
49140500
49140700
49141000
49141300
49141600
49141800
49142000
49142300
49142600
49142900
49143100
49143300
49143600
49143900
49144200
49144400
49144600
49144800
49145000
49145300
49145600
49145900
49146100
49146300
49146600
49146900
49147200
49147400
49147600
49147900
49148200
49148400
49148600
49148900
49149200
49149500
49149700
49149900
49150200
49150500
49150700
49251400
49251600
49251900
49252200
49252500
49252700
49252900
49253100
49253400
49253700
49254000
49254300
49254600
49254800
49255000
49255300
49255500
49255700
49255900
49256400
49256700
49257100
49257400
49257700
49258000
49258300
49258600
49258900
49259200
49259500
49259800
49260000
49260200
49260400
49260700
49261000
49261300
49261600
49261900
49262100
49262300
49262600
49262900
49263200
49263400
49263700
49263900
49264100
49264400
49264700
49265000
49265200
49265500
49265700
49265900
49266200
49266500
49266800
49267100
49267400
49267600
49267800
49268000
49268200
49268500
49268800
49269100
49269400
49269600
49269800
49270000
49270300
49270600
49270900
49271200
49271400
49271600
49271900
49272200
49272500
49272800
49273000
49273200
49273500
49273700
49274000
49274300
49274500
49274800
49275000
49275200
49275500
49275800
49276100
49276400
49276700
49276900
49277100
49277300
49277500
49378700
49379000
49379300
49379600
49379800
49380000
49380300
49380600
49380800
49381000
49381300
49381500
49381800
49382100
49382300
49382500
49382800
49383100
49383400
49383700
49383900
49384100
49384400
49384700
49385000
49385200
49385400
49385700
49386000
49386300
49386600
49386800
49387000
49387300
49387600
49387900
49388200
49388500
49388700
49388900
49389200
49389500
49389800
49390100
49390400
49390600
49390800
49391100
49391400
49391700
49392000
49392200
49392400
49393000
49393400
49393700
49394100
49394400
49394700
49395000
49395300
49395600
49395900
49396200
49396500
49396900
49397200
49397500
49397800
49398000
49398300
49398600
49398900
49399200
49399500
49399800
49400100
49400400
49400700
49401000
49401300
49401600
49401900
49402200
49402500
49402800
49403200
49403600
49403900
49404300
49404500
49404800
49405100
49405400
49405800
49406200
49406500
49406800
49407100
49407400
49514400
49514700
49515000
49515300
49515600
49515900
49516100
49516300
49516600
49516900
49517200
49517400
49517600
49517900
49518200
49518500
49518700
49518900
49519200
49519500
49519700
49519900
49520200
49520500
49520800
49521000
49521200
49521500
49521800
49522000
49522200
49522500
49522800
49523100
49523300
49523500
49523800
49524300
49524600
49524800
49525000
49525300
49525600
49525800
49526000
49526300
49526600
49526800
49527000
49527200
49527500
49527800
49528000
49528200
49528500
49528800
49529000
49529200
49529500
49529800
49530100
49530300
49530500
49530800
49531100
49531300
49531500
49531800
49532100
49532400
49532600
49532800
49533100
49533400
49533700
49533900
49534100
49534400
49534700
49534900
49535100
49535400
49535700
49536000
49536200
49536400
49536700
49537000
49537200
49537400
49537700
49538000
49538300
49538500
49538700
49539000
49539300
49539500
49539700
49540000
49641100
49641400
49641700
49642000
49642200
49642400
49642700
49643000
49643300
49643500
49643700
49644000
49644300
49644600
49644800
49645000
49645200
49645500
49645800
49646000
49646200
49646400
49646700
49647000
49647200
49647400
49647700
49648000
49648300
49648500
49648700
49649000
49649300
49649500
49649700
49650000
49650300
49650500
49650700
49651000
49651300
49651500
49651700
49652000
49652300
49652600
49652800
49653000
49653300
49653600
49653900
49654100
49654300
49654600
49654900
49655100
49655300
49655600
49655900
49656200
49656400
49656600
49656900
49657200
49657400
49657600
49657900
49658200
49658500
49658800
49659000
49659200
49659500
49659800
49660100
49660300
49660500
49660800
49661100
49661400
49661600
49661800
49662100
49662400
49662600
49662800
49663100
49663400
49663600
49663800
49664100
49664400
49664700
49664900
49665100
49665400
49665700
49666000
49666200
49666400
49767200
49767500
49767700
49767900
49768200
49768500
49768800
49769000
49769200
49769500
49769800
49770100
49770300
49770500
49770800
49771100
49771300
49771500
49771700
49772000
49772300
49772500
49772700
49773000
49773300
49773500
49773700
49774000
49774300
49774600
49774800
49775000
49775300
49775600
49775800
49776000
49776300
49776600
49776800
49777000
49777300
49777600
49777800
49778000
49778300
49778600
49778900
49779100
49779300
49779600
49779900
49780100
49780300
49780600
49780900
49781100
49781300
49781500
49781800
49782100
49782300
49782500
49782800
49783100
49783400
49783600
49783800
49784100
49784400
49784600
49784800
49785100
49785400
49785700
49785900
49786100
49786400
49786700
49786900
49787100
49787400
49787700
49787900
49788100
49788400
49788700
49789000
49789200
49789400
49789600
49789900
49790200
49790400
49790600
49790900
49791200
49791400
49791600
49791900
49792200
49899200
49899500
49899700
49899900
49900200
49900500
49900800
49901000
49901200
49901500
49901800
49902100
49902300
49902500
49902800
49903100
49903400
49903600
49903800
49904100
49904400
49904600
49904800
49905100
49905400
49905700
49905900
49906100
49906400
49906700
49906900
49907100
49907400
49907700
49908000
49908200
49908400
49908700
49909000
49909200
49909400
49909700
49910000
49910300
49910500
49910700
49911000
49911300
49911600
49911800
49912000
49912300
49912600
49912800
49913000
49913200
49913500
49913800
49914100
49914300
49914500
49914800
49915100
49915300
49915500
49915700
49916000
49916300
49916600
49916800
49917000
49917200
49917500
49917800
49918000
49918200
49918500
49918800
49919000
49919200
49919500
49919800
49920100
49920300
49920500
49920800
49921100
49921400
49921600
49921800
49922100
49922400
49922600
49922800
49923000
49923300
49923600
49923800
49924000
49924300
50026300
50026500
50026700
50027000
50027300
50027600
50027800
50028000
50028300
50028600
50028800
50029000
50029300
50029600
50029900
50030100
50030300
50030600
50030900
50031100
50031300
50031700
50032000
50032300
50032500
50032700
50033000
50033300
50033500
50033700
50033900
50034200
50034500
50034700
50034900
50035100
50035400
50035700
50036000
50036200
50036400
50036700
50037000
50037300
50037500
50037700
50038000
50038300
50038500
50038700
50038900
50039200
50039500
50039700
50039900
50040200
50040500
50040700
50040900
50041200
50041500
50041800
50042000
50042200
50042500
50042800
50043000
50043200
50043500
50043800
50044000
50044200
50044500
50044800
50045100
50045300
50045500
50045800
50046100
50046300
50046500
50046800
50047100
50047300
50047500
50047800
50048100
50048400
50048600
50048800
50049100
50049400
50049700
50049900
50050100
50050300
50050600
50050900
50051100
50051300
50153200
50153400
50153600
50153900
50154200
50154400
50154600
50154900
50155200
50155400
50155600
50155900
50156200
50156500
50156700
50156900
50157200
50157500
50157700
50157900
50158200
50158500
50158700
50158900
50159200
50159500
50159800
50160000
50160200
50160500
50160800
50161000
50161200
50161500
50161800
50162100
50162300
50162500
50162800
50163100
50163400
50163600
50163800
50164100
50164400
50164600
50164800
50165100
50165400
50165700
50165900
50166100
50166400
50166700
50166900
50167100
50167400
50167700
50168000
50168200
50168400
50168700
50169000
50169200
50169400
50169700
50170000
50170200
50170400
50170700
50171000
50171200
50171400
50171700
50172000
50172200
50172400
50172600
50172900
50173200
50173400
50173600
50173900
50174200
50174400
50174600
50174800
50175100
50175400
50175600
50175800
50176100
50176400
50176700
50176900
50177100
50177400
50177700
50177900
50178100
50283500
50283700
50284000
50284300
50284500
50284700
50284900
50285100
50285400
50285700
50286000
50286300
50286500
50286700
50287000
50287300
50287600
50287800
50288000
50288300
50288600
50288900
50289100
50289300
50289500
50289800
50290100
50290400
50290600
50290800
50291100
50291400
50291700
50291900
50292100
50292300
50292600
50292900
50293100
50293300
50293500
50293800
50294100
50294300
50294500
50294700
50295000
50295300
50295500
50295700
50296000
50296300
50296600
50296800
50297000
50297300
50297600
50297900
50298100
50298300
50298600
50298900
50299200
50299400
50299700
50299900
50300100
50300400
50300700
50301000
50301200
50301400
50301700
50302000
50302300
50302500
50302700
50302900
50303200
50303500
50303800
50304000
50304200
50304500
50304800
50305100
50305300
50305500
50305800
50306100
50306400
50306600
50306800
50307100
50307400
50307700
50307900
50308100
50308400
50308700
50410800
50411000
50411200
50411500
50411800
50412100
50412400
50412600
50412800
50413100
50413400
50413700
50414000
50414200
50414400
50414700
50415000
50415300
50415500
50415700
50416000
50416300
50416500
50416700
50416900
50417200
50417500
50417700
50417900
50418200
50418500
50418800
50419000
50419200
50419500
50419800
50420100
50420300
50420500
50420800
50421100
50421400
50421600
50421800
50422100
50422400
50422700
50422900
50423100
50423400
50423700
50423900
50424100
50424300
50424600
50424900
50425100
50425300
50425600
50425900
50426200
50426400
50426600
50426900
50427200
50427400
50427600
50427900
50428200
50428400
50428600
50428800
50429100
50429400
50429600
50429800
50430100
50430400
50430700
50430900
50431100
50431400
50431700
50431900
50432100
50432300
50432600
50432900
50433100
50433300
50433500
50433800
50434100
50434300
50434500
50434800
50435100
50435400
50435600
50435800
50538800
50539000
50539300
50539600
50539900
50540100
50540300
50540600
50540900
50541100
50541300
50541600
50541900
50542200
50542400
50542600
50542900
50543200
50543500
50543700
50543900
50544100
50544400
50544700
50544900
50545100
50545300
50545600
50545900
50546200
50546400
50546600
50546900
50547200
50547400
50547600
50547800
50548000
50548300
50548600
50548800
50549000
50549200
50549500
50549800
50550000
50550200
50550500
50550800
50551100
50551300
50551500
50551800
50552100
50552300
50552500
50552800
50553100
50553400
50553700
50553900
50554100
50554400
50554700
50554900
50555100
50555300
50555600
50555900
50556100
50556300
50556600
50556900
50557200
50557400
50557600
50557800
50558100
50558400
50558700
50558900
50559100
50559400
50559700
50560000
50560200
50560400
50560700
50561000
50561300
50561500
50561700
50562000
50562300
50562500
50562700
50562900
50563100
50563400
50563700
50668100
50668400
50668700
50669000
50669200
50669400
50669700
50670000
50670300
50670500
50670700
50671000
50671300
50671600
50671800
50672000
50672300
50672600
50672900
50673100
50673300
50673600
50673900
50674100
50674300
50674500
50674800
50675100
50675300
50675500
50675800
50676100
50676400
50676600
50676800
50677100
50677400
50677700
50677900
50678100
50678400
50678700
50678900
50679100
50679400
50679700
50679900
50680100
50680300
50680600
50680900
50681100
50681300
50681600
50681900
50682100
50682300
50682600
50682900
50683200
50683400
50683600
50683900
50684200
50684500
50684700
50684900
50685200
50685500
50685700
50685900
50686100
50686400
50686700
50686900
50687100
50687400
50687700
50688000
50688200
50688400
50688700
50689000
50689300
50689500
50689700
50690000
50690300
50690500
50690700
50690900
50691200
50691500
50691700
50691900
50692200
50692500
50692800
50693000
50693200
50795700
50795900
50796200
50796500
50796800
50797000
50797200
50797500
50797800
50798100
50798300
50798500
50798800
50799100
50799400
50799600
50799800
50800100
50800400
50800600
50800800
50801000
50801300
50801600
50801800
50802000
50802300
50802600
50802900
50803100
50803300
50803600
50803900
50804100
50804300
50804600
50804900
50805200
50805400
50805600
50805900
50806200
50806400
50806600
50806900
50807200
50807500
50807700
50807900
50808200
50808500
50808700
50808900
50809200
50809500
50809800
50810000
50810200
50810400
50810700
50811000
50811200
50811400
50811700
50812000
50812300
50812500
50812700
50813000
50813300
50813600
50813800
50814000
50814300
50814600
50814900
50815100
50815300
50815500
50815800
50816100
50816300
50816500
50816800
50817100
50817400
50817600
50817800
50818100
50818400
50818600
50818800
50819100
50819400
50819600
50819800
50820000
50820300
50820600
50820800
50923500
50923800
50924100
50924300
50924500
50924800
50925100
50925400
50925600
50925800
50926100
50926400
50926700
50926900
50927100
50927400
50927700
50927900
50928100
50928300
50928600
50928900
50929100
50929300
50929600
50929900
50930200
50930400
50930600
50930900
50931200
50931400
50931600
50931900
50932200
50932500
50932700
50932900
50933200
50933500
50933700
50933900
50934200
50934500
50934800
50935000
50935200
50935500
50935800
50936100
50936300
50936500
50936800
50937100
50937300
50937500
50937700
50938000
50938300
50938500
50938700
50938900
50939200
50939500
50939700
50939900
50940200
50940500
50940800
50941000
50941200
50941500
50941800
50942100
50942300
50942500
50942800
50943100
50943300
50943500
50943800
50944100
50944400
50944600
50944800
50945100
50945400
50945600
50945800
50946000
50946300
50946600
50946800
50947000
50947300
50947600
50947900
50948100
50948300
50948600
51055200
51055500
51055700
51055900
51056100
51056400
51056700
51057000
51057300
51057500
51057700
51057900
51058200
51058500
51058700
51058900
51059100
51059400
51059700
51059900
51060100
51060300
51060500
51060800
51061100
51061300
51061500
51061700
51062000
51062300
51062500
51062700
51062900
51063100
51063400
51063700
51064000
51064200
51064400
51064700
51065000
51065300
51065500
51065700
51065900
51066200
51066500
51066800
51067100
51067300
51067500
51067800
51068100
51068400
51068600
51068800
51069000
51069300
51069600
51069900
51070200
51070400
51070600
51070800
51071100
51071400
51071700
51071900
51072100
51072400
51072700
51073000
51073300
51073500
51073700
51074000
51074300
51074600
51074800
51075000
51075300
51075600
51075900
51076100
51076300
51076500
51076800
51077100
51077400
51077600
51077800
51078000
51078300
51078600
51078800
51079000
51079200
51079500
51079800
51080100
51183500
51183800
51184100
51184400
51184700
51184900
51185100
51185300
51185600
51185900
51186200
51186400
51186600
51186800
51187000
51187200
51187500
51187800
51188100
51188400
51188600
51188800
51189100
51189400
51189700
51189900
51190100
51190300
51190500
51190800
51191100
51191400
51191600
51192000
51192300
51192600
51193000
51193300
51193600
51194000
51194300
51194700
51195000
51195400
51195700
51196000
51196300
51196600
51197000
51197300
51197600
51197900
51198300
51198600
51198900
51199200
51199500
51199700
51200000
51200300
51200600
51200900
51201200
51201400
51201600
51201900
51202200
51202500
51202700
51202900
51203200
51203500
51203700
51203900
51204200
51204500
51204700
51204900
51205100
51205400
51205700
51205900
51206100
51206400
51206700
51207000
51207200
51207400
51207700
51208000
51208200
51208400
51208700
51209000
51209300
51209500
51209700
51210000
51210300
51210500
51315300
51315500
51315700
51316000
51316300
51316600
51316900
51317100
51317300
51317600
51317900
51318100
51318300
51318600
51318900
51319200
51319400
51319600
51319900
51320200
51320400
51320600
51320800
51321100
51321400
51321600
51321800
51322100
51322400
51322700
51322900
51323100
51323400
51323700
51323900
51324100
51324400
51324700
51324900
51325100
51325300
51325600
51325900
51326100
51326300
51326600
51326900
51327100
51327300
51327600
51327900
51328100
51328300
51328600
51328900
51329200
51329400
51329600
51329900
51330200
51330400
51330600
51330900
51331200
51331500
51331700
51331900
51332200
51332500
51332700
51332900
51333200
51333500
51333800
51334000
51334200
51334500
51334800
51335100
51335300
51335500
51335800
51336100
51336300
51336500
51336800
51337100
51337400
51337600
51337800
51338100
51338400
51338600
51338800
51339100
51339400
51339600
51339800
51340100
51340400
51445800
51446100
51446400
51446600
51446800
51447000
51447300
51447600
51447800
51448000
51448200
51448500
51448800
51449000
51449200
51449500
51449800
51450100
51450300
51450500
51450800
51451100
51451300
51451500
51451800
51452100
51452300
51452500
51452800
51453100
51453400
51453600
51453800
51454100
51454400
51454600
51454800
51455100
51455400
51455600
51455800
51456100
51456400
51456600
51456800
51457100
51457400
51457700
51457900
51458100
51458400
51458700
51458900
51459100
51459400
51459700
51460000
51460200
51460400
51460700
51461000
51461200
51461400
51461600
51461900
51462200
51462400
51462600
51462900
51463200
51463500
51463700
51463900
51464200
51464500
51464700
51464900
51465200
51465500
51465700
51465900
51466200
51466500
51466800
51467000
51467200
51467500
51467800
51468000
51468200
51468500
51468800
51469000
51469200
51469500
51469800
51470000
51470200
51470500
51470800
51573700
51573900
51574200
51574500
51574700
51574900
51575200
51575500
51575800
51576000
51576200
51576500
51576800
51577000
51577200
51577400
51577700
51578000
51578200
51578500
51578700
51579000
51579300
51579600
51579900
51580200
51580400
51580600
51580800
51581100
51581400
51581600
51581800
51582000
51582300
51582600
51582800
51583000
51583300
51583600
51583900
51584100
51584300
51584600
51584900
51585100
51585300
51585600
51585900
51586200
51586400
51586600
51586900
51587200
51587400
51587600
51587900
51588200
51588400
51588600
51588900
51589200
51589500
51589700
51589900
51590200
51590500
51590700
51590900
51591200
51591500
51591800
51592000
51592200
51592500
51592800
51593100
51593300
51593500
51593800
51594100
51594400
51594600
51594800
51595100
51595400
51595700
51595900
51596100
51596400
51596700
51596900
51597100
51597300
51597600
51597900
51598100
51598300
51598600
51598900
51702900
51703200
51703500
51703700
51703900
51704200
51704500
51704800
51705000
51705200
51705500
51705800
51706000
51706200
51706500
51706800
51707100
51707300
51707500
51707800
51708100
51708300
51708500
51708700
51709000
51709300
51709500
51709700
51710000
51710300
51710600
51710800
51711000
51711300
51711600
51711800
51712000
51712300
51712600
51712900
51713100
51713300
51713600
51713900
51714100
51714300
51714600
51714900
51715100
51715300
51715600
51715900
51716200
51716400
51716600
51716900
51717200
51717400
51717600
51717800
51718100
51718400
51718600
51718800
51719100
51719400
51719600
51719800
51720000
51720300
51720600
51720800
51721000
51721300
51721600
51721900
51722100
51722300
51722600
51722900
51723100
51723300
51723500
51723800
51724100
51724300
51724500
51724800
51725100
51725300
51725500
51725700
51726000
51726300
51726500
51726700
51727000
51727300
51727500
51727700
51836300
51836600
51836800
51837000
51837300
51837500
51837700
51838000
51838300
51838600
51838900
51839100
51839300
51839500
51839700
51840000
51840300
51840600
51840900
51841100
51841300
51841600
51841900
51842200
51842500
51842700
51842900
51843200
51843500
51843800
51844100
51844300
51844500
51844800
51845100
51845400
51845700
51846000
51846300
51846500
51846700
51847000
51847300
51847600
51847900
51848100
51848300
51848500
51848800
51849100
51849400
51849700
51849900
51850100
51850400
51850700
51851000
51851300
51851500
51851700
51852000
51852200
51852500
51852800
51853100
51853400
51853700
51854000
51854200
51854400
51854700
51854900
51855200
51855500
51855700
51855900
51856100
51856300
51856500
51856800
51857100
51857300
51857500
51857700
51858000
51858300
51858600
51858900
51859100
51859300
51859600
51859900
51860200
51860500
51860800
51861000
51861200
51861500
51861800
51862100
51966300
51966500
51966700
51966900
51967200
51967500
51967800
51968100
51968300
51968500
51968700
51968900
51969200
51969500
51969700
51969900
51970100
51970300
51970600
51970900
51971200
51971500
51971700
51971900
51972200
51972500
51972800
51973100
51973300
51973500
51973800
51974000
51974300
51974600
51974800
51975100
51975300
51975500
51975800
51976100
51976300
51976600
51976900
51977100
51977300
51977600
51977800
51978100
51978400
51978600
51978800
51979000
51979200
51979500
51979800
51980100
51980400
51980700
51980900
51981100
51981300
51981500
51981800
51982100
51982400
51982700
51982900
51983100
51983400
51983700
51984000
51984300
51984500
51984800
51985000
51985200
51985500
51985800
51986100
51986400
51986600
51986800
51987100
51987400
51987700
51988000
51988200
51988400
51988700
51989000
51989300
51989600
51989800
51990100
51990400
51990600
51990800
51991100
51991400
51991700
52097100
52097400
52097700
52097900
52098100
52098400
52098700
52098900
52099100
52099300
52099600
52099900
52100100
52100300
52100600
52100900
52101200
52101400
52101600
52101800
52102100
52102400
52102600
52102800
52103100
52103400
52103700
52103900
52104100
52104300
52104600
52104900
52105200
52105400
52105600
52105900
52106200
52106500
52106700
52106900
52107200
52107500
52107800
52108100
52108300
52108500
52108800
52109100
52109300
52109500
52109700
52110000
52110300
52110500
52110700
52110900
52111200
52111500
52111700
52111900
52112100
52112400
52112700
52112900
52113100
52113400
52113700
52114000
52114200
52114400
52114700
52115000
52115300
52115500
52115700
52116000
52116300
52116600
52116800
52117000
52117200
52117500
52117800
52118100
52118300
52118500
52118800
52119100
52119400
52119600
52119800
52120100
52120400
52120700
52121000
52121200
52121400
52121700
52122000
52122300
52229800
52230100
52230400
52230600
52230800
52231100
52231400
52231700
52231900
52232100
52232400
52232700
52232900
52233100
52233300
52233600
52233900
52234200
52234400
52234600
52234900
52235200
52235500
52235700
52235900
52236200
52236500
52236800
52237000
52237200
52237500
52237800
52238100
52238300
52238500
52238800
52239100
52239300
52239500
52239800
52240100
52240400
52240600
52240800
52241100
52241400
52241700
52241900
52242100
52242400
52242700
52242900
52243100
52243300
52243600
52243900
52244100
52244300
52244600
52244900
52245200
52245400
52245600
52245900
52246200
52246500
52246700
52246900
52247100
52247400
52247700
52247900
52248100
52248400
52248700
52249000
52249300
52249600
52249800
52250000
52250200
52250500
52250800
52251000
52251200
52251500
52251800
52252100
52252300
52252500
52252800
52253100
52253400
52253600
52253800
52254100
52254400
52254600
52254800
52255100
52359500
52359800
52360100
52360400
52360600
52360800
52361100
52361400
52361700
52361900
52362100
52362400
52362700
52362900
52363100
52363300
52363600
52363900
52364100
52364300
52364600
52364900
52365100
52365300
52365600
52365900
52366200
52366400
52366600
52366900
52367200
52367400
52367600
52367900
52368200
52368400
52368600
52368900
52369200
52369500
52369700
52369900
52370200
52370500
52370700
52370900
52371200
52371500
52371700
52371900
52372200
52372500
52372800
52373000
52373200
52373500
52373800
52374100
52374300
52374500
52374800
52375100
52375300
52375500
52375800
52376100
52376400
52376600
52376800
52377100
52377400
52377700
52377900
52378100
52378400
52378700
52378900
52379100
52379400
52379700
52379900
52380100
52380400
52380700
52381000
52381200
52381400
52381700
52382000
52382200
52382400
52382700
52383000
52383200
52383400
52383700
52384000
52384300
52384500
52384700
52489500
52489800
52490000
52490200
52490500
52490800
52491100
52491300
52491500
52491800
52492100
52492300
52492500
52492800
52493100
52493400
52493700
52493900
52494100
52494400
52494700
52494900
52495100
52495400
52495700
52496000
52496200
52496400
52496700
52497000
52497300
52497500
52497700
52498000
52498300
52498600
52498800
52499000
52499300
52499600
52499900
52500100
52500300
52500600
52500900
52501200
52501400
52501600
52501900
52502200
52502500
52502700
52502900
52503200
52503500
52503800
52504100
52504300
52504500
52504800
52505100
52505300
52505500
52505700
52506000
52506300
52506500
52506700
52507000
52507300
52507600
52507800
52508000
52508300
52508600
52508900
52509100
52509300
52509600
52509900
52510100
52510300
52510600
52510900
52511200
52511400
52511600
52511900
52512200
52512500
52512700
52512900
52513200
52513500
52513700
52513900
52514100
52514400
52514700
52515000
52621700
52621900
52622200
52622500
52622800
52623100
52623300
52623500
52623800
52624100
52624300
52624500
52624800
52625100
52625400
52625600
52625800
52626100
52626400
52626600
52626800
52627100
52627400
52627700
52627900
52628100
52628400
52628700
52628900
52629100
52629400
52629700
52630000
52630200
52630400
52630700
52631000
52631300
52631500
52631700
52632000
52632300
52632500
52632700
52633000
52633300
52633600
52633800
52634000
52634300
52634600
52634800
52635000
52635300
52635600
52635900
52636100
52636300
52636600
52636900
52637100
52637300
52637600
52637900
52638100
52638300
52638600
52638900
52639100
52639300
52639600
52639900
52640200
52640400
52640600
52640900
52641200
52641400
52641600
52641900
52642200
52642500
52642700
52642900
52643200
52643500
52643700
52643900
52644200
52644500
52644800
52645000
52645200
52645500
52645800
52646100
52646300
52646500
52646800
52647100
52752200
52752500
52752700
52752900
52753200
52753500
52753700
52753900
52754200
52754500
52754800
52755000
52755200
52755500
52755800
52756100
52756300
52756500
52756800
52757100
52757300
52757500
52757800
52758100
52758400
52758600
52758800
52759100
52759400
52759700
52760000
52760200
52760500
52760800
52761000
52761200
52761500
52761800
52762100
52762300
52762500
52762800
52763100
52763400
52763600
52763800
52764100
52764400
52764600
52764800
52765100
52765400
52765700
52765900
52766100
52766400
52766700
52767000
52767200
52767400
52767700
52768000
52768200
52768400
52768600
52768900
52769200
52769400
52769600
52769900
52770200
52770500
52770700
52770900
52771200
52771500
52771700
52771900
52772100
52772400
52772700
52772900
52773100
52773300
52773600
52773900
52774100
52774300
52774500
52774800
52775100
52775300
52775500
52775800
52776100
52776300
52776500
52776800
52777100
52777400
52883000
52883300
52883600
52883800
52884000
52884300
52884600
52884800
52885000
52885300
52885600
52885900
52886100
52886300
52886600
52886900
52887100
52887300
52887600
52887900
52888100
52888300
52888600
52888900
52889200
52889400
52889600
52889900
52890200
52890400
52890600
52890900
52891200
52891400
52891600
52891900
52892200
52892500
52892700
52892900
52893200
52893500
52893700
52893900
52894200
52894500
52894800
52895000
52895200
52895500
52895800
52896000
52896200
52896500
52896800
52897100
52897300
52897500
52897800
52898100
52898300
52898500
52898700
52899000
52899300
52899600
52899800
52900000
52900300
52900600
52900800
52901000
52901300
52901600
52901900
52902100
52902300
52902600
52902900
52903100
52903300
52903600
52903900
52904100
52904300
52904600
52904900
52905100
52905300
52905600
52905900
52906200
52906400
52906600
52906900
52907200
52907400
52907600
52907900
52908200
53016700
53016900
53017100
53017400
53017700
53018000
53018200
53018400
53018700
53019000
53019200
53019400
53019700
53020000
53020200
53020400
53020600
53020900
53021200
53021400
53021600
53021900
53022200
53022400
53022600
53022800
53023100
53023400
53023600
53023800
53024100
53024400
53024700
53024900
53025100
53025400
53025600
53025900
53026200
53026400
53026600
53026900
53027200
53027500
53027700
53027900
53028200
53028500
53028700
53028900
53029200
53029500
53029800
53030000
53030200
53030500
53030800
53031000
53031200
53031500
53031800
53032000
53032200
53032500
53032800
53033000
53033200
53033500
53033800
53034100
53034300
53034500
53034800
53035100
53035300
53035500
53035800
53036100
53036400
53036600
53036800
53037100
53037400
53037600
53037800
53038000
53038300
53038600
53038800
53039000
53039300
53039600
53039900
53040100
53040300
53040600
53040900
53041100
53041300
53041600
53147400
53147700
53148000
53148200
53148400
53148700
53149000
53149300
53149500
53149700
53150000
53150300
53150500
53150700
53150900
53151200
53151500
53151700
53151900
53152200
53152500
53152800
53153000
53153200
53153500
53153800
53154000
53154200
53154400
53154700
53155000
53155200
53155400
53155700
53156000
53156200
53156400
53156700
53157000
53157300
53157500
53157700
53158000
53158300
53158500
53158700
53159000
53159300
53159500
53159700
53160000
53160300
53160500
53160700
53161000
53161300
53161600
53161800
53162000
53162300
53162600
53162800
53163000
53163300
53163600
53163800
53164000
53164300
53164600
53164900
53165100
53165300
53165600
53165900
53166200
53166400
53166600
53166900
53167200
53167400
53167600
53167900
53168200
53168500
53168700
53168900
53169200
53169500
53169700
53169900
53170200
53170500
53170800
53171000
53171200
53171500
53171800
53172000
53172200
53172500
53279200
53279400
53279700
53280000
53280200
53280400
53280600
53280900
53281200
53281400
53281600
53281800
53282100
53282400
53282600
53282800
53283100
53283400
53283700
53283900
53284100
53284400
53284700
53284900
53285100
53285400
53285700
53285900
53286100
53286400
53286700
53286900
53287100
53287400
53287700
53288000
53288200
53288400
53288700
53289000
53289200
53289400
53289700
53290000
53290200
53290400
53290700
53291000
53291300
53291500
53291700
53292000
53292300
53292500
53292700
53293000
53293300
53293600
53293800
53294000
53294300
53294600
53294800
53295000
53295200
53295500
53295800
53296000
53296200
53296500
53296800
53297100
53297300
53297500
53297800
53298100
53298300
53298500
53298800
53299100
53299300
53299500
53299800
53300100
53300400
53300600
53300800
53301100
53301400
53301600
53301800
53302100
53302400
53302600
53302800
53303100
53303400
53303600
53303800
53304100
53423200
53423500
53423800
53424100
53424300
53424500
53424700
53425000
53425300
53425600
53425800
53426000
53426300
53426600
53426900
53427100
53427300
53427600
53427900
53428200
53428400
53428600
53428900
53429200
53429500
53429700
53429900
53430200
53430500
53430800
53431000
53431200
53431400
53431700
53432000
53432200
53432400
53432600
53432900
53433200
53433400
53433600
53433800
53434100
53434400
53434600
53434800
53435000
53435200
53435400
53435600
53435900
53436200
53436400
53436600
53436900
53437200
53437500
53437700
53437900
53438200
53438500
53438700
53438900
53439200
53439500
53439800
53440000
53440200
53440500
53440800
53441100
53441300
53441500
53441800
53442100
53442300
53442500
53442700
53443000
53443300
53443500
53443700
53444000
53444300
53444600
53444800
53445000
53445300
53445600
53445900
53446100
53446300
53446600
53446900
53447100
53447300
53447600
53447900
53448200
53554500
53554700
53554900
53555200
53555500
53555800
53556000
53556200
53556400
53556700
53557000
53557300
53557500
53557700
53558000
53558300
53558600
53558800
53559000
53559300
53559600
53559800
53560000
53560200
53560500
53560800
53561100
53561300
53561500
53561800
53562100
53562400
53562600
53562800
53563100
53563400
53563700
53564000
53564200
53564400
53564700
53565000
53565200
53565400
53565700
53566000
53566300
53566500
53566700
53567000
53567300
53567600
53567800
53568000
53568300
53568600
53568800
53569000
53569300
53569600
53569900
53570100
53570300
53570600
53570900
53571200
53571400
53571600
53571900
53572200
53572500
53572700
53572900
53573200
53573500
53573700
53573900
53574200
53574500
53574800
53575000
53575200
53575500
53575800
53576000
53576200
53576500
53576800
53577100
53577300
53577500
53577800
53578100
53578300
53578500
53578800
53579100
53579300
53579500
53579800
53686800
53687000
53687300
53687600
53687800
53688000
53688200
53688500
53688800
53689000
53689200
53689400
53689700
53690000
53690200
53690400
53690700
53691000
53691300
53691500
53691700
53692000
53692300
53692500
53692700
53693000
53693300
53693600
53693800
53694000
53694300
53694600
53694800
53695000
53695200
53695500
53695800
53696000
53696200
53696500
53696800
53697100
53697300
53697500
53697800
53698100
53698400
53698600
53698800
53699100
53699400
53699700
53699900
53700100
53700400
53700700
53701000
53701200
53701400
53701700
53702000
53702200
53702400
53702600
53702900
53703200
53703400
53703600
53703900
53704200
53704500
53704700
53704900
53705200
53705500
53705700
53705900
53706200
53706500
53706800
53707000
53707200
53707500
53707800
53708000
53708200
53708500
53708800
53709100
53709300
53709500
53709800
53710100
53710400
53710600
53710800
53711100
53711400
53711600
53711800
53820500
53820800
53821100
53821300
53821500
53821800
53822100
53822300
53822500
53822800
53823100
53823400
53823600
53823800
53824100
53824400
53824700
53824900
53825100
53825400
53825700
53825900
53826100
53826300
53826600
53826900
53827100
53827300
53827600
53827900
53828200
53828400
53828600
53828900
53829200
53829500
53829700
53829900
53830200
53830500
53830800
53831000
53831200
53831500
53831800
53832100
53832300
53832500
53832800
53833100
53833300
53833500
53833700
53834000
53834300
53834500
53834700
53835000
53835300
53835600
53835800
53836000
53836300
53836600
53836800
53837000
53837300
53837600
53837900
53838100
53838300
53838600
53838900
53839100
53839300
53839500
53839800
53840100
53840300
53840500
53840800
53841100
53841400
53841600
53841800
53842100
53842400
53842700
53842900
53843100
53843400
53843700
53844000
53844200
53844400
53844700
53845000
53845300
53845500
53845700
53951800
53952000
53952300
53952600
53952800
53953000
53953200
53953500
53953800
53954000
53954200
53954400
53954700
53955000
53955200
53955400
53955600
53955900
53956200
53956500
53956800
53957000
53957200
53957500
53957800
53958100
53958300
53958500
53958800
53959100
53959400
53959600
53959800
53960000
53960300
53960600
53960900
53961100
53961300
53961600
53961900
53962200
53962400
53962600
53962900
53963200
53963500
53963700
53963900
53964100
53964400
53964700
53964900
53965100
53965300
53965600
53965900
53966100
53966300
53966600
53966900
53967200
53967400
53967600
53967900
53968200
53968500
53968700
53968900
53969200
53969500
53969700
53969900
53970200
53970500
53970700
53970900
53971200
53971500
53971800
53972000
53972200
53972500
53972800
53973000
53973200
53973500
53973800
53974000
53974200
53974400
53974700
53975000
53975200
53975400
53975600
53975900
53976200
53976500
53976700
54084100
54084400
54084700
54085000
54085200
54085400
54085700
54086000
54086200
54086400
54086600
54086900
54087200
54087400
54087600
54087900
54088200
54088400
54088600
54088900
54089200
54089500
54089700
54089900
54090200
54090500
54090700
54090900
54091200
54091500
54091800
54092000
54092200
54092500
54092800
54093100
54093300
54093500
54093800
54094100
54094300
54094500
54094700
54095000
54095300
54095500
54095700
54096000
54096300
54096600
54096800
54097000
54097300
54097600
54097800
54098000
54098300
54098600
54098800
54099000
54099300
54099600
54099900
54100100
54100300
54100600
54100900
54101100
54101300
54101600
54101900
54102100
54102300
54102600
54102900
54103200
54103400
54103600
54103900
54104200
54104400
54104600
54104900
54105200
54105500
54105700
54105900
54106200
54106500
54106800
54107000
54107200
54107500
54107800
54108000
54108200
54108400
54108700
54109000
54109200
54219900
54220200
54220500
54220800
54221000
54221200
54221400
54221600
54221900
54222200
54222500
54222700
54222900
54223100
54223400
54223700
54224000
54224200
54224400
54224600
54224900
54225200
54225500
54225700
54225900
54226100
54226400
54226700
54227000
54227200
54227400
54227700
54228000
54228300
54228500
54228700
54229000
54229300
54229600
54229800
54230000
54230300
54230600
54230900
54231100
54231300
54231500
54231800
54232100
54232300
54232500
54232700
54233000
54233300
54233600
54233800
54234000
54234300
54234600
54234900
54235100
54235300
54235500
54235800
54236100
54236400
54236600
54236800
54237100
54237400
54237700
54238000
54238200
54238400
54238700
54239000
54239300
54239500
54239700
54239900
54240200
54240500
54240800
54241000
54241200
54241500
54241800
54242100
54242300
54242500
54242700
54243000
54243300
54243500
54243700
54243900
54244200
54244500
54244700
54244900
54351800
54352000
54352200
54352400
54352700
54353000
54353300
54353500
54353700
54353900
54354200
54354500
54354800
54355000
54355200
54355500
54355800
54356100
54356300
54356500
54356800
54357100
54357400
54357600
54357800
54358100
54358400
54358700
54358900
54359100
54359300
54359600
54359900
54360100
54360300
54360500
54360800
54361100
54361400
54361600
54361800
54362100
54362400
54362700
54362900
54363100
54363300
54363600
54363900
54364200
54364400
54364600
54364900
54365200
54365500
54365700
54365900
54366100
54366400
54366700
54367000
54367200
54367400
54367600
54367900
54368200
54368500
54368700
54368900
54369200
54369500
54369800
54370000
54370200
54370500
54370800
54371100
54371300
54371500
54371700
54372000
54372300
54372500
54372700
54372900
54373200
54373500
54373700
54373900
54374100
54374400
54374700
54375000
54375200
54375400
54375700
54376000
54376300
54376500
54376700
54484500
54484700
54484900
54485200
54485500
54485800
54486000
54486200
54486500
54486800
54487100
54487300
54487500
54487700
54488000
54488300
54488500
54488700
54488900
54489200
54489500
54489800
54490000
54490200
54490500
54490800
54491100
54491300
54491500
54491700
54492000
54492300
54492600
54492800
54493000
54493300
54493600
54493900
54494200
54494400
54494600
54494900
54495200
54495500
54495700
54495900
54496100
54496400
54496700
54497000
54497200
54497400
54497600
54497900
54498200
54498500
54498700
54498900
54499200
54499500
54499800
54500000
54500200
54500500
54500800
54501100
54501300
54501500
54501800
54502100
54502400
54502600
54502800
54503000
54503300
54503600
54503900
54504100
54504300
54504600
54504900
54505200
54505400
54505600
54505800
54506100
54506400
54506700
54506900
54507100
54507400
54507700
54508000
54508300
54508500
54508700
54509000
54509300
54509600
54509800
54619400
54619600
54619800
54620100
54620400
54620700
54621000
54621300
54621500
54621700
54621900
54622100
54622400
54622700
54623000
54623200
54623500
54623800
54624100
54624400
54624700
54624900
54625100
54625300
54625500
54625800
54626100
54626400
54626700
54627000
54627200
54627400
54627600
54627800
54628100
54628400
54628700
54629000
54629200
54629500
54629700
54629900
54630200
54630500
54630800
54631100
54631400
54631700
54632000
54632200
54632400
54632700
54632900
54633200
54633500
54633800
54634100
54634300
54634500
54634700
54634900
54635200
54635500
54635800
54636100
54636400
54636600
54636900
54637200
54637400
54637600
54637800
54638000
54638200
54638500
54638800
54639100
54639400
54639700
54639900
54640100
54640300
54640500
54640800
54641000
54641300
54641600
54641900
54642200
54642400
54642600
54642800
54643100
54643400
54643700
54644000
54644200
54644500
54644700
54644900
54752200
54752500
54752800
54753100
54753300
54753500
54753700
54753900
54754100
54754400
54754700
54755000
54755300
54755600
54755800
54756000
54756200
54756400
54756700
54757000
54757300
54757600
54757900
54758200
54758400
54758600
54758800
54759100
54759400
54759700
54760000
54760300
54760600
54760800
54761000
54761300
54761500
54761800
54762100
54762400
54762700
54763000
54763200
54763500
54763700
54763900
54764200
54764500
54764800
54765100
54765400
54765700
54766000
54766300
54766500
54766700
54766900
54767100
54767400
54767700
54768000
54768300
54768600
54768900
54769200
54769400
54769600
54769800
54770000
54770200
54770500
54770800
54771100
54771400
54771600
54771900
54772100
54772300
54772600
54772900
54773200
54773500
54773800
54774100
54774400
54774600
54774800
54775100
54775300
54775600
54775900
54776200
54776500
54776800
54777000
54777300
54777500
54777700
54778000
54778300
54886000
54886200
54886500
54886800
54887100
54887400
54887700
54887900
54888100
54888300
54888500
54888800
54889100
54889400
54889700
54889900
54890200
54890500
54890700
54890900
54891200
54891500
54891800
54892100
54892400
54892600
54892900
54893100
54893300
54893600
54893900
54894200
54894500
54894800
54895100
54895400
54895600
54895800
54896000
54896200
54896500
54896800
54897100
54897400
54897700
54897900
54898200
54898400
54898600
54898800
54899100
54899400
54899700
54900000
54900300
54900600
54900800
54901000
54901300
54901500
54901800
54902100
54902400
54902700
54902900
54903100
54903300
54903500
54903800
54904100
54904400
54904700
54905000
54905200
54905500
54905700
54905900
54906200
54906500
54906800
54907100
54907400
54907700
54908000
54908200
54908400
54908700
54908900
54909200
54909500
54909800
54910100
54910400
54910600
54910900
54911100
54911300
54911500
54911800
54912100
55023700
55024000
55024200
55024400
55024700
55025000
55025200
55025500
55025800
55026000
55026200
55026500
55026800
55027100
55027300
55027500
55027800
55028100
55028300
55028500
55028700
55028900
55029200
55029500
55029700
55029900
55030200
55030500
55030800
55031000
55031200
55031500
55031800
55032100
55032300
55032500
55032800
55033100
55033300
55033500
55033800
55034100
55034400
55034600
55034800
55035100
55035400
55035700
55035900
55036100
55036400
55036700
55037000
55037200
55037400
55037700
55038000
55038200
55038400
55038700
55039000
55039300
55039600
55039800
55040000
55040300
55040600
55040900
55041100
55041300
55041600
55041900
55042200
55042400
55042600
55042900
55043200
55043500
55043800
55044000
55044300
55044500
55044700
55045000
55045300
55045500
55045700
55045900
55046200
55046500
55046800
55047000
55047200
55047500
55047800
55048000
55048200
55048500
55048800
55049100
55156600
55156900
55157200
55157500
55157700
55157900
55158200
55158500
55158800
55159000
55159200
55159500
55159800
55160000
55160200
55160400
55160700
55161000
55161200
55161400
55161600
55161900
55162200
55162500
55162700
55162900
55163200
55163500
55163700
55163900
55164200
55164500
55164700
55164900
55165100
55165400
55165700
55165900
55166100
55166400
55166700
55166900
55167100
55167400
55167700
55168000
55168300
55168500
55168700
55169000
55169300
55169600
55169900
55170100
55170400
55170600
55170900
55171200
55171400
55171700
55171900
55172100
55172400
55172600
55172900
55173200
55173400
55173700
55173900
55174100
55174400
55174600
55174900
55175200
55175500
55175800
55176100
55176300
55176500
55176700
55176900
55177200
55177500
55177800
55178100
55178400
55178600
55178900
55179100
55179300
55179500
55179700
55179900
55180200
55180500
55180800
55181100
55181300
55181500
55181700
55290400
55290700
55291000
55291300
55291500
55291700
55292000
55292200
55292500
55292800
55293000
55293300
55293500
55293700
55294000
55294200
55294500
55294800
55295100
55295400
55295600
55295800
55296000
55296200
55296500
55296800
55297100
55297400
55297600
55297800
55298000
55298200
55298500
55298800
55299100
55299400
55299600
55299800
55300100
55300300
55300600
55300900
55301100
55301400
55301600
55301800
55302100
55302400
55302700
55303000
55303200
55303400
55303600
55303900
55304200
55304500
55304800
55305100
55305300
55305500
55305700
55305900
55306200
55306500
55306800
55307100
55307300
55307600
55307800
55308000
55308300
55308500
55308800
55309100
55309300
55309600
55309800
55310000
55310300
55310500
55310800
55311100
55311300
55311600
55311800
55312000
55312300
55312600
55312900
55313200
55313400
55313600
55313800
55314100
55314400
55314700
55315000
55315200
55315400
55315600
55438200
55438500
55438700
55439000
55439300
55439600
55439900
55440100
55440300
55440600
55440900
55441200
55441400
55441600
55441800
55442100
55442400
55442700
55443000
55443200
55443400
55443600
55443800
55444100
55444400
55444700
55445000
55445300
55445500
55445700
55445900
55446200
55446500
55446800
55447100
55447400
55447600
55447800
55448000
55448300
55448600
55448900
55449200
55449400
55449700
55450000
55450300
55450500
55450700
55451000
55451300
55451600
55451900
55452200
55452400
55452600
55452900
55453200
55453500
55453800
55454000
55454300
55454500
55454700
55455000
55455300
55455600
55455900
55456100
55456400
55456600
55456800
55457100
55457400
55457700
55458000
55458200
55458500
55458700
55458900
55459200
55459500
55459800
55460100
55460300
55460600
55460800
55461000
55461300
55461600
55461900
55462200
55462400
55462700
55462900
55463100
55463400
55463700
55464000
55464300
55572500
55572800
55573100
55573300
55573500
55573800
55574000
55574300
55574600
55574900
55575200
55575400
55575600
55575900
55576100
55576400
55576700
55577000
55577300
55577500
55577700
55578000
55578300
55578600
55578900
55579200
55579400
55579600
55579900
55580200
55580500
55580800
55581000
55581200
55581400
55581700
55582000
55582300
55582600
55582800
55583000
55583300
55583600
55583900
55584200
55584500
55584700
55584900
55585200
55585500
55585800
55586100
55586300
55586600
55586800
55587000
55587300
55587600
55587900
55588200
55588400
55588700
55588900
55589100
55589400
55589700
55590000
55590300
55590500
55590700
55590900
55591200
55591500
55591800
55592100
55592300
55592500
55592800
55593000
55593300
55593600
55593900
55594200
55594400
55594600
55594900
55595200
55595500
55595700
55596000
55596200
55596400
55596700
55597000
55597300
55597500
55597700
55597900
55598100
55598400
55707300
55707600
55707800
55708100
55708400
55708700
55709000
55709200
55709400
55709700
55709900
55710200
55710500
55710800
55711000
55711200
55711500
55711800
55712100
55712400
55712600
55712900
55713100
55713300
55713600
55713900
55714200
55714500
55714700
55714900
55715100
55715400
55715700
55716000
55716300
55716500
55716700
55716900
55717100
55717400
55717700
55718000
55718300
55718600
55718800
55719000
55719200
55719500
55719800
55720100
55720400
55720700
55720900
55721100
55721300
55721600
55721900
55722200
55722500
55722700
55722900
55723200
55723400
55723700
55724000
55724300
55724600
55724800
55725000
55725300
55725600
55725900
55726100
55726400
55726600
55726800
55727100
55727400
55727700
55728000
55728200
55728400
55728600
55728800
55729100
55729400
55729700
55730000
55730200
55730400
55730600
55730900
55731200
55731500
55731800
55732100
55732300
55732500
55732700
55732900
55843800
55844100
55844300
55844500
55844700
55845000
55845300
55845600
55845900
55846100
55846300
55846600
55846900
55847200
55847400
55847600
55847900
55848200
55848500
55848800
55849000
55849200
55849500
55849800
55850100
55850300
55850500
55850800
55851100
55851400
55851600
55851800
55852000
55852300
55852600
55852800
55853000
55853200
55853500
55853800
55854000
55854200
55854500
55854800
55855100
55855400
55855600
55855800
55856100
55856400
55856600
55856800
55857100
55857400
55857700
55857900
55858100
55858400
55858700
55859000
55859300
55859500
55859700
55860000
55860300
55860600
55860800
55861000
55861300
55861600
55861900
55862200
55862400
55862600
55862900
55863200
55863500
55863700
55863900
55864200
55864500
55864800
55865000
55865200
55865400
55865700
55866000
55866300
55866500
55866700
55867000
55867300
55867500
55867700
55868000
55868300
55868600
55868900
55869100
55869300
55977500
55977800
55978000
55978200
55978500
55978800
55979100
55979300
55979500
55979800
55980100
55980300
55980500
55980700
55981000
55981300
55981600
55981800
55982000
55982300
55982600
55982800
55983000
55983200
55983500
55983800
55984000
55984200
55984400
55984700
55985000
55985200
55985400
55985700
55986000
55986300
55986500
55986700
55987000
55987300
55987600
55987800
55988000
55988300
55988600
55988900
55989100
55989300
55989600
55989900
55990200
55990400
55990600
55990800
55991100
55991400
55991700
55991900
55992100
55992400
55992700
55992900
55993100
55993300
55993600
55993900
55994200
55994400
55994600
55994900
55995200
55995500
55995700
55995900
55996200
55996500
55996700
55996900
55997200
55997500
55997800
55998100
55998300
55998500
55998800
55999100
55999300
55999500
55999800
56000100
56000300
56000500
56000700
56001000
56001300
56001600
56001800
56002000
56002300
56002600
56111900
56112200
56112500
56112700
56112900
56113100
56113400
56113700
56113900
56114100
56114400
56114700
56114900
56115100
56115300
56115600
56115900
56116200
56116400
56116600
56116900
56117200
56117400
56117600
56117800
56118100
56118400
56118700
56118900
56119100
56119400
56119700
56120000
56120200
56120400
56120700
56121000
56121300
56121500
56121700
56121900
56122200
56122500
56122800
56123000
56123200
56123500
56123800
56124100
56124300
56124500
56124800
56125100
56125400
56125600
56125800
56126000
56126300
56126600
56126800
56127000
56127300
56127600
56127800
56128000
56128300
56128600
56128900
56129200
56129400
56129600
56129900
56130200
56130400
56130600
56130900
56131200
56131500
56131700
56131900
56132100
56132400
56132700
56133000
56133200
56133400
56133700
56134000
56134300
56134500
56134700
56135000
56135300
56135600
56135900
56136100
56136300
56136600
56136900
56137100
56248900
56249200
56249500
56249700
56249900
56250200
56250500
56250800
56251000
56251200
56251500
56251800
56252100
56252300
56252500
56252700
56253000
56253300
56253500
56253700
56253900
56254200
56254500
56254700
56254900
56255200
56255500
56255800
56256100
56256300
56256500
56256800
56257100
56257300
56257500
56257800
56258100
56258300
56258500
56258700
56259000
56259300
56259600
56259800
56260000
56260300
56260600
56260800
56261000
56261300
56261600
56261800
56262000
56262200
56262500
56262800
56263100
56263300
56263500
56263800
56264100
56264300
56264500
56264700
56265000
56265300
56265600
56265800
56266000
56266300
56266600
56266900
56267100
56267300
56267600
56267900
56268100
56268300
56268500
56268700
56269000
56269300
56269500
56269700
56270000
56270300
56270500
56270700
56270900
56271200
56271500
56271700
56271900
56272100
56272400
56272700
56272900
56273100
56273400
56273700
56383400
56383700
56383900
56384100
56384300
56384600
56384900
56385100
56385300
56385600
56385900
56386200
56386400
56386600
56386800
56387100
56387400
56387600
56387800
56388100
56388400
56388600
56388800
56389100
56389400
56389700
56389900
56390100
56390400
56390700
56391000
56391200
56391400
56391700
56392000
56392200
56392400
56392700
56393000
56393300
56393600
56393800
56394000
56394300
56394600
56394900
56395100
56395300
56395600
56395900
56396100
56396300
56396500
56396700
56397000
56397300
56397500
56397700
56398000
56398300
56398600
56398900
56399100
56399300
56399500
56399800
56400100
56400300
56400500
56400700
56401000
56401300
56401500
56401700
56402000
56402200
56402500
56402800
56403000
56403200
56403500
56403800
56404100
56404300
56404500
56404800
56405100
56405400
56405700
56405900
56406100
56406400
56406700
56407000
56407200
56407400
56407700
56408000
56408200
56408400
56518900
56519100
56519300
56519600
56519900
56520100
56520300
56520600
56520900
56521200
56521400
56521600
56521900
56522200
56522500
56522800
56523000
56523200
56523500
56523800
56524000
56524200
56524500
56524800
56525100
56525300
56525500
56525700
56526000
56526300
56526500
56526700
56527000
56527300
56527500
56527700
56528000
56528300
56528500
56528700
56528900
56529200
56529500
56529800
56530000
56530200
56530500
56530800
56531000
56531200
56531500
56531800
56532100
56532300
56532500
56532700
56533000
56533300
56533500
56533700
56534000
56534300
56534600
56534800
56535000
56535300
56535600
56535900
56536100
56536300
56536600
56536900
56537200
56537400
56537600
56537900
56538200
56538400
56538600
56538800
56539100
56539400
56539700
56539900
56540100
56540400
56540700
56540900
56541100
56541400
56541700
56541900
56542100
56542300
56542600
56542900
56543100
56543300
56543600
56543900
56657500
56657800
56658000
56658200
56658500
56658800
56659100
56659400
56659600
56659800
56660100
56660400
56660600
56660800
56661100
56661400
56661700
56661900
56662100
56662400
56662700
56662900
56663100
56663400
56663700
56664000
56664200
56664400
56664700
56665000
56665200
56665400
56665700
56666000
56666300
56666500
56666700
56667000
56667300
56667600
56667800
56668000
56668300
56668600
56668800
56669000
56669300
56669600
56669900
56670100
56670300
56670600
56670900
56671100
56671300
56671600
56671900
56672200
56672400
56672600
56672900
56673200
56673400
56673600
56673800
56674000
56674300
56674600
56674800
56675000
56675300
56675600
56675800
56676000
56676300
56676600
56676900
56677100
56677300
56677600
56677900
56678100
56678300
56678500
56678800
56679100
56679300
56679500
56679800
56680100
56680400
56680600
56680800
56681100
56681400
56681600
56681800
56682000
56682300
56682600
56792400
56792700
56793000
56793200
56793400
56793700
56794000
56794200
56794400
56794600
56794900
56795200
56795400
56795600
56795800
56796100
56796400
56796600
56796800
56797100
56797400
56797700
56797900
56798100
56798400
56798700
56798900
56799100
56799300
56799600
56799900
56800100
56800300
56800600
56800900
56801100
56801300
56801600
56801900
56802200
56802400
56802600
56802900
56803200
56803400
56803600
56803900
56804200
56804400
56804600
56804900
56805200
56805500
56805700
56805900
56806200
56806500
56806700
56806900
56807200
56807500
56807800
56808000
56808200
56808500
56808800
56809000
56809200
56809500
56809800
56810100
56810300
56810500
56810800
56811100
56811400
56811600
56811800
56812100
56812400
56812600
56812800
56813000
56813300
56813600
56813800
56814000
56814300
56814600
56814800
56815000
56815300
56815600
56815900
56816100
56816300
56816600
56816900
56817100
56817300
56928200
56928500
56928800
56929000
56929200
56929400
56929700
56930000
56930200
56930400
56930700
56931000
56931300
56931500
56931700
56932000
56932300
56932500
56932700
56933000
56933300
56933600
56933800
56934000
56934300
56934600
56934800
56935000
56935300
56935600
56935800
56936000
56936300
56936600
56936900
56937100
56937300
56937600
56937900
56938100
56938300
56938600
56938900
56939200
56939400
56939600
56939900
56940200
56940400
56940600
56940800
56941100
56941400
56941600
56941800
56942100
56942400
56942700
56942900
56943100
56943400
56943700
56943900
56944100
56944400
56944700
56945000
56945200
56945400
56945700
56946000
56946200
56946400
56946700
56947000
56947200
56947400
56947700
56948000
56948300
56948500
56948700
56949000
56949300
56949500
56949700
56950000
56950300
56950600
56950800
56951000
56951300
56951600
56951800
56952000
56952300
56952600
56952900
56953100
56953300
57066000
57066300
57066600
57066900
57067200
57067400
57067600
57067900
57068200
57068500
57068700
57068900
57069200
57069500
57069800
57070000
57070200
57070500
57070800
57071100
57071300
57071500
57071800
57072100
57072400
57072600
57072800
57073100
57073400
57073700
57073900
57074100
57074400
57074700
57075000
57075200
57075400
57075700
57076000
57076300
57076500
57076700
57077000
57077300
57077600
57077800
57078000
57078300
57078600
57078800
57079000
57079200
57079500
57079800
57080000
57080200
57080500
57080800
57081000
57081200
57081400
57081700
57082000
57082200
57082400
57082600
57082900
57083200
57083500
57083700
57083900
57084200
57084500
57084800
57085000
57085200
57085500
57085800
57086100
57086400
57086600
57086800
57087100
57087400
57087700
57087900
57088100
57088400
57088700
57089000
57089200
57089400
57089700
57090000
57090200
57090400
57090600
57090900
57091200
57091400
57201600
57201800
57202000
57202300
57202600
57202900
57203100
57203300
57203600
57203900
57204200
57204400
57204600
57204900
57205200
57205500
57205700
57205900
57206200
57206500
57206700
57206900
57207200
57207500
57207800
57208000
57208200
57208500
57208800
57209000
57209200
57209500
57209800
57210100
57210300
57210500
57210800
57211100
57211300
57211500
57211800
57212100
57212400
57212600
57212800
57213100
57213400
57213700
57213900
57214100
57214400
57214700
57214900
57215100
57215300
57215600
57215900
57216200
57216400
57216600
57216800
57217100
57217400
57217600
57217800
57218000
57218300
57218600
57218800
57219000
57219200
57219500
57219800
57220000
57220200
57220500
57220800
57221100
57221300
57221500
57221800
57222100
57222300
57222500
57222800
57223100
57223400
57223600
57223800
57224100
57224400
57224600
57224800
57225100
57225400
57225700
57225900
57226100
57226400
57226700
57337300
57337600
57337800
57338000
57338300
57338600
57338900
57339100
57339300
57339600
57339900
57340200
57340400
57340600
57340900
57341200
57341400
57341600
57341900
57342200
57342500
57342700
57342900
57343200
57343500
57343700
57343900
57344100
57344400
57344700
57344900
57345100
57345400
57345700
57346000
57346200
57346400
57346700
57347000
57347300
57347500
57347700
57348000
57348300
57348600
57348800
57349000
57349300
57349600
57349900
57350100
57350300
57350600
57350900
57351100
57351300
57351500
57351800
57352100
57352300
57352500
57352800
57353100
57353300
57353500
57353700
57354000
57354300
57354500
57354700
57355000
57355300
57355600
57355800
57356000
57356300
57356600
57356800
57357000
57357300
57357600
57357900
57358100
57358300
57358600
57358900
57359200
57359400
57359600
57359900
57360200
57360500
57360700
57360900
57361200
57361500
57361800
57362000
57362200
57362500
57477000
57477200
57477500
57477800
57478100
57478300
57478600
57478800
57479000
57479300
57479600
57479900
57480200
57480400
57480600
57480900
57481200
57481500
57481700
57481900
57482200
57482500
57482800
57483000
57483200
57483400
57483700
57484000
57484200
57484400
57484600
57484900
57485200
57485400
57485600
57485900
57486200
57486500
57486700
57486900
57487200
57487500
57487800
57488000
57488200
57488500
57488800
57489100
57489300
57489500
57489800
57490100
57490400
57490600
57490800
57491100
57491400
57491700
57491900
57492100
57492300
57492600
57492900
57493200
57493400
57493600
57493900
57494200
57494500
57494700
57494900
57495100
57495400
57495700
57495900
57496100
57496300
57496600
57496900
57497200
57497400
57497600
57497900
57498200
57498500
57498700
57498900
57499200
57499500
57499800
57500000
57500200
57500500
57500800
57501000
57501200
57501400
57501700
57502000
57502200
57612900
57613100
57613300
57613600
57613900
57614200
57614400
57614600
57614900
57615200
57615500
57615700
57615900
57616200
57616500
57616800
57617000
57617200
57617500
57617800
57618100
57618300
57618500
57618800
57619100
57619400
57619600
57619800
57620100
57620400
57620700
57620900
57621100
57621400
57621700
57622000
57622200
57622400
57622700
57623000
57623300
57623500
57623700
57623900
57624200
57624500
57624800
57625000
57625200
57625500
57625800
57626100
57626300
57626500
57626800
57627100
57627400
57627600
57627800
57628000
57628300
57628600
57628800
57629000
57629200
57629500
57629800
57630000
57630200
57630500
57630800
57631100
57631400
57631800
57632200
57632500
57632800
57633100
57633500
57633800
57634100
57634400
57634700
57635000
57635300
57635600
57636000
57636400
57636800
57637200
57637600
57637900
57638200
57638600
57638900
57639200
57639600
57639900
57640200
57640600
57756500
57756800
57757100
57757400
57757600
57757800
57758000
57758200
57758500
57758800
57759100
57759400
57759600
57759800
57760000
57760300
57760600
57760900
57761200
57761500
57761700
57761900
57762100
57762300
57762600
57762900
57763200
57763500
57763800
57764100
57764300
57764500
57764700
57764900
57765100
57765400
57765700
57766000
57766200
57766400
57766800
57767000
57767300
57767600
57767900
57768200
57768500
57768800
57769000
57769200
57769400
57769600
57769900
57770200
57770500
57770700
57771000
57771300
57771500
57771700
57772000
57772300
57772600
57772900
57773200
57773400
57773600
57773800
57774000
57774300
57774600
57774900
57775100
57775300
57775500
57775700
57776000
57776300
57776500
57776800
57777100
57777400
57777600
57777800
57778000
57778200
57778500
57778800
57779100
57779400
57779700
57780000
57780300
57780500
57780700
57780900
57781100
57781300
57781600
57781900
57896200
57896500
57896700
57896900
57897100
57897400
57897600
57897900
57898200
57898500
57898800
57899100
57899300
57899500
57899800
57900100
57900400
57900700
57900900
57901100
57901400
57901700
57902000
57902200
57902500
57902700
57902900
57903200
57903500
57903700
57904000
57904200
57904400
57904700
57905000
57905300
57905600
57905800
57906000
57906200
57906500
57906800
57907100
57907400
57907700
57907900
57908100
57908300
57908500
57908800
57909100
57909300
57909600
57909800
57910000
57910200
57910500
57910800
57911100
57911400
57911600
57911800
57912100
57912300
57912600
57912900
57913200
57913400
57913600
57913800
57914000
57914300
57914600
57914800
57915100
57915300
57915500
57915800
57916100
57916400
57916600
57916800
57917000
57917300
57917500
57917700
57918000
57918300
57918600
57918900
57919100
57919300
57919500
57919800
57920100
57920400
57920600
57920800
57921000
57921200
58032500
58032800
58033000
58033200
58033500
58033800
58034100
58034400
58034700
58034900
58035100
58035300
58035600
58035900
58036200
58036400
58036600
58036800
58037000
58037300
58037600
58037800
58038000
58038200
58038400
58038700
58039000
58039300
58039600
58039800
58040000
58040300
58040600
58040900
58041200
58041500
58041700
58041900
58042200
58042500
58042800
58043100
58043300
58043500
58043700
58043900
58044200
58044500
58044700
58045000
58045200
58045400
58045700
58046000
58046300
58046600
58046800
58047000
58047300
58047600
58047900
58048200
58048400
58048600
58048800
58049100
58049400
58049600
58049800
58050000
58050200
58050500
58050800
58051100
58051400
58051600
58051800
58052100
58052400
58052700
58053000
58053200
58053400
58053700
58053900
58054200
58054500
58054800
58055000
58055200
58055400
58055600
58055900
58056200
58056500
58056800
58057000
58057200
58057400
58057700
58168800
58169000
58169200
58169500
58169800
58170100
58170400
58170600
58170800
58171000
58171200
58171500
58171800
58172100
58172400
58172600
58172800
58173000
58173200
58173500
58173800
58174100
58174400
58174600
58174800
58175100
58175400
58175700
58176000
58176300
58176500
58176700
58177000
58177300
58177600
58177900
58178100
58178400
58178600
58178800
58179100
58179400
58179700
58180000
58180200
58180400
58180600
58180900
58181200
58181500
58181800
58182000
58182200
58182500
58182700
58183000
58183300
58183600
58183900
58184100
58184300
58184600
58184800
58185100
58185400
58185700
58186000
58186200
58186400
58186700
58187100
58187500
58187900
58188300
58188600
58188900
58189100
58189300
58189500
58189700
58190000
58190300
58190600
58190800
58191000
58191300
58191600
58191800
58192000
58192300
58192600
58192900
58193100
58193300
58193600
58193900
58194100
58194300
58194600
58194900
58308500
58308800
58309100
58309300
58309500
58309800
58310100
58310300
58310500
58310800
58311100
58311400
58311600
58311800
58312100
58312400
58312600
58312800
58313100
58313400
58313700
58313900
58314100
58314400
58314700
58315000
58315200
58315400
58315700
58316000
58316300
58316500
58316700
58317000
58317300
58317500
58317700
58317900
58318200
58318500
58318700
58318900
58319100
58319400
58319700
58319900
58320100
58320300
58320600
58320900
58321100
58321300
58321600
58321900
58322200
58322400
58322600
58322900
58323200
58323400
58323600
58323900
58324200
58324500
58324700
58324900
58325200
58325700
58326000
58326200
58326400
58326700
58327000
58327200
58327400
58327700
58328000
58328300
58328500
58328700
58329000
58329300
58329600
58329800
58330000
58330300
58330600
58330900
58331100
58331300
58331600
58331900
58332200
58332400
58332600
58332900
58333200
58333400
58333600
58333800
58445000
58445300
58445500
58445700
58446000
58446300
58446500
58446700
58446900
58447200
58447500
58447700
58447900
58448100
58448400
58448700
58448900
58449100
58449400
58449700
58450000
58450200
58450400
58450700
58451000
58451300
58451500
58451700
58452000
58452300
58452500
58452700
58453000
58453300
58453600
58453800
58454000
58454300
58454600
58454800
58455000
58455300
58455600
58455900
58456100
58456300
58456600
58456900
58457100
58457300
58457600
58457900
58458100
58458300
58458500
58458800
58459100
58459300
58459500
58459700
58460000
58460300
58460500
58460700
58460900
58461200
58461500
58461700
58461900
58462200
58462500
58462800
58463000
58463200
58463500
58463800
58464100
58464300
58464500
58464800
58465100
58465300
58465500
58465800
58466100
58466400
58466600
58466800
58467100
58467400
58467600
58467800
58468100
58468400
58468600
58468800
58469100
58469400
58469700
58469900
58581900
58582200
58582400
58582600
58582800
58583100
58583400
58583700
58583900
58584100
58584400
58584700
58584900
58585100
58585300
58585600
58585900
58586100
58586300
58586600
58586900
58587200
58587400
58587600
58587900
58588200
58588400
58588600
58588800
58589100
58589400
58589600
58589800
58590000
58590300
58590600
58590800
58591000
58591200
58591500
58591800
58592000
58592200
58592400
58592700
58593000
58593300
58593500
58593700
58594000
58594300
58594600
58594800
58595000
58595300
58595600
58595900
58596100
58596300
58596600
58596900
58597200
58597400
58597600
58597900
58598200
58598500
58598700
58598900
58599200
58599500
58599700
58599900
58600100
58600400
58600700
58600900
58601100
58601400
58601700
58602000
58602200
58602400
58602700
58603000
58603300
58603500
58603700
58604000
58604300
58604600
58604800
58605000
58605300
58605600
58605900
58606100
58606300
58606600
58606900
58721400
58721600
58721800
58722100
58722400
58722700
58722900
58723100
58723400
58723700
58723900
58724100
58724400
58724600
58724800
58725100
58725400
58725600
58725800
58726000
58726300
58726600
58726800
58727000
58727200
58727500
58727800
58728000
58728300
58728500
58728700
58729000
58729300
58729600
58729800
58730000
58730300
58730600
58730800
58731000
58731300
58731600
58731900
58732100
58732300
58732600
58732900
58733100
58733300
58733600
58733900
58734200
58734400
58734600
58734900
58735200
58735400
58735600
58735900
58736200
58736500
58736700
58736900
58737200
58737500
58737800
58738000
58738200
58738500
58738800
58739100
58739300
58739500
58739800
58740100
58740400
58740600
58740800
58741100
58741400
58741600
58741800
58742000
58742300
58742600
58742800
58743000
58743300
58743600
58743900
58744100
58744300
58744600
58744900
58745100
58745300
58745600
58745900
58746200
58746400
58859000
58859300
58859500
58859700
58860000
58860300
58860600
58860800
58861000
58861300
58861600
58861800
58862000
58862300
58862600
58862900
58863100
58863300
58863600
58863900
58864100
58864300
58864600
58864900
58865100
58865300
58865600
58865900
58866100
58866300
58866600
58866900
58867200
58867400
58867600
58867900
58868200
58868400
58868600
58868900
58869200
58869500
58869700
58869900
58870200
58870500
58870700
58870900
58871100
58871400
58871700
58871900
58872100
58872400
58872700
58873000
58873200
58873400
58873700
58874000
58874200
58874400
58874700
58875000
58875200
58875400
58875700
58876000
58876300
58876500
58876700
58877000
58877300
58877500
58877700
58878000
58878300
58878500
58878700
58879000
58879300
58879500
58879900
58880100
58880300
58880600
58880900
58881200
58881400
58881700
58882000
58882200
58882400
58882700
58883000
58883300
58883500
58883700
58884000
58884300
58997600
58997900
58998500
58998800
58999100
58999400
58999700
59000000
59000200
59000400
59000700
59000900
59001100
59001300
59001600
59001900
59002100
59002300
59002600
59002900
59003100
59003300
59003500
59003800
59004100
59004300
59004500
59004800
59005100
59005300
59005500
59005800
59006100
59006300
59006500
59006700
59007000
59007300
59007500
59007700
59008000
59008300
59008500
59008700
59008900
59009200
59009500
59009700
59009900
59010200
59010500
59010800
59011000
59011200
59011500
59011800
59012000
59012200
59012500
59012800
59013100
59013300
59013500
59013800
59014100
59014300
59014500
59014800
59015100
59015300
59015500
59015700
59016000
59016300
59016500
59016700
59017000
59017300
59017500
59017700
59018000
59018300
59018500
59018700
59019000
59019300
59019600
59019800
59020000
59020300
59020600
59020800
59021000
59021300
59021600
59021900
59022100
59022300
59022600
59022900
59135100
59135400
59135700
59135900
59136100
59136400
59136700
59137000
59137200
59137400
59137700
59138000
59138300
59138500
59138700
59139000
59139300
59139500
59139700
59140000
59140300
59140600
59140800
59141000
59141300
59141600
59141900
59142100
59142300
59142600
59142900
59143200
59143500
59143700
59143900
59144200
59144500
59144700
59144900
59145200
59145500
59145800
59146000
59146200
59146500
59146800
59147000
59147200
59147500
59147800
59148000
59148200
59148500
59148800
59149000
59149200
59149500
59149800
59150100
59150300
59150500
59150800
59151100
59151300
59151500
59151800
59152100
59152300
59152500
59152700
59153000
59153300
59153500
59153700
59154000
59154300
59154600
59154800
59155000
59155300
59155600
59155800
59156000
59156500
59156800
59157100
59157400
59157700
59158100
59158500
59158800
59159100
59159400
59159600
59159800
59160100
59160400
59160700
59160900
59161100
59273300
59273500
59273700
59273900
59274200
59274500
59274700
59274900
59275200
59275500
59275800
59276000
59276200
59276500
59276800
59277000
59277200
59277500
59277800
59278100
59278300
59278500
59278800
59279100
59279300
59279500
59279800
59280100
59280300
59280500
59280800
59281100
59281400
59281600
59281800
59282100
59282400
59282600
59282800
59283100
59283400
59283600
59283800
59284000
59284300
59284600
59284800
59285000
59285300
59285600
59285900
59286100
59286300
59286600
59286900
59287100
59287300
59287500
59287800
59288100
59288300
59288500
59288800
59289100
59289400
59289600
59289800
59290100
59290400
59290600
59290800
59291100
59291400
59291700
59291900
59292100
59292400
59292700
59292900
59293100
59293400
59293700
59293900
59294100
59294400
59294700
59294900
59295100
59295300
59295600
59295900
59296100
59296300
59296600
59296900
59297100
59297300
59297600
59297900
59298200
59411000
59411200
59411400
59411600
59411900
59412200
59412500
59412800
59413000
59413200
59413400
59413700
59414000
59414200
59414500
59414700
59414900
59415200
59415500
59415800
59416100
59416300
59416500
59416700
59417000
59417300
59417600
59417900
59418100
59418300
59418500
59418800
59419100
59419400
59419700
59419900
59420100
59420400
59420600
59420900
59421200
59421400
59421600
59421800
59422000
59422300
59422600
59422900
59423100
59423300
59423500
59423800
59424100
59424400
59424700
59424900
59425100
59425400
59425700
59426000
59426200
59426400
59426600
59426800
59427100
59427400
59427700
59427900
59428100
59428400
59428600
59428900
59429200
59429400
59429600
59429800
59430000
59430300
59430600
59430900
59431200
59431400
59431600
59431800
59432100
59432400
59432700
59433000
59433200
59433400
59433600
59433900
59434200
59434500
59434800
59435000
59435200
59435500
59435800
59436100
59552300
59552600
59552900
59553100
59553300
59553500
59553700
59554000
59554300
59554600
59554900
59555100
59555300
59555600
59555900
59556200
59556500
59556700
59556900
59557100
59557400
59557700
59558000
59558300
59558500
59558700
59558900
59559200
59559500
59559700
59559900
59560100
59560300
59560600
59560900
59561200
59561400
59561600
59561800
59562000
59562300
59562600
59562900
59563200
59563400
59563600
59563800
59564100
59564400
59564700
59565000
59565200
59565400
59565700
59565900
59566200
59566500
59566700
59567000
59567200
59567400
59567700
59568000
59568300
59568600
59568800
59569000
59569200
59569500
59569800
59570100
59570400
59570600
59570800
59571000
59571300
59571600
59571800
59572100
59572300
59572500
59572800
59573100
59573400
59573600
59573800
59574000
59574200
59574500
59574800
59575100
59575400
59575600
59575800
59576000
59576300
59576600
59576900
59577200
59577400
59691300
59691500
59691700
59691900
59692100
59692400
59692700
59693000
59693200
59693400
59693600
59693800
59694100
59694400
59694700
59695000
59695200
59695400
59695600
59695900
59696200
59696500
59696800
59697000
59697200
59697500
59697700
59698000
59698300
59698500
59698800
59699000
59699200
59699500
59699800
59700100
59700400
59700600
59700800
59701000
59701300
59701600
59701900
59702200
59702400
59702600
59702800
59703100
59703400
59703600
59703900
59704100
59704300
59704600
59704900
59705200
59705400
59705600
59705800
59706000
59706300
59706600
59706900
59707100
59707300
59707500
59707700
59708000
59708300
59708500
59708800
59709000
59709200
59709500
59709800
59710100
59710400
59710600
59710800
59711000
59711200
59711500
59711800
59712100
59712400
59712600
59712800
59713000
59713300
59713600
59713900
59714200
59714400
59714600
59714800
59715100
59715400
59715700
59716000
59716200
59831400
59831700
59832000
59832200
59832400
59832600
59832800
59833100
59833400
59833600
59833800
59834100
59834400
59834700
59834900
59835100
59835400
59835700
59835900
59836100
59836400
59836700
59836900
59837100
59837400
59837700
59838000
59838200
59838400
59838700
59839000
59839200
59839400
59839700
59840000
59840200
59840400
59840700
59841000
59841300
59841500
59841700
59842000
59842300
59842600
59842800
59843000
59843300
59843600
59843800
59844000
59844300
59844600
59844900
59845100
59845300
59845600
59845900
59846100
59846300
59846600
59846900
59847200
59847400
59847600
59847900
59848200
59848400
59848600
59848900
59849200
59849400
59849600
59849900
59850200
59850500
59850700
59850900
59851200
59851500
59851700
59851900
59852200
59852500
59852700
59852900
59853200
59853500
59853800
59854000
59854200
59854500
59854800
59855000
59855200
59855500
59855800
59856100
59856300
59856500
59971400
59971700
59971900
59972100
59972400
59972700
59972900
59973100
59973300
59973600
59973900
59974100
59974300
59974600
59974900
59975200
59975400
59975600
59975900
59976200
59976500
59976700
59976900
59977200
59977500
59977700
59977900
59978100
59978400
59978700
59978900
59979100
59979400
59979700
59980200
59980400
59980600
59980900
59981200
59981400
59981600
59981900
59982200
59982500
59982700
59982900
59983200
59983500
59983700
59983900
59984200
59984500
59984700
59984900
59985200
59985500
59985800
59986000
59986200
59986500
59986800
59987000
59987200
59987500
59987800
59988100
59988300
59988500
59988800
59989100
59989400
59989600
59989800
59990100
59990400
59990600
59990800
59991000
59991300
59991600
59991800
59992000
59992300
59992600
59992900
59993100
59993300
59993600
59993900
59994100
59994300
59994600
59994900
59995200
59995400
59995600
59995900
59996200
59996400
59996600
60110100
60110400
60110700
60110900
60111100
60111400
60111700
60111900
60112100
60112300
60112800
60113100
60113400
60113600
60113800
60114100
60114400
60114600
60114800
60115100
60115400
60115600
60115800
60116100
60116400
60116600
60116800
60117000
60117300
60117600
60117800
60118000
60118300
60118600
60118800
60119000
60119300
60119600
60119900
60120100
60120300
60120500
60120800
60121100
60121400
60121600
60121800
60122100
60122400
60122600
60122800
60123000
60123300
60123600
60123800
60124000
60124300
60124600
60124800
60125000
60125300
60125600
60125900
60126100
60126300
60126600
60126900
60127100
60127300
60127600
60127900
60128100
60128300
60128600
60128900
60129100
60129300
60129600
60129900
60130100
60130300
60130600
60130900
60131200
60131500
60131700
60131900
60132200
60132500
60132700
60132900
60133200
60133500
60133700
60133900
60134200
60134400
60134700
60134900
60135100
60249700
60250000
60250300
60250600
60250800
60251000
60251300
60251600
60251900
60252100
60252300
60252600
60252900
60253100
60253300
60253600
60253900
60254200
60254400
60254600
60254900
60255200
60255400
60255600
60255900
60256200
60256400
60256600
60256900
60257200
60257500
60257700
60258000
60258300
60258600
60258800
60259000
60259300
60259600
60259900
60260100
60260300
60260600
60260900
60261200
60261400
60261600
60261900
60262200
60262400
60262600
60262800
60263100
60263400
60263600
60263800
60264100
60264400
60264700
60264900
60265100
60265300
60265600
60265900
60266100
60266300
60266600
60266900
60267200
60267400
60267600
60267900
60268200
60268400
60268600
60268900
60269200
60269500
60269700
60269900
60270200
60270500
60270800
60271000
60271200
60271500
60271800
60272000
60272200
60272500
60272800
60273000
60273200
60273500
60273800
60274100
60274300
60274500
60274800
60275100
60391100
60391400
60391600
60391800
60392100
60392400
60392600
60392800
60393000
60393300
60393600
60393800
60394000
60394300
60394600
60394800
60395000
60395200
60395500
60395800
60396100
60396300
60396500
60396700
60397000
60397300
60397500
60397700
60397900
60398200
60398500
60398700
60398900
60399200
60399500
60399800
60400000
60400200
60400500
60400800
60401100
60401400
60401600
60401800
60402100
60402400
60402600
60402800
60403100
60403400
60403700
60403900
60404100
60404400
60404700
60404900
60405100
60405400
60405700
60406000
60406200
60406400
60406600
60406900
60407200
60407400
60407600
60407800
60408100
60408400
60408600
60408800
60409100
60409400
60409700
60409900
60410200
60410400
60410600
60410800
60411100
60411400
60411700
60411900
60412100
60412300
60412600
60412900
60413100
60413300
60413600
60413900
60414200
60414400
60414600
60414900
60415200
60415400
60415600
60415900
60529600
60529900
60530100
60530300
60530600
60530900
60531200
60531400
60531600
60531900
60532200
60532400
60532600
60532800
60533100
60533400
60533600
60533800
60534100
60534400
60534600
60534800
60535100
60535400
60535700
60535900
60536100
60536400
60536700
60536900
60537100
60537400
60537700
60537900
60538100
60538400
60538700
60539000
60539300
60539500
60539700
60540000
60540300
60540500
60540700
60540900
60541200
60541500
60541700
60541900
60542100
60542400
60542700
60542900
60543100
60543300
60543600
60543900
60544100
60544300
60544600
60544900
60545200
60545400
60545600
60545900
60546200
60546400
60546600
60546900
60547200
60547500
60547700
60547900
60548200
60548500
60548700
60548900
60549200
60549500
60549700
60549900
60550100
60550400
60550700
60551000
60551200
60551400
60551700
60552000
60552200
60552400
60552700
60553000
60553300
60553500
60553700
60554000
60554300
60554600
60670800
60671100
60671400
60671700
60671900
60672100
60672300
60672600
60672900
60673200
60673500
60673800
60674000
60674200
60674500
60674800
60675100
60675300
60675500
60675800
60676100
60676400
60676600
60676800
60677100
60677400
60677700
60677900
60678100
60678400
60678700
60679000
60679200
60679400
60679700
60680000
60680200
60680400
60680700
60681000
60681300
60681600
60681800
60682000
60682300
60682600
60682900
60683100
60683300
60683600
60683900
60684100
60684300
60684600
60684900
60685200
60685400
60685600
60685900
60686200
60686400
60686600
60686800
60687000
60687300
60687600
60687800
60688000
60688200
60688500
60688800
60689000
60689200
60689400
60689700
60690000
60690300
60690500
60690700
60691000
60691300
60691600
60691800
60692000
60692200
60692500
60692800
60693100
60693300
60693500
60693700
60694000
60694300
60694600
60694800
60695000
60695300
60695600
60695900
60696100
60813100
60813300
60813600
60813900
60814200
60814400
60814600
60814900
60815200
60815500
60815700
60815900
60816200
60816500
60816800
60817000
60817200
60817500
60817800
60818100
60818300
60818500
60818800
60819100
60819400
60819600
60819800
60820100
60820400
60820700
60820900
60821100
60821400
60821700
60822000
60822200
60822400
60822700
60823000
60823300
60823600
60823800
60824000
60824200
60824500
60824800
60825100
60825300
60825500
60825800
60826100
60826400
60826600
60826800
60827100
60827400
60827600
60827900
60828200
60828500
60828800
60829000
60829200
60829500
60829800
60830100
60830300
60830500
60830800
60831100
60831300
60831500
60831700
60832000
60832300
60832500
60832700
60833000
60833300
60833600
60833900
60834100
60834300
60834500
60834800
60835100
60835400
60835600
60835800
60836100
60836400
60836700
60836900
60837100
60837400
60837700
60838000
60838200
60838400
60838600
60953000
60953200
60953400
60953600
60953800
60954100
60954400
60954700
60954900
60955100
60955400
60955700
60956000
60956200
60956400
60956700
60957000
60957300
60957500
60957700
60958000
60958300
60958600
60958900
60959100
60959300
60959600
60959900
60960200
60960400
60960600
60960900
60961200
60961400
60961600
60961900
60962200
60962500
60962700
60962900
60963200
60963500
60963800
60964000
60964200
60964500
60964800
60965100
60965300
60965500
60965800
60966100
60966400
60966600
60966800
60967100
60967400
60967700
60967900
60968100
60968300
60968600
60968900
60969200
60969500
60969700
60969900
60970200
60970500
60970800
60971100
60971300
60971500
60971800
60972100
60972400
60972600
60972800
60973000
60973300
60973600
60973800
60974000
60974200
60974400
60974700
60975000
60975300
60975500
60975700
60976000
60976300
60976600
60976800
60977000
60977300
60977600
60977800
60978000
60978200
61093000
61093300
61093600
61093900
61094100
61094300
61094600
61094900
61095100
61095300
61095600
61095900
61096200
61096400
61096600
61096800
61097100
61097400
61097600
61097800
61098100
61098400
61098600
61098800
61099100
61099400
61099700
61099900
61100100
61100400
61100700
61100900
61101100
61101400
61101700
61102000
61102300
61102500
61102700
61103000
61103300
61103600
61103800
61104000
61104300
61104600
61104900
61105100
61105300
61105600
61105900
61106200
61106400
61106600
61106900
61107200
61107500
61107700
61107900
61108200
61108500
61108800
61109000
61109200
61109500
61109800
61110000
61110200
61110500
61110800
61111000
61111200
61111500
61111800
61112000
61112200
61112400
61112600
61112900
61113200
61113400
61113600
61113900
61114200
61114500
61114700
61114900
61115200
61115500
61115800
61116000
61116200
61116500
61116800
61117100
61117300
61117500
61117800
61118100
61118400
61236400
61236600
61236800
61237100
61237400
61237700
61238000
61238300
61238500
61238700
61239000
61239200
61239500
61239800
61240000
61240200
61240400
61240700
61241000
61241200
61241400
61241600
61241900
61242200
61242400
61242600
61242900
61243200
61243500
61243700
61243900
61244200
61244500
61244700
61244900
61245200
61245500
61245800
61246000
61246200
61246500
61246800
61247000
61247200
61247500
61247800
61248100
61248300
61248500
61248800
61249100
61249300
61249600
61249800
61250000
61250300
61250600
61250800
61251000
61251200
61251500
61251800
61252000
61252200
61252400
61252700
61253000
61253200
61253400
61253700
61254000
61254300
61254500
61254700
61255000
61255300
61255600
61255800
61256000
61256300
61256600
61256800
61257000
61257300
61257600
61257900
61258100
61258300
61258600
61258900
61259100
61259300
61259600
61259900
61260200
61260400
61260600
61260900
61261200
61261500
61377100
61377400
61377700
61378000
61378300
61378500
61378700
61379000
61379300
61379600
61379800
61380000
61380300
61380600
61380900
61381100
61381300
61381500
61381800
61382100
61382400
61382600
61382800
61383000
61383300
61383600
61383900
61384100
61384300
61384600
61384900
61385200
61385400
61385600
61385900
61386200
61386500
61386800
61387000
61387200
61387500
61387800
61388100
61388300
61388500
61388800
61389100
61389300
61389500
61389800
61390100
61390400
61390600
61390800
61391100
61391400
61391600
61391800
61392100
61392400
61392600
61392800
61393100
61393400
61393600
61393800
61394100
61394400
61394700
61394900
61395100
61395400
61395700
61395900
61396100
61396400
61396700
61397000
61397200
61397400
61397600
61397900
61398200
61398500
61398700
61398900
61399200
61399500
61399800
61400100
61401100
61401400
61401800
61402100
61402400
61403100
61403500
61403800
61438500
61438900
61572900
61573300
61573600
61574000
61574400
61574800
61575100
61575500
61575700
61576100
61576500
61576900
61577300
61577700
61578000
61578300
61578600
61578900
61579200
61579600
61580000
61580300
61580700
61581100
61581400
61581800
61582200
61582500
61582900
61583300
61583700
61584000
61584300
61584600
61584900
61585200
61585500
61585800
61586100
61586400
61586800
61587100
61587500
61587900
61588300
61588700
61589100
61589500
61589900
61590300
61590600
61591000
61591400
61591800
61592200
61592600
61592900
61593200
61593500
61593700
61594000
61594300
61594600
61594900
61595100
61595300
61595600
61595900
61596200
61596500
61596800
61597000
61597200
61597400
61597700
61598000
61598200
61598400
61598600
61598900
61599200
61599500
61599800
61600100
61600300
61600500
61600800
61601100
61601300
61601500
61601700
61602000
61602200
61602500
61602800
61603000
61603200
61603500
61603800
61604100
61726600
61726900
61727200
61727400
61727600
61727900
61728200
61728500
61728700
61728900
61729200
61729500
61729800
61730000
61730200
61730500
61730800
61731000
61731200
61731400
61731700
61732000
61732200
61732400
61732700
61733000
61733300
61733500
61733700
61734000
61734300
61734500
61734700
61735000
61735300
61735500
61735700
61736000
61736300
61736600
61736900
61737100
61737300
61737600
61737900
61738100
61738300
61738600
61738900
61739200
61739400
61739600
61739900
61740200
61740400
61740600
61740900
61741200
61741500
61741700
61741900
61742200
61742500
61742700
61742900
61743200
61743500
61743800
61744000
61744200
61744500
61744800
61745100
61745300
61745500
61745800
61746100
61746300
61746500
61746800
61747100
61747400
61747600
61747800
61748100
61748400
61748700
61748900
61749100
61749400
61749700
61749900
61750100
61750400
61750700
61751000
61751200
61751400
61751700
61752000
61869000
61869200
61869500
61869800
61870000
61870200
61870500
61870800
61871100
61871300
61871500
61871800
61872100
61872300
61872500
61872800
61873100
61873300
61873500
61873700
61874000
61874300
61874600
61874800
61875000
61875300
61875600
61875800
61876000
61876200
61876500
61876800
61877000
61877200
61877400
61877700
61878000
61878200
61878400
61878700
61879000
61879300
61879500
61879700
61880000
61880300
61880600
61880800
61881000
61881300
61881600
61881800
61882000
61882300
61882600
61882900
61883100
61883300
61883600
61883900
61884100
61884300
61884600
61884900
61885100
61885300
61885600
61885900
61886100
61886300
61886500
61886800
61887100
61887300
61887500
61887800
61888100
61888300
61888500
61888800
61889100
61889400
61889600
61889800
61890100
61890400
61890700
61890900
61891100
61891400
61891700
61891900
61892100
61892300
61892600
61892900
61893100
61893300
61893600
61893900
62010100
62010400
62010700
62011000
62011200
62011400
62011700
62012000
62012300
62012500
62012700
62013000
62013300
62013600
62013800
62014000
62014300
62014600
62014800
62015000
62015200
62015500
62015800
62016000
62016200
62016500
62016800
62017000
62017200
62017500
62017800
62018100
62018300
62018500
62018800
62019100
62019300
62019500
62019800
62020100
62020300
62020500
62020800
62021100
62021400
62021600
62021800
62022100
62022400
62022600
62022800
62023100
62023400
62023700
62023900
62024100
62024400
62024700
62025000
62025200
62025400
62025700
62026000
62026300
62026500
62026700
62027000
62027300
62027500
62027700
62028000
62028300
62028600
62028800
62029000
62029300
62029600
62029800
62030000
62030300
62030600
62030900
62031100
62031300
62031600
62031900
62032100
62032300
62032600
62032900
62033200
62033400
62033600
62033900
62034200
62034400
62034600
62034900
62035200
62035500
62153300
62153600
62153900
62154100
62154300
62154600
62154900
62155100
62155300
62155500
62155800
62156100
62156400
62156700
62156900
62157100
62157300
62157600
62157900
62158100
62158300
62158600
62158900
62159200
62159400
62159600
62159900
62160200
62160500
62160700
62160900
62161200
62161500
62161800
62162000
62162200
62162500
62162800
62163000
62163200
62163500
62163800
62164100
62164300
62164500
62164800
62165100
62165400
62165600
62165800
62166100
62166400
62166600
62166800
62167100
62167400
62167600
62167800
62168000
62168300
62168600
62168800
62169000
62169300
62169600
62169800
62170000
62170200
62170500
62170800
62171000
62171200
62171400
62171700
62172000
62172200
62172500
62172800
62173000
62173200
62173500
62173800
62174000
62174200
62174500
62174800
62175100
62175300
62175500
62175800
62176100
62176300
62176500
62176700
62177000
62177300
62177500
62177700
62178000
62178300
62294100
62294300
62294600
62294800
62295000
62295300
62295600
62295900
62296100
62296300
62296600
62296900
62297200
62297500
62297700
62297900
62298200
62298500
62298800
62299000
62299200
62299500
62299800
62300100
62300300
62300500
62300800
62301100
62301300
62301500
62301800
62302100
62302300
62302500
62302700
62303000
62303300
62303500
62303700
62304000
62304300
62304600
62304800
62305000
62305300
62305600
62305900
62306100
62306300
62306600
62306900
62307100
62307300
62307500
62307800
62308100
62308300
62308500
62308800
62309100
62309400
62309600
62309800
62310100
62310400
62310600
62310800
62311000
62311300
62311600
62311800
62312000
62312300
62312600
62312800
62313200
62313500
62314800
62315300
62315600
62315800
62316000
62316300
62316600
62316900
62317100
62317300
62317600
62317900
62318200
62318500
62318700
62318900
62319200
62319500
62319800
62320000
62320200
62320400
62320700
62437000
62437300
62437500
62437700
62438000
62438300
62438600
62438800
62439000
62439300
62439600
62439900
62440100
62440300
62440800
62441100
62441400
62441600
62441800
62442100
62442400
62442700
62442900
62443100
62443400
62443700
62444000
62444200
62444400
62444700
62445000
62445200
62445400
62445600
62445900
62446200
62446400
62446600
62446900
62447200
62447500
62447700
62447900
62448200
62448500
62448700
62448900
62449200
62449500
62449800
62450000
62450200
62450500
62450800
62451100
62451300
62451500
62451800
62452100
62452300
62452500
62452700
62453000
62453300
62453500
62453700
62453900
62454200
62454500
62454800
62455000
62455200
62455500
62455800
62456100
62456300
62456500
62456800
62457100
62457300
62457500
62457700
62458000
62458300
62458500
62458700
62459000
62459300
62459600
62459800
62460000
62460300
62460600
62460900
62461100
62461300
62461600
62461900
62462100
62462300
62580200
62580500
62580800
62581100
62581300
62581500
62581800
62582100
62582300
62582500
62582700
62583000
62583300
62583500
62583700
62583900
62584100
62584400
62584700
62585000
62585200
62585400
62585700
62586000
62586300
62586500
62586700
62587000
62587300
62587600
62587900
62588100
62588300
62588500
62588800
62589100
62589400
62589600
62589800
62590100
62590400
62590700
62590900
62591100
62591300
62591600
62591900
62592100
62592300
62592500
62592800
62593100
62593300
62593500
62593800
62594100
62594400
62594600
62594800
62595100
62595400
62595700
62595900
62596100
62596400
62596700
62596900
62597100
62597400
62597700
62598000
62598200
62598500
62598700
62598900
62599100
62599400
62599700
62599900
62600100
62600300
62600600
62600900
62601100
62601300
62601500
62601800
62602100
62602400
62602600
62602800
62603100
62603400
62603700
62603900
62604100
62604300
62604600
62604900
62605200
62721000
62721400
62721600
62721800
62722100
62722400
62722700
62722900
62723100
62723300
62723600
62723900
62724200
62724400
62724600
62724900
62725200
62725500
62725700
62725900
62726200
62726500
62726700
62726900
62727100
62727400
62727700
62727900
62728100
62728400
62728700
62729000
62729200
62729400
62729700
62730000
62730200
62730400
62730600
62730900
62731200
62731400
62731600
62731800
62732100
62732400
62732600
62732800
62733000
62733300
62733600
62733800
62734000
62734200
62734500
62734800
62735000
62735200
62735400
62735700
62736000
62736300
62736500
62736700
62737000
62737300
62737600
62737800
62738000
62738200
62738500
62738800
62739000
62739200
62739400
62739700
62740000
62740200
62740400
62740600
62740900
62741200
62741400
62741600
62741900
62742200
62742500
62742700
62742900
62743200
62743500
62743800
62744000
62744200
62744500
62744800
62745000
62745200
62745400
62745700
62862300
62862600
62862900
62863200
62863500
62863700
62863900
62864200
62864500
62864800
62865000
62865200
62865500
62865800
62866100
62866300
62866500
62866800
62867100
62867400
62867700
62867900
62868100
62868400
62868700
62869000
62869200
62869400
62869700
62870000
62870300
62870600
62870800
62871000
62871300
62871600
62871800
62872000
62872300
62872600
62872900
62873100
62873300
62873600
62873900
62874200
62874400
62874600
62874900
62875200
62875500
62875700
62875900
62876200
62876500
62876800
62877000
62877200
62877500
62877800
62878100
62878300
62878500
62878800
62879100
62879400
62879600
62879800
62880100
62880400
62880700
62881000
62881200
62881400
62881600
62881900
62882200
62882400
62882600
62882900
62883200
62883500
62883700
62883900
62884200
62884500
62884800
62885000
62885200
62885500
62885800
62886000
62886200
62886500
62886800
62887100
62887300
62887500
62887800
62888100
63007200
63007400
63007600
63007900
63008200
63008500
63008800
63009100
63009300
63009500
63009800
63010100
63010400
63010600
63010800
63011100
63011400
63011700
63011900
63012100
63012400
63012700
63013000
63013200
63013400
63013700
63014000
63014300
63014500
63014700
63015000
63015300
63015500
63015700
63016000
63016300
63016600
63016800
63017000
63017300
63017600
63017800
63018000
63018300
63018600
63018900
63019100
63019300
63019600
63019900
63020200
63020400
63020600
63020900
63021200
63021400
63021600
63021800
63022100
63022400
63022600
63022800
63023100
63023400
63023700
63023900
63024100
63024400
63024700
63025000
63025200
63025400
63025700
63026000
63026200
63026400
63026600
63026900
63027200
63027400
63027600
63027900
63028200
63028500
63028700
63028900
63029200
63029500
63029800
63030000
63030200
63030500
63030800
63031000
63031200
63031500
63031800
63032100
63032300
63032500
63150300
63150600
63150900
63151100
63151300
63151600
63151900
63152200
63152500
63152800
63153000
63153200
63153500
63153800
63154100
63154300
63154500
63154800
63155100
63155300
63155500
63155800
63156100
63156400
63156600
63156800
63157100
63157400
63157600
63157800
63158100
63158400
63158700
63158900
63159100
63159400
63159700
63159900
63160100
63160400
63160700
63161000
63161200
63161400
63161700
63162000
63162300
63162600
63162800
63163000
63163300
63163600
63163900
63164100
63164300
63164600
63164900
63165200
63165400
63165600
63165900
63166200
63166400
63166600
63166900
63167200
63167500
63167700
63167900
63168200
63168500
63168700
63168900
63169200
63169500
63169700
63169900
63170200
63170500
63170800
63171000
63171200
63171500
63171800
63172000
63172200
63172500
63172800
63173100
63173300
63173500
63173800
63174100
63174300
63174500
63174700
63175000
63175300
63175500
63175700
63292200
63292500
63292800
63293100
63293300
63293500
63293800
63294100
63294400
63294600
63294800
63295100
63295400
63295700
63295900
63296100
63296400
63296700
63296900
63297100
63297400
63297700
63298000
63298200
63298400
63298600
63298900
63299200
63299400
63299600
63299900
63300200
63300500
63300700
63300900
63301200
63301500
63301700
63301900
63302200
63302500
63302700
63302900
63303200
63303500
63303800
63304000
63304200
63304500
63304800
63305000
63305200
63305400
63305700
63306000
63306300
63306500
63306700
63307000
63307300
63307500
63307700
63307900
63308200
63308500
63308700
63308900
63309200
63309500
63309800
63310000
63310200
63310500
63310800
63311100
63311300
63311500
63311800
63312100
63312300
63312500
63312800
63313100
63313400
63313600
63313800
63314100
63314400
63314600
63314800
63315100
63315400
63315600
63315800
63316100
63316400
63316700
63316900
63317100
63317300
63438200
63438400
63438600
63438900
63439200
63439400
63439600
63439900
63440200
63440500
63440700
63440900
63441200
63441500
63441700
63441900
63442100
63442400
63442700
63442900
63443100
63443400
63443700
63444000
63444200
63444400
63444700
63445000
63445200
63445400
63445600
63445900
63446200
63446400
63446600
63446900
63447200
63447500
63447700
63447900
63448200
63448500
63448700
63448900
63449200
63449500
63449800
63450000
63450200
63450500
63450800
63451000
63451200
63451500
63451800
63452000
63452200
63452500
63452800
63453000
63453200
63453500
63453800
63454100
63454300
63454500
63454800
63455100
63455300
63455500
63455800
63456100
63456400
63456600
63456800
63457100
63457400
63457600
63457800
63458000
63458300
63458600
63458800
63459000
63459300
63459600
63459900
63460100
63460300
63460600
63460900
63461100
63461300
63461500
63461800
63462100
63462300
63462500
63462800
63463100
63580900
63581200
63581500
63581700
63581900
63582200
63582500
63582800
63583000
63583200
63583500
63583800
63584000
63584200
63584400
63584700
63585000
63585300
63585500
63585700
63586000
63586300
63586500
63586700
63587000
63587300
63587600
63587800
63588000
63588300
63588600
63588900
63589100
63589300
63589600
63589900
63590200
63590400
63590600
63590900
63591200
63591400
63591600
63591800
63592100
63592400
63592600
63592800
63593100
63593400
63593700
63593900
63594100
63594400
63594700
63595000
63595200
63595400
63595600
63595900
63596200
63596400
63596600
63596900
63597200
63597500
63597700
63597900
63598200
63598500
63598800
63599000
63599200
63599500
63599800
63600000
63600200
63600500
63600800
63601000
63601200
63601500
63601800
63602100
63602300
63602500
63602800
63603100
63603300
63603500
63603800
63604100
63604400
63604600
63604800
63605100
63605400
63605600
63605800
63606100
63724700
63725000
63725300
63725600
63725800
63726000
63726300
63726600
63726900
63727100
63727300
63727600
63727900
63728200
63728400
63728600
63728900
63729200
63729400
63729600
63729800
63730100
63730400
63730700
63730900
63731100
63731400
63731700
63732000
63732200
63732400
63732700
63733000
63733200
63733400
63733600
63733900
63734200
63734400
63734600
63734900
63735200
63735400
63735600
63735900
63736200
63736500
63736700
63736900
63737200
63737500
63737700
63737900
63738200
63738500
63738800
63739000
63739200
63739500
63739800
63740000
63740200
63740500
63740800
63741100
63741400
63741600
63741800
63742100
63742400
63742700
63742900
63743100
63743400
63743700
63744000
63744200
63744400
63744700
63745000
63745200
63745400
63745600
63745900
63746200
63746400
63746600
63746800
63747100
63747400
63747600
63747800
63748100
63748400
63748700
63748900
63749100
63749400
63749700
63749900
63870000
63870300
63870600
63870800
63871000
63871300
63871600
63871900
63872100
63872300
63872600
63872900
63873100
63873300
63873600
63873900
63874200
63874400
63874600
63874900
63875200
63875400
63875600
63875900
63876200
63876500
63876700
63876900
63877200
63877500
63877800
63878000
63878200
63878500
63878800
63879000
63879200
63879500
63879800
63880100
63880300
63880500
63880800
63881100
63881300
63881500
63881700
63882000
63882300
63882500
63882700
63883000
63883300
63883500
63883700
63884000
63884300
63884600
63884800
63885000
63885300
63885600
63885800
63886000
63886300
63886600
63886800
63887000
63887300
63887600
63887900
63888100
63888300
63888600
63888900
63889100
63889300
63889600
63889900
63890200
63890400
63890600
63890900
63891200
63891500
63891700
63891900
63892200
63892500
63892700
63892900
63893100
63893400
63893700
63893900
63894100
63894400
63894700
63895000
63895200
64014300
64014500
64014800
64015100
64015400
64015600
64015800
64016000
64016300
64016600
64016800
64017000
64017300
64017600
64017900
64018100
64018300
64018600
64018900
64019100
64019300
64019600
64019900
64020100
64020300
64020500
64020800
64021100
64021300
64021500
64021800
64022100
64022300
64022500
64022800
64023100
64023400
64023600
64023800
64024100
64024400
64024600
64024800
64025000
64025300
64025600
64025800
64026000
64026300
64026600
64026900
64027100
64027300
64027600
64027900
64028200
64028400
64028600
64028900
64029200
64029400
64029600
64029900
64030200
64030500
64030700
64030900
64031200
64031500
64031700
64031900
64032200
64032400
64032600
64032900
64033200
64033400
64033600
64033800
64034100
64034400
64034600
64034800
64035100
64035400
64035700
64035900
64036100
64036400
64036700
64036900
64037100
64037300
64037600
64037900
64038100
64038300
64038600
64038900
64039200
64161600
64161900
64162200
64162400
64162600
64162800
64163000
64163300
64163600
64163800
64164000
64164200
64164500
64164800
64165000
64165200
64165400
64165700
64166000
64166200
64166400
64166700
64167000
64167300
64167600
64168000
64168200
64168500
64168700
64168900
64169200
64169500
64169800
64170000
64170200
64170500
64170800
64171100
64171300
64171500
64171800
64172100
64172300
64172500
64172700
64173000
64173300
64173500
64173700
64174000
64174300
64174600
64174800
64175000
64175300
64175600
64175900
64176100
64176300
64176600
64176900
64177100
64177300
64177600
64177900
64178200
64178400
64178600
64178900
64179200
64179500
64179800
64180100
64180300
64180500
64180700
64181000
64181300
64181600
64181900
64182200
64182500
64182700
64182900
64183100
64183300
64183600
64183900
64184200
64184400
64184600
64184800
64185100
64185400
64185600
64185800
64186100
64186400
64186700
64186900
64310600
64310900
64311200
64311400
64311600
64311800
64312000
64312300
64312600
64312900
64313100
64313300
64313600
64313900
64314100
64314300
64314500
64314800
64315100
64315300
64315500
64315800
64316100
64316400
64316600
64316800
64317100
64317400
64317600
64317800
64318100
64318400
64318600
64318800
64319000
64319300
64319600
64319800
64320000
64320300
64320600
64320900
64321100
64321300
64321600
64321900
64322100
64322300
64322500
64322800
64323100
64323300
64323500
64323700
64324000
64324300
64324500
64324700
64325000
64325300
64325600
64325900
64326100
64326300
64326600
64326900
64327100
64327300
64327500
64327800
64328100
64328300
64328500
64328800
64329100
64329400
64329600
64329800
64330100
64330400
64330600
64330800
64331100
64331400
64331600
64331800
64332100
64332400
64332700
64332900
64333100
64333400
64333700
64333900
64334100
64334300
64334600
64334900
64335100
64335300
64453900
64454100
64454400
64454700
64455000
64455200
64455400
64455600
64455900
64456200
64456400
64456600
64456800
64457100
64457400
64457600
64457800
64458100
64458400
64458700
64458900
64459100
64459400
64459700
64460000
64460200
64460400
64460700
64461000
64461200
64461400
64461700
64462000
64462300
64462500
64462700
64463000
64463300
64463500
64463700
64464000
64464300
64464600
64464800
64465000
64465300
64465600
64465800
64466000
64466300
64466600
64466800
64467000
64467300
64467600
64467900
64468100
64468300
64468600
64468900
64469100
64469300
64469500
64469800
64470100
64470300
64470500
64470800
64471100
64471400
64471600
64471800
64472100
64472400
64472700
64472900
64473100
64473400
64473700
64473900
64474100
64474300
64474600
64474900
64475100
64475300
64475600
64475900
64476100
64476300
64476500
64476800
64477100
64477300
64477500
64477800
64478100
64478300
64478500
64478800
64598500
64598700
64598900
64599100
64599400
64599700
64599900
64600100
64600400
64600700
64600900
64601100
64601300
64601600
64601900
64602200
64602400
64602600
64602900
64603200
64603400
64603600
64603800
64604100
64604400
64604600
64604800
64605100
64605400
64605700
64606000
64606200
64606400
64606700
64607000
64607300
64607500
64607700
64608000
64608300
64608600
64608800
64609000
64609300
64609600
64609800
64610000
64610200
64610500
64610800
64611100
64611300
64611500
64611800
64612100
64612300
64612500
64612800
64613100
64613400
64613600
64613800
64614100
64614400
64614700
64614900
64615100
64615400
64615700
64615900
64616100
64616400
64616700
64617000
64617200
64617400
64617700
64618000
64618300
64618500
64618700
64618900
64619200
64619500
64619700
64619900
64620100
64620400
64620700
64620900
64621100
64621300
64621600
64621900
64622200
64622400
64622600
64622900
64623200
64623500
64744500
64744700
64744900
64745200
64745500
64745800
64746000
64746200
64746500
64746800
64747000
64747200
64747500
64747800
64748100
64748300
64748500
64748800
64749100
64749300
64749600
64750000
64750400
64750600
64750800
64751000
64751300
64751600
64751800
64752000
64752300
64752600
64752900
64753100
64753300
64753600
64753900
64754100
64754300
64754600
64754900
64755200
64755400
64755600
64755900
64756200
64756400
64756600
64756900
64757200
64757500
64757700
64757900
64758200
64758500
64758700
64758900
64759100
64759400
64759700
64759900
64760100
64760400
64760700
64760900
64761100
64761400
64761700
64761900
64762100
64762400
64762700
64763000
64763200
64763400
64763700
64764000
64764200
64764400
64764700
64765000
64765200
64765400
64765700
64766000
64766200
64766400
64766600
64766900
64767200
64767400
64767600
64767900
64768200
64768400
64768600
64768800
64769100
64769400
64769600
64888600
64888900
64889200
64889500
64889700
64889900
64890200
64890500
64890800
64891000
64891200
64891500
64891800
64892100
64892300
64892500
64892800
64893100
64893400
64893600
64893800
64894100
64894400
64894600
64894800
64895100
64895400
64895700
64895900
64896100
64896400
64896700
64896900
64897100
64897400
64897700
64897900
64898100
64898400
64898700
64899200
64899400
64899600
64899900
64900200
64900400
64900600
64900900
64901200
64901400
64901600
64901900
64902200
64902500
64902700
64902900
64903200
64903500
64903800
64904000
64904200
64904500
64904800
64905000
64905200
64905400
64905700
64906000
64906200
64906400
64906700
64907000
64907300
64907500
64907700
64908000
64908300
64908500
64908700
64909000
64909300
64909600
64909800
64910000
64910300
64910600
64910800
64911000
64911300
64911600
64911800
64912000
64912300
64912600
64912900
64913100
64913300
64913600
64913900
64914100
65033100
65033400
65033600
65033800
65034100
65034400
65034600
65034800
65035000
65035300
65035600
65035800
65036000
65036300
65036600
65036900
65037100
65037300
65037600
65037900
65038100
65038300
65038600
65038900
65039200
65039400
65039600
65039900
65040200
65040500
65040700
65040900
65041200
65041500
65041700
65041900
65042100
65042400
65042700
65042900
65043100
65043400
65043700
65044000
65044200
65044400
65044700
65045000
65045200
65045400
65045700
65046000
65046200
65046400
65046700
65047000
65047300
65047500
65047700
65048000
65048300
65048500
65048700
65049000
65049300
65049500
65049700
65050000
65050300
65050600
65050800
65051000
65051300
65051600
65051800
65052000
65052200
65052500
65052800
65053000
65053200
65053500
65053800
65054100
65054300
65054500
65054800
65055100
65055300
65055500
65055700
65056000
65056300
65056500
65056700
65057000
65057300
65057600
65057800
65058000
65179600
65179900
65180200
65180500
65180700
65181000
65181200
65181400
65181700
65182000
65182200
65182400
65182700
65183000
65183300
65183500
65183700
65184000
65184300
65184600
65184800
65185000
65185300
65185600
65185900
65186100
65186300
65186600
65186900
65187200
65187400
65187600
65187800
65188100
65188400
65188700
65188900
65189100
65189400
65189700
65190000
65190200
65190400
65190700
65191000
65191300
65191500
65191700
65191900
65192200
65192500
65192800
65193000
65193200
65193500
65193800
65194100
65194300
65194500
65194800
65195100
65195300
65195500
65195700
65196000
65196300
65196600
65196800
65197000
65197300
65197600
65197800
65198000
65198200
65198500
65198800
65199000
65199200
65199500
65199800
65200100
65200400
65200600
65200800
65201100
65201400
65201700
65201900
65202100
65202400
65202700
65203000
65203200
65203400
65203700
65204000
65204300
65204600
65204800
65205000
65324000
65324200
65324400
65324700
65325000
65325200
65325400
65325600
65325900
65326200
65326400
65326600
65326800
65327100
65327400
65327600
65327800
65328100
65328400
65328700
65328900
65329100
65329400
65329700
65329900
65330100
65330400
65330700
65331000
65331200
65331400
65331700
65332000
65332200
65332400
65332700
65333000
65333200
65333400
65333700
65334000
65334300
65334500
65334700
65335000
65335300
65335600
65335800
65336000
65336300
65336600
65336900
65337100
65337300
65337600
65337900
65338100
65338300
65338500
65338800
65339100
65339300
65339500
65339800
65340100
65340400
65340600
65340800
65341100
65341400
65341700
65341900
65342100
65342400
65342700
65342900
65343100
65343400
65343700
65343900
65344100
65344400
65344700
65345000
65345200
65345400
65345700
65346000
65346200
65346400
65346700
65347000
65347200
65347400
65347700
65348000
65348200
65348400
65348600
65348900
65468300
65468600
65468900
65469100
65469300
65469500
65469800
65470100
65470300
65470500
65470800
65471100
65471400
65471600
65471800
65472100
65472400
65472700
65472900
65473100
65473400
65473700
65473900
65474100
65474300
65474600
65474900
65475100
65475300
65475600
65475900
65476200
65476400
65476600
65476900
65477100
65477300
65477500
65477700
65477900
65478100
65478400
65478700
65479000
65479200
65479400
65479700
65480000
65480300
65480500
65480700
65481000
65481300
65481600
65481800
65482000
65482200
65482500
65482800
65483000
65483200
65483500
65483800
65484100
65484300
65484500
65484800
65485100
65485400
65485700
65485900
65486100
65486400
65486700
65486900
65487100
65487400
65487700
65488000
65488200
65488400
65488700
65489000
65489200
65489400
65489700
65490000
65490200
65490400
65490700
65491000
65491300
65491600
65491800
65492000
65492300
65492600
65492800
65493000
65493300
65619100
65619400
65619700
65620000
65620300
65620500
65620700
65620900
65621100
65621400
65621700
65622000
65622300
65622600
65622800
65623000
65623300
65623600
65623900
65624200
65624400
65624600
65624900
65625200
65625500
65625700
65625900
65626200
65626500
65626800
65627000
65627200
65627400
65627700
65628000
65628300
65628500
65628700
65629000
65629300
65629500
65629700
65629900
65630200
65630500
65630700
65630900
65631100
65631400
65631700
65632000
65632200
65632400
65632700
65633000
65633300
65633500
65633700
65634000
65634300
65634600
65634800
65635000
65635300
65635600
65635900
65636200
65636400
65636600
65636900
65637200
65637500
65637700
65637900
65638200
65638500
65638800
65639000
65639200
65639500
65639800
65640100
65640400
65640600
65640800
65641100
65641400
65641700
65641900
65642100
65642400
65642700
65642900
65643100
65643300
65643600
65643900
65644200
65644400
65644600
65764700
65764900
65765100
65765400
65765700
65765900
65766100
65766300
65766600
65766900
65767100
65767300
65767500
65767800
65768100
65768400
65768600
65768800
65769100
65769400
65769700
65769900
65770100
65770400
65770700
65771000
65771200
65771400
65771700
65772000
65772300
65772500
65772700
65772900
65773200
65773500
65773800
65774000
65774200
65774500
65774800
65775100
65775300
65775500
65775800
65776100
65776400
65776600
65776800
65777100
65777400
65777600
65777800
65778000
65778300
65778600
65778800
65779000
65779300
65779600
65779900
65780100
65780300
65780600
65780900
65781200
65781400
65781600
65781900
65782200
65782500
65782700
65782900
65783200
65783500
65783800
65784000
65784200
65784500
65784800
65785100
65785300
65785500
65785700
65786000
65786300
65786600
65786800
65787000
65787300
65787600
65787900
65788100
65788300
65788600
65788900
65789200
65789400
65789600
65789900
65910700
65911000
65911300
65911500
65911700
65912000
65912300
65912600
65912800
65913000
65913200
65913500
65913800
65914100
65914300
65914500
65914800
65915100
65915400
65915600
65915800
65916100
65916400
65916700
65916900
65917100
65917300
65917600
65917900
65918200
65918400
65918600
65918900
65919200
65919500
65919700
65919900
65920100
65920400
65920700
65921000
65921200
65921400
65921600
65921900
65922200
65922500
65922700
65922900
65923100
65923400
65923700
65924000
65924200
65924400
65924700
65925000
65925300
65925500
65925700
65925900
65926200
65926500
65926800
65927000
65927200
65927500
65927800
65928100
65928300
65928500
65928800
65929100
65929400
65929600
65929800
65930100
65930400
65930700
65930900
65931100
65931300
65931600
65931900
65932200
65932400
65932600
65932900
65933200
65933500
65933700
65933900
65934100
65934400
65934700
65935000
65935200
65935400
65935600
65935900
66058500
66058800
66059000
66059200
66059400
66059700
66060000
66060200
66060400
66060600
66060900
66061200
66061500
66061700
66061900
66062200
66062500
66062800
66063000
66063200
66063500
66063800
66064000
66064200
66064400
66064700
66065000
66065200
66065400
66065700
66066000
66066200
66066400
66066600
66066900
66067200
66067400
66067600
66067900
66068200
66068400
66068700
66069000
66069200
66069400
66069600
66069900
66070200
66070400
66070600
66070800
66071100
66071400
66071600
66071800
66072000
66072300
66072600
66072900
66073100
66073300
66073600
66073900
66074200
66074400
66074600
66074900
66075200
66075400
66075600
66075800
66076100
66076400
66076600
66076800
66077100
66077400
66077700
66077900
66078100
66078400
66078700
66078900
66079100
66079300
66079600
66079900
66080100
66080300
66080600
66080900
66081200
66081400
66081600
66081900
66082200
66082400
66082600
66082800
66083100
66202900
66203200
66203500
66203800
66204000
66204200
66204400
66204700
66205000
66205200
66205400
66205600
66205900
66206200
66206500
66206700
66206900
66207200
66207500
66207800
66208000
66208200
66208500
66208800
66209000
66209200
66209400
66209700
66210000
66210200
66210400
66210700
66211000
66211200
66211400
66211700
66212000
66212300
66212500
66212700
66213000
66213300
66213500
66213700
66214000
66214300
66214500
66214700
66215000
66215300
66215500
66215700
66216000
66216300
66216600
66216800
66217000
66217300
66217600
66217800
66218000
66218300
66218600
66218900
66219100
66219300
66219600
66219900
66220100
66220300
66220600
66220900
66221200
66221400
66221600
66221900
66222200
66222500
66222700
66222900
66223200
66223500
66223700
66223900
66224200
66224500
66224800
66225000
66225200
66225500
66225800
66226000
66226200
66226500
66226800
66227000
66227200
66227500
66227800
66228100
66348400
66348700
66349000
66349200
66349400
66349700
66350000
66350300
66350500
66350700
66351000
66351300
66351500
66351700
66352000
66352300
66352500
66352700
66353000
66353300
66353600
66353800
66354000
66354300
66354600
66354800
66355000
66355300
66355600
66355800
66356000
66356200
66356500
66356800
66357000
66357200
66357500
66357800
66358100
66358300
66358500
66358800
66359100
66359300
66359500
66359800
66360100
66360400
66360600
66360800
66361100
66361400
66361600
66361800
66362100
66362400
66362600
66362800
66363100
66363400
66363900
66364800
66365300
66365500
66365700
66366000
66366300
66366500
66366800
66367000
66367200
66367500
66367800
66368000
66368200
66368500
66368800
66369100
66369300
66369500
66369800
66370100
66370400
66370700
66370900
66371100
66371400
66371700
66371900
66372100
66372400
66372700
66373000
66373200
66373400
66373600
66373900
66374200
66374500
66374700
66495200
66495500
66495800
66496100
66496300
66496500
66496700
66497000
66497300
66497500
66497700
66498000
66498300
66498600
66498800
66499000
66499300
66499600
66499900
66500100
66500300
66500600
66500900
66501200
66501400
66501600
66501900
66502200
66502400
66502600
66502800
66503100
66503400
66503700
66503900
66504100
66504400
66504700
66505000
66505200
66505400
66505700
66506000
66506300
66506600
66506800
66507000
66507300
66507600
66507900
66508100
66508300
66508600
66508900
66509200
66509400
66509600
66509800
66510100
66510400
66510600
66510800
66511100
66511400
66511700
66511900
66512100
66512400
66512700
66512900
66513100
66513300
66513600
66513900
66514200
66514400
66514600
66514900
66515200
66515400
66515600
66515900
66516200
66516500
66516700
66516900
66517100
66517400
66517700
66517900
66518100
66518400
66518700
66519000
66519200
66519400
66519700
66520000
66520300
66520500
66641600
66641900
66642200
66642400
66642600
66642900
66643200
66643500
66643700
66643900
66644200
66644500
66644800
66645000
66645200
66645500
66645800
66646100
66646300
66646500
66646800
66647100
66647400
66647600
66647800
66648100
66648400
66648600
66648800
66649000
66649300
66649600
66649800
66650000
66650300
66650600
66650900
66651100
66651300
66651600
66651900
66652100
66652300
66652600
66652900
66653200
66653400
66653600
66653900
66654200
66654500
66654700
66654900
66655200
66655500
66655700
66655900
66656100
66656400
66656700
66656900
66657100
66657300
66657600
66657900
66658100
66658300
66658500
66658800
66659100
66659300
66659500
66659700
66660000
66660300
66660500
66660700
66661000
66661300
66661500
66661700
66662000
66662300
66662600
66662800
66663000
66663300
66663600
66663800
66664000
66664300
66664600
66664800
66665000
66665300
66665600
66665900
66666100
66666300
66666600
66787900
66788200
66788500
66788700
66788900
66789200
66789500
66789700
66789900
66790200
66790500
66790800
66791000
66791200
66791500
66791800
66792100
66792400
66792600
66792800
66793100
66793400
66793700
66793900
66794100
66794400
66794700
66795000
66795200
66795400
66795700
66796000
66796300
66796500
66796700
66797000
66797300
66797500
66797700
66798000
66798300
66798600
66798800
66799000
66799300
66799600
66799800
66800100
66800400
66800700
66800900
66801100
66801300
66801600
66801900
66802100
66802300
66802600
66802900
66803200
66803500
66803700
66803900
66804100
66804400
66804700
66804900
66805100
66805400
66805700
66805900
66806100
66806300
66806500
66806800
66807100
66807300
66807500
66807800
66808100
66808300
66808500
66808800
66809100
66809400
66809700
66809900
66810100
66810400
66810700
66810900
66811100
66811400
66811700
66811900
66812100
66812400
66812700
66813000
66813300
66938400
66938700
66939000
66939300
66939600
66939800
66940000
66940200
66940500
66940800
66941100
66941300
66941500
66941800
66942100
66942400
66942600
66942800
66943100
66943400
66943700
66943900
66944100
66944400
66944700
66945000
66945200
66945400
66945700
66946000
66946200
66946400
66946700
66947000
66947200
66947400
66947700
66948000
66948300
66948500
66948700
66949000
66949300
66949500
66949700
66950000
66950300
66950500
66950700
66951000
66951300
66951600
66951800
66952000
66952300
66952600
66952800
66953000
66953200
66953500
66953800
66954000
66954200
66954500
66954800
66955100
66955300
66955500
66955800
66956100
66956400
66956600
66956800
66957100
66957400
66957600
66957800
66958100
66958400
66958700
66958900
66959100
66959400
66959700
66959900
66960100
66960400
66960700
66961000
66961200
66961400
66961700
66962000
66962200
66962400
66962700
66963000
66963200
66963400
66963700
67084800
67085000
67085200
67085500
67085800
67086100
67086300
67086500
67086800
67087100
67087300
67087500
67087800
67088100
67088400
67088600
67088800
67089100
67089400
67089700
67089900
67090100
67090400
67090700
67090900
67091100
67091300
67091600
67091900
67092100
67092300
67092600
67092900
67093200
67093400
67093600
67093900
67094200
67094400
67094600
67094800
67095100
67095400
67095600
67095800
67096100
67096400
67096600
67096800
67097100
67097400
67097700
67098000
67098300
67098500
67098700
67099000
67099300
67099500
67099700
67100000
67100300
67100600
67100800
67101000
67101300
67101600
67101900
67102100
67102300
67102600
67102900
67103100
67103300
67103500
67103800
67104100
67104300
67104500
67104800
67105100
67105400
67105600
67105800
67106100
67106400
67106700
67106900
67107100
67107400
67107700
67107900
67108100
67108300
67108600
67108900
67109100
67109300
67109600
67109900
67233300
67233500
67233800
67234100
67234400
67234600
67234800
67235000
67235300
67235500
67235800
67236100
67236300
67236500
67236800
67237100
67237400
67237600
67237800
67238100
67238400
67238600
67238800
67239100
67239400
67239700
67240000
67240200
67240400
67240700
67241000
67241200
67241400
67241600
67241900
67242200
67242400
67242600
67242800
67243100
67243400
67243600
67243800
67244100
67244400
67244700
67244900
67245100
67245400
67245700
67245900
67246400
67246600
67247200
67247500
67247800
67248100
67248400
67248700
67249200
67249500
67249800
67250000
67250200
67250400
67250700
67251000
67251300
67251500
67251700
67252000
67252300
67252500
67252700
67253000
67253300
67253600
67253800
67254000
67254300
67254600
67254900
67255100
67255300
67255600
67255900
67256100
67256300
67256600
67256900
67257200
67257400
67257600
67257900
67258500
67258800
67259100
67259400
67259700
67260000
67384200
67384500
67384800
67385100
67385400
67385700
67385900
67386100
67386400
67386700
67387000
67387300
67387500
67387700
67388000
67388300
67388600
67388900
67389200
67389400
67389600
67389900
67390200
67390500
67390800
67391000
67391300
67391500
67391700
67392000
67392300
67392600
67392900
67393200
67393400
67393600
67393800
67394100
67394400
67394700
67395000
67395200
67395400
67395600
67395800
67396100
67396400
67396700
67397000
67397300
67397500
67397700
67398000
67398300
67398600
67398900
67399100
67399400
67399600
67399800
67400100
67400400
67400700
67401000
67401300
67401600
67401800
67402000
67402300
67402600
67402900
67403200
67403400
67403600
67403800
67404000
67404300
67404600
67404900
67405200
67405400
67405600
67405900
67406200
67406500
67406800
67407100
67407300
67407500
67407700
67407900
67408100
67408400
67408700
67409000
67409300
67409500
67409700
67410000
67410300
67531700
67531900
67532100
67532300
67532500
67532800
67533100
67533400
67533700
67534000
67534200
67534500
67534700
67534900
67535200
67535400
67535700
67536000
67536300
67536600
67536900
67537100
67537300
67537600
67537800
67538100
67538400
67538700
67539000
67539200
67539400
67539600
67539800
67540100
67540400
67540700
67541000
67541300
67541500
67541800
67542000
67542200
67542500
67542800
67543100
67543400
67543700
67544000
67544300
67544500
67544700
67545000
67545200
67545500
67545800
67546100
67546400
67546700
67546900
67547200
67547400
67547600
67547800
67548100
67548300
67548600
67548900
67549200
67549500
67549700
67549900
67550100
67550300
67550600
67550900
67551200
67551500
67551800
67552000
67552300
67552500
67552700
67553000
67553300
67553600
67553900
67554100
67554400
67554600
67554800
67555100
67555400
67555700
67556000
67556300
67556600
67556900
67557100
67557300
67557600
67679200
67679500
67679800
67680100
67680400
67680700
67680900
67681100
67681300
67681500
67681700
67682000
67682300
67682600
67682900
67683100
67683400
67683600
67683800
67684000
67684200
67684500
67684800
67685100
67685400
67685700
67685900
67686100
67686400
67686600
67686900
67687200
67687500
67687800
67688000
67688200
67688500
67688700
67689000
67689300
67689600
67689900
67690100
67690300
67690600
67690800
67691100
67691400
67691700
67692000
67692200
67692400
67692600
67692800
67693100
67693400
67693700
67694000
67694300
67694500
67694700
67694900
67695100
67695400
67695700
67696000
67696300
67696600
67696900
67697100
67697300
67697500
67697800
67698100
67698400
67698700
67699000
67699300
67699500
67699700
67700000
67700200
67700500
67700800
67701100
67701400
67701600
67701800
67702000
67702200
67702500
67702800
67703100
67703400
67703600
67703800
67704000
67704200
67704500
67704800
67830000
67830200
67830400
67830700
67831000
67831300
67831500
67831700
67832000
67832300
67832600
67832900
67833200
67833400
67833700
67833900
67834100
67834400
67834600
67834900
67835200
67835500
67835800
67836100
67836300
67836500
67836700
67836900
67837200
67837500
67837800
67838100
67838300
67838500
67838700
67838900
67839200
67839500
67839800
67840100
67840400
67840600
67840800
67841000
67841200
67841500
67841800
67842100
67842400
67842600
67842800
67843000
67843300
67843600
67843900
67844200
67844500
67844700
67844900
67845100
67845300
67845600
67845900
67846200
67846500
67846700
67847000
67847200
67847400
67847700
67848000
67848300
67848600
67848900
67849200
67849500
67849700
67849900
67850200
67850400
67850700
67851000
67851300
67851600
67851900
67852100
67852300
67852500
67852700
67853000
67853300
67853600
67853900
67854100
67854400
67854600
67854800
67855100
67855400
67855700
67978600
67978800
67979100
67979300
67979600
67979900
67980200
67980500
67980700
67980900
67981200
67981400
67981700
67982000
67982200
67982500
67982800
67983000
67983200
67983500
67983800
67984100
67984400
67984600
67984800
67985000
67985300
67985600
67985900
67986200
67986500
67986800
67987000
67987200
67987500
67987700
67988000
67988300
67988600
67988900
67989200
67989500
67989700
67989900
67990100
67990400
67990700
67991000
67991200
67991500
67991700
67991900
67992200
67992500
67992700
67993200
67993500
67993900
67994200
67994400
67994600
67994800
67995100
67995400
67995600
67995800
67996100
67996400
67996700
67996900
67997100
67997300
67997600
67997900
67998100
67998300
67998600
67998900
67999200
67999400
67999600
67999800
68000100
68000400
68000600
68000800
68001100
68001400
68001700
68001900
68002100
68002400
68002700
68002900
68003100
68003400
68003700
68004000
68004200
68004400
68126600
68126800
68127000
68127300
68127600
68127800
68128000
68128200
68128500
68128800
68129000
68129200
68129500
68129800
68130100
68130300
68130500
68130800
68131100
68131300
68131500
68131800
68132100
68132400
68132600
68132800
68133100
68133400
68133600
68133800
68134100
68134400
68134700
68134900
68135100
68135400
68135700
68135900
68136100
68136300
68136600
68136900
68137100
68137300
68137600
68137900
68138200
68138400
68138600
68138900
68139200
68139400
68139600
68139900
68140200
68140500
68140800
68141000
68141200
68141400
68141700
68142000
68142200
68142400
68142700
68143000
68143300
68143500
68143700
68144000
68144300
68144600
68144800
68145000
68145200
68145500
68145800
68146000
68146200
68146500
68146800
68147100
68147300
68147600
68147800
68148000
68148300
68148600
68148800
68149000
68149300
68149600
68149900
68150100
68150300
68150600
68150900
68151200
68151400
68151700
68279100
68279300
68279500
68279800
68280100
68280400
68280600
68280800
68281100
68281400
68281600
68281800
68282100
68282400
68282700
68282900
68283100
68283400
68283700
68283900
68284100
68284400
68284700
68285000
68285200
68285400
68285700
68286000
68286200
68286400
68286700
68287000
68287300
68287500
68287700
68288000
68288300
68288500
68288700
68289000
68289300
68289500
68289700
68290000
68290300
68290600
68290800
68291000
68291300
68291600
68291800
68292000
68292300
68292600
68292800
68293000
68293300
68293600
68293800
68294000
68294300
68294600
68294800
68295000
68295300
68295600
68295800
68296000
68296200
68296500
68296800
68297000
68297200
68297500
68297800
68298000
68298200
68298500
68298800
68299100
68299300
68299500
68299800
68300100
68300300
68300500
68300800
68301100
68301400
68301600
68301800
68302100
68302400
68302600
68302800
68303100
68303400
68303600
68303800
68304100
68427300
68427600
68427900
68428100
68428300
68428600
68428900
68429100
68429300
68429600
68429900
68430200
68430400
68430600
68430900
68431200
68431400
68431600
68431900
68432200
68432400
68432600
68432900
68433200
68433500
68433700
68433900
68434200
68434500
68434700
68434900
68435200
68435500
68435800
68436000
68436200
68436500
68436800
68437100
68437300
68437500
68437800
68438100
68438300
68438500
68438700
68439000
68439300
68439500
68439700
68440000
68440300
68440500
68440700
68441000
68441300
68441600
68441800
68442000
68442300
68442600
68442800
68443000
68443300
68443600
68443800
68444000
68444300
68444600
68444900
68445100
68445300
68445600
68445900
68446100
68446300
68446600
68446900
68447100
68447300
68447600
68447900
68448200
68448400
68448600
68448900
68449200
68449400
68449600
68449800
68450100
68450400
68450600
68450800
68451100
68451400
68451700
68451900
68452100
68452400
68575500
68575800
68576100
68576300
68576500
68576800
68577100
68577400
68577600
68577800
68578100
68578400
68578700
68578900
68579100
68579400
68579700
68579900
68580100
68580400
68580700
68580900
68581100
68581300
68581600
68581900
68582100
68582300
68582600
68582900
68583100
68583300
68583600
68583900
68584200
68584400
68584600
68584900
68585200
68585400
68585600
68585900
68586200
68586500
68586700
68586900
68587200
68587500
68587800
68588000
68588200
68588500
68588800
68589000
68589200
68589400
68589700
68590000
68590200
68590400
68590700
68591000
68591300
68591500
68591700
68592000
68592300
68592500
68592700
68593000
68593300
68593500
68593700
68593900
68594200
68594500
68594700
68594900
68595200
68595500
68595700
68595900
68596200
68596500
68596800
68597000
68597200
68597500
68597800
68598000
68598200
68598500
68598800
68599100
68599300
68599500
68599800
68600100
68600300
68600500
68725600
68725900
68726100
68726300
68726500
68726800
68727100
68727300
68727500
68727700
68728000
68728300
68728500
68728700
68729000
68729300
68729600
68729800
68730000
68730300
68730600
68730800
68731000
68731300
68731600
68731900
68732100
68732300
68732600
68732900
68733100
68733300
68733600
68733900
68734100
68734300
68734600
68734900
68735200
68735400
68735600
68735900
68736200
68736400
68736600
68736900
68737200
68737500
68737700
68737900
68738200
68738500
68738700
68738900
68739200
68739500
68739800
68740000
68740200
68740500
68740800
68741100
68741300
68741500
68741800
68742100
68742400
68742600
68742800
68743100
68743400
68743600
68743800
68744000
68744300
68744600
68744800
68745000
68745300
68745600
68745800
68746000
68746300
68746600
68746900
68747100
68747300
68747600
68747900
68748100
68748300
68748600
68748900
68749100
68749300
68749600
68749900
68750200
68750400
68750600
68875100
68875400
68875700
68876000
68876200
68876400
68876600
68876900
68877200
68877500
68877700
68877900
68878200
68878500
68878800
68879000
68879200
68879500
68879800
68880100
68880300
68880500
68880800
68881100
68881400
68881600
68881800
68882100
68882400
68882600
68882800
68883100
68883400
68883700
68883900
68884100
68884400
68884700
68884900
68885100
68885400
68885700
68885900
68886100
68886400
68886700
68887000
68887200
68887400
68887700
68888000
68888200
68888400
68888700
68889000
68889300
68889500
68889700
68890000
68890300
68890500
68890700
68891000
68891300
68891600
68891900
68892100
68892300
68892600
68892900
68893200
68893400
68893600
68893900
68894200
68894500
68894700
68894900
68895200
68895500
68895800
68896000
68896200
68896500
68896800
68897000
68897200
68897500
68897800
68898100
68898300
68898500
68898800
68899100
68899300
68899500
68899800
68900100
68900300
68900500
69024200
69024500
69024700
69024900
69025200
69025500
69025700
69025900
69026200
69026500
69026800
69027000
69027200
69027500
69027800
69028100
69028300
69028500
69028800
69029100
69029300
69029500
69029700
69030000
69030300
69030500
69030700
69031000
69031300
69031600
69031800
69032000
69032300
69032600
69032900
69033100
69033300
69033600
69033900
69034100
69034300
69034600
69034900
69035200
69035400
69035600
69035900
69036200
69036400
69036600
69036900
69037200
69037400
69037600
69037900
69038200
69038500
69038700
69038900
69039200
69039500
69039700
69039900
69040200
69040500
69040800
69041000
69041200
69041500
69041800
69042000
69042200
69042500
69042800
69043100
69043300
69043500
69043800
69044100
69044400
69044600
69044800
69045100
69045400
69045600
69045800
69046100
69046400
69046700
69046900
69047100
69047400
69047700
69047900
69048100
69048300
69048600
69048900
69049100
69049300
69175000
69175300
69175600
69175800
69176000
69176300
69176600
69176800
69177000
69177200
69177500
69177800
69178000
69178200
69178500
69178800
69179100
69179300
69179500
69179800
69180100
69180300
69180500
69180800
69181100
69181400
69181600
69181800
69182100
69182400
69182700
69182900
69183100
69183400
69183700
69183900
69184100
69184300
69184600
69184900
69185100
69185300
69185600
69185900
69186200
69186400
69186600
69186900
69187200
69187400
69187600
69187900
69188200
69188500
69188700
69188900
69189200
69189500
69189700
69189900
69190200
69190500
69190700
69190900
69191200
69191500
69191800
69192000
69192200
69192500
69192800
69193000
69193200
69193500
69193800
69194100
69194300
69194500
69194800
69195100
69195300
69195500
69195700
69196000
69196300
69196500
69196700
69197000
69197300
69197600
69197800
69198000
69198300
69198600
69198900
69199100
69199300
69199600
69199900
69200100
69323700
69323900
69324100
69324400
69324700
69324900
69325100
69325400
69325700
69326000
69326200
69326400
69326700
69327000
69327200
69327400
69327700
69328000
69328300
69328500
69328700
69329000
69329300
69329500
69329700
69330000
69330300
69330600
69330800
69331000
69331300
69331600
69331800
69332000
69332300
69332600
69332900
69333100
69333300
69333600
69333900
69334200
69334400
69334600
69334900
69335200
69335500
69335700
69335900
69336200
69336500
69336700
69336900
69337200
69337500
69337800
69338000
69338200
69338500
69338800
69339000
69339200
69339500
69339800
69340100
69340300
69340500
69340800
69341100
69341300
69341500
69341800
69342100
69342300
69342500
69342800
69343100
69343400
69343600
69343800
69344100
69344400
69344600
69344800
69345100
69345400
69345700
69345900
69346100
69346400
69346700
69347000
69347200
69347400
69347700
69348000
69348200
69348400
69348600
69348900
69472400
69472700
69473000
69473200
69473400
69473700
69474000
69474300
69474500
69474700
69475000
69475300
69475600
69475800
69476000
69476300
69476600
69476800
69477000
69477300
69477600
69477800
69478000
69478200
69478500
69478800
69479000
69479200
69479500
69479800
69480000
69480200
69480500
69480800
69481100
69481300
69481500
69481800
69482100
69482300
69482500
69482800
69483100
69483400
69483600
69483800
69484100
69484400
69484600
69484800
69485100
69485400
69485700
69485900
69486100
69486400
69486700
69487000
69487200
69487400
69487700
69488000
69488200
69488400
69488600
69488900
69489100
69489400
69489700
69490000
69490300
69490600
69490900
69491100
69491300
69491500
69491800
69492100
69492300
69492500
69492700
69493000
69493300
69493500
69493700
69494000
69494300
69494600
69494800
69495000
69495300
69495600
69495900
69496100
69496300
69496600
69496900
69497200
69497400
69497600
69627000
69627200
69627400
69627700
69628000
69628500
69628800
69629900
69630400
69630700
69630900
69631100
69631300
69631600
69631900
69632200
69632500
69632700
69632900
69633200
69633500
69633800
69634000
69634200
69634500
69634700
69634900
69635200
69635500
69635800
69636000
69636200
69636500
69636800
69637100
69637300
69637500
69637800
69638100
69638400
69638600
69638800
69639100
69639400
69639700
69639900
69640100
69640400
69640700
69640900
69641100
69641300
69641600
69641900
69642100
69642300
69642600
69642900
69643100
69643300
69643500
69643800
69644100
69644300
69644500
69644800
69645100
69645400
69645600
69645800
69646100
69646400
69646700
69646900
69647100
69647300
69647600
69647900
69648100
69648300
69648500
69648800
69649100
69649300
69649500
69649700
69650000
69650300
69650500
69650700
69650900
69651200
69651500
69651700
69651900
69652100
69652400
69652700
69652900
69653100
69777400
69777700
69778000
69778300
69778500
69778700
69779000
69779300
69779500
69779700
69780000
69780300
69780600
69780800
69781000
69781300
69781600
69781800
69782000
69782300
69782600
69782900
69783100
69783300
69783600
69783900
69784100
69784300
69784600
69784900
69785200
69785400
69785600
69785900
69786200
69786400
69786600
69786800
69787100
69787400
69787600
69787800
69788100
69788400
69788700
69788900
69789100
69789400
69789700
69790000
69790200
69790400
69790700
69791000
69791200
69791400
69791600
69791900
69792200
69792400
69792600
69792900
69793200
69793400
69793600
69793800
69794100
69794400
69794600
69794800
69795100
69795400
69795600
69795800
69796100
69796400
69796700
69796900
69797100
69797400
69797700
69797900
69798100
69798400
69798700
69799000
69799200
69799400
69799700
69800000
69800300
69800500
69800700
69801000
69801300
69801600
69801800
69802000
69802300
69802600
69927000
69927300
69927500
69927700
69928000
69928300
69928600
69928800
69929000
69929300
69929600
69929900
69930100
69930300
69930600
69930900
69931200
69931400
69931600
69931900
69932200
69932400
69932600
69932900
69933200
69933500
69933700
69933900
69934200
69934500
69934700
69934900
69935100
69935400
69935700
69935900
69936100
69936400
69936700
69937000
69937200
69937400
69937700
69938000
69938300
69938500
69938700
69939000
69939300
69939600
69939800
69940000
69940300
69940600
69940900
69941100
69941300
69941600
69941900
69942200
69942400
69942600
69942900
69943200
69943500
69943700
69943900
69944200
69944500
69944800
69945000
69945200
69945500
69945800
69946000
69946200
69946400
69946700
69947000
69947200
69947400
69947700
69948000
69948300
69948500
69948700
69949000
69949300
69949500
69949700
69949900
69950200
69950500
69950700
69950900
69951200
69951500
69951800
69952000
69952200
70077800
70078100
70078300
70078500
70078700
70079000
70079300
70079500
70079700
70080000
70080300
70080600
70080800
70081000
70081300
70081600
70081900
70082100
70082300
70082600
70082900
70083100
70083300
70083600
70083900
70084200
70084400
70084600
70084900
70085200
70085400
70085600
70085900
70086200
70086400
70086600
70086900
70087200
70087500
70087700
70087900
70088200
70088500
70088700
70088900
70089200
70089500
70089800
70090000
70090200
70090500
70090800
70091100
70091300
70091500
70091700
70092000
70092300
70092600
70092800
70093000
70093300
70093600
70093800
70094000
70094200
70094500
70094800
70095000
70095200
70095500
70095800
70096100
70096300
70096500
70096800
70097100
70097300
70097500
70097800
70098100
70098300
70098500
70098700
70099000
70099300
70099500
70099700
70100000
70100300
70100500
70100700
70101000
70101300
70101600
70101800
70102000
70102300
70102600
70102800
70227700
70227900
70228200
70228500
70228800
70229000
70229200
70229500
70229800
70230100
70230300
70230500
70230800
70231100
70231400
70231600
70231800
70232000
70232300
70232600
70232800
70233000
70233300
70233600
70233900
70234100
70234300
70234600
70234900
70235200
70235400
70235600
70235900
70236200
70236400
70236600
70236800
70237100
70237400
70237600
70237800
70238100
70238400
70238700
70238900
70239100
70239400
70239700
70239900
70240100
70240300
70240600
70240900
70241100
70241300
70241600
70241900
70242200
70242400
70242600
70242900
70243200
70243500
70243800
70244000
70244200
70244500
70244800
70245100
70245300
70245500
70245800
70246100
70246400
70246600
70246800
70247100
70247400
70247700
70248000
70248200
70248400
70248700
70249000
70249200
70249400
70249700
70250000
70250300
70250500
70250700
70251000
70251300
70251500
70251700
70251900
70252200
70252500
70252700
70252900
70377800
70378100
70378400
70378700
70378900
70379100
70379400
70379700
70380000
70380200
70380400
70380700
70381000
70381200
70381400
70381600
70381900
70382200
70382400
70382600
70382900
70383200
70383500
70383700
70383900
70384200
70384500
70384800
70385000
70385200
70385500
70385800
70386000
70386200
70386500
70386800
70387100
70387300
70387500
70387800
70388100
70388300
70388500
70388800
70389100
70389400
70389600
70389800
70390100
70390400
70390600
70390800
70391100
70391400
70391700
70391900
70392100
70392400
70392700
70393000
70393200
70393400
70393700
70394000
70394200
70394400
70394700
70395000
70395300
70395500
70395700
70396000
70396300
70396600
70396800
70397000
70397300
70397600
70397800
70398000
70398200
70398500
70398800
70399000
70399200
70399500
70399800
70400100
70400300
70400500
70400800
70401100
70401400
70401600
70401800
70402100
70402400
70402600
70402800
70403100
70531400
70531700
70532000
70532200
70532400
70532600
70532800
70533100
70533400
70533700
70533900
70534100
70534400
70534700
70534900
70535100
70535300
70535600
70535900
70536100
70536300
70536500
70536800
70537100
70537400
70537600
70537800
70538100
70538400
70538700
70538900
70539100
70539400
70539700
70540000
70540200
70540400
70540600
70540900
70541200
70541400
70541600
70541800
70542100
70542300
70542500
70542800
70543100
70543400
70543600
70543800
70544100
70544400
70544700
70544900
70545100
70545400
70545700
70545900
70546100
70546300
70546600
70546900
70547100
70547300
70547500
70547800
70548100
70548400
70548600
70548800
70549100
70549400
70549700
70549900
70550100
70550400
70550700
70551000
70551200
70551400
70551600
70551900
70552200
70552400
70552600
70552800
70553100
70553400
70553600
70553800
70554000
70554300
70554600
70554900
70555100
70555300
70555600
70555900
70556100
70684500
70684800
70685000
70685200
70685400
70685700
70686000
70686300
70686500
70686700
70687000
70687300
70687500
70687700
70687900
70688200
70688500
70688700
70688900
70689200
70689400
70689700
70690000
70690200
70690400
70690600
70690900
70691200
70691400
70691600
70691900
70692200
70692500
70692700
70692900
70693200
70693500
70693800
70694000
70694200
70694400
70694700
70695000
70695200
70695400
70695700
70696000
70696300
70696500
70696700
70697000
70697300
70697500
70697700
70698000
70698300
70698500
70698700
70699000
70699300
70699500
70699700
70700000
70700300
70700600
70700800
70701000
70701300
70701600
70701800
70702000
70702300
70702600
70702900
70703100
70703300
70703600
70703900
70704200
70704400
70704600
70704900
70705200
70705400
70705600
70705900
70706200
70706500
70706700
70706900
70707200
70707500
70707700
70707900
70708200
70708500
70708800
70709000
70709200
70709500
70835300
70835700
70835900
70836200
70836500
70836700
70836900
70837200
70837500
70837800
70838000
70838200
70838500
70838800
70839000
70839200
70839500
70839800
70840100
70840300
70840500
70840800
70841100
70841300
70841500
70841800
70842100
70842400
70842600
70842800
70843100
70843400
70843700
70843900
70844100
70844400
70844700
70844900
70845100
70845400
70845700
70846000
70846200
70846400
70846700
70847000
70847200
70847400
70847700
70848000
70848300
70848500
70848700
70849000
70849300
70849500
70849700
70850000
70850300
70850600
70850800
70851000
70851300
70851600
70851800
70852000
70852300
70852600
70852800
70853000
70853300
70853600
70853900
70854100
70854300
70854600
70854900
70855200
70855500
70855800
70856000
70856200
70856500
70856800
70857000
70857200
70857500
70857800
70858100
70858300
70858500
70858800
70859100
70859300
70859500
70859800
70860100
70860300
70860500
70860800
70991300
70991600
70991900
70992100
70992300
70992600
70992900
70993200
70993500
70993800
70994100
70994300
70994500
70994800
70995100
70995400
70995600
70995800
70996100
70996400
70996600
70996800
70997000
70997300
70997600
70997800
70998000
70998300
70998600
70998800
70999000
70999200
70999500
70999800
71000000
71000200
71000400
71000700
71001000
71001200
71001400
71001700
71002000
71002300
71002500
71002700
71003000
71003300
71003500
71003700
71004000
71004300
71004600
71004800
71005000
71005300
71005600
71005800
71006000
71006200
71006500
71006800
71007000
71007200
71007500
71007800
71008100
71008300
71008500
71008800
71009100
71009400
71009600
71009800
71010100
71010400
71010600
71010800
71011100
71011400
71011700
71011900
71012100
71012400
71012700
71012900
71013100
71013400
71013700
71013900
71014100
71014400
71014700
71015000
71015200
71015400
71015700
71016000
71016200
71016400
71142000
71142300
71142600
71142800
71143000
71143300
71143600
71143900
71144100
71144300
71144600
71144900
71145200
71145400
71145600
71145800
71146100
71146400
71146600
71146800
71147000
71147300
71147600
71147800
71148000
71148300
71148600
71148900
71149200
71149400
71149600
71149900
71150200
71150400
71150600
71150800
71151100
71151400
71151600
71151800
71152100
71152400
71152700
71152900
71153100
71153400
71153700
71154000
71154200
71154400
71154700
71155000
71155200
71155400
71155700
71156000
71156300
71156600
71156800
71157000
71157300
71157600
71157800
71158000
71158200
71158500
71158800
71159000
71159200
71159400
71159700
71160000
71160300
71160500
71160700
71161000
71161300
71161600
71161800
71162000
71162300
71162600
71162900
71163100
71163300
71163600
71163900
71164200
71164400
71164600
71164900
71165200
71165400
71165600
71165800
71166100
71166400
71166700
71166900
71167100
71294700
71295000
71295300
71295500
71295700
71296000
71296300
71296600
71296900
71297200
71297500
71297700
71297900
71298100
71298300
71298600
71298900
71299200
71299500
71299700
71299900
71300100
71300300
71300600
71300900
71301200
71301500
71301800
71302000
71302200
71302400
71302600
71302900
71303200
71303500
71303800
71304000
71304200
71304400
71304600
71304900
71305200
71305500
71305800
71306000
71306200
71306400
71306700
71307000
71307300
71307600
71307800
71308000
71308300
71308500
71308800
71309100
71309400
71309700
71309900
71310100
71310400
71310600
71310900
71311200
71311500
71311800
71312000
71312200
71312400
71312600
71312900
71313200
71313500
71313800
71314100
71314300
71314500
71314700
71314900
71315200
71315500
71315800
71316100
71316300
71316600
71316800
71317000
71317300
71317600
71317900
71318200
71318400
71318600
71318800
71319000
71319300
71319600
71319900
71320200
71448400
71448700
71449000
71449300
71449600
71449800
71450000
71450200
71450400
71450700
71451000
71451300
71451600
71451800
71452100
71452300
71452500
71452800
71453100
71453400
71453700
71454000
71454200
71454400
71454700
71454900
71455200
71455500
71455800
71456000
71456300
71456500
71456700
71457000
71457300
71457600
71457900
71458100
71458400
71458600
71458800
71459100
71459400
71459700
71460000
71460200
71460500
71460700
71460900
71461200
71461500
71461800
71462100
71462300
71462600
71462800
71463000
71463300
71463600
71463900
71464200
71464400
71464600
71464800
71465000
71465300
71465600
71465900
71466100
71466400
71466600
71466800
71467100
71467400
71467700
71468000
71468300
71468500
71468700
71469000
71469200
71469500
71469800
71470100
71470300
71470500
71470700
71470900
71471200
71471500
71471800
71472100
71472300
71472700
71472900
71473100
71473300
71473600
71473900
71474200
71600100
71600300
71600500
71600800
71601000
71601300
71601600
71601800
71602100
71602300
71602500
71602800
71603000
71603300
71603600
71603900
71604200
71604400
71604600
71604800
71605100
71605300
71605600
71605900
71606200
71606400
71606600
71606800
71607000
71607300
71607600
71607900
71608200
71608400
71608600
71608800
71609000
71609300
71609600
71609900
71610100
71610400
71610600
71610800
71611100
71611400
71611700
71612000
71612200
71612400
71612700
71612900
71613200
71613500
71613800
71614100
71614300
71614500
71614800
71615100
71615400
71615700
71616000
71616200
71616400
71616700
71616900
71617200
71617500
71617800
71618100
71618300
71618500
71618700
71619000
71619300
71619600
71619900
71620100
71620300
71620500
71620700
71620900
71621200
71621500
71621800
71622100
71622300
71622600
71622800
71623000
71623200
71623500
71623800
71624100
71624400
71624600
71624800
71625100
71625300
71751200
71751400
71751600
71751800
71752000
71752300
71752600
71752900
71753200
71753400
71753600
71753800
71754000
71754300
71754600
71754900
71755200
71755400
71755600
71755800
71756000
71756300
71756600
71756900
71757200
71757500
71757700
71757900
71758100
71758300
71758600
71758900
71759200
71759500
71759700
71760000
71760200
71760400
71760700
71761000
71761300
71761600
71761900
71762200
71762500
71762700
71762900
71763200
71763500
71763800
71764100
71764400
71764700
71764900
71765100
71765400
71765700
71766000
71766300
71766600
71766800
71767000
71767200
71767500
71767800
71768100
71768400
71768700
71768900
71769100
71769300
71769600
71769900
71770200
71770500
71770800
71771100
71771300
71771500
71771800
71772000
71772300
71772600
71772900
71773200
71773400
71773600
71773800
71774000
71774300
71774600
71774900
71775200
71775500
71775700
71776000
71776200
71776400
71776700
71777000
71916100
71916300
71916500
71916700
71917000
71917300
71917500
71917700
71917900
71918100
71918400
71918700
71919000
71919200
71919500
71919700
71919900
71920200
71920400
71920700
71921000
71921200
71921400
71921600
71921800
71922100
71922400
71922700
71923000
71923200
71923400
71923700
71924000
71924300
71924600
71924800
71925100
71925300
71925500
71925800
71926100
71926400
71926700
71926900
71927100
71927300
71927600
71927900
71928200
71928500
71928700
71928900
71929200
71929500
71929700
71929900
71930200
71930500
71930800
71931100
71931400
71931700
71931900
71932100
71932400
71932700
71933000
71933300
71933500
71933800
71934000
71934200
71934500
71934800
71935100
71935400
71935600
71935800
71936100
71936300
71936600
71936900
71937100
71937300
71937600
71937900
71938100
71938300
71938600
71938900
71939200
71939400
71939600
71939900
71940100
71940400
71940700
71940900
71941200
71941400
72068200
72068500
72068800
72069100
72069300
72069500
72069800
72070000
72070300
72070600
72070800
72071100
72071300
72071500
72071800
72072100
72072400
72072700
72073000
72073200
72073400
72073600
72073800
72074100
72074400
72074700
72074900
72075100
72075300
72075500
72075800
72076100
72076300
72076600
72076800
72077000
72077300
72077600
72077900
72078200
72078400
72078800
72079800
72080400
72080700
72081000
72081300
72081500
72081700
72081900
72082100
72082300
72082500
72082700
72083000
72083200
72083500
72083800
72084000
72084300
72084500
72084700
72085000
72085300
72085600
72085900
72086100
72086300
72086500
72086700
72087000
72087300
72087600
72087900
72088100
72088300
72088500
72088800
72089100
72089400
72089700
72089900
72090100
72090300
72090500
72090800
72091100
72091400
72091600
72091800
72092000
72092200
72092500
72092800
72093000
72093300
72093500
72093700
72094000
72094300
72220700
72221000
72221200
72221400
72221600
72221900
72222200
72222500
72222800
72223000
72223200
72223400
72223600
72223900
72224200
72224500
72224800
72225000
72225200
72225400
72225600
72225900
72226200
72226500
72226800
72227000
72227200
72227400
72227600
72227900
72228200
72228500
72228800
72229000
72229200
72229500
72229700
72230000
72230300
72230500
72230800
72231000
72231200
72231500
72231800
72232100
72232300
72232500
72232700
72232900
72233200
72233500
72233800
72234100
72234300
72234500
72234700
72235000
72235300
72235600
72235900
72236200
72236400
72236600
72236800
72237100
72237400
72237700
72238000
72238300
72238500
72238700
72238900
72239200
72239500
72239800
72240100
72240400
72240600
72240800
72241000
72241300
72241600
72241900
72242200
72242400
72242600
72243000
72243200
72243400
72243600
72243900
72244200
72244500
72244800
72245000
72245200
72245400
72245600
72245900
72378100
72378300
72378500
72378700
72379000
72379300
72379500
72379800
72380000
72380200
72380500
72380800
72381000
72381200
72381500
72381800
72382100
72382300
72382500
72382800
72383100
72383300
72383500
72383800
72384100
72384300
72384500
72384800
72385100
72385400
72385600
72385800
72386100
72386400
72386600
72386800
72387100
72387400
72387700
72387900
72388100
72388400
72388700
72389000
72389200
72389400
72389700
72390000
72390300
72390500
72390700
72391000
72391300
72391600
72391800
72392000
72392300
72392600
72392800
72393000
72393300
72393600
72393900
72394100
72394300
72394600
72394900
72395100
72395300
72395600
72395900
72396100
72396300
72396600
72396900
72397100
72397300
72397500
72397800
72398100
72398300
72398500
72398700
72399000
72399300
72399500
72399700
72400000
72400300
72400600
72400800
72401000
72401300
72401600
72401800
72402000
72402300
72402600
72402900
72403100
72530600
72530900
72531200
72531400
72531600
72531900
72532200
72532500
72532700
72532900
72533200
72533500
72533800
72534100
72534300
72534500
72534700
72535000
72535300
72535500
72535700
72536000
72536300
72536600
72536800
72537000
72537300
72537600
72537800
72538000
72538300
72538600
72538900
72539100
72539300
72539600
72539900
72540100
72540300
72540500
72540800
72541100
72541300
72541500
72541800
72542100
72542400
72542600
72542800
72543100
72543400
72543700
72543900
72544100
72544400
72544700
72545000
72545200
72545400
72545700
72546000
72546200
72546400
72546700
72547000
72547300
72547500
72547700
72548000
72548300
72548500
72548700
72549000
72549300
72549600
72549800
72550000
72550300
72550600
72550800
72551000
72551300
72551600
72551900
72552100
72552300
72552600
72552900
72553100
72553300
72553600
72553900
72554200
72554400
72554600
72554900
72555200
72555400
72555600
72555800
72683500
72683800
72684100
72684400
72684600
72684800
72685100
72685400
72685700
72685900
72686100
72686400
72686700
72687000
72687200
72687400
72687700
72688000
72688200
72688400
72688700
72689000
72689300
72689500
72689700
72690000
72690300
72690500
72690700
72691000
72691300
72691500
72691700
72692000
72692300
72692600
72692800
72693000
72693300
72693600
72693800
72694000
72694300
72694600
72694900
72695100
72695300
72695600
72695900
72696200
72696400
72696600
72696900
72697200
72697500
72697700
72697900
72698200
72698500
72698700
72698900
72699100
72699400
72699700
72699900
72700100
72700400
72700700
72701000
72701200
72701400
72701700
72702000
72702300
72702500
72702700
72703000
72703300
72703600
72703800
72704000
72704300
72704600
72704800
72705000
72705300
72705600
72705800
72706000
72706300
72706600
72706900
72707100
72707300
72707600
72707900
72708100
72708300
72708500
72708800
72838200
72838400
72838600
72838800
72839100
72839400
72839600
72839800
72840100
72840300
72840600
72840900
72841200
72841400
72841600
72841900
72842200
72842400
72842600
72842900
72843200
72843500
72843700
72843900
72844200
72844500
72844700
72844900
72845200
72845500
72845700
72845900
72846200
72846500
72846800
72847000
72847200
72847500
72847800
72848100
72848300
72848500
72848800
72849100
72849300
72849500
72849800
72850000
72850300
72850600
72850900
72851100
72851300
72851600
72851900
72852200
72852400
72852600
72852900
72853200
72853400
72853600
72853900
72854200
72854500
72854700
72854900
72855200
72855500
72855700
72855900
72856200
72856500
72856800
72857000
72857200
72857500
72857800
72858000
72858200
72858500
72858800
72859000
72859200
72859500
72859800
72860000
72860200
72860500
72860800
72861100
72861300
72861500
72861800
72862100
72862300
72862500
72862700
72863000
72863300
72991900
72992200
72992500
72992700
72992900
72993200
72993500
72993800
72994100
72994300
72994500
72994800
72995100
72995400
72995600
72995800
72996100
72996400
72996700
72996900
72997100
72997400
72997700
72997900
72998100
72998400
72998700
72999000
72999200
72999400
72999700
73000000
73000200
73000400
73000700
73001000
73001200
73001400
73001700
73002000
73002300
73002500
73002700
73003000
73003300
73003500
73003700
73004000
73004300
73004600
73004800
73005000
73005300
73005600
73005900
73006100
73006300
73006600
73006900
73007100
73007300
73007500
73007800
73008100
73008300
73008500
73008800
73009100
73009400
73009600
73009800
73010100
73010400
73010600
73010800
73011100
73011400
73011700
73011900
73012100
73012400
73012700
73012900
73013100
73013400
73013700
73013900
73014100
73014300
73014600
73014900
73015100
73015300
73015600
73015900
73016100
73016300
73016600
73016900
73017200
73144400
73144700
73145000
73145300
73145500
73145700
73146000
73146300
73146600
73146800
73147000
73147300
73147600
73147900
73148100
73148300
73148600
73148900
73149200
73149500
73149700
73149900
73150200
73150500
73150800
73151000
73151200
73151500
73151800
73152000
73152200
73152500
73152800
73153100
73153300
73153500
73153700
73154000
73154300
73154500
73154700
73154900
73155200
73155500
73155700
73155900
73156200
73156500
73156800
73157000
73157200
73157400
73157600
73157900
73158200
73158400
73158600
73158800
73159100
73159400
73159600
73159800
73160000
73160300
73160600
73160800
73161000
73161300
73161600
73161900
73162200
73162400
73162600
73162800
73163100
73163400
73163600
73163800
73164100
73164400
73164700
73164900
73165100
73165400
73165700
73165900
73166100
73166400
73166600
73166900
73167200
73167400
73167600
73167900
73168200
73168500
73168700
73168900
73169200
73169500
73299800
73300100
73300300
73300500
73300700
73301000
73301300
73301500
73301800
73302100
73302400
73302600
73302800
73303100
73303400
73303700
73303900
73304100
73304400
73304700
73304900
73305100
73305300
73305600
73305800
73306100
73306400
73306600
73306800
73307100
73307400
73307700
73308000
73308200
73308400
73308700
73309000
73309200
73309400
73309700
73310000
73310300
73310500
73310700
73311000
73311300
73311600
73311800
73312000
73312300
73312600
73312900
73313200
73313400
73313600
73313900
73314200
73314500
73314700
73314900
73315200
73315500
73315800
73316000
73316200
73316400
73316700
73317000
73317200
73317400
73317700
73318000
73318300
73318500
73318700
73319000
73319300
73319500
73319800
73320000
73320200
73320500
73320800
73321100
73321300
73321500
73321800
73322100
73322300
73322500
73322800
73323100
73323300
73323500
73323800
73324100
73324400
73324600
73324800
73325000
73453600
73453900
73454100
73454300
73454600
73454900
73455200
73455400
73455700
73455900
73456100
73456400
73456700
73457000
73457300
73457500
73457700
73457900
73458200
73458500
73458800
73459100
73459300
73459500
73459800
73460100
73460400
73460700
73460900
73461100
73461400
73461700
73462000
73462300
73462500
73462700
73463000
73463300
73463600
73463900
73464100
73464300
73464600
73464900
73465200
73465500
73465700
73465900
73466200
73466500
73466800
73467100
73467300
73467500
73467700
73468000
73468300
73468600
73468900
73469100
73469300
73469600
73469900
73470200
73470500
73470800
73471000
73471200
73471500
73471800
73472100
73472400
73472600
73472800
73473100
73473400
73473700
73474000
73474200
73474400
73474700
73475000
73475300
73475600
73475800
73476000
73476200
73476500
73476800
73477000
73477200
73477400
73477600
73477900
73478200
73478400
73478600
73478900
73479100
73479400
73607700
73607900
73608100
73608400
73608700
73609000
73609200
73609400
73609700
73609900
73610200
73610500
73610800
73611100
73611300
73611500
73611800
73612100
73612400
73612700
73613000
73613200
73613400
73613700
73614000
73614300
73614600
73614800
73615000
73615300
73615600
73615900
73616200
73616400
73616600
73616900
73617200
73617500
73617800
73618000
73618200
73618500
73618800
73619100
73619400
73619600
73619800
73620100
73620400
73620700
73621000
73621300
73621500
73621700
73622000
73622300
73622600
73622900
73623100
73623300
73623600
73623900
73624200
73624500
73624800
73625000
73625200
73625500
73625800
73626100
73626400
73626700
73626900
73627100
73627400
73627700
73627900
73628100
73628300
73628500
73628800
73629100
73629400
73629600
73629800
73630100
73630400
73630700
73631000
73631200
73631400
73631600
73631900
73632200
73632500
73632700
73632900
73633200
73633500
73633700
73781900
73782300
73782600
73782900
73783300
73783600
73783900
73784200
73784500
73784800
73785100
73785400
73785700
73786000
73786300
73786500
73786800
73787100
73787400
73787700
73788000
73788700
73789000
73789300
73789500
73789800
73790100
73790400
73790700
73791000
73791300
73791600
73791900
73792200
73792500
73792900
73793200
73793500
73793800
73794100
73794400
73794700
73795000
73795400
73795700
73796000
73796300
73796600
73796900
73797200
73797500
73797800
73798100
73798400
73798700
73799000
73799300
73799600
73799900
73800200
73800600
73800900
73801300
73801700
73802100
73802600
73803000
73803300
73803600
73803900
73804200
73804500
73804800
73805000
73805300
73805500
73805800
73806100
73806400
73806700
73807000
73807300
73807600
73807900
73808200
73808500
73808700
73809000
73809300
73809600
73809900
73810200
73810400
73810700
73811000
73811300
73811600
73811900
73812100
73812400
73972200
73972500
73972800
73973100
73973400
73973700
73974000
73974300
73974600
73974800
73975100
73975400
73975700
73976000
73976200
73976400
73976700
73977000
73977300
73977600
73977900
73978100
73978400
73978800
73979100
73979400
73979600
73979900
73980200
73980500
73980800
73981100
73981400
73981700
73982000
73982300
73982600
73982900
73983200
73983500
73983800
73984100
73984400
73984700
73985000
73985300
73985600
73985900
73986200
73986500
73986700
73987000
73987300
73987600
73987900
73988200
73988500
73988800
73989100
73989400
73989700
73990000
73990300
73990600
73990900
73991200
73991500
73991700
73992100
73992500
73992800
73993100
73993500
73993800
73994100
73994300
73994700
73994900
73995200
73995500
73995800
73996200
73996500
73996800
73997100
73997400
73997700
73998000
73998300
73998600
73998900
73999200
73999500
73999700
74000000
74000300
74000600
74000900
74001200
74001500
74144000
74144300
74144600
74144900
74145100
74145300
74145600
74145900
74146200
74146500
74146800
74147000
74147200
74147400
74147600
74147900
74148200
74148400
74148600
74148900
74149200
74149500
74149800
74150000
74150200
74150500
74150800
74151100
74151400
74151600
74151800
74152100
74152400
74152700
74152900
74153100
74153300
74153600
74153900
74154200
74154400
74154600
74154900
74155200
74155500
74155800
74156000
74156200
74156500
74156800
74157100
74157400
74157600
74157800
74158100
74158400
74158700
74159000
74159300
74159500
74159700
74160000
74160300
74160600
74160900
74161100
74161300
74161600
74161900
74162200
74162500
74162700
74162900
74163200
74163500
74163800
74164000
74164200
74164400
74164700
74165000
74165300
74165500
74165700
74166000
74166300
74166600
74166900
74167100
74167300
74167600
74167900
74168200
74168500
74168700
74168900
74169200
74169500
74169800
74170100
74298900
74299200
74299400
74299600
74299800
74300100
74300400
74300600
74300800
74301000
74301300
74301600
74301800
74302000
74302300
74302600
74302900
74303100
74303300
74303600
74303900
74304100
74304300
74304600
74304800
74305100
74305400
74305600
74305800
74306100
74306400
74306700
74306900
74307100
74307400
74307700
74307900
74308100
74308400
74308700
74309000
74309200
74309400
74309700
74310000
74310200
74310400
74310700
74311000
74311300
74311600
74311800
74312000
74312200
74312500
74312800
74313000
74313200
74313400
74313700
74314000
74314200
74314400
74314600
74314900
74315200
74315400
74315600
74315900
74316200
74316500
74316700
74316900
74317200
74317500
74317700
74317900
74318100
74318300
74318600
74318900
74319100
74319300
74319600
74319900
74320100
74320300
74320500
74320800
74321100
74321300
74321500
74321800
74322100
74322400
74322600
74322800
74323000
74323300
74323600
74453300
74453500
74453800
74454100
74454300
74454500
74454700
74455000
74455300
74455600
74455900
74456100
74456300
74456600
74456900
74457200
74457500
74457700
74457900
74458200
74458500
74458800
74459000
74459200
74459400
74459700
74460000
74460300
74460500
74460700
74461000
74461300
74461600
74461900
74462100
74462300
74462600
74462900
74463200
74463500
74463700
74463900
74464200
74464500
74464800
74465100
74465300
74465500
74465800
74466100
74466300
74466600
74466800
74467000
74467300
74467600
74467900
74468100
74468300
74468500
74468700
74469000
74469300
74469500
74469700
74469900
74470100
74470400
74470700
74471000
74471200
74471400
74471700
74472000
74472300
74472600
74472800
74473000
74473300
74473600
74473900
74474200
74474400
74474600
74474900
74475200
74475500
74475800
74476000
74476200
74476500
74476800
74477000
74477300
74477500
74477700
74478000
74478300
74478500
74478700
74609200
74609400
74609600
74609900
74610100
74610400
74610700
74610900
74611100
74611300
74611600
74611900
74612100
74612300
74612500
74612800
74613100
74613400
74613600
74613800
74614100
74614400
74614600
74614800
74615100
74615400
74615700
74615900
74616100
74616400
74616700
74616900
74617100
74617400
74617700
74617900
74618100
74618300
74618600
74618900
74619100
74619300
74619600
74619900
74620100
74620300
74620500
74620800
74621100
74621300
74621500
74621800
74622100
74622400
74622600
74622800
74623100
74623400
74623700
74623900
74624100
74624400
74624700
74625000
74625200
74625400
74625700
74626000
74626200
74626400
74626700
74627000
74627300
74627500
74627700
74628000
74628300
74628500
74628700
74629000
74629300
74629600
74629800
74630000
74630300
74630600
74630800
74631000
74631300
74631600
74631800
74632000
74632200
74632500
74632800
74633000
74633200
74633500
74633800
74634100
74766600
74766800
74767100
74767400
74767700
74767900
74768100
74768400
74768700
74769000
74769200
74769400
74769700
74770000
74770200
74770400
74770600
74770900
74771200
74771400
74771600
74771900
74772200
74772500
74772700
74772900
74773200
74773500
74773700
74773900
74774200
74774500
74774800
74775000
74775200
74775500
74775800
74776100
74776300
74776500
74776800
74777100
74777300
74777500
74777700
74778000
74778300
74778600
74778800
74779000
74779300
74779600
74779900
74780100
74780300
74780600
74780900
74781200
74781400
74781600
74781800
74782000
74782300
74782600
74782900
74783100
74783300
74783600
74783900
74784100
74784300
74784500
74784800
74785100
74785300
74785500
74785800
74786100
74786400
74786600
74786800
74787100
74787400
74787600
74787800
74788100
74788400
74788700
74788900
74789100
74789400
74789700
74790000
74790200
74790400
74790700
74791000
74791300
74791500
74791700
74921600
74921900
74922200
74922500
74922700
74922900
74923200
74923500
74923800
74924000
74924200
74924500
74924800
74925100
74925300
74925500
74925800
74926100
74926300
74926500
74926700
74927000
74927300
74927500
74927700
74927900
74928200
74928500
74928700
74928900
74929200
74929500
74929800
74930000
74930200
74930500
74930800
74931000
74931200
74931400
74931700
74932000
74932200
74932400
74932700
74933000
74933300
74933500
74933700
74934000
74934300
74934600
74934800
74935000
74935300
74935600
74935900
74936100
74936300
74936600
74936900
74937200
74937400
74937600
74937900
74938200
74938500
74938700
74938900
74939200
74939500
74939700
74939900
74940200
74940500
74940800
74941000
74941200
74941500
74941800
74942000
74942200
74942500
74942800
74943100
74943300
74943500
74943800
74944100
74944400
74944600
74944800
74945100
74945400
74945600
74945800
74946000
74946300
74946600
74946900
75076600
75076900
75077200
75077500
75077800
75078000
75078200
75078500
75078800
75079100
75079300
75079500
75079800
75080100
75080300
75080500
75080700
75081000
75081300
75081500
75081700
75082000
75082300
75082600
75082800
75083000
75083300
75083600
75083800
75084000
75084300
75084600
75084900
75085100
75085300
75085600
75085900
75086100
75086300
75086500
75086800
75087100
75087300
75087500
75087800
75088100
75088400
75088600
75088800
75089100
75089400
75089700
75089900
75090100
75090400
75090700
75091000
75091200
75091400
75091700
75092000
75092300
75092600
75092800
75093000
75093300
75093600
75093900
75094100
75094300
75094600
75094900
75095100
75095300
75095600
75095900
75096200
75096400
75096600
75096900
75097200
75097400
75097600
75097900
75098200
75098500
75098700
75098900
75099200
75099500
75099700
75099900
75100100
75100400
75100700
75100900
75101100
75101400
75101700
75102000
75234500
75234800
75235100
75235300
75235500
75235800
75236100
75236400
75236700
75236900
75237100
75237300
75237500
75237800
75238100
75238300
75238500
75238700
75238900
75239100
75239400
75239700
75240000
75240300
75240600
75240900
75241100
75241300
75241500
75241700
75242000
75242300
75242600
75242900
75243300
75243500
75243700
75243900
75244200
75244500
75244700
75245000
75245300
75245500
75245700
75246000
75246300
75246600
75246900
75247100
75247300
75247500
75247700
75248000
75248300
75248600
75248800
75249000
75249300
75249600
75249900
75250100
75250300
75250600
75250900
75251100
75251300
75251500
75251800
75252100
75252300
75252500
75252700
75253000
75253300
75253500
75253700
75253900
75254200
75254500
75254700
75254900
75255100
75255400
75255700
75255900
75256100
75256400
75256700
75257000
75257200
75257400
75257700
75258000
75258300
75258500
75258700
75259000
75259300
75259500
75390900
75391200
75391500
75391700
75391900
75392200
75392500
75392800
75393100
75393300
75393500
75393800
75394100
75394400
75394600
75394800
75395100
75395400
75395700
75396000
75396300
75396500
75396700
75397000
75397300
75397600
75397800
75398100
75398500
75398800
75399200
75399600
75399900
75400300
75400700
75401100
75401400
75401700
75402000
75402200
75402400
75402600
75402900
75403200
75403500
75403700
75403900
75404200
75404500
75404700
75404900
75405200
75405500
75405800
75406000
75406200
75406500
75406800
75407100
75407300
75407500
75407800
75408100
75408300
75408500
75408700
75409000
75409300
75409500
75409700
75410000
75410300
75410600
75410800
75411000
75411300
75411600
75411900
75412100
75412300
75412600
75412900
75413100
75413300
75413500
75413800
75414100
75414300
75414500
75414800
75415100
75415300
75415500
75415800
75416100
75416400
75416600
75416800
75417100
75417400
75549000
75549300
75549600
75549800
75550000
75550200
75550500
75550800
75551100
75551300
75551500
75551800
75552100
75552400
75552600
75552800
75553100
75553400
75553700
75553900
75554100
75554400
75554700
75554900
75555100
75555400
75555700
75556000
75556200
75556400
75556700
75557000
75557200
75557400
75557700
75558000
75558200
75558400
75558700
75559000
75559200
75559500
75559800
75560100
75560300
75560600
75560900
75561200
75561500
75561700
75562000
75562300
75562600
75562900
75563300
75563800
75564100
75564400
75564700
75565000
75565300
75565600
75565900
75566200
75566500
75566800
75567100
75567300
75567600
75567900
75568200
75568500
75568800
75569100
75569400
75569700
75570000
75570300
75570600
75570800
75571100
75571400
75571700
75572000
75572300
75572500
75572800
75573100
75573400
75573700
75573900
75574200
75574500
75574800
75575200
75575500
75575800
75576100
75576400
75576700
75733200
75733600
75733900
75734200
75734600
75734900
75735200
75735400
75735800
75736100
75736400
75736700
75737100
75737400
75737700
75738000
75738400
75738700
75739100
75739500
75739800
75740200
75740500
75740800
75741100
75741400
75741700
75742100
75742400
75742700
75743100
75743400
75743700
75744000
75744400
75744700
75745100
75745400
75745700
75746100
75746500
75746800
75747200
75747600
75748000
75748400
75748800
75749100
75749400
75749700
75750100
75750400
75750800
75751100
75751500
75751900
75752200
75752600
75753000
75753300
75753700
75754000
75754400
75754700
75755000
75755300
75755600
75755900
75756200
75756600
75756900
75757200
75757600
75758000
75758300
75758700
75759100
75759400
75759700
75760100
75760400
75760700
75761100
75761400
75761800
75762100
75762400
75762800
75763100
75763400
75763700
75764000
75764300
75764700
75765100
75765400
75765700
75766100
75766500
75766800
75929000
75929400
75929700
75930100
75930500
75930900
75931300
75931600
75931900
75932300
75932600
75932900
75933300
75933600
75934000
75934300
75934600
75935000
75935400
75935800
75936100
75936500
75936800
75937100
75937400
75937800
75938200
75938500
75938900
75939200
75939500
75939900
75940200
75940500
75940900
75941300
75941700
75942000
75942400
75942700
75943000
75943300
75943600
75944000
75944300
75944600
75944900
75945200
75945500
75945900
75946300
75946600
75947000
75947300
75947600
75948000
75948300
75948600
75949000
75949300
75949600
75949900
75950200
75950500
75950800
75951100
75951500
75951900
75952200
75952600
75953000
75953300
75953600
75953900
75954200
75954600
75954900
75955200
75955500
75955800
75956200
75956600
75957000
75957300
75957600
75958000
75958300
75958700
75959100
75959500
75959800
75960100
75960400
75960800
75961100
75961500
75961800
75962200
75962600
75962900
76126100
76126400
76126800
76127200
76127500
76127900
76128200
76128500
76128800
76129200
76129600
76129900
76130200
76130600
76131000
76131400
76131800
76132100
76132500
76132800
76133200
76133500
76133900
76134300
76134700
76135000
76135400
76135700
76136100
76136500
76136800
76137100
76137500
76137800
76138100
76138400
76138800
76139200
76139600
76140000
76140400
76140800
76141200
76141600
76141900
76142300
76142600
76143000
76143400
76143800
76144100
76144500
76144900
76145200
76145500
76145800
76146100
76146400
76146700
76147000
76147400
76147800
76148100
76148400
76148800
76149100
76149400
76149800
76150200
76150600
76151000
76151300
76151700
76152000
76153100
76153400
76153800
76154200
76154600
76154900
76155300
76155600
76156000
76156300
76156700
76157100
76157500
76157800
76158200
76158600
76158900
76159300
76159600
76159900
76160300
76160600
76160900
76161200
76161600
76162000
76329900
76330200
76330600
76331000
76331400
76331800
76332100
76332500
76332900
76333300
76333600
76333900
76334200
76334600
76334900
76335200
76335600
76335900
76336200
76336600
76337000
76337300
76337600
76338000
76338300
76338700
76339100
76339400
76339800
76340200
76340500
76340900
76341300
76341600
76342000
76342400
76342800
76343100
76343400
76343700
76344000
76344400
76344700
76345100
76345400
76345700
76346100
76346500
76346800
76347200
76347500
76347800
76348200
76348600
76348900
76349300
76349700
76350000
76350400
76350700
76351100
76351400
76351800
76352100
76352500
76352800
76353200
76353600
76354000
76354400
76354800
76355100
76355400
76355700
76356100
76356500
76356800
76357100
76357500
76357800
76358100
76358400
76358700
76359000
76359400
76359700
76360100
76360500
76360900
76361300
76361700
76362100
76362500
76362800
76363200
76363600
76363900
76364300
76364600
76364900
76527500
76527900
76528300
76528700
76529000
76529400
76529700
76530000
76530800
76531200
76531500
76531900
76532300
76532600
76532900
76533300
76533700
76534000
76534300
76534700
76535100
76535500
76535800
76536100
76536500
76536800
76537100
76537400
76537700
76538000
76538300
76538700
76539000
76539300
76539700
76540000
76540300
76540700
76541000
76541300
76541700
76542100
76542400
76542800
76543200
76543500
76543900
76544300
76544700
76545000
76545300
76545700
76546100
76546400
76546800
76547200
76547600
76547900
76548200
76548600
76549000
76549300
76549700
76550100
76550400
76550700
76551100
76551400
76551800
76552200
76552600
76552900
76553200
76553600
76553900
76554200
76554500
76554800
76555200
76555500
76555900
76556200
76556600
76556900
76557200
76557600
76558000
76558300
76558700
76559000
76559300
76559600
76559900
76560200
76560600
76560900
76561200
76561600
76561900
76562300
76695400
76695700
76696000
76696200
76696400
76696600
76696800
76697100
76697400
76697600
76697800
76698000
76698300
76698600
76698800
76699000
76699300
76699600
76699800
76700000
76700300
76700600
76700900
76701100
76701300
76701500
76701800
76702100
76702300
76702500
76702800
76703100
76703400
76703600
76703800
76704100
76704400
76704600
76704800
76705000
76705300
76705600
76705800
76706000
76706300
76706600
76706900
76707100
76707300
76707600
76707900
76708200
76708400
76708600
76708900
76709200
76709400
76709600
76709900
76710200
76710400
76710600
76710900
76711200
76711400
76711600
76711800
76712100
76712400
76712600
76712800
76713100
76713400
76713700
76713900
76714100
76714400
76714700
76714900
76715100
76715400
76715700
76715900
76716100
76716300
76716600
76716900
76717200
76717400
76717600
76717900
76718200
76718400
76718600
76718800
76719100
76719400
76719600
76719800
76720100
76854500
76854700
76855000
76855300
76855500
76855700
76856000
76856300
76856600
76856900
76857100
76857300
76857600
76857900
76858200
76858400
76858600
76858900
76859200
76859500
76859800
76860100
76860300
76860500
76860800
76861100
76861300
76861500
76861800
76862100
76862300
76862500
76862800
76863100
76863300
76863500
76863800
76864100
76864300
76864600
76864900
76865200
76865400
76865600
76865800
76866000
76866300
76866600
76866800
76867000
76867200
76867500
76867800
76868000
76868200
76868500
76868800
76869000
76869300
76869600
76869900
76870100
76870300
76870600
76870900
76871100
76871300
76871600
76871900
76872200
76872400
76872600
76872900
76873200
76873500
76873800
76874000
76874200
76874500
76874800
76875000
76875200
76875500
76875800
76876100
76876300
76876500
76876800
76877100
76877300
76877500
76877800
76878100
76878400
76878600
76878800
76879100
76879400
76879600
76879800
77013300
77013600
77013800
77014000
77014200
77014500
77014800
77015000
77015200
77015500
77015800
77016100
77016300
77016500
77016800
77017100
77017300
77017500
77017800
77018100
77018300
77018500
77018800
77019100
77019400
77019600
77019800
77020100
77020400
77020600
77020800
77021100
77021400
77021700
77021900
77022100
77022400
77022700
77022900
77023100
77023400
77023700
77024000
77024200
77024400
77024700
77025000
77025300
77025500
77025700
77026000
77026300
77026500
77026700
77027000
77027300
77027600
77027800
77028000
77028300
77028600
77028800
77029000
77029300
77029600
77029900
77030100
77030300
77030500
77030800
77031100
77031300
77031500
77031800
77032100
77032300
77032500
77032800
77033100
77033400
77033600
77033800
77034100
77034400
77034600
77034800
77035100
77035400
77035700
77035900
77036100
77036400
77036700
77036900
77037100
77037400
77037700
77038000
77038300
77038600
77170000
77170200
77170500
77170800
77171100
77171300
77171500
77171800
77172100
77172400
77172600
77172800
77173100
77173400
77173700
77173900
77174100
77174300
77174600
77174900
77175100
77175300
77175600
77175900
77176200
77176400
77176600
77176900
77177200
77177500
77177800
77178100
77178300
77178500
77178700
77179000
77179300
77179500
77179700
77180000
77180300
77180600
77180800
77181000
77181200
77181500
77181800
77182100
77182300
77182500
77182800
77183100
77183400
77183600
77183800
77184100
77184300
77184600
77184900
77185100
77185300
77185600
77185900
77186200
77186400
77186600
77186900
77187200
77187400
77187600
77187800
77188100
77188400
77188700
77189000
77189300
77189500
77189700
77190000
77190300
77190500
77190700
77190900
77191200
77191500
77191800
77192000
77192200
77192500
77192800
77193100
77193300
77193500
77193800
77194100
77194400
77194600
77194800
77195100
77195400
77330100
77330300
77330600
77330900
77331100
77331300
77331600
77331900
77332200
77332500
77332700
77332900
77333100
77333400
77333700
77334000
77334200
77334400
77334600
77334900
77335200
77335400
77335600
77335900
77336200
77336500
77336700
77336900
77337100
77337400
77337700
77338000
77338200
77338400
77338700
77339000
77339200
77339400
77339600
77339900
77340200
77340400
77340600
77340800
77341100
77341400
77341700
77341900
77342100
77342400
77342700
77342900
77343100
77343400
77343700
77344000
77344200
77344400
77344600
77344900
77345200
77345400
77345600
77345900
77346200
77346400
77346600
77346900
77347200
77347500
77347700
77347900
77348200
77348500
77348700
77348900
77349100
77349400
77349700
77350000
77350200
77350400
77350700
77351000
77351200
77351400
77351700
77352000
77352300
77352500
77352700
77352900
77353200
77353500
77353800
77354000
77354200
77354500
77354800
77355000
77486600
77486800
77487100
77487300
77487600
77487900
77488100
77488300
77488600
77488900
77489200
77489400
77489600
77489900
77490200
77490400
77490600
77490900
77491200
77491500
77491800
77492000
77492200
77492500
77492800
77493100
77493300
77493500
77493800
77494100
77494400
77494600
77494800
77495000
77495300
77495600
77495900
77496100
77496300
77496600
77496900
77497100
77497300
77497600
77497900
77498200
77498400
77498600
77498900
77499200
77499500
77499700
77499900
77500200
77500500
77500800
77501000
77501200
77501500
77501800
77502000
77502200
77502500
77502800
77503100
77503300
77503500
77503700
77504000
77504300
77504500
77504700
77505000
77505300
77505600
77505800
77506000
77506300
77506600
77506900
77507200
77507400
77507600
77507900
77508200
77508500
77508700
77508900
77509200
77509500
77509800
77510000
77510200
77510500
77510800
77511000
77511200
77511400
77511600
77511900
77643900
77644100
77644300
77644600
77644900
77645100
77645300
77645500
77645800
77646100
77646300
77646500
77646700
77647000
77647300
77647600
77647800
77648000
77648200
77648500
77648800
77649000
77649200
77649400
77649700
77650000
77650300
77650500
77650800
77651100
77651300
77651500
77651700
77652000
77652300
77652500
77652700
77652900
77653200
77653500
77653800
77654000
77654200
77654500
77654800
77655000
77655200
77655400
77655700
77656000
77656200
77656400
77656700
77657000
77657300
77657500
77657700
77658000
77658300
77658500
77658700
77658900
77659200
77659500
77659700
77659900
77660200
77660500
77660800
77661000
77661200
77661500
77661800
77662100
77662300
77662500
77662800
77663100
77663400
77663600
77663800
77664100
77664400
77664700
77664900
77665100
77665300
77665600
77665900
77666100
77666300
77666500
77666800
77667100
77667300
77667500
77667700
77668000
77668300
77668500
77815300
77815600
77815900
77816200
77816400
77816600
77816800
77817000
77817300
77817600
77817900
77818100
77818300
77818600
77818900
77819200
77819400
77819600
77819900
77820200
77820500
77820700
77820900
77821100
77821400
77821700
77821900
77822100
77822400
77822700
77823000
77823200
77823400
77823600
77823900
77824200
77824500
77824700
77824900
77825200
77825500
77825800
77826000
77826200
77826400
77826600
77826900
77827200
77827400
77827600
77827800
77828100
77828400
77828700
77828900
77829100
77829400
77829700
77830000
77830300
77830500
77830700
77830900
77831200
77831500
77831700
77831900
77832100
77832300
77832500
77832800
77833100
77833400
77833700
77833900
77834100
77834400
77834700
77835000
77835200
77835400
77835700
77836000
77836200
77836400
77836600
77836800
77837100
77837400
77837600
77837800
77838000
77838300
77838600
77838900
77839100
77839300
77839500
77839800
77840100
77972100
77972400
77972600
77972800
77973100
77973400
77973700
77973900
77974100
77974300
77974600
77974900
77975200
77975400
77975600
77975800
77976100
77976400
77976700
77976900
77977100
77977400
77977700
77978000
77978200
77978400
77978700
77979000
77979300
77979600
77979800
77980000
77980200
77980500
77980800
77981100
77981300
77981500
77981800
77982100
77982400
77982600
77982800
77983000
77983300
77983600
77983900
77984100
77984300
77984600
77984900
77985200
77985400
77985600
77985800
77986100
77986400
77986600
77986800
77987000
77987300
77987600
77987800
77988000
77988200
77988500
77988800
77989000
77989200
77989400
77989700
77990000
77990200
77990400
77990600
77990900
77991200
77991400
77991600
77991800
77992100
77992400
77992600
77992800
77993000
77993300
77993600
77993900
77994100
77994300
77994600
77994900
77995200
77995400
77995600
77995900
77996200
77996500
77996700
77996900
78129600
78129900
78130200
78130400
78130600
78130900
78131200
78131500
78131700
78131900
78132100
78132400
78132700
78132900
78133100
78133300
78133600
78133900
78134100
78134300
78134500
78134800
78135100
78135400
78135600
78135800
78136100
78136400
78136700
78136900
78137100
78137400
78137700
78138000
78138200
78138400
78138600
78138900
78139200
78139500
78139700
78139900
78140200
78140500
78140800
78141000
78141200
78141400
78141700
78142000
78142300
78142500
78142700
78143000
78143300
78143600
78143800
78144000
78144200
78144500
78144800
78145000
78145200
78145400
78145700
78146000
78146200
78146400
78146700
78147000
78147300
78147500
78147700
78148000
78148300
78148600
78148800
78149000
78149300
78149600
78149900
78150100
78150300
78150500
78150800
78151100
78151300
78151500
78151700
78152000
78152300
78152600
78152800
78153000
78153300
78153600
78153900
78154100
78154300
78154500
78287300
78287600
78287800
78288000
78288300
78288600
78288900
78289100
78289300
78289600
78289900
78290200
78290400
78290600
78290900
78291200
78291500
78291700
78291900
78292200
78292500
78292800
78293000
78293200
78293500
78293800
78294100
78294300
78294500
78294700
78295000
78295200
78295400
78295600
78295900
78296200
78296400
78296600
78296900
78297200
78297500
78297700
78297900
78298200
78298500
78298700
78298900
78299100
78299400
78299700
78299900
78300100
78300400
78300700
78301000
78301200
78301400
78301700
78302000
78302300
78302500
78302700
78303000
78303300
78303500
78303700
78303900
78304200
78304500
78304700
78304900
78305200
78305500
78305800
78306000
78306200
78306500
78306800
78307000
78307200
78307400
78307700
78308000
78308200
78308400
78308700
78309000
78309300
78309500
78309700
78310000
78310300
78310500
78310700
78311000
78311300
78311500
78311700
78312000
78312300
78444900
78445100
78445400
78445700
78445900
78446100
78446300
78446600
78446900
78447100
78447300
78447500
78447800
78448100
78448300
78448500
78448800
78449100
78449400
78449600
78449800
78450100
78450400
78450600
78450800
78451000
78451300
78451600
78451800
78452000
78452300
78452600
78452800
78453000
78453300
78453600
78453900
78454100
78454300
78454600
78454900
78455100
78455300
78455600
78455900
78456100
78456300
78456600
78456900
78457200
78457400
78457600
78457900
78458200
78458400
78458600
78458800
78459100
78459400
78459600
78459800
78460100
78460400
78460700
78460900
78461100
78461400
78461700
78462000
78462200
78462400
78462700
78463000
78463200
78463400
78463700
78464000
78464300
78464500
78464700
78465000
78465300
78465500
78465700
78466000
78466300
78466600
78466800
78467000
78467300
78467600
78467800
78468000
78468300
78468600
78468800
78469000
78469300
78469600
78469900
78602900
78603200
78603500
78603800
78604000
78604200
78604500
78604800
78605100
78605300
78605500
78605800
78606100
78606400
78606600
78606800
78607100
78607400
78607600
78607800
78608100
78608400
78608700
78608900
78609100
78609400
78609700
78609900
78610100
78610400
78610700
78611600
78611900
78612200
78612400
78612600
78612800
78613100
78613400
78613700
78613900
78614100
78614400
78614700
78614900
78615100
78615300
78615600
78615900
78616100
78616300
78616600
78616900
78617200
78617400
78617600
78617900
78618200
78618400
78618600
78618800
78619100
78619400
78619600
78619800
78620100
78620400
78620700
78620900
78621100
78621400
78621700
78621900
78622100
78622400
78622700
78622900
78623100
78623400
78623700
78624000
78624200
78624400
78624700
78625000
78625200
78625400
78625700
78626000
78626200
78626400
78626700
78627000
78627200
78627400
78627600
78627900
78628200
78628400
78628600
78764600
78764800
78765000
78765300
78765600
78765800
78766000
78766300
78766600
78766900
78767100
78767300
78767600
78767900
78768100
78768300
78768600
78768900
78769100
78769300
78769600
78769900
78770100
78770300
78770600
78770900
78771100
78771300
78771600
78771900
78772200
78772400
78772600
78772900
78773200
78773400
78773600
78773900
78774200
78774400
78774600
78774900
78775200
78775500
78775700
78775900
78776200
78776500
78776700
78776900
78777100
78777400
78777700
78777900
78778100
78778400
78778700
78778900
78779100
78779400
78779700
78780000
78780200
78780400
78780700
78781000
78781200
78781400
78781700
78782000
78782200
78782400
78782700
78783000
78783200
78783400
78783700
78784000
78784200
78784400
78784700
78785000
78785200
78785400
78785700
78786000
78786300
78786500
78786700
78787000
78787300
78787500
78787700
78788000
78788300
78788600
78788800
78789000
78789300
78789600
78922700
78923000
78923200
78923400
78923700
78924000
78924200
78924400
78924700
78925000
78925300
78925500
78925700
78926000
78926300
78926500
78926700
78927000
78927300
78927500
78927700
78928000
78928300
78928500
78928700
78928900
78929200
78929500
78929700
78929900
78930200
78930500
78930700
78930900
78931100
78931400
78931700
78931900
78932100
78932400
78932700
78933000
78933200
78933400
78933700
78934000
78934200
78934400
78934600
78934900
78935200
78935400
78935600
78935900
78936200
78936400
78936600
78936900
78937200
78937500
78937700
78937900
78938200
78938500
78938700
78938900
78939200
78939500
78939700
78939900
78940200
78940500
78940700
78940900
78941100
78941400
78941700
78941900
78942100
78942400
78942700
78942900
78943100
78943400
78943700
78944000
78944200
78944400
78944700
78945000
78945200
78945400
78945700
78946000
78946300
78946500
78946700
78947000
78947300
78947600
79081200
79081400
79081700
79082000
79082300
79082500
79082700
79083000
79083300
79083500
79083700
79084000
79084300
79084500
79084700
79085000
79085300
79085600
79085800
79086000
79086300
79086600
79086800
79087000
79087300
79087600
79087900
79088100
79088300
79088600
79088900
79089100
79089300
79089500
79089800
79090100
79090400
79090600
79090800
79091100
79091400
79091700
79091900
79092100
79092400
79092700
79092900
79093100
79093400
79093700
79093900
79094100
79094400
79094700
79095000
79095200
79095400
79095700
79096000
79096200
79096400
79096700
79097000
79097200
79097400
79097700
79098000
79098200
79098400
79098700
79099000
79099300
79099500
79099700
79100000
79100300
79100500
79100700
79101000
79101300
79101600
79101800
79102000
79102300
79102600
79102900
79103100
79103300
79103600
79103900
79104200
79104400
79104600
79104900
79105200
79105500
79105700
79105900
79106200
79106500
79243500
79243700
79243900
79244200
79244500
79244700
79244900
79245200
79245500
79245800
79246000
79246200
79246500
79246800
79247000
79247200
79247500
79247800
79248100
79248300
79248500
79248700
79249000
79249300
79249500
79249700
79250000
79250300
79250600
79250800
79251000
79251300
79251600
79251800
79252000
79252300
79252600
79252900
79253100
79253300
79253600
79253900
79254100
79254300
79254600
79254900
79255100
79255300
79255600
79255900
79256200
79256400
79256600
79256900
79257200
79257400
79257600
79257900
79258200
79258400
79258600
79258900
79259200
79259500
79259700
79259900
79260200
79260500
79260700
79260900
79261200
79261500
79261800
79262000
79262200
79262500
79262800
79263100
79263300
79263500
79263800
79264100
79264300
79264500
79264800
79265100
79265400
79265600
79265800
79266100
79266400
79266600
79266800
79267100
79267400
79267700
79267900
79268100
79268400
79268700
79402600
79402800
79403000
79403200
79403500
79403800
79404000
79404200
79404500
79404800
79405100
79405300
79405500
79405800
79406100
79406400
79406600
79406800
79407100
79407400
79407700
79407900
79408100
79408400
79408700
79408900
79409100
79409300
79409600
79409900
79410100
79410300
79410600
79410900
79411200
79411400
79411600
79411900
79412200
79412400
79412600
79412900
79413200
79413400
79413600
79413900
79414200
79414500
79414700
79414900
79415200
79415500
79415700
79415900
79416100
79416400
79416700
79416900
79417100
79417400
79417700
79418000
79418200
79418400
79418700
79419000
79419300
79419500
79419700
79420000
79420300
79420600
79420800
79421000
79421300
79421600
79421800
79422000
79422200
79422500
79422800
79423000
79423200
79423500
79423800
79424100
79424300
79424500
79424800
79425100
79425300
79425500
79425800
79426400
79427200
79427700
79428000
79428300
79428600
79428800
79562300
79562600
79562800
79563000
79563300
79563600
79563900
79564100
79564300
79564600
79564900
79565200
79565400
79565600
79565900
79566200
79566500
79566700
79566900
79567200
79567500
79567800
79568000
79568200
79568500
79568800
79569100
79569300
79569500
79569800
79570100
79570300
79570500
79570800
79571100
79571400
79571600
79571800
79572100
79572400
79572600
79572800
79573000
79573300
79573600
79573800
79574000
79574200
79574500
79574800
79575000
79575200
79575400
79575700
79576000
79576200
79576400
79576600
79576900
79577200
79577400
79577600
79577800
79578100
79578400
79578600
79578800
79579000
79579300
79579600
79579800
79580000
79580200
79580500
79580800
79581000
79581200
79581400
79581700
79582000
79582200
79582400
79582700
79583000
79583300
79583500
79583700
79584000
79584300
79584500
79584700
79585000
79585300
79585600
79585800
79586000
79586300
79586600
79586900
79587100
79724700
79725000
79725200
79725400
79725600
79725900
79726200
79726400
79726600
79726900
79727200
79727500
79727700
79727900
79728200
79728500
79728700
79728900
79729100
79729400
79729700
79729900
79730100
79730400
79730700
79731000
79731200
79731400
79731700
79732000
79732200
79732400
79732600
79732900
79733200
79733400
79733600
79733900
79734200
79734500
79734800
79735100
79735400
79735600
79735800
79736100
79736400
79736700
79736900
79737100
79737300
79737600
79737900
79738100
79738300
79738600
79738900
79739100
79739300
79739500
79739800
79740100
79740300
79740500
79740800
79741100
79741300
79741500
79741800
79742100
79742400
79742600
79742800
79743100
79743400
79743700
79743900
79744100
79744400
79744700
79744900
79745100
79745400
79745700
79746000
79746200
79746400
79746700
79747000
79747200
79747400
79747600
79747900
79748200
79748400
79748600
79748900
79749200
79749400
79749600
79884900
79885200
79885500
79885700
79885900
79886200
79886500
79886800
79887000
79887200
79887500
79887800
79888100
79888300
79888500
79888800
79889100
79889400
79889700
79889900
79890100
79890400
79890700
79890900
79891100
79891300
79891600
79891900
79892100
79892300
79892600
79892900
79893200
79893400
79893600
79893900
79894200
79894400
79894600
79894900
79895200
79895400
79895600
79895900
79896200
79896500
79896700
79896900
79897200
79897500
79897700
79897900
79898100
79898400
79898700
79898900
79899100
79899400
79899700
79900000
79900200
79900400
79900700
79901000
79901300
79901500
79901700
79901900
79902200
79902500
79902700
79902900
79903100
79903400
79903700
79903900
79904100
79904400
79904700
79905000
79905200
79905400
79905600
79905900
79906200
79906400
79906600
79906800
79907100
79907400
79907600
79907800
79908100
79908400
79908600
79908800
79909100
79909400
79909700
79909900
80045000
80045300
80045600
80045800
80046000
80046200
80046500
80046800
80047100
80047300
80047500
80047800
80048100
80048400
80048600
80048800
80049100
80049400
80049700
80050000
80050200
80050400
80050700
80051000
80051200
80051400
80051600
80051900
80052200
80052400
80052600
80052900
80053200
80053500
80053700
80053900
80054200
80054500
80054700
80054900
80055200
80055500
80055800
80056000
80056200
80056500
80056800
80057100
80057300
80057500
80057800
80058100
80058400
80058600
80058800
80059100
80059400
80059700
80059900
80060100
80060400
80060700
80061000
80061200
80061400
80061700
80062000
80062300
80062500
80062700
80063000
80063300
80063600
80063800
80064000
80064300
80064600
80064800
80065000
80065200
80065500
80065800
80066000
80066200
80066500
80066800
80067100
80067300
80067500
80067800
80068100
80068300
80068500
80068800
80069100
80069400
80069600
80069800
80070100
80070400
80207600
80207900
80208100
80208300
80208600
80208900
80209200
80209400
80209600
80209900
80210200
80210400
80210600
80210900
80211200
80211500
80211700
80211900
80212200
80212500
80212700
80212900
80213200
80213500
80213800
80214000
80214200
80214500
80214800
80215000
80215200
80215500
80215800
80216100
80216300
80216500
80216800
80217100
80217300
80217500
80217700
80218000
80218300
80218500
80218700
80219000
80219300
80219600
80219800
80220000
80220300
80220600
80220900
80221100
80221300
80221600
80221900
80222200
80222400
80222600
80222900
80223200
80223400
80223600
80223900
80224200
80224500
80224700
80224900
80225200
80225500
80225700
80225900
80226200
80226500
80226800
80227000
80227200
80227500
80227800
80228000
80228200
80228500
80228800
80229100
80229300
80229500
80229800
80230100
80230300
80230500
80230800
80231100
80231400
80231600
80231800
80232100
80232400
80232700
80232900
80369900
80370200
80370500
80370700
80370900
80371200
80371500
80371800
80372100
80372300
80372500
80372800
80373100
80373400
80373600
80373800
80374100
80374400
80374700
80374900
80375100
80375400
80375700
80376000
80376200
80376400
80376600
80376900
80377200
80377500
80377700
80377900
80378100
80378400
80378700
80379000
80379200
80379400
80379700
80380000
80380300
80380500
80380700
80380900
80381200
80381500
80381800
80382000
80382200
80382500
80382800
80383000
80383200
80383400
80383700
80384000
80384200
80384400
80384700
80385000
80385300
80385500
80385700
80386000
80386300
80386600
80386800
80387000
80387300
80387600
80387800
80388000
80388200
80388500
80388800
80389000
80389200
80389400
80389700
80390000
80390200
80390400
80390600
80390900
80391200
80391400
80391600
80391800
80392100
80392400
80392700
80392900
80393100
80393400
80393700
80394000
80394200
80394400
80394700
80395000
80530000
80530300
80530600
80530800
80531000
80531200
80531500
80531800
80532000
80532200
80532400
80532700
80533000
80533200
80533400
80533700
80534000
80534300
80534500
80534700
80535000
80535300
80535600
80535800
80536000
80536200
80536500
80536800
80537000
80537200
80537400
80537700
80538000
80538200
80538400
80538600
80538900
80539200
80539400
80539600
80539900
80540200
80540500
80540800
80541000
80541200
80541500
80541800
80542100
80542300
80542500
80542800
80543100
80543300
80543500
80543700
80544000
80544300
80544600
80544800
80545000
80545300
80545600
80545900
80546100
80546300
80546600
80546900
80547200
80547400
80547600
80547900
80548200
80548500
80548700
80548900
80549200
80549500
80549800
80550000
80550200
80550500
80550800
80551100
80551300
80551500
80551800
80552100
80552400
80552600
80552800
80553100
80553400
80553700
80553900
80554100
80554400
80554700
80554900
80555100
80692300
80692600
80692900
80693200
80693400
80693600
80693900
80694200
80694500
80694700
80694900
80695100
80695400
80695700
80696000
80696200
80696400
80696700
80697000
80697300
80697500
80697700
80698000
80698300
80698600
80698800
80699000
80699300
80699600
80699900
80700200
80700400
80700600
80700900
80701200
80701500
80701700
80701900
80702200
80702500
80702800
80703000
80703200
80703500
80703800
80704100
80704300
80704500
80704800
80705100
80705400
80705600
80705800
80706100
80706400
80706700
80706900
80707100
80707300
80707600
80707900
80708200
80708400
80708600
80708900
80709200
80709500
80709700
80709900
80710100
80710400
80710700
80711000
80711200
80711400
80711700
80711900
80712100
80712400
80712700
80712900
80713100
80713300
80713600
80713900
80714100
80714300
80714600
80714900
80715200
80715400
80715600
80715900
80716200
80716500
80716700
80716900
80717200
80717500
80717800
80852500
80852700
80853000
80853300
80853600
80853800
80854000
80854200
80854500
80854800
80855100
80855300
80855500
80855800
80856100
80856400
80856600
80856800
80857100
80857400
80857700
80857900
80858100
80858400
80858700
80859000
80859200
80859400
80859700
80860000
80860300
80860500
80860700
80861000
80861300
80861500
80861700
80862000
80862300
80862600
80862800
80863000
80863300
80863600
80863900
80864100
80864300
80864600
80864900
80865200
80865400
80865600
80865900
80866200
80866500
80866700
80866900
80867100
80867400
80867700
80868000
80868200
80868400
80868700
80869000
80869300
80869500
80869700
80870000
80870300
80870600
80870800
80871000
80871300
80871600
80871900
80872100
80872300
80872600
80872900
80873100
80873300
80873500
80873800
80874100
80874300
80874500
80874800
80875100
80875400
80875600
80875800
80876100
80876400
80876700
80876900
80877100
80877400
80877700
80878000
81013200
81013400
81013700
81014000
81014300
81014500
81014700
81015000
81015300
81015600
81015800
81016000
81016300
81016600
81016900
81017100
81017300
81017600
81017900
81018200
81018400
81018600
81018900
81019200
81019500
81019700
81019900
81020200
81020500
81020800
81021000
81021200
81021500
81021800
81022100
81022300
81022500
81022800
81023100
81023400
81023600
81023800
81024100
81024400
81024700
81024900
81025100
81025300
81025600
81025900
81026200
81026400
81026600
81026900
81027200
81027500
81027700
81027900
81028200
81028500
81028800
81029000
81029200
81029500
81029800
81030100
81030300
81030500
81030800
81031100
81031400
81031600
81031800
81032100
81032400
81032700
81032900
81033100
81033400
81033700
81034000
81034200
81034400
81034700
81035000
81035300
81035500
81035700
81036000
81036300
81036600
81036800
81037000
81037300
81037600
81037900
81038100
81038300
81038600
81038900
81178700
81178900
81179100
81179300
81179600
81179900
81180200
81180400
81180700
81181000
81181300
81181500
81181700
81182000
81182300
81182600
81182800
81183000
81183300
81183600
81183900
81184100
81184300
81184600
81184900
81185200
81185400
81185600
81185800
81186100
81186400
81186600
81186800
81187000
81187300
81187600
81187900
81188100
81188300
81188600
81188800
81189100
81189400
81189700
81189900
81190100
81190400
81190700
81191000
81191200
81191500
81191700
81191900
81192200
81192500
81192800
81193100
81193400
81193600
81193800
81194000
81194300
81194600
81194800
81195000
81195200
81195500
81195800
81196000
81196200
81196500
81196800
81197100
81197300
81197500
81197800
81198100
81198300
81198500
81198700
81199000
81199300
81199500
81199700
81200000
81200300
81200500
81200700
81201000
81201300
81201600
81201800
81202000
81202300
81202600
81202800
81203000
81203300
81203600
81203800
81340600
81340800
81341100
81341400
81341600
81341800
81342000
81342300
81342600
81342800
81343000
81343300
81343600
81343900
81344100
81344300
81344600
81344900
81345100
81345300
81345600
81345900
81346200
81346400
81346600
81346900
81347200
81347400
81347600
81347800
81348100
81348400
81348600
81348800
81349100
81349400
81349700
81349900
81350100
81350400
81350700
81350900
81351100
81351400
81351700
81352000
81352200
81352400
81352700
81353000
81353200
81353400
81353600
81353900
81354200
81354400
81354600
81354900
81355200
81355500
81355700
81355900
81356200
81356500
81356700
81356900
81357200
81357500
81357800
81358000
81358200
81358500
81358800
81359000
81359200
81359400
81359700
81360000
81360200
81360400
81360700
81361000
81361300
81361500
81361700
81362000
81362300
81362600
81362800
81363000
81363300
81363600
81363900
81364100
81364300
81364600
81364900
81365200
81365400
81365600
81502300
81502600
81502900
81503200
81503400
81503600
81503900
81504200
81504500
81504700
81504900
81505100
81505400
81505700
81506000
81506200
81506400
81506700
81507000
81507300
81507500
81507700
81507900
81508200
81508500
81508800
81509100
81509300
81509500
81509800
81510100
81510400
81510600
81510800
81511000
81511300
81511600
81511900
81512200
81512400
81512600
81512900
81513200
81513500
81513800
81514000
81514200
81514400
81514700
81515000
81515300
81515600
81515800
81516000
81516300
81516600
81516900
81517100
81517300
81517500
81517800
81518100
81518400
81518600
81518800
81519100
81519400
81519700
81519900
81520100
81520300
81520600
81520900
81521200
81521500
81521700
81521900
81522200
81522500
81522800
81523000
81523200
81523400
81523700
81524000
81524300
81524600
81524800
81525000
81525300
81525600
81525900
81526200
81526400
81526600
81526800
81527100
81527400
81527700
81527900
81666700
81666900
81667100
81667300
81667600
81667900
81668200
81668500
81668700
81668900
81669200
81669400
81669700
81670000
81670300
81670600
81670800
81671000
81671300
81671500
81671800
81672100
81672400
81672700
81672900
81673100
81673300
81673500
81673800
81674100
81674400
81674700
81674900
81675100
81675300
81675500
81675700
81675900
81676100
81676300
81676600
81676900
81677200
81677500
81677700
81677900
81678200
81678500
81678800
81679100
81679300
81679500
81679700
81679900
81680200
81680500
81680800
81681100
81681300
81681500
81681700
81682000
81682300
81682600
81682900
81683100
81683300
81683500
81683700
81683900
81684200
81684500
81684800
81685100
81685300
81685600
81685800
81686000
81686300
81686600
81686900
81687200
81687500
81687800
81688000
81688200
81688500
81688800
81689100
81689400
81689600
81689800
81690000
81690200
81690500
81690800
81691100
81691400
81691600
81691800
81827600
81827900
81828200
81828500
81828700
81828900
81829200
81829500
81829800
81830100
81830300
81830500
81830700
81831000
81831300
81831600
81831900
81832100
81832300
81832500
81832700
81833000
81833300
81833600
81833900
81834100
81834300
81834500
81834800
81835100
81835300
81835600
81835800
81836000
81836300
81836600
81836900
81837200
81837400
81837600
81837800
81838100
81838400
81838700
81838900
81839100
81839300
81839500
81839800
81840100
81840300
81840500
81840700
81840900
81841200
81841500
81841800
81842000
81842200
81842400
81842600
81842900
81843200
81843500
81843800
81844000
81844200
81844400
81844700
81845000
81845300
81845600
81845800
81846000
81846300
81846500
81846800
81847100
81847300
81847500
81847700
81847900
81848200
81848500
81848800
81849000
81849200
81849400
81849700
81850000
81850300
81850600
81850800
81851000
81851300
81851600
81851900
81852100
81852300
81852500
81991600
81991800
81992000
81992300
81992600
81992900
81993200
81993400
81993600
81993900
81994200
81994500
81994700
81994900
81995200
81995500
81995800
81996000
81996200
81996500
81996800
81997000
81997200
81997400
81997700
81998000
81998200
81998400
81998700
81999000
81999300
81999500
81999700
82000000
82000300
82000600
82000800
82001000
82001300
82001600
82001900
82002100
82002300
82002600
82002900
82003200
82003400
82003600
82003800
82004100
82004400
82004700
82004900
82005100
82005400
82005700
82006000
82006200
82006400
82006700
82007000
82007300
82007500
82007700
82008000
82008300
82008600
82008800
82009000
82009300
82009600
82009800
82010000
82010200
82010500
82010800
82011000
82011200
82011500
82011800
82012100
82012300
82012500
82012800
82013100
82013400
82013600
82013800
82014100
82014400
82014700
82014900
82015100
82015400
82015700
82016000
82016200
82016400
82016700
82017000
82153900
82154200
82154500
82154800
82155100
82155300
82155500
82155800
82156100
82156400
82156600
82156800
82157100
82157400
82157700
82157900
82158100
82158400
82158700
82159000
82159200
82159400
82159600
82159900
82160200
82160400
82160600
82160800
82161100
82161400
82161700
82161900
82162100
82162400
82162700
82163000
82163200
82163400
82163700
82164000
82164300
82164500
82164700
82164900
82165200
82165500
82165800
82166000
82166200
82166500
82166800
82167100
82167300
82167500
82167800
82168100
82168300
82168500
82168700
82169000
82169300
82169500
82169700
82169900
82170200
82170500
82170700
82170900
82171200
82171500
82171800
82172000
82172200
82172500
82172800
82173100
82173300
82173500
82173800
82174100
82174400
82174600
82174800
82175000
82175300
82175600
82175900
82176100
82176300
82176600
82176900
82177200
82177400
82177600
82177800
82178100
82178400
82178600
82178800
82179000
82316000
82316300
82316600
82316800
82317000
82317300
82317600
82317900
82318100
82318300
82318600
82318900
82319200
82319400
82319600
82319900
82320200
82320500
82320700
82320900
82321100
82321400
82321700
82322000
82322200
82322400
82322700
82323000
82323300
82323500
82323700
82324000
82324300
82324600
82324800
82325000
82325200
82325500
82325800
82326000
82326200
82326400
82326700
82327000
82327200
82327400
82327700
82328000
82328300
82328500
82328700
82329000
82329300
82329600
82329800
82330000
82330300
82330600
82330900
82331100
82331300
82331600
82331900
82332200
82332400
82332600
82332900
82333200
82333500
82333700
82333900
82334200
82334500
82334800
82335000
82335200
82335400
82335700
82336000
82336300
82336500
82336700
82337000
82337300
82337600
82337800
82338000
82338300
82338600
82338900
82339100
82339300
82339600
82339900
82340200
82340400
82340600
82340900
82341200
82341500
82478900
82479100
82479300
82479500
82479800
82480100
82480400
82480600
82480800
82481100
82481400
82481700
82481900
82482100
82482300
82482600
82482900
82483200
82483400
82483600
82483900
82484200
82484500
82484700
82484900
82485200
82485500
82485800
82486000
82486200
82486500
82486800
82487000
82487200
82487400
82487700
82488000
82488200
82488400
82488700
82489000
82489300
82489500
82489700
82490000
82490300
82490600
82490800
82491000
82491300
82491600
82491900
82492100
82492300
82492600
82492900
82493200
82493400
82493600
82493800
82494100
82494400
82494700
82494900
82495100
82495400
82495700
82496000
82496200
82496400
82496700
82497000
82497300
82497500
82497700
82498000
82498300
82498600
82498800
82499000
82499300
82499600
82499900
82500100
82500300
82500600
82500900
82501200
82501400
82501600
82501900
82502200
82502400
82502600
82502800
82503100
82503400
82503600
82503800
82504000
82643000
82643300
82643600
82643800
82644000
82644300
82644600
82644900
82645100
82645300
82645600
82645900
82646200
82646400
82646600
82646900
82647200
82647500
82647700
82647900
82648200
82648500
82648700
82648900
82649200
82649500
82649800
82650000
82650200
82650500
82650800
82651000
82651200
82651400
82651700
82652000
82652200
82652400
82652700
82653000
82653300
82653500
82653700
82654000
82654300
82654600
82654800
82655000
82655300
82655600
82655900
82656100
82656300
82656600
82656900
82657200
82657400
82657600
82657900
82658200
82658500
82658700
82659000
82659300
82659500
82659700
82659900
82660200
82660500
82660800
82661000
82661200
82661500
82661800
82662100
82662300
82662500
82662700
82663000
82663300
82663600
82663800
82664000
82664300
82664600
82664900
82665100
82665300
82665500
82665800
82666100
82666300
82666500
82666700
82666900
82667200
82667500
82667700
82667900
82668100
82807300
82807500
82807700
82807900
82808200
82808500
82808800
82809100
82809300
82809500
82809700
82810000
82810300
82810600
82810800
82811000
82811300
82811600
82811900
82812100
82812300
82812500
82812800
82813100
82813400
82813600
82813800
82814100
82814400
82814700
82814900
82815100
82815300
82815600
82815900
82816100
82816300
82816500
82816800
82817100
82817400
82817600
82817800
82818100
82818400
82818700
82818900
82819100
82819400
82819700
82820000
82820200
82820400
82820600
82820900
82821200
82821500
82821700
82821900
82822200
82822500
82822800
82823000
82823200
82823400
82823700
82824000
82824300
82824500
82824700
82824900
82825200
82825500
82825800
82826000
82826200
82826400
82826700
82827000
82827300
82827500
82827700
82828000
82828300
82828600
82828800
82829000
82829300
82829600
82829900
82830100
82830300
82830600
82830900
82831200
82831400
82831600
82831800
82832100
82832400
82969100
82969300
82969500
82969800
82970100
82970400
82970700
82970900
82971100
82971400
82971700
82972000
82972200
82972400
82972700
82973000
82973300
82973500
82973700
82973900
82974200
82974500
82974800
82975000
82975200
82975500
82975800
82976100
82976300
82976500
82976800
82977100
82977400
82977600
82977800
82978100
82978400
82978700
82978900
82979100
82979400
82979700
82980000
82980200
82980400
82980600
82980900
82981200
82981500
82981700
82981900
82982100
82982400
82982700
82983000
82983200
82983400
82983700
82984000
82984300
82984500
82984700
82984900
82985200
82985500
82985800
82986000
82986200
82986500
82986800
82987100
82987300
82987500
82987700
82988000
82988300
82988500
82988700
82988900
82989200
82989500
82989800
82990000
82990200
82990500
82990800
82991100
82991300
82991500
82991800
82992100
82992400
82992600
82992800
82993100
82993400
82993700
82993900
82994100
82994300
83135200
83135500
83135700
83135900
83136100
83136400
83136700
83136900
83137100
83137300
83137600
83137900
83138200
83138400
83138600
83138900
83139200
83139500
83139700
83139900
83140200
83140500
83140800
83141000
83141200
83141400
83141700
83142000
83142300
83142500
83142700
83143000
83143300
83143600
83143900
83144100
83144300
83144600
83144900
83145200
83145400
83145600
83145800
83146100
83146400
83146700
83146900
83147100
83147400
83147700
83148000
83148200
83148400
83148700
83149000
83149300
83149500
83149700
83150000
83150300
83150600
83150800
83151000
83151200
83151500
83151800
83152000
83152200
83152400
83152700
83153000
83153300
83153500
83153700
83154000
83154300
83154600
83154800
83155000
83155300
83155600
83155900
83156100
83156300
83156500
83156800
83157100
83157400
83157600
83157800
83158000
83158300
83158600
83158900
83159100
83159300
83159600
83159900
83160200
83160400
83298100
83298400
83298600
83298800
83299000
83299300
83299600
83299900
83300100
83300300
83300600
83300900
83301200
83301500
83301700
83301900
83302200
83302500
83302800
83303000
83303200
83303400
83303700
83304000
83304300
83304500
83304700
83304900
83305200
83305500
83305800
83306000
83306200
83306400
83306700
83307000
83307300
83307500
83307700
83308000
83308300
83308600
83308800
83309000
83309300
83309600
83309900
83310100
83310300
83310500
83310800
83311100
83311400
83311600
83311800
83312100
83312400
83312700
83312900
83313100
83313300
83313600
83313900
83314200
83314400
83314600
83314900
83315200
83315500
83315700
83315900
83316100
83316400
83316700
83317000
83317200
83317400
83317600
83317900
83318200
83318500
83318700
83318900
83319100
83319400
83319700
83320000
83320200
83320400
83320700
83321000
83321500
83321800
83322000
83322200
83322500
83322800
83323100
83323300
83323500
83461800
83462100
83462400
83462700
83462900
83463100
83463300
83463600
83463900
83464200
83464400
83464600
83464800
83465100
83465400
83465700
83465900
83466100
83466400
83466700
83467000
83467200
83467400
83467600
83467900
83468200
83468500
83468700
83468900
83469200
83469500
83469800
83470000
83470200
83470500
83470800
83471100
83471300
83471500
83471700
83472000
83472300
83472600
83472800
83473000
83473300
83473600
83473900
83474100
83474300
83474500
83474800
83475100
83475400
83475600
83475800
83476000
83476300
83476600
83476900
83477100
83477300
83477500
83477800
83478100
83478400
83478600
83478800
83479000
83479300
83479600
83479900
83480100
83480300
83480600
83480900
83481200
83481400
83481600
83481800
83482100
83482400
83482700
83482900
83483100
83483400
83483700
83484000
83484200
83484400
83484700
83485000
83485300
83485500
83485700
83485900
83486200
83486500
83486800
83487000
83628200
83628500
83628800
83629000
83629200
83629500
83629800
83630100
83630400
83630600
83630800
83631100
83631400
83631700
83631900
83632100
83632400
83632600
83632800
83633100
83633400
83633700
83633900
83634100
83634400
83634700
83635000
83635200
83635400
83635700
83636000
83636300
83636500
83636700
83637000
83637300
83637800
83638100
83638500
83638800
83639100
83639400
83639700
83640000
83640300
83640600
83640900
83641200
83641600
83641900
83642200
83642500
83642800
83643100
83643400
83643800
83644100
83644400
83644900
83645100
83645300
83645600
83645900
83646100
83646300
83646600
83646900
83647200
83647400
83647600
83647900
83648200
83648400
83648600
83648800
83649100
83649400
83649600
83649800
83650100
83650400
83650700
83650900
83651100
83651400
83651700
83652000
83652200
83652400
83652700
83653000
83653200
83653400
83653700
83654000
83654300
83654500
83654700
83655000
83655300
83795500
83795800
83796100
83796300
83796500
83796700
83797000
83797300
83797500
83797800
83798000
83798200
83798500
83798700
83799000
83799300
83799500
83799800
83800000
83800200
83800500
83800800
83801100
83801400
83801600
83801800
83802000
83802300
83802600
83802900
83803200
83803400
83803600
83803900
83804100
83804400
83804700
83805000
83805200
83805400
83805700
83806000
83806300
83806600
83806800
83807000
83807200
83807500
83807800
83808100
83808400
83808600
83808800
83809100
83809400
83809700
83810000
83810300
83810500
83810700
83811000
83811300
83811600
83811900
83812100
83812400
83812600
83812800
83813100
83813400
83813700
83814000
83814200
83814500
83814700
83814900
83815200
83815500
83815800
83816100
83816300
83816500
83816700
83817000
83817300
83817600
83817900
83818100
83818300
83818600
83818900
83819200
83819400
83819700
83819900
83820100
83820400
83820700
83821000
83821300
83959800
83960100
83960400
83960700
83960900
83961100
83961300
83961500
83961800
83962100
83962400
83962700
83962900
83963100
83963300
83963600
83963900
83964200
83964500
83964700
83964900
83965200
83965400
83965700
83966000
83966200
83966500
83966700
83966900
83967200
83967500
83967700
83968000
83968200
83968400
83968700
83969000
83969300
83969600
83969800
83970000
83970300
83970600
83970900
83971200
83971400
83971600
83971800
83972000
83972300
83972600
83972900
83973100
83973400
83973600
83973800
83974100
83974400
83974700
83975000
83975200
83975400
83975700
83976000
83976300
83976600
83976800
83977000
83977200
83977500
83977800
83978100
83978300
83978500
83978700
83978900
83979200
83979500
83979700
83979900
83980100
83980300
83980600
83980900
83981100
83981400
83981600
83981800
83982100
83982400
83982700
83983000
83983200
83983400
83983600
83983900
83984200
83984500
83984800
83985000
84125400
84125700
84126000
84126200
84126400
84126700
84127000
84127300
84127500
84127700
84128000
84128300
84128600
84128900
84129100
84129300
84129500
84129800
84130100
84130400
84130600
84130800
84131000
84131300
84131600
84131900
84132200
84132400
84132600
84132900
84133200
84133400
84133700
84134000
84134300
84134600
84134800
84135000
84135300
84135500
84135800
84136100
84136400
84136700
84137000
84137200
84137400
84137600
84137900
84138200
84138500
84138800
84139000
84139200
84139500
84139800
84140100
84140400
84140600
84140800
84141000
84141300
84141600
84141900
84142200
84142400
84142600
84142900
84143200
84143500
84143700
84144000
84144300
84144600
84144800
84145000
84145300
84145600
84145800
84146000
84146200
84146500
84146800
84147000
84147200
84147500
84147800
84148100
84148300
84148500
84148800
84149100
84149300
84149500
84149800
84150100
84150400
84150600
84150800
84151100
84290200
84290500
84290700
84291000
84291300
84291500
84291700
84291900
84292100
84292400
84292700
84293000
84293200
84293400
84293600
84293800
84294100
84294400
84294700
84294900
84295100
84295400
84295700
84296000
84296300
84296500
84296700
84296900
84297200
84297500
84297800
84298100
84298300
84298500
84298700
84299000
84299300
84299500
84299800
84300000
84300200
84300500
84300800
84301100
84301400
84301600
84301800
84302000
84302200
84302500
84302800
84303100
84303300
84303500
84303700
84303900
84304200
84304500
84304800
84305100
84305300
84305500
84305700
84306000
84306300
84306500
84306800
84307000
84307200
84307500
84307800
84308100
84308300
84308500
84308700
84309000
84309300
84309600
84309900
84310100
84310300
84310600
84310900
84311200
84311500
84311700
84311900
84312100
84312400
84312700
84313000
84313300
84313500
84313700
84313900
84314100
84314400
84314700
84315000
84315300
84456800
84457100
84457300
84457500
84457800
84458100
84458400
84458600
84458800
84459100
84459400
84459700
84459900
84460100
84460400
84460700
84461000
84461300
84461500
84461700
84462000
84462300
84462600
84462800
84463000
84463300
84463600
84463900
84464100
84464300
84464500
84464800
84465100
84465400
84465600
84465800
84466100
84466400
84466600
84466800
84467000
84467300
84467600
84467900
84468100
84468300
84468600
84468900
84469100
84469300
84469600
84469900
84470200
84470400
84470600
84470900
84471200
84471500
84471700
84471900
84472100
84472400
84472700
84472900
84473100
84473400
84473700
84474000
84474200
84474400
84474700
84475000
84475300
84475600
84475800
84476000
84476300
84476600
84476900
84477100
84477300
84477600
84477900
84478200
84478400
84478600
84478800
84479100
84479400
84479700
84479900
84480100
84480400
84480700
84480900
84481100
84481300
84481600
84481900
84482200
84622900
84623100
84623300
84623600
84623900
84624200
84624400
84624600
84624900
84625200
84625500
84625700
84625900
84626200
84626500
84626800
84627000
84627200
84627500
84627800
84628100
84628300
84628500
84628800
84629100
84629300
84629500
84629700
84630000
84630300
84630500
84630700
84631000
84631300
84631600
84631800
84632000
84632300
84632600
84632800
84633000
84633200
84633500
84633800
84634000
84634200
84634500
84634800
84635000
84635200
84635500
84635800
84636100
84636300
84636500
84636700
84637000
84637300
84637500
84637700
84637900
84638200
84638500
84638700
84638900
84639200
84639500
84639800
84640000
84640200
84640400
84640700
84641000
84641200
84641400
84641700
84642000
84642200
84642400
84642700
84643000
84643300
84643500
84643700
84644000
84644300
84644500
84644700
84645000
84645300
84645600
84645800
84646000
84646300
84646600
84646800
84647000
84647200
84647500
84647800
84786300
84786500
84786700
84787000
84787300
84787500
84787700
84788000
84788200
84788400
84788700
84789000
84789200
84789400
84789700
84790000
84790300
84790500
84790700
84791000
84791300
84791600
84791800
84792000
84792300
84792600
84792900
84793100
84793300
84793600
84793900
84794100
84794300
84794500
84794700
84795000
84795300
84795500
84795700
84796000
84796300
84796600
84796800
84797000
84797300
84797600
84797900
84798100
84798300
84798500
84798800
84799100
84799300
84799500
84799800
84800100
84800400
84800600
84800800
84801100
84801400
84801700
84801900
84802100
84802400
84802700
84802900
84803100
84803400
84803700
84804000
84804200
84804400
84804700
84805000
84805300
84805500
84805700
84806000
84806300
84806500
84806700
84807000
84807300
84807600
84807800
84808000
84808300
84808600
84808900
84809100
84809300
84809500
84809800
84810100
84810300
84810500
84810800
84811100
84811400
84950000
84950300
84950600
84950800
84951000
84951300
84951600
84951800
84952000
84952300
84952600
84952900
84953100
84953300
84953600
84953900
84954200
84954500
84954700
84954900
84955200
84955500
84955800
84956000
84956200
84956500
84956800
84957100
84957400
84957600
84957800
84958100
84958400
84958700
84958900
84959100
84959400
84959700
84959900
84960100
84960300
84960600
84960900
84961200
84961400
84961600
84961900
84962200
84962500
84962700
84962900
84963200
84963500
84963700
84963900
84964100
84964300
84964600
84964900
84965100
84965300
84965600
84965900
84966200
84966400
84966600
84966800
84967100
84967400
84967700
84967900
84968100
84968400
84968700
84969000
84969200
84969400
84969700
84970000
84970300
84970600
84970800
84971000
84971300
84971600
84971900
84972100
84972300
84972600
84972900
84973200
84973500
84973700
84973900
84974200
84974500
84974700
84974900
84975100
84975400
85117600
85117900
85118200
85118400
85118600
85118900
85119200
85119500
85119700
85119900
85120200
85120500
85120800
85121000
85121200
85121400
85121700
85122000
85122300
85122500
85122700
85123000
85123300
85123500
85123700
85124000
85124300
85124600
85124800
85125000
85125300
85125600
85125900
85126100
85126300
85126600
85126900
85127100
85127300
85127600
85127800
85128000
85128300
85128600
85128800
85129000
85129300
85129600
85129900
85130100
85130300
85130600
85130900
85131100
85131300
85131500
85131800
85132100
85132400
85132600
85132800
85133100
85133400
85133700
85133900
85134100
85134300
85134600
85134900
85135100
85135300
85135600
85135900
85136200
85136400
85136600
85136900
85137200
85137400
85137600
85137800
85138100
85138400
85138600
85138800
85139100
85139400
85139700
85139900
85140100
85140400
85140700
85140900
85141100
85141300
85141600
85141900
85142100
85142300
85142600
85283500
85283800
85284100
85284400
85284700
85284900
85285100
85285300
85285500
85285800
85286100
85286300
85286500
85286800
85287100
85287400
85287600
85287800
85288100
85288400
85288700
85288900
85289100
85289400
85289700
85290000
85290200
85290400
85290700
85291000
85291200
85291400
85291600
85291900
85292200
85292500
85292700
85292900
85293100
85293400
85293700
85293900
85294100
85294300
85294600
85294900
85295100
85295300
85295500
85295700
85296000
85296300
85296500
85296700
85297000
85297300
85297600
85297800
85298000
85298300
85298600
85298900
85299100
85299300
85299500
85299800
85300100
85300300
85300500
85300800
85301100
85301400
85301600
85301800
85302100
85302400
85302700
85302900
85303100
85303400
85303700
85304000
85304200
85304400
85304700
85305000
85305300
85305500
85305700
85306000
85306300
85306600
85306800
85307000
85307200
85307500
85307800
85308100
85308300
85308500
85447800
85448000
85448200
85448500
85448800
85449100
85449300
85449500
85449800
85450100
85450400
85450600
85450800
85451000
85451300
85451600
85451900
85452100
85452300
85452600
85452900
85453200
85453400
85453600
85453900
85454200
85454500
85454800
85455000
85455200
85455400
85455700
85456000
85456300
85456500
85456700
85457000
85457300
85457600
85457800
85458000
85458200
85458500
85458800
85459000
85459200
85459400
85459700
85460000
85460200
85460400
85460600
85460900
85461200
85461500
85461700
85461900
85462200
85462500
85462800
85463000
85463200
85463500
85463800
85464100
85464300
85464500
85464800
85465100
85465400
85465700
85465900
85466100
85466400
85466700
85467000
85467200
85467400
85467600
85467900
85468200
85468400
85468600
85468800
85469000
85469300
85469600
85469900
85470100
85470300
85470600
85470900
85471200
85471400
85471600
85471900
85472200
85472500
85472700
85472900
85615600
85615800
85616000
85616200
85616500
85616800
85617100
85617300
85617500
85617800
85618100
85618400
85618600
85618800
85619100
85619400
85619700
85619900
85620100
85620300
85620600
85620900
85621100
85621300
85621600
85621900
85622200
85622400
85622600
85622900
85623200
85623500
85623700
85623900
85624200
85624500
85624700
85624900
85625100
85625400
85625700
85625900
85626100
85626300
85626600
85626900
85627200
85627400
85627600
85627900
85628200
85628500
85628800
85629100
85629300
85629500
85629700
85630000
85630300
85630600
85630800
85631000
85631300
85631600
85631800
85632000
85632200
85632500
85632800
85633000
85633200
85633400
85633700
85634000
85634300
85634500
85634700
85635000
85635300
85635500
85635700
85636000
85636300
85636500
85636800
85637100
85637400
85637600
85637800
85638100
85638400
85638700
85638900
85639100
85639400
85639700
85640000
85640200
85640400
85640700
85780100
85780300
85780500
85780800
85781100
85781300
85781500
85781700
85782000
85782300
85782600
85782800
85783000
85783300
85783600
85783900
85784100
85784300
85784500
85784800
85785100
85785400
85785600
85785800
85786100
85786400
85786700
85786900
85787100
85787300
85787600
85787900
85788200
85788400
85788600
85788900
85789200
85789500
85789700
85789900
85790200
85790500
85790800
85791000
85791200
85791400
85791700
85792000
85792200
85792400
85792600
85792900
85793200
85793400
85793600
85793800
85794100
85794400
85794700
85794900
85795100
85795400
85795700
85796000
85796200
85796400
85796700
85797000
85797300
85797500
85797700
85797900
85798200
85798500
85798800
85799000
85799200
85799400
85799700
85800000
85800300
85800500
85800700
85801000
85801300
85801600
85801800
85802000
85802200
85802500
85802800
85803000
85803200
85803400
85803700
85804000
85804200
85804400
85804600
85804900
85944900
85945100
85945300
85945600
85945900
85946200
85946400
85946600
85946900
85947200
85947400
85947600
85947800
85948100
85948400
85948700
85948900
85949100
85949400
85949700
85949900
85950100
85950400
85950700
85951000
85951200
85951400
85951700
85952000
85952300
85952500
85952700
85953000
85953300
85953500
85953700
85954000
85954300
85954600
85954800
85955000
85955200
85955500
85955800
85956000
85956200
85956500
85956800
85957100
85957300
85957500
85957800
85958100
85958400
85958700
85958900
85959100
85959400
85959700
85960000
85960200
85960400
85960700
85961000
85961300
85961500
85961700
85962000
85962300
85962600
85962800
85963000
85963300
85963600
85963800
85964000
85964300
85964600
85964900
85965100
85965300
85965600
85965900
85966200
85966400
85966600
85966900
85967200
85967400
85967600
85967900
85968200
85968500
85968800
85969000
85969200
85969500
85969800
85970000
85970200
86127600
86127900
86128200
86128400
86128700
86129000
86129300
86129600
86130000
86130300
86130600
86130900
86131200
86131600
86131900
86132200
86132400
86132700
86133000
86133300
86133600
86133900
86134200
86134500
86134800
86135100
86135400
86135600
86135900
86136200
86136500
86136800
86137100
86137400
86137800
86138100
86138300
86138600
86138900
86139200
86139500
86139800
86140100
86140400
86140700
86140900
86141200
86141500
86141800
86142100
86142400
86142700
86143000
86143300
86143600
86143900
86144200
86144600
86144900
86145200
86145500
86145800
86146200
86146600
86147000
86147300
86147600
86147900
86148200
86148500
86148800
86149100
86149300
86149600
86149900
86150200
86150500
86150700
86151100
86151500
86151700
86151900
86152300
86152600
86152900
86153200
86153500
86153700
86154000
86154300
86154700
86155100
86155400
86155700
86156100
86156400
86156700
86157000
86157200
86157600
86303500
86303700
86303900
86304100
86304300
86304600
86304800
86305100
86305400
86305700
86305900
86306100
86306400
86306700
86307000
86307200
86307400
86307700
86308000
86308300
86308500
86308700
86309000
86309300
86309600
86309800
86310000
86310300
86310600
86310800
86311000
86311300
86311600
86311900
86312100
86312300
86312600
86312900
86313200
86313400
86313600
86313900
86314200
86314500
86314700
86314900
86315200
86315500
86315800
86316000
86316200
86316500
86316800
86317100
86317400
86317600
86317800
86318100
86318400
86318600
86318800
86319000
86319300
86319600
86319800
86320000
86320200
86320500
86320800
86321000
86321200
86321500
86321800
86322100
86322300
86322500
86322800
86323100
86323300
86323500
86323800
86324100
86324400
86324600
86324800
86325100
86325400
86325600
86325800
86326100
86326400
86326700
86326900
86327100
86327400
86327700
86328000
86328200
86328400
86328700
86469900
86470200
86470500
86470800
86471100
86471300
86471500
86471800
86472100
86472400
86472600
86472800
86473100
86473400
86473600
86473800
86474100
86474400
86474700
86474900
86475100
86475400
86475700
86476000
86476200
86476400
86476700
86477000
86477300
86477500
86477700
86478000
86478300
86478500
86478700
86478900
86479200
86479500
86479700
86479900
86480100
86480400
86480700
86480900
86481100
86481400
86481700
86482000
86482200
86482400
86482700
86483000
86483300
86483500
86483700
86484000
86484300
86484500
86484700
86485000
86485300
86485600
86485800
86486000
86486300
86486600
86486800
86487000
86487300
86487600
86487900
86488100
86488300
86488600
86488900
86489100
86489300
86489500
86489800
86490100
86490300
86490500
86490800
86491100
86491400
86491600
86491800
86492100
86492400
86492700
86492900
86493100
86493400
86493700
86494000
86494200
86494400
86494700
86495000
86495300
86641600
86641800
86642100
86642400
86642700
86642900
86643100
86643400
86643700
86644000
86644200
86644400
86644700
86645000
86645300
86645500
86645700
86646000
86646300
86646500
86646700
86647000
86647300
86647600
86647800
86648000
86648300
86648600
86648800
86649000
86649300
86649600
86649800
86650000
86650300
86650600
86650900
86651100
86651300
86651600
86651900
86652100
86652300
86652600
86652900
86653200
86653400
86653600
86653900
86654200
86654400
86654600
86654900
86655200
86655500
86655700
86655900
86656200
86656500
86656800
86657000
86657200
86657500
86657800
86658000
86658200
86658400
86658700
86659000
86659200
86659400
86659700
86660000
86660300
86660500
86660700
86661000
86661300
86661500
86661700
86662000
86662300
86662600
86662800
86663000
86663300
86663600
86663800
86664000
86664300
86664600
86664800
86665000
86665300
86665600
86665900
86666100
86666300
86666600
86666900
86807500
86807800
86808100
86808400
86808600
86808800
86809100
86809400
86809700
86809900
86810100
86810400
86810700
86810900
86811100
86811300
86811600
86811900
86812200
86812500
86812700
86812900
86813200
86813500
86813800
86814000
86814200
86814500
86814800
86815000
86815200
86815400
86815700
86816000
86816200
86816400
86816600
86816900
86817200
86817400
86817600
86817800
86818100
86818400
86818600
86818800
86819100
86819400
86819700
86819900
86820100
86820400
86820700
86821000
86821200
86821400
86821700
86822000
86822200
86822400
86822700
86823000
86823300
86823500
86823700
86824000
86824300
86824500
86824700
86825000
86825300
86825600
86825800
86826000
86826300
86826600
86826800
86827000
86827300
86827600
86827900
86828100
86828300
86828600
86828900
86829200
86829400
86829600
86829900
86830200
86830400
86830600
86830900
86831200
86831500
86831700
86831900
86832200
86832500
86832800
86973700
86974000
86974300
86974500
86974700
86975000
86975300
86975600
86975800
86976000
86976300
86976600
86976900
86977100
86977300
86977600
86977900
86978100
86978300
86978500
86978800
86979100
86979300
86979500
86979700
86980000
86980300
86980500
86980700
86980900
86981200
86981500
86981700
86981900
86982200
86982500
86982800
86983000
86983200
86983500
86983800
86984100
86984300
86984500
86984800
86985100
86985300
86985500
86985800
86986100
86986300
86986500
86986800
86987100
86987400
86987600
86987800
86988100
86988400
86988600
86988800
86989000
86989300
86989600
86989800
86990000
86990200
86990500
86990800
86991000
86991200
86991500
86991800
86992100
86992300
86992500
86992800
86993100
86993400
86993600
86993800
86994100
86994400
86994700
86994900
86995100
86995400
86995700
86996000
86996200
86996400
86996700
86997000
86997200
86997400
86997700
86998000
86998300
86998500
86998700
87145000
87145300
87145600
87145800
87146000
87146300
87146600
87146900
87147100
87147300
87147600
87147900
87148200
87148400
87148600
87148900
87149200
87149400
87149700
87150000
87150200
87150400
87150700
87151000
87151300
87151500
87151700
87152000
87152300
87152500
87152700
87153000
87153300
87153600
87153800
87154000
87154300
87154600
87154800
87155000
87155200
87155500
87155800
87156000
87156200
87156500
87156800
87157100
87157300
87157500
87157800
87158100
87158400
87158600
87158800
87159100
87159400
87159600
87159800
87160100
87160400
87160700
87160900
87161100
87161400
87161700
87161900
87162100
87162400
87162700
87162900
87163100
87163400
87163700
87164000
87164200
87164400
87164700
87165000
87165200
87165400
87165700
87166000
87166200
87166400
87166700
87167000
87167300
87167500
87167700
87168000
87168300
87168600
87168800
87169000
87169300
87169600
87169900
87170100
87170300
87312700
87312900
87313100
87313400
87313700
87313900
87314100
87314400
87314700
87315000
87315200
87315400
87315700
87316000
87316200
87316400
87316700
87317000
87317200
87317400
87317700
87318000
87318300
87318500
87318700
87319000
87319300
87319500
87319700
87320000
87320300
87320600
87320800
87321000
87321300
87321600
87321800
87322000
87322300
87322600
87322900
87323100
87323300
87323600
87323900
87324200
87324400
87324600
87324900
87325200
87325500
87325700
87325900
87326200
87326500
87326700
87326900
87327200
87327500
87327800
87328000
87328200
87328500
87328800
87329000
87329200
87329500
87329800
87330000
87330200
87330500
87330800
87331100
87331300
87331500
87331800
87332100
87332300
87332500
87332800
87333100
87333300
87333500
87333800
87334100
87334400
87334600
87334800
87335100
87335400
87335600
87335800
87336000
87336300
87336600
87336800
87337000
87337300
87337600
87337900
87479900
87480100
87480300
87480600
87480900
87481100
87481300
87481600
87481900
87482200
87482400
87482600
87482900
87483200
87483400
87483600
87483800
87484100
87484400
87484600
87484800
87485000
87485300
87485600
87485800
87486000
87486300
87486600
87486900
87487100
87487300
87487600
87487900
87488200
87488400
87488600
87488900
87489200
87489500
87489700
87489900
87490200
87490500
87490700
87490900
87491200
87491500
87491700
87491900
87492200
87492500
87492800
87493000
87493200
87493500
87493800
87494000
87494200
87494500
87494800
87495000
87495200
87495400
87495700
87496000
87496200
87496400
87496700
87497000
87497300
87497500
87497700
87498000
87498300
87498600
87498800
87499000
87499300
87499600
87499800
87500000
87500200
87500500
87500800
87501000
87501200
87501500
87501800
87502100
87502300
87502500
87502800
87503100
87503300
87503500
87503800
87504100
87504400
87504600
87504800
87649000
87649300
87649600
87649800
87650000
87650300
87650600
87650900
87651100
87651300
87651600
87651900
87652200
87652400
87652600
87652900
87653200
87653400
87653600
87653900
87654200
87654400
87654600
87654800
87655100
87655400
87655600
87655800
87656100
87656400
87656600
87656800
87657100
87657400
87657700
87657900
87658100
87658400
87658700
87658900
87659100
87659400
87659700
87660000
87660200
87660400
87660700
87661000
87661300
87661500
87661700
87662000
87662300
87662600
87662800
87663000
87663300
87663600
87663800
87664000
87664200
87664500
87664800
87665000
87665200
87665500
87665800
87666100
87666400
87666700
87666900
87667100
87667400
87667700
87667900
87668100
87668400
87668700
87668900
87669100
87669300
87669600
87669900
87670100
87670300
87670600
87670900
87671100
87671300
87671600
87671900
87672200
87672400
87672600
87672900
87673200
87673500
87673700
87673900
87674200
87815600
87815800
87816100
87816400
87816700
87816900
87817100
87817400
87817700
87818000
87818200
87818400
87818700
87819000
87819200
87819400
87819600
87819900
87820200
87820500
87820700
87820900
87821200
87821500
87821800
87822000
87822200
87822500
87822800
87823100
87823300
87823500
87823800
87824100
87824400
87824600
87824800
87825100
87825400
87825700
87825900
87826100
87826400
87826700
87827000
87827200
87827400
87827700
87828000
87828300
87828500
87828700
87829000
87829300
87829500
87829700
87830000
87830300
87830600
87830800
87831000
87831300
87831600
87831800
87832000
87832200
87832500
87832800
87833000
87833200
87833500
87833800
87834100
87834300
87834500
87834800
87835100
87835400
87835600
87835800
87836100
87836400
87836700
87836900
87837100
87837400
87837700
87838000
87838200
87838400
87838700
87839000
87839200
87839400
87839600
87839900
87840200
87840400
87840600
87840900
87982800
87983000
87983200
87983500
87983800
87984100
87984300
87984500
87984800
87985100
87985400
87985600
87985800
87986100
87986400
87986700
87986900
87987100
87987300
87987600
87987900
87988100
87988300
87988600
87988900
87989200
87989400
87989600
87989900
87990200
87990500
87990700
87990900
87991200
87991500
87991800
87992000
87992200
87992500
87992800
87993000
87993200
87993400
87993700
87994000
87994200
87994400
87994700
87995000
87995300
87995500
87995700
87996000
87996300
87996600
87996800
87997000
87997300
87997600
87997900
87998100
87998300
87998600
87998900
87999200
87999400
87999600
87999900
88000200
88000500
88000700
88000900
88001200
88001500
88001800
88002000
88002200
88002400
88002700
88003000
88003200
88003400
88003600
88003900
88004200
88004400
88004600
88004900
88005200
88005500
88005700
88005900
88006200
88006500
88006800
88007000
88007200
88007500
88007800
88008100
88153200
88153400
88153600
88153800
88154100
88154400
88154600
88154800
88155100
88155400
88155600
88155800
88156000
88156300
88156600
88156800
88157000
88157200
88157500
88157800
88158000
88158200
88158500
88158800
88159100
88159300
88159500
88159800
88160100
88160400
88160600
88160800
88161000
88161300
88161600
88161800
88162000
88162200
88162500
88162800
88163000
88163200
88163500
88163800
88164100
88164400
88164600
88164800
88165100
88165400
88165600
88165800
88166100
88166400
88166700
88166900
88167100
88167400
88167700
88168000
88168200
88168400
88168700
88169000
88169200
88169400
88169700
88170000
88170300
88170500
88170700
88171000
88171300
88171600
88171800
88172000
88172300
88172600
88172900
88173100
88173300
88173600
88173900
88174200
88174400
88174600
88174900
88175200
88175500
88175700
88175900
88176100
88176400
88176700
88176900
88177100
88177400
88177700
88178000
88178200
88321100
88321300
88321500
88321800
88322100
88322300
88322500
88322800
88323100
88323400
88323600
88323800
88324100
88324400
88324700
88324900
88325100
88325300
88325600
88325900
88326100
88326300
88326600
88326900
88327200
88327400
88327600
88327900
88328200
88328400
88328600
88328900
88329200
88329500
88329700
88329900
88330200
88330500
88330700
88330900
88331200
88331500
88331800
88332000
88332200
88332500
88332800
88333000
88333200
88333400
88333700
88334000
88334200
88334400
88334700
88335000
88335300
88335500
88335700
88336000
88336300
88336600
88336800
88337000
88337300
88337600
88337900
88338100
88338300
88338600
88338900
88339100
88339300
88339500
88339800
88340100
88340400
88340600
88340800
88341100
88341400
88341700
88341900
88342100
88342400
88342700
88343000
88343200
88343400
88343700
88344000
88344200
88344400
88344700
88345000
88345300
88345500
88345700
88346000
88346300
88489400
88489600
88489900
88490200
88490400
88490600
88490900
88491200
88491500
88491700
88491900
88492200
88492500
88492700
88492900
88493200
88493500
88493800
88494000
88494200
88494500
88494800
88495000
88495200
88495500
88495800
88496000
88496200
88496400
88496700
88497000
88497200
88497400
88497600
88497900
88498200
88498400
88498600
88498900
88499200
88499500
88499700
88499900
88500200
88500500
88500800
88501000
88501200
88501500
88501800
88502100
88502300
88502500
88502800
88503100
88503300
88503500
88503800
88504100
88504400
88504600
88504800
88505100
88505400
88505700
88505900
88506100
88506400
88506700
88506900
88507100
88507400
88507700
88507900
88508100
88508400
88508700
88509000
88509200
88509400
88509700
88510000
88510300
88510500
88510700
88511000
88511300
88511500
88511700
88512000
88512300
88512600
88512800
88513000
88513300
88513600
88513900
88514100
88514300
88514600
88659100
88659400
88659700
88659900
88660100
88660400
88660700
88661000
88661200
88661400
88661700
88662000
88662300
88662500
88662700
88663000
88663300
88663600
88663800
88664000
88664300
88664600
88664900
88665100
88665300
88665600
88665900
88666100
88666300
88666500
88666800
88667100
88667300
88667500
88667800
88668100
88668400
88668600
88668800
88669100
88669400
88669600
88669800
88670100
88670400
88670600
88670800
88671100
88671400
88671700
88671900
88672100
88672400
88672700
88672900
88673100
88673400
88673700
88674000
88674200
88674400
88674700
88675000
88675200
88675400
88675600
88675900
88677000
88677300
88677500
88677700
88677900
88678200
88678500
88678700
88678900
88679100
88679400
88679700
88679900
88680100
88680400
88680700
88681000
88681200
88681400
88681700
88682000
88682200
88682400
88682700
88683000
88683300
88683500
88683700
88684000
88684300
88684500
88684700
88685000
88827400
88827700
88827900
88828200
88828500
88828800
88829100
88829300
88829500
88829800
88830100
88830400
88830600
88830800
88831100
88831400
88831700
88831900
88832100
88832400
88832700
88832900
88833100
88833300
88833600
88833900
88834100
88834300
88834500
88834700
88835000
88835300
88835600
88835800
88836000
88836300
88836600
88836900
88837100
88837300
88837600
88837900
88838100
88838400
88838600
88838800
88839100
88839400
88839600
88839800
88840000
88840300
88840600
88840800
88841000
88841300
88841600
88841800
88842000
88842200
88842400
88842700
88843000
88843200
88843400
88843600
88843900
88844200
88844400
88844600
88844900
88845200
88845500
88845800
88846000
88846200
88846400
88846700
88847000
88847200
88847400
88847600
88847900
88848200
88848400
88848600
88848800
88849100
88849400
88849700
88849900
88850100
88850300
88850600
88850900
88851100
88851300
88851600
88851900
88852200
88995400
88995600
88995800
88996100
88996400
88996700
88996900
88997100
88997400
88997700
88998000
88998200
88998400
88998700
88999000
88999200
88999400
88999700
89000000
89000300
89000500
89000700
89001000
89001300
89001600
89001800
89002000
89002300
89002600
89002800
89003000
89003300
89003600
89003800
89004000
89004300
89004600
89004900
89005100
89005300
89005600
89005900
89006200
89006400
89006600
89006900
89007200
89007400
89007600
89007900
89008200
89008500
89008700
89008900
89009200
89009500
89009800
89010000
89010200
89010500
89010800
89011100
89011300
89011500
89011800
89012100
89012300
89012500
89012800
89013100
89013400
89013600
89013800
89014100
89014400
89014700
89014900
89015100
89015400
89015700
89015900
89016100
89016400
89016700
89016900
89017100
89017400
89017700
89018000
89018200
89018400
89018700
89019000
89019300
89019500
89019700
89020000
89020300
89020500
89020700
89167900
89168200
89168500
89168700
89168900
89169200
89169500
89169700
89169900
89170100
89170400
89170700
89170900
89171100
89171400
89171700
89172000
89172200
89172400
89172700
89173000
89173300
89173500
89173700
89174000
89174300
89174600
89174800
89175000
89175300
89175600
89175900
89176100
89176300
89176600
89176900
89177200
89177400
89177600
89177900
89178200
89178400
89178600
89178900
89179200
89179500
89179700
89179900
89180200
89180500
89180800
89181000
89181200
89181500
89181800
89182000
89182200
89182500
89182800
89183000
89183200
89183400
89183700
89184000
89184200
89184400
89184700
89185000
89185300
89185500
89185700
89186000
89186300
89186500
89186700
89186900
89187200
89187500
89187700
89187900
89188100
89188400
89188700
89188900
89189100
89189300
89189600
89189900
89190100
89190300
89190500
89190800
89191100
89191300
89191500
89191800
89192100
89192400
89192600
89192800
89336500
89336800
89337000
89337300
89337600
89337900
89338100
89338300
89338600
89338900
89339100
89339300
89339500
89339800
89340100
89340300
89340500
89340800
89341100
89341400
89341600
89341800
89342100
89342400
89342700
89342900
89343100
89343400
89343700
89343900
89344100
89344400
89344700
89344900
89345100
89345400
89345700
89346000
89346200
89346400
89346700
89347000
89347200
89347400
89347700
89348000
89348300
89348500
89348700
89349000
89349300
89349500
89349700
89349900
89350200
89350500
89350800
89351000
89351200
89351500
89351800
89352000
89352200
89352500
89352800
89353100
89353300
89353500
89353700
89354000
89354300
89354500
89354700
89355000
89355300
89355600
89355800
89356000
89356300
89356600
89356800
89357000
89357300
89357600
89357800
89358000
89358200
89358500
89358800
89359000
89359200
89359500
89359800
89360000
89360200
89360500
89360800
89361100
89361300
89361500
89505600
89505900
89506100
89506300
89506500
89506800
89507100
89507300
89507500
89507800
89508100
89508300
89508500
89508700
89509000
89509300
89509500
89509700
89509900
89510200
89510500
89510700
89510900
89511100
89511400
89511700
89511900
89512100
89512400
89512700
89513000
89513200
89513400
89513600
89513800
89514000
89514300
89514600
89514900
89515200
89515400
89515600
89515900
89516100
89516400
89516700
89516900
89517100
89517300
89517500
89517800
89518100
89518400
89518600
89518800
89519000
89519300
89519600
89519900
89520200
89520400
89520600
89520900
89521200
89521500
89521700
89521900
89522100
89522300
89522600
89522900
89523200
89523500
89523700
89523900
89524100
89524400
89524700
89525000
89525300
89525500
89525700
89526000
89526300
89526600
89526900
89527100
89527300
89527500
89527700
89528000
89528300
89528600
89528800
89529000
89529200
89529400
89529700
89530000
89530300
89675800
89676000
89676200
89676400
89676600
89676900
89677200
89677500
89677800
89678000
89678200
89678400
89678700
89679000
89679300
89679600
89679800
89680000
89680300
89680600
89680800
89681100
89681400
89681700
89682000
89682200
89682400
89682600
89682900
89683200
89683400
89683600
89683800
89684100
89684400
89684700
89684900
89685100
89685400
89685700
89686000
89686300
89686500
89686700
89686900
89687200
89687500
89687800
89688100
89688300
89688500
89688700
89689000
89689300
89689500
89689700
89689900
89690100
89690400
89690700
89691000
89691200
89691400
89691600
89691800
89692100
89692400
89692700
89692900
89693100
89693400
89693700
89694000
89694300
89694500
89694700
89694900
89695200
89695500
89695800
89696000
89696200
89696500
89696800
89697100
89697300
89697500
89697700
89698000
89698300
89698600
89698900
89699100
89699300
89699600
89699900
89700200
89700400
89700600
89700800
89844200
89844500
89844800
89845100
89845400
89845600
89845800
89846000
89846300
89846600
89846900
89847200
89847400
89847600
89847900
89848100
89848400
89848700
89849000
89849200
89849400
89849600
89849900
89850200
89850500
89850700
89850900
89851100
89851300
89851600
89851900
89852200
89852500
89852700
89852900
89853200
89853500
89853800
89854100
89854300
89854600
89854800
89855000
89855200
89855500
89855800
89856100
89856300
89856500
89856700
89856900
89857200
89857500
89857800
89858000
89858200
89858500
89858700
89859000
89859300
89859500
89859800
89860000
89860200
89860500
89860800
89861100
89861300
89861500
89861700
89861900
89862200
89862500
89862700
89862900
89863100
89863300
89863600
89863900
89864200
89864400
89864600
89864800
89865000
89865300
89865600
89865900
89866200
89866400
89866600
89866800
89867100
89867400
89867700
89868000
89868200
89868400
89868700
89869000
89869300
90013300
90013600
90013900
90014100
90014300
90014600
90014900
90015200
90015500
90015700
90015900
90016100
90016400
90016700
90017000
90017300
90017500
90017700
90017900
90018200
90018500
90018700
90018900
90019100
90019400
90019700
90020000
90020300
90020500
90020700
90020900
90021200
90021500
90021700
90021900
90022100
90022400
90022700
90023000
90023200
90023400
90023700
90024000
90024300
90024600
90024800
90025000
90025200
90025500
90025800
90026100
90026300
90026500
90026800
90027000
90027300
90027600
90027800
90028000
90028200
90028500
90028800
90029100
90029400
90029600
90029800
90030000
90030300
90030600
90030900
90031200
90031400
90031600
90031900
90032200
90032500
90032700
90032900
90033100
90033400
90033700
90034000
90034300
90034500
90034700
90035000
90035300
90035600
90035800
90036000
90036200
90036500
90036800
90037000
90037200
90037400
90037700
90038000
90038300
90038600
90197100
90197400
90197700
90197900
90198100
90198300
90198600
90198900
90199200
90199400
90199600
90199900
90200200
90200500
90200700
90200900
90201200
90201500
90201800
90202000
90202200
90202500
90202800
90203100
90203300
90203500
90203800
90204100
90204300
90204500
90204800
90205100
90205400
90205600
90205800
90206100
90206400
90206600
90206800
90207100
90207400
90207700
90207900
90208100
90208400
90208700
90209000
90209200
90209400
90209600
90209900
90210200
90210500
90210700
90210900
90211200
90211500
90211800
90212000
90212200
90212400
90212700
90213000
90213300
90213500
90213700
90213900
90214200
90214500
90214800
90215000
90215200
90215400
90215700
90216000
90216300
90216500
90216700
90217000
90217300
90217600
90217800
90218000
90218300
90218600
90218900
90219100
90219300
90219500
90219800
90220100
90220300
90220500
90220700
90221000
90221300
90221500
90221700
90222000
90222300
90424700
90424900
90425100
90425300
90425600
90425900
90426200
90426400
90426600
90426900
90427200
90427500
90427700
90428000
90428200
90428400
90428700
90428900
90429100
90429300
90429500
90429800
90430100
90430400
90430600
90430800
90431100
90431400
90431700
90431900
90432100
90432400
90432700
90433000
90433300
90433500
90433700
90434000
90434300
90434600
90434800
90435000
90435300
90435600
90435900
90436100
90436300
90436600
90436900
90437200
90437500
90437700
90437900
90438200
90438500
90438700
90438900
90439200
90439500
90439700
90439900
90440200
90440500
90440800
90441100
90441300
90441500
90441700
90442000
90442300
90442600
90442800
90443100
90443400
90443700
90444000
90444300
90444600
90444800
90445000
90445300
90445500
90445800
90446100
90446400
90446700
90446900
90447100
90447400
90447700
90448000
90448200
90448400
90448700
90449000
90449300
90449500
90449800
90450000
90450200
90719700
90720100
90720300
90720500
90720700
90721000
90721300
90721600
90721800
90722000
90722300
90722600
90722900
90723100
90723300
90723600
90723900
90724100
90724300
90724500
90724800
90725100
90725300
90725500
90725800
90726100
90726300
90726500
90726800
90727100
90727400
90727600
90727800
90728100
90728400
90728600
90728800
90729100
90729400
90729600
90729800
90730000
90730300
90730600
90730800
90731000
90731300
90731600
90731900
90732100
90732300
90732600
90732900
90733100
90733300
90733500
90733800
90734100
90734300
90734500
90734800
90735100
90735400
90735600
90735800
90736100
90736400
90736700
90736900
90737100
90737300
90737600
90737900
90738100
90738300
90738600
90738900
90739100
90739300
90739600
90739900
90740200
90740400
90740600
90740900
90741200
90741400
90741600
90741900
90742200
90742400
90742600
90742900
90743200
90743500
90743700
90743900
90744200
90744500
90744700
91079700
91080000
91080300
91080600
91080900
91081200
91081500
91081800
91082000
91082200
91082500
91082800
91083100
91083400
91083700
91083900
91084100
91084400
91084700
91085000
91085200
91085400
91085700
91086000
91086300
91086600
91086900
91087100
91087300
91087600
91087900
91088200
91088400
91088600
91088900
91089200
91089500
91089800
91090000
91090200
91090500
91090800
91091100
91091400
91091600
91091800
91092100
91092400
91092700
91092900
91093100
91093400
91093700
91094000
91094300
91094500
91094700
91095000
91095300
91095500
91095700
91095900
91096200
91096500
91096700
91096900
91097100
91097300
91097600
91097900
91098100
91098300
91098500
91098800
91099100
91099400
91099600
91099800
91100000
91100300
91100600
91100900
91101100
91101300
91101600
91101900
91102200
91102500
91102700
91102900
91103100
91103400
91103700
91103900
91104100
91104300
91104600
91104900
91105100
91105300
91296500
91296800
91297100
91297400
91297600
91297900
91298100
91298300
91298600
91298800
91299000
91299300
91299600
91299900
91300200
91300400
91300600
91300800
91301000
91301200
91301400
91301600
91301800
91302000
91302200
91302400
91302600
91302900
91303200
91303500
91303800
91304100
91304400
91304700
91305000
91305300
91305500
91305800
91306000
91306300
91306600
91306900
91307200
91307500
91307700
91308000
91308200
91308400
91308700
91309000
91309300
91309500
91309700
91310000
91310300
91310500
91310700
91310900
91311100
91311400
91311700
91312000
91312200
91312400
91312700
91313000
91313300
91313500
91313700
91313900
91314200
91314500
91314800
91315000
91315200
91315500
91315800
91316100
91316300
91316500
91316700
91316900
91317200
91317500
91317800
91318000
91318200
91318500
91318800
91319100
91319300
91319500
91319800
91320000
91320300
91320600
91320900
91321100
91321300
91321600
91585200
91585500
91585800
91586100
91586400
91586700
91586900
91587100
91587400
91587700
91588000
91588300
91588600
91588900
91589100
91589300
91589600
91589900
91590200
91590400
91590600
91590900
91591100
91591400
91591700
91591900
91592100
91592300
91592500
91592700
91592900
91593200
91593500
91593800
91594000
91594200
91594400
91594700
91595000
91595200
91595400
91595600
91595900
91596200
91596400
91596700
91597000
91597300
91597500
91597700
91598000
91598300
91598600
91598800
91599000
91599200
91599400
91599700
91600000
91600300
91600600
91600900
91601200
91601400
91601600
91601900
91602200
91602500
91602800
91603000
91603200
91603400
91603700
91604000
91604300
91604500
91604700
91605000
91605300
91605600
91605900
91606100
91606300
91606600
91606900
91607200
91607400
91607600
91607800
91608100
91608400
91608700
91608900
91609100
91609400
91609700
91610000
91610200
91610400
91610600
91941400
91941600
91941800
91942000
91942200
91942500
91942800
91943100
91943300
91943500
91943800
91944000
91944300
91944600
91944900
91945100
91945300
91945600
91945900
91946100
91946300
91946600
91946900
91947200
91947500
91947700
91947900
91948200
91948500
91948800
91949000
91949200
91949500
91949800
91950100
91950400
91950600
91950800
91951000
91951300
91951600
91951900
91952100
91952300
91952600
91952900
91953200
91953500
91953700
91953900
91954200
91954500
91954800
91955000
91955200
91955500
91955800
91956000
91956200
91956400
91956600
91956900
91957200
91957400
91957600
91957800
91958100
91958400
91958600
91958800
91959100
91959400
91959700
91960000
91960200
91960400
91960700
91961000
91961300
91961500
91961700
91962000
91962300
91962600
91962900
91963100
91963300
91963600
91963900
91964200
91964400
91964600
91964900
91965200
91965500
91965800
91966000
91966200
91966400
91966700
92159600
92159900
92160200
92160500
92160700
92160900
92161100
92161300
92161500
92161800
92162100
92162400
92162600
92162800
92163100
92163400
92163600
92163800
92164000
92164300
92164600
92164800
92165000
92165300
92165600
92165900
92166100
92166300
92166600
92166900
92167200
92167400
92167600
92167900
92168200
92168500
92168700
92168900
92169200
92169500
92169800
92170000
92170200
92170500
92170800
92171100
92171400
92171600
92171800
92172100
92172400
92172700
92172900
92173100
92173400
92173700
92173900
92174100
92174300
92174600
92174900
92175100
92175400
92175600
92175800
92176100
92176400
92176600
92176800
92177100
92177400
92177700
92177900
92178100
92178400
92178700
92178900
92179100
92179400
92179700
92180000
92180200
92180400
92180700
92181000
92181300
92181600
92181800
92182000
92182200
92182500
92182800
92183000
92183200
92183400
92183700
92184000
92184200
92184400
92184600
92445000
92445200
92445400
92445600
92445900
92446200
92446500
92446700
92446900
92447200
92447500
92447800
92448100
92448300
92448500
92448800
92449100
92449400
92449600
92449800
92450100
92450400
92450700
92450900
92451100
92451400
92451700
92452000
92452300
92452500
92452700
92452900
92453200
92453500
92453700
92453900
92454100
92454400
92454700
92454900
92455100
92455300
92455600
92455900
92456200
92456400
92456600
92456900
92457200
92457500
92457700
92457900
92458200
92458500
92458700
92458900
92459200
92459500
92459800
92460100
92460300
92460500
92460800
92461100
92461300
92461500
92461800
92462100
92462400
92462600
92462800
92463100
92463400
92463700
92463900
92464100
92464400
92464700
92465000
92465200
92465400
92465700
92466000
92466300
92466500
92466700
92467000
92467300
92467600
92467800
92468000
92468300
92468600
92468800
92469000
92469200
92469500
92469800
92470000
92470200
92803200
92803500
92803700
92803900
92804200
92804500
92804800
92805000
92805200
92805400
92805700
92806000
92806200
92806400
92806600
92806900
92807200
92807500
92807700
92807900
92808100
92808400
92808700
92808900
92809100
92809400
92809700
92810000
92810200
92810400
92810700
92811000
92811200
92811400
92811600
92811900
92812200
92812400
92812600
92812900
92813200
92813500
92813800
92814000
92814200
92814500
92814800
92815000
92815200
92815400
92815700
92816000
92816200
92816400
92816600
92816900
92817200
92817400
92817600
92817800
92818000
92818300
92818600
92818800
92819000
92819200
92819500
92819800
92820000
92820200
92820500
92820800
92821100
92821300
92821500
92821800
92822100
92822300
92822500
92822700
92823000
92823300
92823500
92823700
92824000
92824300
92824500
92824700
92824900
92825200
92825500
92825700
92825900
92826200
92826500
92826800
92827000
92827200
92827500
92827800
93014700
93015000
93015300
93015600
93015900
93016200
93016400
93016700
93017000
93017200
93017400
93017600
93017900
93018200
93018500
93018700
93018900
93019100
93019400
93019700
93020000
93020200
93020400
93020600
93020900
93021100
93021400
93021700
93022000
93022300
93022600
93022800
93023000
93023300
93023600
93023900
93024100
93024300
93024500
93024800
93025100
93025400
93025600
93025800
93026100
93026400
93026700
93027000
93027300
93027500
93027700
93028000
93028300
93028500
93028700
93028900
93029200
93029500
93029700
93029900
93030200
93030400
93030700
93031000
93031300
93031500
93031700
93032000
93032300
93032600
93032800
93033000
93033300
93033600
93033800
93034000
93034200
93034400
93034600
93034900
93035200
93035500
93035700
93035900
93036200
93036500
93036800
93037000
93037200
93037500
93037800
93038100
93038400
93038700
93038900
93039100
93039300
93039600
93039900
93040100
93303200
93303500
93303800
93304100
93304400
93304600
93304800
93305000
93305300
93305600
93305900
93306200
93306400
93306600
93306800
93307100
93307300
93307500
93307800
93308100
93308300
93308600
93308800
93309000
93309300
93309600
93309900
93310100
93310300
93310500
93310800
93311100
93311400
93311600
93311800
93312100
93312400
93312700
93313000
93313200
93313400
93313700
93314000
93314300
93314500
93314700
93314900
93315200
93315500
93315700
93315900
93316100
93316400
93316700
93317000
93317200
93317400
93317600
93317900
93318200
93318500
93318700
93318900
93319200
93319500
93319800
93320100
93320300
93320500
93320800
93321100
93321400
93321600
93321900
93322100
93322300
93322600
93322900
93323200
93323400
93323600
93323800
93324100
93324400
93324700
93324900
93325100
93325400
93325600
93325900
93326200
93326500
93326700
93326900
93327200
93327500
93327800
93328100
93328300
93328500
93659900
93660200
93660500
93660800
93661100
93661400
93661600
93661800
93662100
93662400
93662700
93663000
93663200
93663400
93663700
93664000
93664200
93664400
93664600
93664900
93665200
93665400
93665600
93665900
93666200
93666500
93666700
93666900
93667200
93667500
93667800
93668000
93668200
93668500
93668800
93669000
93669200
93669400
93669700
93670000
93670200
93670400
93670600
93670900
93671200
93671500
93671700
93671900
93672200
93672500
93672800
93673000
93673200
93673500
93673800
93674100
93674300
93674500
93674700
93675000
93675300
93675500
93675700
93675900
93676200
93676500
93676700
93676900
93677200
93677500
93677700
93677900
93678200
93678500
93678800
93679100
93679300
93679500
93679800
93680100
93680300
93680500
93680800
93681100
93681400
93681600
93681800
93682100
93682400
93682600
93682800
93683000
93683300
93683600
93683900
93684100
93684300
93684600
93684900
93685200
93874900
93875200
93875500
93875800
93876000
93876200
93876400
93876600
93876900
93877200
93877500
93877700
93877900
93878200
93878500
93878800
93879000
93879200
93879500
93879800
93880000
93880200
93880500
93880800
93881100
93881300
93881500
93881800
93882100
93882300
93882500
93882800
93883100
93883400
93883600
93883800
93884100
93884400
93884600
93884800
93885100
93885400
93885700
93885900
93886100
93886400
93886700
93886900
93887100
93887300
93887700
93888000
93888300
93888600
93888800
93889000
93889200
93889500
93889800
93890000
93890200
93890400
93890700
93891000
93891200
93891400
93891600
93891900
93892200
93892400
93892600
93892900
93893200
93893500
93893700
93893900
93894200
93894500
93894800
93895000
93895200
93895500
93895800
93896000
93896200
93896500
93896800
93897100
93897300
93897500
93897800
93898100
93898300
93898500
93898700
93899000
93899300
93899500
93899700
93900000
94165400
94165600
94165800
94166000
94166300
94166600
94166900
94167100
94167300
94167600
94167900
94168200
94168400
94168600
94168900
94169200
94169400
94169600
94169900
94170200
94170500
94170700
94170900
94171200
94171500
94171800
94172000
94172200
94172500
94172800
94173000
94173200
94173400
94173700
94174000
94174200
94174400
94174600
94174900
94175200
94175400
94175600
94175800
94176100
94176400
94176600
94176800
94177100
94177400
94177700
94177900
94178100
94178400
94178700
94178900
94179100
94179400
94179700
94180000
94180200
94180400
94180700
94181000
94181200
94181400
94181700
94182000
94182300
94182500
94182700
94183000
94183300
94183500
94183700
94184000
94184300
94184600
94184800
94185000
94185300
94185600
94185900
94186100
94186300
94186600
94186900
94187200
94187400
94187600
94187900
94188200
94188500
94188700
94188900
94189200
94189500
94189700
94189900
94190100
94190400
94522500
94522800
94523100
94523400
94523700
94523900
94524100
94524300
94524600
94524900
94525100
94525300
94525500
94525800
94526100
94526400
94526600
94526800
94527100
94527400
94527600
94527800
94528000
94528300
94528600
94528900
94529100
94529300
94529600
94529900
94530100
94530300
94530500
94530800
94531100
94531300
94531500
94531800
94532100
94532300
94532500
94532700
94533000
94533300
94533500
94533700
94534000
94534300
94534600
94534800
94535000
94535300
94535600
94535900
94536100
94536300
94536600
94536900
94537100
94537300
94537500
94537800
94538100
94538300
94538500
94538700
94539000
94539300
94539500
94539700
94539900
94540200
94540500
94540700
94540900
94541200
94541500
94541800
94542000
94542200
94542500
94542800
94543000
94543200
94543600
94543800
94544000
94544300
94544600
94544800
94545000
94545200
94545500
94545800
94546000
94546200
94546500
94546800
94547100
94547300
94736900
94737200
94737500
94737800
94738100
94738400
94738600
94738800
94739000
94739300
94739600
94739900
94740100
94740300
94740600
94740900
94741200
94741400
94741600
94741900
94742200
94742500
94742700
94742900
94743200
94743500
94743800
94744000
94744200
94744500
94744800
94745100
94745300
94745500
94745800
94746100
94746300
94746500
94746800
94747100
94747400
94747600
94747800
94748100
94748400
94748700
94748900
94749100
94749400
94749700
94749900
94750100
94750300
94750600
94750900
94751100
94751300
94751500
94751800
94752100
94752300
94752500
94752700
94753000
94753300
94753600
94753800
94754000
94754300
94754600
94754900
94755100
94755300
94755600
94755900
94756200
94756400
94756600
94756900
94757200
94757500
94757700
94757900
94758200
94758500
94758800
94759000
94759200
94759500
94759800
94760000
94760200
94760500
94760800
94761100
94761300
94761500
94761800
94762100
94762400
95028100
95028400
95028700
95028900
95029200
95029400
95029600
95029800
95030100
95030400
95030700
95030900
95031100
95031300
95031600
95031900
95032100
95032300
95032600
95032900
95033200
95033500
95033700
95033900
95034200
95034500
95034800
95035000
95035200
95035500
95035800
95036000
95036200
95036400
95036600
95036900
95037200
95037400
95037600
95037800
95038100
95038400
95038700
95039000
95039200
95039400
95039700
95040000
95040300
95040500
95040700
95041000
95041300
95041600
95041900
95042100
95042300
95042600
95042900
95043200
95043400
95043600
95043900
95044200
95044500
95044700
95044900
95045100
95045400
95045700
95045900
95046100
95046300
95046600
95046900
95047100
95047300
95047600
95047900
95048200
95048500
95048700
95048900
95049200
95049500
95049800
95050000
95050200
95050500
95050800
95051100
95051400
95051600
95051800
95052100
95052400
95052700
95052900
95053100
95053400
95381800
95382000
95382300
95382600
95382900
95383100
95383300
95383500
95383800
95384100
95384400
95384700
95384900
95385100
95385300
95385600
95385900
95386200
95386500
95386700
95386900
95387200
95387400
95387700
95388000
95388200
95388500
95388700
95388900
95389200
95389500
95389800
95390100
95390300
95390500
95390700
95391000
95391300
95391600
95391900
95392100
95392300
95392500
95392800
95393100
95393400
95393700
95393900
95394100
95394400
95394700
95395000
95395200
95395400
95395600
95395800
95396100
95396400
95396700
95396900
95397100
95397400
95397600
95397900
95398200
95398400
95398600
95398800
95399000
95399300
95399600
95399900
95400100
95400300
95400500
95400700
95401000
95401300
95401600
95401900
95402100
95402300
95402500
95402800
95403100
95403400
95403700
95403900
95404100
95404400
95404600
95404900
95405200
95405400
95405600
95405800
95406000
95406300
95406600
95406900
95598000
95598300
95598500
95598800
95599100
95599300
95599500
95599700
95600000
95600300
95600500
95600700
95601000
95601300
95601600
95601800
95602000
95602300
95602600
95602900
95603100
95603300
95603600
95603900
95604200
95604400
95604600
95604900
95605200
95605500
95605700
95605900
95606200
95606500
95606800
95607100
95607400
95607600
95607900
95608200
95608400
95608600
95608900
95609100
95609300
95609600
95609900
95610200
95610400
95610600
95610900
95611200
95611500
95611700
95611900
95612200
95612500
95612800
95613000
95613200
95613500
95613800
95614100
95614400
95614600
95614800
95615100
95615400
95615700
95615900
95616100
95616400
95616700
95616900
95617100
95617400
95617700
95618000
95618200
95618400
95618600
95618900
95619200
95619400
95619600
95619900
95620200
95620500
95620700
95620900
95621200
95621500
95621700
95621900
95622200
95622500
95622800
95623000
95623200
95623500
95891500
95891700
95891900
95892100
95892400
95892700
95893000
95893200
95893400
95893700
95894000
95894300
95894500
95894700
95895000
95895300
95895500
95895700
95895900
95896100
95896400
95896700
95896900
95897100
95897400
95897700
95898000
95898200
95898400
95898700
95899000
95899300
95899500
95899700
95900000
95900300
95900600
95900800
95901000
95901300
95901600
95901900
95902200
95902400
95902600
95902900
95903200
95903400
95903600
95903800
95904100
95904400
95904600
95904800
95905100
95905400
95905700
95905900
95906100
95906400
95906700
95907000
95907200
95907400
95907700
95908000
95908200
95908400
95908600
95908900
95909200
95909400
95909600
95909900
95910200
95910500
95910700
95910900
95911200
95911500
95911700
95911900
95912100
95912300
95912600
95912900
95913100
95913300
95913500
95913800
95914100
95914300
95914500
95914700
95915000
95915300
95915500
95915700
95916000
95916300
96250300
96250600
96250900
96251100
96251300
96251600
96251900
96252200
96252400
96252600
96252900
96253200
96253500
96253700
96253900
96254200
96254500
96254800
96255000
96255200
96255500
96255800
96256000
96256200
96256500
96256800
96257100
96257300
96257500
96257800
96258100
96258300
96258500
96258800
96259100
96259300
96259500
96259800
96260100
96260400
96260600
96260800
96261100
96261400
96261600
96261800
96262100
96262400
96262700
96262900
96263100
96263400
96263700
96263900
96264100
96264400
96264700
96265000
96265200
96265400
96265700
96266000
96266300
96266500
96266700
96267000
96267300
96267500
96267700
96267900
96268200
96268500
96268700
96268900
96269200
96269500
96269700
96269900
96270100
96270400
96270700
96270900
96271100
96271400
96271700
96271900
96272100
96272400
96272700
96273000
96273200
96273400
96273700
96274000
96274200
96274400
96274700
96275000
96275200
96275400
96467500
96467800
96468100
96468400
96468600
96468800
96469000
96469300
96469600
96469900
96470100
96470300
96470600
96470900
96471200
96471400
96471600
96471900
96472200
96472500
96472700
96472900
96473200
96473500
96473700
96473900
96474100
96474400
96474700
96474900
96475100
96475400
96475700
96475900
96476100
96476300
96476600
96476900
96477100
96477300
96477600
96477900
96478200
96478400
96478600
96478900
96479200
96479500
96479700
96479900
96480200
96480500
96480700
96480900
96481100
96481400
96481700
96481900
96482100
96482300
96482600
96482900
96483100
96483300
96483500
96483800
96484100
96484300
96484500
96484700
96485000
96485300
96485500
96485700
96485900
96486200
96486500
96486700
96486900
96487200
96487500
96487800
96488000
96488200
96488500
96488800
96489000
96489200
96489500
96489800
96490100
96490300
96490500
96490800
96491100
96491300
96491500
96491700
96492000
96492300
96760400
96760700
96760900
96761100
96761300
96761600
96761900
96762200
96762400
96762600
96762900
96763200
96763400
96763600
96763800
96764100
96764400
96764700
96764900
96765100
96765400
96765900
96766200
96766400
96766600
96766800
96767100
96767400
96767600
96767800
96768200
96768500
96768800
96769100
96769300
96769500
96769800
96770100
96770400
96770600
96770800
96771000
96771300
96771600
96771800
96772000
96772200
96772500
96772800
96773000
96773200
96773500
96773800
96774100
96774300
96774500
96774800
96775100
96775400
96775600
96775800
96776100
96776400
96776600
96776800
96777100
96777400
96777700
96777900
96778100
96778400
96778700
96779000
96779200
96779400
96779700
96780000
96780200
96780400
96780600
96780900
96781200
96781400
96781600
96781800
96782100
96782400
96782600
96782800
96783000
96783300
96783600
96783900
96784100
96784300
96784600
96784900
96785200
96785400
96785600
97117600
97117800
97118100
97118400
97118700
97118900
97119200
97119400
97119600
97119900
97120200
97120500
97120800
97121100
97121300
97121600
97121900
97122100
97122300
97122500
97122700
97123000
97123300
97123600
97123900
97124100
97124300
97124600
97124800
97125100
97125400
97125600
97125900
97126100
97126300
97126600
97126900
97127200
97127400
97127600
97127800
97128000
97128300
97128600
97128900
97129200
97129400
97129600
97129800
97130100
97130400
97130700
97131000
97131200
97131400
97131600
97131800
97132100
97132400
97132700
97133000
97133200
97133400
97133600
97133900
97134200
97134500
97134700
97134900
97135100
97135300
97135600
97135900
97136200
97136500
97136700
97136900
97137100
97137400
97137700
97138000
97138300
97138500
97138700
97138900
97139100
97139400
97139700
97140000
97140300
97140600
97140800
97141000
97141200
97141500
97141800
97142100
97142400
97142600
97142800
97336700
97336900
97337100
97337300
97337500
97337800
97338100
97338400
97338700
97339000
97339200
97339400
97339600
97339900
97340100
97340300
97340500
97340700
97340900
97341100
97341400
97341700
97342000
97342200
97342400
97342700
97343000
97343300
97343500
97343700
97343900
97344200
97344500
97344700
97344900
97345100
97345400
97345700
97345900
97346100
97346400
97346600
97346900
97347200
97347400
97347600
97347900
97348200
97348500
97348700
97348900
97349200
97349500
97349800
97350100
97350400
97350600
97350800
97351100
97351400
97351700
97351900
97352100
97352300
97352500
97352800
97353100
97353300
97353500
97353700
97354000
97354300
97354500
97354700
97354900
97355100
97355400
97355700
97355900
97356100
97356300
97356600
97356900
97357100
97357300
97357600
97357900
97358200
97358500
97358700
97358900
97359200
97359500
97359800
97360000
97360200
97360500
97360800
97361100
97361400
97630700
97631000
97631200
97631400
97631600
97631900
97632200
97632500
97632700
97632900
97633200
97633500
97633800
97634000
97634200
97634500
97634800
97635100
97635300
97635500
97635700
97636000
97636300
97636600
97636900
97637200
97637400
97637600
97637900
97638200
97638500
97638800
97639000
97639200
97639500
97639800
97640100
97640400
97640600
97640800
97641100
97641400
97641700
97642000
97642200
97642400
97642700
97643000
97643300
97643600
97643800
97644000
97644300
97644600
97644900
97645100
97645300
97645600
97645900
97646200
97646400
97646600
97646900
97647200
97647400
97647700
97647900
97648100
97648400
97648700
97649000
97649200
97649400
97649600
97649900
97650200
97650400
97650600
97650800
97651100
97651400
97651700
97651900
97652100
97652400
97652700
97653000
97653300
97653500
97653700
97654000
97654300
97654600
97654900
97655100
97655300
97655500
97655800
97656100
97656300
97992200
97992500
97992800
97993000
97993200
97993400
97993700
97994000
97994200
97994400
97994600
97994900
97995200
97995400
97995600
97995800
97996100
97996400
97996600
97996800
97997100
97997400
97997700
97997900
97998100
97998400
97998700
97999000
97999200
97999400
97999700
98000000
98000200
98000400
98000700
98001000
98001300
98001500
98001700
98002000
98002300
98002500
98002700
98003000
98003300
98003600
98003800
98004000
98004300
98004600
98004900
98005100
98005300
98005600
98005900
98006200
98006400
98006600
98006900
98007200
98007500
98007700
98007900
98008200
98008500
98008800
98009000
98009200
98009500
98009800
98010000
98010200
98010500
98010800
98011100
98011300
98011500
98011800
98012100
98012300
98012500
98012800
98013100
98013400
98013600
98013800
98014100
98014400
98014600
98014800
98015100
98015400
98015700
98015900
98016100
98016400
98016700
98016900
98017100
98017300
98210500
98210800
98211100
98211300
98211600
98211800
98212000
98212200
98212400
98212600
98212900
98213200
98213500
98213800
98214100
98214400
98214600
98214900
98215100
98215300
98215600
98215800
98216100
98216400
98216600
98216900
98217100
98217300
98217600
98217800
98218100
98218400
98218600
98218900
98219100
98219300
98219500
98219700
98220000
98220300
98220600
98220900
98221200
98221400
98221600
98221900
98222100
98222300
98222500
98222700
98223000
98223300
98223500
98223700
98223900
98224200
98224500
98224700
98224900
98225200
98225400
98225700
98226000
98226200
98226400
98226700
98227000
98227300
98227500
98227700
98228000
98228300
98228600
98228900
98229200
98229400
98229600
98229900
98230200
98230500
98230700
98230900
98231100
98231400
98231700
98232000
98232300
98232500
98232700
98232900
98233200
98233500
98233800
98234000
98234200
98234500
98234800
98235100
98235300
98235500
98505800
98506100
98506400
98506700
98507000
98507300
98507600
98507900
98508200
98508500
98508800
98509000
98509200
98509400
98509600
98509800
98510000
98510300
98510600
98510800
98511000
98511200
98511500
98511800
98512000
98512200
98512400
98512700
98513000
98513200
98513400
98513600
98513900
98514200
98514400
98514600
98514900
98515200
98515500
98515700
98515900
98516100
98516400
98516700
98516900
98517100
98517400
98517700
98518000
98518200
98518400
98518600
98518900
98519200
98519500
98519700
98519900
98520200
98520500
98520800
98521000
98521200
98521400
98521700
98522000
98522200
98522400
98522600
98522900
98523200
98523400
98523600
98523800
98524100
98524400
98524700
98524900
98525100
98525400
98525700
98525900
98526100
98526400
98526700
98527000
98527300
98527500
98527700
98528000
98528300
98528500
98528700
98529000
98529300
98529600
98529800
98530000
98530200
98530500
98530800
98866300
98866600
98866900
98867200
98867500
98867800
98868000
98868200
98868500
98868800
98869000
98869300
98869600
98869800
98870000
98870300
98870600
98870900
98871100
98871300
98871600
98871900
98872200
98872500
98872700
98872900
98873200
98873500
98873800
98874000
98874200
98874500
98874800
98875100
98875400
98875600
98875800
98876100
98876600
98876900
98877100
98877300
98877500
98877800
98878100
98878400
98878600
98878800
98879100
98879400
98879700
98879900
98880100
98880400
98880700
98880900
98881100
98881300
98881600
98881900
98882200
98882400
98882600
98882900
98883200
98883400
98883600
98883900
98884200
98884500
98884800
98885000
98885200
98885500
98885800
98886100
98886300
98886500
98886800
98887100
98887400
98887700
98887900
98888100
98888400
98888700
98889000
98889200
98889400
98889700
98890000
98890300
98890500
98890700
98890900
98891200
98891500
98891700
98891900
98892100
99087400
99087600
99087800
99088100
99088300
99088600
99088900
99089200
99089500
99089800
99090000
99090200
99090400
99090600
99090800
99091100
99091300
99091600
99091900
99092100
99092400
99092700
99092900
99093100
99093300
99093500
99093800
99094100
99094400
99094700
99095000
99095200
99095500
99095700
99095900
99096200
99096400
99096700
99097000
99097300
99097600
99097900
99098100
99098300
99098500
99098700
99099000
99099300
99099600
99099900
99100100
99100300
99100500
99100700
99101000
99101300
99101600
99101900
99102200
99102400
99102700
99102900
99103100
99103400
99103600
99103900
99104200
99104500
99104800
99105100
99105300
99105500
99105700
99105900
99106100
99106400
99106600
99106900
99107200
99107400
99107700
99108000
99108200
99108400
99108600
99108800
99109100
99109400
99109700
99110000
99110200
99110400
99110600
99110800
99111100
99111400
99111700
99112000
99112300
99112500
99414400
99414600
99414900
99415100
99415300
99415600
99415900
99416200
99416400
99416600
99416900
99417200
99417500
99417700
99417900
99418100
99418400
99418700
99419000
99419200
99419400
99419600
99419900
99420200
99420400
99420700
99420900
99421100
99421400
99421700
99422000
99422200
99422400
99422700
99423000
99423300
99423600
99423800
99424000
99424200
99424400
99424700
99425000
99425300
99425500
99425700
99425900
99426200
99426500
99426800
99427100
99427300
99427500
99427800
99428100
99428400
99428700
99428900
99429100
99429400
99429600
99429900
99430200
99430400
99430600
99430800
99431100
99431400
99431700
99431900
99432100
99432300
99432600
99432900
99433100
99433400
99433600
99433800
99434100
99434400
99434700
99434900
99435100
99435400
99435700
99436000
99436300
99436500
99436700
99437000
99437200
99437500
99437800
99438000
99438200
99438400
99438600
99438900
99439200
99439500
99775300
99775600
99775800
99776000
99776300
99776600
99776900
99777200
99777400
99777600
99777800
99778000
99778300
99778600
99778800
99779000
99779200
99779400
99779700
99780000
99780200
99780500
99780700
99780900
99781200
99781500
99781700
99782000
99782200
99782400
99782700
99783000
99783200
99783400
99783600
99783900
99784200
99784500
99784700
99784900
99785100
99785400
99785700
99785900
99786100
99786300
99786500
99786800
99787100
99787300
99787500
99787700
99787900
99788200
99788500
99788700
99788900
99789100
99789300
99789600
99789900
99790100
99790300
99790500
99790700
99791000
99791300
99791600
99791800
99792000
99792200
99792500
99792800
99793100
99793300
99793500
99793700
99794000
99794300
99794600
99794800
99795000
99795200
99795500
99795800
99796000
99796200
99796400
99796600
99796900
99797200
99797400
99797600
99797800
99798100
99798400
99798700
99798900
99799100
99799300
99994300
99994600
99994900
99995100
99995300
99995600
99995900
99996200
99996400
99996600
99996900
99997200
99997500
99997700
99997900
99998100
99998400
99998700
99998900
99999100
99999400
99999700
99999900
100000100
100000500
100000700
100001000
100001300
100001500
100001700
100002000
100002300
100002600
100002800
100003000
100003300
100003600
100003900
100004100
100004300
100004600
100004900
100005200
100005400
100005600
100005800
100006100
100006400
100006600
100006800
100007100
100007400
100007700
100007900
100008100
100008400
100008700
100009000
100009200
100009400
100009600
100009800
100010100
100010400
100010700
100010900
100011100
100011400
100011700
100012000
100012200
100012400
100012700
100013000
100013300
100013600
100013800
100014000
100014300
100014600
100014900
100015100
100015300
100015600
100015900
100016100
100016300
100016500
100016800
100017100
100017400
100017600
100017800
100018000
100018300
100018600
100018800
100019000
100019300
100019600
100292200
100292500
100292700
100293000
100293300
100293600
100293800
100294000
100294300
100294600
100294900
100295200
100295400
100295600
100295900
100296200
100296500
100296800
100297000
100297200
100297400
100297700
100298000
100298300
100298500
100298700
100299000
100299300
100299600
100299800
100300000
100300200
100300500
100300800
100301100
100301400
100301600
100301800
100302100
100302400
100302700
100302900
100303100
100303400
100303700
100304000
100304300
100304500
100304700
100305000
100305300
100305600
100305800
100306000
100306300
100306600
100306900
100307100
100307300
100307500
100307800
100308100
100308400
100308600
100308800
100309100
100309400
100309700
100309900
100310100
100310400
100310700
100311000
100311300
100311500
100311700
100312000
100312300
100312600
100312900
100313100
100313300
100313600
100313900
100314200
100314400
100314600
100314800
100315100
100315400
100315700
100315900
100316100
100316300
100316600
100316900
100317200
100317400
100317600
100317900
100659100
100659400
100659600
100659900
100660100
100660300
100660600
100660900
100661200
100661400
100661600
100661900
100662200
100662400
100662600
100662800
100663100
100663400
100663600
100663800
100664000
100664300
100664600
100664900
100665100
100665300
100665600
100665900
100666200
100666400
100666600
100666900
100667200
100667400
100667700
100667900
100668100
100668400
100668700
100669000
100669200
100669400
100669700
100670000
100670300
100670500
100670700
100671000
100671300
100671600
100671900
100672100
100672300
100672600
100672900
100673200
100673400
100673600
100673900
100674200
100674400
100674600
100674900
100675200
100675500
100675800
100676000
100676200
100676500
100676800
100677000
100677200
100677500
100677800
100678100
100678300
100678500
100678800
100679100
100679400
100679700
100679900
100680100
100680400
100680700
100680900
100681100
100681300
100681600
100681900
100682100
100682300
100682500
100682800
100683100
100683400
100683700
100683900
100684100
100684400
100880500
100880700
100880900
100881100
100881300
100881600
100881900
100882200
100882400
100882600
100882900
100883200
100883500
100883700
100883900
100884100
100884400
100884700
100885000
100885200
100885400
100885700
100886000
100886300
100886600
100887000
100887300
100887700
100888000
100888300
100888600
100889000
100889300
100889700
100890000
100890300
100890700
100891000
100891400
100891700
100892100
100892500
100892800
100893100
100893500
100893800
100894200
100894600
100895000
100895400
100895700
100896100
100896500
100896900
100897200
100897500
100897800
100898100
100898500
100898900
100899200
100899600
100899900
100900200
100900600
100900900
100901300
100901600
100901900
100902300
100902600
100903000
100903400
100903800
100904100
100904500
100904800
100905100
100905500
100905800
100906100
100906400
100906700
100907000
100907300
100907600
100907900
100908200
100908500
100908700
100908900
100909200
100909500
100909800
100910000
100910200
100910500
100910800
100911100
100911300
101188000
101188300
101188500
101188800
101189100
101189400
101189700
101190000
101190300
101190600
101190900
101191200
101191400
101191600
101191800
101192000
101192300
101192500
101192800
101193100
101193300
101193600
101193900
101194200
101194500
101194800
101195100
101195300
101195600
101195800
101196000
101196300
101196500
101196800
101197100
101197400
101197700
101198000
101198300
101198500
101198800
101199000
101199200
101199400
101199600
101199900
101200200
101200500
101200800
101201100
101201400
101201700
101202000
101202200
101202400
101202600
101202900
101203100
101203400
101203600
101203800
101204100
101204300
101204600
101204900
101205200
101205500
101205800
101206100
101206300
101206500
101206700
101206900
101207200
101207500
101207800
101208100
101208400
101208700
101209000
101209200
101209400
101209600
101209800
101210100
101210400
101210700
101211000
101211300
101211600
101211800
101212100
101212300
101212500
101212700
101212900
101213200
101213500
101213800
101214100
101558600
101558900
101559100
101559300
101559600
101559900
101560200
101560500
101560800
101561100
101561300
101561500
101561800
101562000
101562200
101562400
101562600
101562900
101563100
101563400
101563700
101564000
101564200
101564400
101564600
101564800
101565100
101565400
101565700
101566000
101566300
101566500
101566700
101566900
101567200
101567500
101567800
101568100
101568300
101568600
101568800
101569000
101569200
101569500
101569800
101570100
101570400
101570700
101571000
101571200
101571400
101571600
101571800
101572100
101572400
101572700
101573000
101573300
101573500
101573700
101573900
101574100
101574400
101574700
101575000
101575200
101575500
101575700
101575900
101576100
101576400
101576700
101577000
101577300
101577500
101577700
101577900
101578200
101578500
101578800
101579100
101579400
101579600
101579800
101580000
101580300
101580600
101580900
101581200
101581400
101581600
101581800
101582100
101582400
101582700
101583000
101583300
101583500
101583700
101583900
101781600
101781900
101782200
101782400
101782700
101782900
101783100
101783300
101783500
101783700
101783900
101784100
101784400
101784600
101784900
101785200
101785500
101785800
101786000
101786300
101786500
101786700
101786900
101787100
101787300
101787500
101787700
101788000
101788200
101788500
101788800
101789100
101789400
101789700
101790000
101790300
101790500
101790800
101791000
101791200
101791500
101791700
101791900
101792100
101792300
101792600
101792800
101793100
101793400
101793700
101794000
101794300
101794600
101794900
101795100
101795400
101795600
101795800
101796000
101796200
101796400
101796600
101796800
101797100
101797400
101797700
101798000
101798300
101798600
101798800
101799100
101799300
101799500
101799700
101799900
101800200
101800400
101800700
101801000
101801300
101801600
101801900
101802200
101802500
101802700
101803000
101803300
101803500
101803800
101804000
101804200
101804400
101804600
101804900
101805100
101805300
101805600
101805800
101806100
101806400
102084600
102084900
102085100
102085400
102085700
102086000
102086300
102086600
102086900
102087100
102087400
102087600
102087900
102088200
102088500
102088800
102089100
102089300
102089500
102089700
102089900
102090200
102090500
102090800
102091100
102091400
102091600
102091800
102092000
102092200
102092500
102092800
102093100
102093400
102093700
102093900
102094100
102094300
102094500
102094800
102095100
102095400
102095700
102096000
102096300
102096500
102096800
102097000
102097200
102097500
102097700
102098000
102098300
102098600
102098900
102099200
102099500
102099800
102100100
102100300
102100500
102100800
102101000
102101300
102101600
102101900
102102200
102102500
102102700
102102900
102103100
102103300
102103600
102103900
102104200
102104500
102104800
102105000
102105200
102105500
102105700
102106000
102106300
102106600
102106900
102107200
102107400
102107600
102107800
102108000
102108300
102108600
102108900
102109200
102109500
102109800
102110000
102110200
102110400
102110600
102453900
102454200
102454400
102454600
102454800
102455100
102455400
102455700
102455900
102456100
102456400
102456700
102457000
102457200
102457400
102457600
102457900
102458200
102458400
102458600
102458800
102459100
102459400
102459600
102459800
102460000
102460300
102460600
102460800
102461000
102461300
102461600
102461900
102462100
102462300
102462600
102462900
102463200
102463400
102463600
102463900
102464200
102464500
102464700
102464900
102465200
102465500
102465800
102466000
102466200
102466500
102466800
102467100
102467300
102467500
102467800
102468100
102468400
102468700
102468900
102469100
102469400
102469700
102470000
102470200
102470400
102470600
102470900
102471200
102471400
102471600
102471800
102472000
102472300
102472600
102472800
102473000
102473300
102473600
102473900
102474100
102474300
102474600
102474900
102475200
102475400
102475600
102475900
102476200
102476500
102476700
102476900
102477100
102477400
102477700
102477900
102478100
102478300
102478600
102478900
102677400
102677700
102678000
102678300
102678500
102678700
102678900
102679200
102679500
102679800
102680000
102680200
102680500
102680800
102681100
102681300
102681500
102681800
102682100
102682300
102682500
102682800
102683100
102683400
102683600
102683800
102684100
102684400
102684600
102684800
102685100
102685400
102685700
102685900
102686100
102686400
102686700
102687000
102687200
102687400
102687700
102688000
102688300
102688500
102688700
102689000
102689300
102689600
102689800
102690000
102690300
102690600
102690900
102691100
102691300
102691600
102691900
102692200
102692400
102692600
102692900
102693200
102693400
102693600
102693800
102694100
102694400
102694600
102694800
102695100
102695400
102695700
102695900
102696100
102696400
102696700
102696900
102697100
102697400
102697700
102698000
102698200
102698400
102698700
102699000
102699200
102699400
102699600
102699900
102700200
102700400
102700600
102700800
102701100
102701400
102701600
102701800
102702100
102702400
102702700
102991900
102992200
102992500
102992800
102993100
102993300
102993500
102993700
102994000
102994300
102994500
102994700
102994900
102995200
102995500
102995700
102995900
102996100
102996400
102996700
102996900
102997100
102997300
102997600
102997900
102998100
102998300
102998500
102998800
102999100
102999300
102999500
102999700
103000000
103000300
103000600
103000800
103001000
103001300
103001600
103001900
103002100
103002300
103002600
103002900
103003200
103003400
103003600
103003800
103004100
103004400
103004600
103004800
103005000
103005300
103005600
103005800
103006000
103006200
103006500
103006800
103007000
103007200
103007500
103007800
103008100
103008300
103008500
103008800
103009100
103009400
103009600
103009800
103010100
103010400
103010700
103010900
103011100
103011400
103011700
103011900
103012100
103012300
103012500
103012800
103013100
103013300
103013500
103013700
103014000
103014300
103014600
103014800
103015000
103015300
103015600
103015900
103016100
103016300
103016500
103361300
103361600
103361900
103362200
103362500
103362700
103362900
103363100
103363400
103363700
103364000
103364200
103364400
103364700
103365000
103365300
103365500
103365700
103366000
103366300
103366600
103366800
103367000
103367300
103367600
103367900
103368100
103368300
103368600
103368900
103369200
103369400
103369600
103369800
103370100
103370400
103370600
103370800
103371000
103371300
103371600
103371900
103372200
103372400
103372600
103372800
103373000
103373300
103373600
103373800
103374000
103374300
103374600
103374900
103375100
103375300
103375600
103375900
103376200
103376400
103376600
103376900
103377200
103377500
103377700
103377900
103378200
103378500
103378800
103379000
103379200
103379500
103379800
103380100
103380300
103380500
103380800
103381100
103381400
103381600
103381800
103382100
103382400
103382700
103382900
103383100
103383300
103383600
103383900
103384200
103384400
103384600
103384900
103385200
103385400
103385600
103385900
103386200
103386500
103386700
103585800
103586100
103586400
103586600
103586800
103587000
103587300
103587600
103587900
103588100
103588300
103588600
103588900
103589200
103589400
103589600
103589900
103590200
103590500
103590700
103590900
103591200
103591500
103591700
103591900
103592100
103592400
103592700
103592900
103593100
103593400
103593700
103594000
103594200
103594400
103594700
103595000
103595200
103595400
103595700
103596000
103596300
103596500
103596700
103597000
103597300
103597500
103597700
103597900
103598200
103598500
103598700
103598900
103599200
103599500
103599800
103600000
103600200
103600500
103600800
103601100
103601300
103601500
103601700
103602000
103602300
103602500
103602700
103603000
103603300
103603600
103603800
103604000
103604300
103604600
103604900
103605100
103605300
103605600
103605900
103606200
103606400
103606600
103606900
103607200
103607400
103607600
103607900
103608200
103608500
103608700
103608900
103609200
103609500
103609700
103609900
103610200
103610500
103610800
103611000
103889900
103890100
103890300
103890600
103890900
103891200
103891500
103891700
103891900
103892200
103892500
103892800
103893000
103893200
103893500
103893800
103894100
103894300
103894500
103894700
103895000
103895300
103895500
103895700
103895900
103896200
103896500
103896800
103897000
103897200
103897500
103897800
103898100
103898300
103898500
103898800
103899100
103899300
103899500
103899700
103900000
103900300
103900500
103900700
103901000
103901300
103901600
103901800
103902000
103902300
103902600
103902900
103903100
103903300
103903600
103903900
103904100
103904300
103904500
103904800
103905100
103905300
103905500
103905700
103906000
103906300
103906500
103906700
103906900
103907200
103907500
103907800
103908000
103908200
103908500
103908800
103909100
103909300
103909500
103909800
103910100
103910400
103910600
103910800
103911100
103911400
103911700
103911900
103912100
103912400
103912700
103913000
103913200
103913400
103913600
103913900
103914200
103914400
103914600
103914800
104261200
104261500
104261800
104262100
104262400
104262700
104262900
104263100
104263300
104263600
104263900
104264100
104264300
104264500
104264800
104265100
104265400
104265600
104265800
104266000
104266300
104266600
104266900
104267100
104267300
104267600
104267900
104268200
104268400
104268600
104268800
104269100
104269400
104269700
104269900
104270100
104270300
104270600
104270900
104271100
104271300
104271500
104271800
104272100
104272300
104272500
104272700
104273000
104273300
104273600
104273800
104274000
104274300
104274600
104274800
104275000
104275200
104275500
104275800
104276100
104276300
104276500
104276800
104277100
104277400
104277600
104277800
104278100
104278400
104278700
104278900
104279100
104279300
104279600
104279900
104280200
104280400
104280600
104280800
104281100
104281400
104281700
104281900
104282100
104282400
104282700
104283000
104283200
104283400
104283600
104283900
104284200
104284400
104284600
104284800
104285100
104285400
104285600
104285800
104286100
104485800
104486100
104486400
104486700
104486900
104487100
104487400
104487700
104488000
104488200
104488400
104488600
104488900
104489200
104489500
104489700
104489900
104490200
104490500
104490800
104491100
104491300
104491500
104491800
104492100
104492400
104492600
104492800
104493100
104493400
104493600
104493800
104494100
104494400
104494700
104495000
104495200
104495400
104495700
104496000
104496200
104496400
104496700
104497000
104497300
104497500
104497700
104498000
104498300
104498500
104498700
104499000
104499300
104499600
104499800
104500000
104500200
104500500
104500800
104501100
104501300
104501500
104501800
104502100
104502400
104502600
104502800
104503100
104503400
104503700
104503900
104504100
104504400
104504700
104505000
104505200
104505400
104505600
104505900
104506200
104506400
104506600
104506900
104507200
104507400
104507600
104507800
104508100
104508400
104508600
104508800
104509100
104509400
104509700
104509900
104510100
104510400
104510700
104511000
104511200
104785000
104785300
104785500
104785700
104786000
104786300
104786600
104786800
104787000
104787200
104787500
104787800
104788000
104788200
104788400
104788700
104789000
104789200
104789400
104789600
104789900
104790200
104790500
104790700
104790900
104791200
104791500
104791800
104792000
104792200
104792500
104792800
104793100
104793300
104793500
104793800
104794100
104794400
104794600
104794800
104795100
104795400
104795700
104795900
104796100
104796300
104796600
104796900
104797100
104797300
104797500
104797800
104798100
104798300
104798500
104798800
104799100
104799400
104799600
104799800
104800100
104800400
104800600
104800800
104801100
104801400
104801700
104801900
104802100
104802400
104802700
104803000
104803300
104803500
104803700
104804000
104804300
104804600
104804800
104805000
104805300
104805600
104805900
104806100
104806300
104806600
104806900
104807200
104807400
104807600
104807900
104808200
104808500
104808700
104808900
104809200
104809500
104809800
104810000
104810200
105151100
105151400
105151600
105151800
105152000
105152300
105152600
105152900
105153100
105153300
105153600
105153900
105154200
105154400
105154600
105154800
105155100
105155400
105155700
105155900
105156100
105156300
105156600
105156900
105157100
105157300
105157500
105157800
105158100
105158300
105158500
105158700
105158900
105159200
105159500
105159800
105160000
105160200
105160500
105160800
105161100
105161300
105161500
105161700
105162000
105162300
105162600
105162800
105163000
105163200
105163500
105163800
105164100
105164300
105164500
105164800
105165100
105165400
105165600
105165800
105166000
105166300
105166600
105166900
105167100
105167300
105167600
105167900
105168200
105168400
105168600
105168900
105169200
105169500
105169700
105169900
105170100
105170400
105170700
105170900
105171100
105171300
105171600
105171900
105172200
105172400
105172600
105172900
105173200
105173500
105173800
105174000
105174200
105174400
105174700
105175000
105175200
105175400
105175600
105175900
105372000
105372300
105372600
105372900
105373100
105373300
105373600
105373900
105374200
105374400
105374600
105374900
105375200
105375500
105375700
105375900
105376100
105376400
105376700
105377000
105377200
105377400
105377700
105378000
105378300
105378500
105378700
105379000
105379300
105379600
105379800
105380000
105380300
105380600
105380900
105381100
105381300
105381500
105381800
105382100
105382300
105382500
105382700
105383000
105383300
105383500
105383700
105383900
105384200
105384500
105384700
105384900
105385100
105385400
105385700
105385900
105386100
105386400
105386900
105387200
105387500
105387700
105387900
105388200
105388500
105388700
105388900
105389200
105389500
105389800
105390000
105390200
105390500
105390800
105391100
105391300
105391500
105391800
105392100
105392400
105392600
105392800
105393100
105393400
105393700
105393900
105394100
105394400
105394700
105395000
105395200
105395400
105395600
105395900
105396200
105396400
105396600
105396800
105397100
105397400
105679200
105679500
105679800
105680100
105680300
105680500
105680700
105680900
105681200
105681500
105681800
105682000
105682200
105682400
105682700
105683000
105683200
105683400
105683700
105684000
105684300
105684600
105684800
105685000
105685300
105685600
105685800
105686000
105686200
105686500
105686800
105687000
105687200
105687400
105687700
105688000
105688200
105688400
105688600
105688900
105689200
105689500
105689700
105689900
105690200
105690500
105690800
105691000
105691200
105691500
105691800
105692100
105692300
105692500
105692800
105693100
105693400
105693600
105693800
105694000
105694300
105694600
105694900
105695100
105695300
105695500
105695700
105696000
105696300
105696600
105696800
105697000
105697200
105697500
105697800
105698100
105698400
105698700
105698900
105699100
105699300
105699600
105699900
105700200
105700400
105700600
105700900
105701200
105701500
105701700
105701900
105702200
105702500
105702800
105703000
105703200
105703500
105703800
105704000
105704200
106048800
106049000
106049200
106049400
106049600
106049900
106050200
106050500
106050700
106050900
106051100
106051400
106051700
106052000
106052200
106052400
106052700
106053000
106053300
106053500
106053700
106054000
106054300
106054600
106054800
106055000
106055200
106055500
106055800
106056100
106056300
106056500
106056800
106057100
106057400
106057600
106057800
106058100
106058400
106058700
106058900
106059100
106059400
106059700
106060000
106060200
106060400
106060700
106061000
106061300
106061500
106061700
106062000
106062300
106062600
106062800
106063000
106063300
106063600
106063800
106064000
106064200
106064500
106064800
106065100
106065300
106065500
106065800
106066100
106066400
106066600
106066800
106067100
106067400
106067700
106067900
106068100
106068300
106068600
106068900
106069100
106069300
106069500
106069800
106070100
106070400
106070600
106070800
106071100
106071400
106071700
106071900
106072100
106072400
106072700
106073000
106073200
106073400
106073700
106074000
106274200
106274500
106274800
106275100
106275300
106275500
106275700
106276000
106276300
106276600
106276800
106277000
106277300
106277600
106277900
106278100
106278300
106278600
106278900
106279200
106279400
106279600
106279900
106280200
106280400
106280600
106280800
106281100
106281400
106281600
106281800
106282100
106282400
106282600
106282800
106283000
106283300
106283600
106283800
106284000
106284300
106284600
106284800
106285000
106285300
106285600
106285900
106286100
106286300
106286600
106286900
106287200
106287400
106287600
106287900
106288200
106288400
106288600
106288800
106289100
106289400
106289600
106289800
106290000
106290300
106290600
106290800
106291000
106291300
106291600
106291900
106292100
106292300
106292600
106292900
106293200
106293400
106293600
106293900
106294200
106294500
106294700
106294900
106295200
106295500
106295700
106295900
106296200
106296500
106296800
106297000
106297200
106297500
106297800
106298000
106298200
106298500
106298800
106299100
106299300
106583900
106584200
106584400
106584600
106584800
106585100
106585400
106585700
106585900
106586100
106586300
106586600
106586900
106587200
106587400
106587600
106587800
106588100
106588400
106588700
106588900
106589100
106589400
106589700
106590000
106590200
106590400
106590700
106591000
106591300
106591500
106591700
106592000
106592300
106592600
106592800
106593000
106593300
106593600
106593900
106594100
106594300
106594600
106594900
106595200
106595400
106595600
106595900
106596200
106596500
106596700
106596900
106597100
106597300
106597600
106597900
106598200
106598400
106598600
106598800
106599100
106599400
106599700
106599900
106600100
106600400
106600700
106601000
106601200
106601400
106601600
106601900
106602200
106602500
106602800
106603000
106603200
106603500
106603800
106604100
106604300
106604500
106604800
106605100
106605300
106605500
106605700
106606000
106606300
106606500
106606700
106607000
106607300
106607600
106607800
106608000
106608300
106608600
106608900
106609100
106953600
106953900
106954200
106954400
106954600
106954900
106955200
106955500
106955800
106956000
106956200
106956500
106956800
106957100
106957300
106957500
106957700
106958000
106958300
106958600
106958800
106959000
106959200
106959500
106959800
106960000
106960200
106960400
106960700
106961000
106961200
106961400
106961600
106961900
106962200
106962400
106962600
106962900
106963200
106963500
106963700
106963900
106964200
106964500
106964800
106965000
106965200
106965500
106965800
106966000
106966200
106966400
106966700
106967000
106967200
106967400
106967700
106968000
106968300
106968500
106968700
106969000
106969300
106969600
106969800
106970000
106970300
106970600
106970900
106971100
106971300
106971500
106971800
106972100
106972300
106972500
106972700
106973000
106973300
106973600
106973800
106974000
106974300
106974600
106974900
106975100
106975300
106975600
106975900
106976100
106976300
106976500
106976800
106977100
106977300
106977500
106977700
106978000
106978300
106978500
107177500
107177700
107178000
107178200
107178400
107178600
107178900
107179200
107179500
107179700
107179900
107180100
107180400
107180700
107180900
107181100
107181300
107181600
107181900
107182200
107182400
107182600
107182900
107183200
107183400
107183600
107183800
107184100
107184400
107184600
107184800
107185100
107185400
107185700
107185900
107186100
107186400
107186700
107186900
107187100
107187300
107187600
107187900
107188100
107188300
107188500
107188800
107189100
107189300
107189500
107189700
107190000
107190300
107190500
107190700
107190900
107191200
107191500
107191700
107191900
107192100
107192400
107192700
107193000
107193200
107193400
107193700
107194000
107194300
107194500
107194700
107195000
107195300
107195600
107195800
107196000
107196300
107196600
107196900
107197100
107197300
107197600
107197900
107198100
107198300
107198500
107198800
107199100
107199300
107199500
107199700
107200000
107200300
107200600
107200800
107201000
107201300
107201600
107201900
107202100
107480800
107481000
107481200
107481400
107481700
107482000
107482300
107482600
107482900
107483100
107483300
107483500
107483800
107484100
107484400
107484600
107484800
107485100
107485400
107485700
107485900
107486100
107486300
107486600
107486900
107487200
107487400
107487600
107487900
107488200
107488500
107488700
107488900
107489200
107489500
107489800
107490000
107490200
107490500
107490800
107491100
107491300
107491500
107491800
107492100
107492400
107492600
107492800
107493100
107493400
107493600
107493800
107494000
107494300
107494600
107494800
107495000
107495300
107495600
107495900
107496100
107496300
107496600
107496900
107497200
107497400
107497600
107497800
107498100
107498400
107498600
107498800
107499000
107499300
107499600
107499900
107500100
107500300
107500600
107500900
107501200
107501400
107501600
107501900
107502200
107502500
107502700
107502900
107503200
107503500
107503800
107504000
107504200
107504500
107504800
107505000
107505200
107505400
107505700
107506000
107856200
107856500
107856800
107857100
107857300
107857500
107857800
107858100
107858400
107858600
107858800
107859000
107859300
107859600
107859900
107860100
107860300
107860600
107860900
107861200
107861400
107861600
107861900
107862200
107862500
107862800
107863000
107863200
107863500
107863800
107864100
107864300
107864500
107864800
107865100
107865300
107865500
107865700
107866000
107866300
107866500
107866700
107867000
107867300
107867600
107867800
107868000
107868300
107868600
107868800
107869000
107869200
107869500
107869800
107870000
107870200
107870400
107870700
107871000
107871200
107871400
107871600
107871900
107872200
107872400
107872600
107872800
107873100
107873400
107873700
107873900
107874100
107874400
107874700
107875000
107875200
107875400
107875700
107876000
107876300
107876500
107876700
107877000
107877300
107877600
107877800
107878000
107878300
107878600
107878900
107879100
107879300
107879600
107879900
107880100
107880300
107880600
107880900
107881200
107881400
108082200
108082500
108082800
108083000
108083200
108083400
108083700
108084000
108084300
108084500
108084700
108085000
108085300
108085600
108085800
108086000
108086300
108086600
108086900
108087100
108087300
108087600
108087900
108088200
108088400
108088600
108088900
108089200
108089500
108089700
108089900
108090200
108090500
108090700
108090900
108091100
108091400
108091700
108091900
108092100
108092300
108092600
108092900
108093200
108093400
108093600
108093900
108094200
108094500
108094700
108094900
108095200
108095500
108095800
108096100
108096300
108096500
108096700
108097000
108097300
108097600
108097800
108098000
108098300
108098600
108098900
108099100
108099300
108099600
108099900
108100200
108100400
108100600
108100900
108101200
108101500
108101700
108101900
108102200
108102500
108102700
108103000
108103300
108103500
108103700
108103900
108104100
108104300
108104500
108104700
108104900
108105200
108105500
108105700
108105900
108106100
108106400
108106700
108107000
108107200
108390400
108390700
108391000
108391300
108391600
108391800
108392000
108392300
108392600
108392900
108393100
108393300
108393600
108393900
108394200
108394400
108394600
108394900
108395200
108395500
108395700
108395900
108396200
108396500
108396800
108397000
108397200
108397400
108397700
108398000
108398300
108398500
108398700
108399000
108399300
108399600
108399800
108400000
108400200
108400500
108400800
108401100
108401300
108401500
108401800
108402100
108402400
108402600
108402800
108403100
108403400
108403700
108403900
108404100
108404400
108404700
108405000
108405200
108405400
108405700
108406000
108406300
108406500
108406700
108407000
108407300
108407600
108407800
108408000
108408300
108408600
108408900
108409100
108409300
108409500
108409800
108410100
108410300
108410500
108410700
108411000
108411300
108411500
108411700
108411900
108412200
108412500
108412800
108413000
108413200
108413500
108413800
108414100
108414400
108414600
108414800
108415100
108415400
108415700
108415900
108762100
108762400
108762700
108763000
108763300
108763500
108763700
108763900
108764200
108764500
108764700
108764900
108765100
108765400
108765700
108765900
108766100
108766400
108766700
108767000
108767200
108767400
108767700
108768000
108768300
108768500
108768700
108769000
108769300
108769600
108769800
108770000
108770300
108770600
108770900
108771100
108771300
108771600
108771900
108772200
108772400
108772600
108772800
108773100
108773400
108773600
108773800
108774000
108774300
108774600
108774900
108775100
108775300
108775600
108775900
108776200
108776400
108776600
108776900
108777200
108777400
108777600
108777800
108778100
108778400
108778600
108778800
108779100
108779400
108779700
108779900
108780100
108780400
108780700
108781000
108781200
108781400
108781700
108782000
108782200
108782400
108782600
108782900
108783200
108783500
108783700
108783900
108784200
108784500
108784800
108785000
108785200
108785500
108785800
108786100
108786300
108786500
108786800
108787100
108787400
108990100
108990400
108990600
108990800
108991100
108991400
108991700
108991900
108992100
108992400
108992700
108992900
108993100
108993300
108993600
108993900
108994100
108994300
108994500
108994800
108995100
108995400
108995600
108995800
108996100
108996400
108996700
108996900
108997100
108997400
108997700
108998000
108998200
108998400
108998700
108999000
108999300
108999500
108999700
109000000
109000300
109000500
109000700
109000900
109001200
109001500
109001700
109001900
109002200
109002500
109002700
109002900
109003100
109003400
109003700
109003900
109004100
109004400
109004700
109005000
109005200
109005400
109005700
109006000
109006300
109006500
109006700
109007000
109007300
109007600
109007800
109008000
109008300
109008600
109008900
109009100
109009300
109009600
109009900
109010200
109010400
109010600
109010900
109011200
109011500
109011700
109011900
109012200
109012500
109012800
109013000
109013200
109013500
109013800
109014000
109014200
109014400
109014700
109015000
109015200
109294300
109294600
109294800
109295000
109295200
109295400
109295700
109296000
109296300
109296500
109296700
109297000
109297300
109297600
109297800
109298000
109298300
109298600
109298900
109299200
109299400
109299600
109299900
109300200
109300500
109300700
109300900
109301200
109301500
109301800
109302000
109302200
109302400
109302700
109303000
109303200
109303400
109303600
109303900
109304200
109304400
109304600
109304800
109305100
109305400
109305600
109305800
109306000
109306200
109306500
109306800
109307000
109307200
109307400
109307700
109308000
109308200
109308400
109308700
109309000
109309300
109309500
109309700
109309900
109310200
109310500
109310800
109311000
109311200
109311500
109311800
109312100
109312300
109312500
109312800
109313100
109313400
109313600
109313800
109314100
109314400
109314700
109315000
109315200
109315400
109315700
109316000
109316300
109316500
109316700
109316900
109317200
109317500
109317700
109317900
109318100
109318300
109318600
109318900
109319100
109670700
109671000
109671300
109671600
109671800
109672000
109672300
109672600
109672900
109673100
109673300
109673600
109673900
109674200
109674400
109674600
109674900
109675200
109675500
109675700
109675900
109676100
109676300
109676600
109676900
109677100
109677300
109677500
109677800
109678100
109678400
109678600
109678800
109679100
109679400
109679700
109680000
109680200
109680400
109680700
109681000
109681300
109681500
109681700
109682000
109682300
109682600
109682800
109683000
109683300
109683600
109683900
109684100
109684300
109684600
109684900
109685200
109685400
109685600
109685900
109686200
109686500
109686700
109686900
109687200
109687500
109687800
109688100
109688300
109688500
109688800
109689100
109689400
109689600
109689800
109690100
109690400
109690700
109690900
109691100
109691300
109691600
109691900
109692100
109692300
109692500
109692800
109693100
109693400
109693700
109693900
109694100
109694400
109694700
109695000
109695200
109695400
109695700
109696000
109696300
109899900
109900100
109900300
109900600
109900900
109901200
109901400
109901600
109901800
109902100
109902400
109902700
109902900
109903100
109903400
109903700
109904000
109904200
109904400
109904700
109905000
109905200
109905400
109905600
109905900
109906200
109906400
109906600
109906900
109907200
109907500
109907700
109907900
109908200
109908500
109908800
109909000
109909200
109909500
109909800
109910000
109910200
109910500
109910800
109911100
109911300
109911500
109911800
109912100
109912400
109912600
109912800
109913100
109913400
109913600
109913800
109914000
109914300
109914600
109914800
109915000
109915200
109915500
109915800
109916000
109916200
109916400
109916700
109917000
109917200
109917400
109917700
109918000
109918300
109918500
109918700
109919000
109919300
109919500
109919700
109919900
109920200
109920500
109920700
109920900
109921200
109921500
109921700
109921900
109922100
109922400
109922700
109922900
109923100
109923300
109923500
109923700
109923900
109924200
109924500
110212900
110213200
110213500
110213800
110214100
110214400
110214700
110215000
110215300
110215600
110215800
110216000
110216300
110216600
110216900
110217100
110217300
110217600
110217900
110218200
110218400
110218600
110218900
110219200
110219500
110219700
110219900
110220200
110220500
110220700
110220900
110221200
110221500
110221800
110222000
110222200
110222500
110222800
110223000
110223200
110223500
110223800
110224100
110224300
110224500
110224800
110225100
110225400
110225600
110225800
110226100
110226400
110226700
110226900
110227100
110227400
110227700
110228000
110228200
110228400
110228700
110229000
110229300
110229500
110229700
110230000
110230300
110230600
110230800
110231000
110231300
110231600
110231800
110232000
110232200
110232500
110232800
110233000
110233200
110233500
110233800
110234100
110234300
110234500
110234800
110235100
110235300
110235500
110235800
110236100
110236400
110236600
110236800
110237100
110237400
110237600
110237800
110238000
110238300
110238600
110592800
110593100
110593400
110593700
110593900
110594100
110594300
110594600
110594900
110595200
110595400
110595600
110595900
110596200
110596500
110596700
110596900
110597200
110597500
110597700
110597900
110598200
110598500
110598700
110598900
110599100
110599400
110599700
110599900
110600100
110600400
110600700
110601000
110601200
110601400
110601700
110602000
110602200
110602400
110602600
110602900
110603200
110603400
110603600
110603800
110604100
110604400
110604600
110604800
110605000
110605300
110605600
110605800
110606000
110606200
110606500
110606800
110607000
110607200
110607500
110607800
110608100
110608300
110608500
110608800
110609100
110609300
110609500
110609700
110610000
110610300
110610500
110610700
110611000
110611300
110611500
110611700
110612000
110612300
110612600
110612800
110613000
110613300
110613600
110613900
110614100
110614300
110614600
110614900
110615100
110615300
110615600
110615900
110616200
110616400
110616600
110616900
110617200
110617500
110617700
110823100
110823400
110823700
110824000
110824300
110824500
110824700
110824900
110825200
110825500
110825700
110825900
110826100
110826400
110826700
110826900
110827100
110827400
110827700
110828000
110828200
110828400
110828700
110829000
110829200
110829400
110829700
110830000
110830200
110830400
110830700
110831000
110831300
110831500
110831700
110832000
110832300
110832500
110832700
110833000
110833300
110833600
110833900
110834100
110834300
110834600
110834900
110835100
110835300
110835500
110835800
110836100
110836300
110836500
110836800
110837100
110837400
110837600
110837800
110838100
110838400
110838700
110838900
110839100
110839400
110839700
110839900
110840100
110840300
110840600
110840900
110841100
110841300
110841600
110841900
110842200
110842400
110842600
110842900
110843200
110843400
110843600
110843900
110844200
110844400
110844600
110844900
110845200
110845500
110845700
110845900
110846200
110846500
110846700
110846900
110847100
110847400
110847700
110847900
110848100
111133300
111133600
111133900
111134100
111134300
111134600
111134900
111135200
111135400
111135600
111135800
111136100
111136400
111136600
111136800
111137000
111137300
111137600
111137800
111138000
111138300
111138600
111138900
111139100
111139300
111139600
111139900
111140100
111140300
111140600
111140900
111141200
111141400
111141600
111141900
111142200
111142400
111142600
111142900
111143200
111143500
111143700
111143900
111144200
111144500
111144800
111145000
111145200
111145500
111145800
111146100
111146300
111146500
111146800
111147100
111147400
111147600
111147800
111148100
111148400
111148700
111148900
111149100
111149400
111149700
111149900
111150100
111150300
111150600
111150900
111151100
111151300
111151600
111151900
111152200
111152400
111152600
111152900
111153200
111153400
111153600
111153900
111154200
111154500
111154700
111154900
111155200
111155500
111155700
111155900
111156200
111156500
111156800
111157000
111157200
111157500
111157800
111158100
111158300
111158500
111529400
111529700
111530000
111530300
111530500
111530700
111531000
111531300
111531600
111531800
111532000
111532300
111532600
111532900
111533100
111533300
111533600
111533900
111534200
111534400
111534600
111534900
111535200
111535400
111535600
111535900
111536200
111536500
111536700
111536900
111537200
111537500
111537700
111537900
111538200
111538500
111538800
111539000
111539200
111539500
111539800
111540000
111540200
111540500
111540800
111541000
111541200
111541500
111541700
111542000
111542300
111542600
111542800
111543000
111543300
111543600
111543800
111544000
111544300
111544600
111544900
111545100
111545300
111545600
111545900
111546100
111546300
111546600
111546900
111547200
111547400
111547600
111547900
111548200
111548500
111548700
111548900
111549200
111549500
111549700
111549900
111550200
111550500
111550800
111551000
111551200
111551500
111551800
111552000
111552200
111552500
111552800
111553100
111553300
111553500
111553800
111554100
111554300
111554500
111554800
111759900
111760200
111760400
111760600
111760900
111761200
111761500
111761700
111761900
111762200
111762500
111762700
111762900
111763100
111763400
111763700
111763900
111764100
111764400
111764700
111765000
111765200
111765400
111765700
111766000
111766200
111766400
111766700
111767000
111767300
111767500
111767700
111768000
111768300
111768500
111768700
111768900
111769200
111769500
111769700
111769900
111770200
111770500
111770800
111771000
111771200
111771500
111771800
111772100
111772300
111772500
111772700
111773000
111773300
111773600
111773800
111774000
111774300
111774600
111774900
111775100
111775300
111775600
111775900
111776100
111776300
111776500
111776800
111777100
111777400
111777600
111777800
111778100
111778400
111778600
111778800
111779100
111779400
111779700
111779900
111780100
111780300
111780600
111780900
111781100
111781300
111781500
111781800
111782100
111782300
111782500
111782800
111783100
111783400
111783600
111783800
111784000
111784300
111784600
111784900
112079000
112079200
112079400
112079600
112079900
112080200
112080400
112080600
112080900
112081200
112081500
112081700
112081900
112082200
112082500
112082700
112082900
112083200
112083500
112083800
112084000
112084200
112084500
112084800
112085100
112085300
112085500
112085800
112086100
112086300
112086500
112086700
112087000
112087300
112087600
112087800
112088000
112088300
112088600
112088900
112089100
112089300
112089600
112089900
112090200
112090400
112090600
112090800
112091100
112091400
112091600
112091800
112092100
112092400
112092700
112092900
112093100
112093400
112093700
112093900
112094100
112094400
112094700
112095000
112095200
112095400
112095700
112096000
112096300
112096500
112096700
112097000
112097300
112097500
112097700
112098000
112098300
112098600
112098900
112099100
112099300
112099600
112099900
112100100
112100300
112100500
112100800
112101100
112101300
112101500
112101700
112102000
112102300
112102600
112102800
112103000
112103300
112103600
112103900
112104100
112498600
112498900
112499200
112499500
112499700
112499900
112500200
112500500
112500800
112501000
112501200
112501400
112501700
112502000
112502300
112502500
112502700
112502900
112503200
112503500
112503700
112503900
112504100
112504400
112504700
112504900
112505100
112505400
112505700
112506000
112506300
112506500
112506700
112507000
112507300
112507500
112507700
112508000
112508300
112508600
112508800
112509000
112509300
112509600
112509900
112510100
112510300
112510500
112510800
112511100
112511300
112511500
112511700
112512000
112512300
112512500
112512700
112512900
112513200
112513500
112513800
112514000
112514200
112514500
112514800
112515100
112515300
112515500
112515800
112516100
112516400
112516700
112516900
112517100
112517400
112517700
112518000
112518200
112518400
112518700
112519000
112519200
112519400
112519600
112519900
112520200
112520500
112520700
112520900
112521200
112521500
112521700
112521900
112522100
112522400
112522700
112523000
112523200
112523400
112523700
112731000
112731300
112731500
112731700
112732000
112732300
112732600
112732800
112733000
112733300
112733600
112733900
112734200
112734400
112734600
112734900
112735200
112735400
112735600
112735800
112736100
112736400
112736600
112736800
112737000
112737200
112737500
112737800
112738000
112738200
112738400
112738700
112739000
112739300
112739500
112739700
112739900
112740200
112740500
112740800
112741000
112741200
112741500
112741800
112742100
112742300
112742500
112742800
112743100
112743400
112743700
112743900
112744100
112744400
112744700
112745000
112745200
112745400
112745700
112746000
112746200
112746400
112746600
112746800
112747100
112747400
112747600
112747800
112748100
112748400
112748700
112748900
112749100
112749400
112749700
112750000
112750300
112750500
112750700
112751000
112751300
112751600
112751800
112752000
112752300
112752600
112752900
112753100
112753300
112753500
112753700
112754000
112754300
112754500
112754700
112754900
112755200
112755500
112755700
112755900
113090400
113090700
113091000
113091300
113091500
113091700
113091900
113092200
113092500
113092700
113092900
113093100
113093400
113093700
113093900
113094100
113094400
113094700
113095000
113095200
113095400
113095700
113096000
113096300
113096500
113096700
113097000
113097300
113097500
113097700
113098000
113098300
113098600
113098800
113099000
113099300
113099600
113099800
113100000
113100300
113100600
113100900
113101100
113101300
113101600
113101900
113102200
113102400
113102600
113102900
113103200
113103500
113103700
113103900
113104200
113104500
113104800
113105000
113105200
113105500
113105800
113106100
113106300
113106500
113106800
113107100
113107300
113107500
113107700
113108000
113108300
113108500
113108700
113109000
113109300
113109600
113109800
113110000
113110300
113110600
113110900
113111100
113111300
113111600
113111900
113112100
113112300
113112600
113112900
113113100
113113300
113113500
113113800
113114100
113114300
113114500
113114800
113115100
113115400
113115600
113591400
113591700
113592000
113592300
113592500
113592700
113592900
113593200
113593500
113593800
113594000
113594200
113594500
113594800
113595100
113595300
113595500
113595700
113596000
113596400
113596700
113597000
113597200
113597400
113597600
113597900
113598200
113598500
113598700
113598900
113599200
113599500
113599800
113600000
113600200
113600400
113600700
113601000
113601300
113601500
113601700
113602000
113602300
113602600
113602800
113603000
113603300
113603600
113603900
113604200
113604400
113604600
113604900
113605200
113605500
113605700
113605900
113606200
113606500
113606700
113606900
113607100
113607400
113607700
113608000
113608200
113608400
113608700
113609000
113609300
113609500
113609700
113610000
113610300
113610600
113610800
113611000
113611200
113611500
113611800
113612100
113612300
113612500
113612700
113613000
113613300
113613500
113613700
113613900
113614200
113614500
113614800
113615000
113615200
113615400
113615700
113616000
113616200
113616400
113616600
113867700
113867900
113868200
113868500
113868800
113869100
113869400
113869600
113869900
113870100
113870300
113870600
113870800
113871100
113871400
113871700
113872000
113872300
113872500
113872700
113873000
113873200
113873500
113873800
113874100
113874400
113874700
113874900
113875200
113875400
113875600
113875800
113876100
113876300
113876600
113876900
113877200
113877500
113877800
113878000
113878300
113878500
113878700
113879000
113879300
113879600
113879900
113880200
113880500
113880800
113881000
113881200
113881400
113881600
113881900
113882200
113882500
113882800
113883100
113883300
113883600
113883800
113884000
113884300
113884600
113884900
113885200
113885500
113885800
113886100
113886300
113886500
113886800
113887000
113887300
113887600
113887900
113888200
113888500
113888700
113889000
113889200
113889400
113889700
113890000
113890300
113890600
113890900
113891200
113891500
113891800
113892000
113892300
113892500
113892700
113893000
113893300
113893600
113893900
113894200
114267600
114267800
114268000
114268300
114268600
114268900
114269200
114269400
114269600
114269800
114270000
114270300
114270600
114270900
114271200
114271400
114271600
114271900
114272200
114272500
114272800
114273000
114273200
114273400
114273600
114273900
114274200
114274400
114274700
114274900
114275100
114275400
114275700
114276000
114276300
114276600
114276800
114277100
114277300
114277500
114277800
114278100
114278400
114278700
114279000
114279200
114279400
114279700
114279900
114280200
114280500
114280800
114281000
114281200
114281400
114281600
114281900
114282200
114282500
114282800
114283000
114283200
114283500
114283700
114284000
114284300
114284500
114284800
114285000
114285200
114285500
114285800
114286100
114286400
114286600
114286800
114287000
114287200
114287500
114287800
114288100
114288400
114288600
114288800
114289000
114289300
114289600
114289900
114290200
114290400
114290600
114290800
114291000
114291300
114291600
114291900
114292200
114292500
114292700
114292900
114736600
114736900
114737200
114737500
114737800
114738000
114738200
114738400
114738700
114739000
114739300
114739600
114739800
114740100
114740400
114740600
114740800
114741100
114741300
114741600
114741900
114742200
114742500
114742700
114742900
114743100
114743300
114743600
114743900
114744200
114744500
114744800
114745000
114745300
114745500
114745700
114746000
114746300
114746600
114746900
114747200
114747500
114747800
114748000
114748200
114748400
114748600
114748800
114749100
114749400
114749700
114750000
114750200
114750500
114750700
114750900
114751200
114751500
114751800
114752100
114752400
114752700
114752900
114753100
114753300
114753600
114753900
114754200
114754500
114754800
114755100
114755300
114755500
114755800
114756000
114756300
114756600
114756900
114757200
114757400
114757600
114757800
114758000
114758200
114758500
114758800
114759100
114759400
114759600
114759900
114760100
114760300
114760500
114760800
114761000
114761300
114761600
114761900
114762200
114762400
114967900
114968200
114968500
114968800
114969100
114969300
114969500
114969700
114970000
114970300
114970600
114970900
114971200
114971400
114971600
114971800
114972100
114972400
114972700
114973000
114973200
114973400
114973600
114973800
114974100
114974400
114974700
114975000
114975200
114975400
114975700
114976000
114976300
114976500
114976700
114976900
114977100
114977300
114977600
114977900
114978200
114978400
114978600
114978900
114979200
114979500
114979700
114980000
114980200
114980400
114980700
114981000
114981300
114981600
114981800
114982000
114982300
114982600
114982900
114983200
114983500
114983700
114983900
114984100
114984400
114984700
114985000
114985300
114985500
114985700
114985900
114986100
114986400
114986700
114987000
114987300
114987500
114987700
114987900
114988200
114988500
114988800
114989100
114989300
114989500
114989700
114990000
114990300
114990600
114990800
114991000
114991200
114991500
114991800
114992100
114992400
114992600
114992800
114993000
114993300
115283700
115284000
115284200
115284500
115284800
115285100
115285300
115285500
115285700
115285900
115286200
115286500
115286700
115287000
115287300
115287600
115287900
115288100
115288300
115288600
115288800
115289100
115289400
115289700
115290000
115290200
115290400
115290700
115291000
115291300
115291600
115291900
115292100
115292300
115292600
115292900
115293200
115293500
115293700
115293900
115294100
115294300
115294600
115294900
115295200
115295500
115295700
115295900
115296100
115296400
115296700
115297000
115297300
115297500
115297700
115297900
115298100
115298400
115298700
115299000
115299300
115299600
115299800
115300000
115300200
115300400
115300700
115301000
115301300
115301600
115301800
115302000
115302200
115302500
115302800
115303100
115303400
115303600
115303800
115304000
115304200
115304500
115304800
115305100
115305400
115305600
115305800
115306100
115306300
115306600
115306900
115307200
115307400
115307600
115307800
115308100
115308400
115308700
115309000
115309300
115653800
115654100
115654300
115654600
115654900
115655200
115655500
115655800
115656000
115656200
115656400
115656600
115656900
115657200
115657500
115657800
115658000
115658200
115658500
115658700
115658900
115659200
115659500
115659700
115660000
115660300
115660500
115660700
115660900
115661100
115661400
115661700
115661900
115662200
115662400
115662600
115662900
115663200
115663500
115663800
115664000
115664200
115664500
115664800
115665100
115665400
115665600
115665800
115666000
115666300
115666600
115666900
115667100
115667400
115667600
115667800
115668100
115668400
115668700
115669000
115669200
115669400
115669600
115669800
115670100
115670400
115670700
115671000
115671200
115671400
115671600
115671800
115672100
115672400
115672700
115672900
115673200
115673400
115673600
115673900
115674200
115674500
115674800
115675000
115675200
115675500
115675700
115676000
115676300
115676500
115676700
115677000
115677300
115677600
115677900
115678100
115678300
115678500
115678700
115679000
115883800
115884100
115884300
115884500
115884800
115885000
115885300
115885600
115885900
115886200
115886500
115886700
115886900
115887100
115887300
115887500
115887800
115888100
115888400
115888700
115888900
115889100
115889300
115889500
115889700
115890000
115890300
115890500
115890800
115891000
115891200
115891500
115891800
115892100
115892400
115892700
115892900
115893200
115893400
115893600
115893900
115894200
115894500
115894800
115895100
115895300
115895600
115895800
115896000
115896300
115896600
115896900
115897200
115897500
115897700
115898000
115898200
115898400
115898700
115899000
115899300
115899500
115899800
115900100
115900400
115900700
115900900
115901100
115901400
115901700
115902000
115902300
115902500
115902700
115902900
115903100
115903300
115903600
115903900
115904200
115904500
115904700
115905000
115905200
115905400
115905700
115906000
115906300
115906600
115906900
115907200
115907500
115907700
115907900
115908200
115908500
115908700
115909000
115909300
115909500
116192500
116192800
116193100
116193300
116193500
116193700
116194000
116194300
116194600
116194900
116195100
116195300
116195600
116195900
116196200
116196500
116196700
116196900
116197100
116197300
116197500
116197800
116198100
116198400
116198700
116199000
116199200
116199400
116199600
116199800
116200100
116200400
116200700
116201000
116201200
116201400
116201700
116202000
116202300
116202700
116203000
116203300
116203500
116203700
116204000
116204300
116204600
116204900
116205200
116205400
116205600
116205900
116206200
116206500
116206700
116206900
116207200
116207500
116207800
116208000
116208200
116208500
116208800
116209100
116209400
116209600
116209800
116210100
116210400
116210700
116210900
116211100
116211400
116211700
116212000
116212200
116212400
116212700
116213000
116213200
116213400
116213700
116214000
116214300
116214600
116214800
116215000
116215300
116215600
116215900
116216100
116216300
116216600
116216900
116217100
116217300
116217600
116217900
116218100
116218300
116566900
116567100
116567400
116567700
116567900
116568100
116568400
116568700
116568900
116569100
116569300
116569600
116569900
116570100
116570300
116570600
116570900
116571200
116571400
116571600
116571900
116572200
116572400
116572600
116572900
116573100
116573400
116573700
116573900
116574100
116574400
116574700
116574900
116575100
116575400
116575700
116575900
116576100
116576400
116576700
116577000
116577200
116577400
116577700
116578000
116578200
116578400
116578700
116579000
116579200
116579400
116579700
116580000
116580300
116580600
116580800
116581000
116581300
116581600
116581800
116582000
116582200
116582500
116582800
116583000
116583200
116583500
116583800
116584100
116584300
116584500
116584800
116585100
116585400
116585600
116585800
116586100
116586400
116586700
116586900
116587100
116587400
116587700
116587900
116588100
116588300
116588600
116588900
116589100
116589300
116589600
116589900
116590100
116590300
116590600
116590900
116591200
116591400
116591600
116591900
116799000
116799300
116799600
116799800
116800000
116800200
116800400
116800700
116801000
116801500
116801800
116802000
116802300
116802600
116802800
116803000
116803200
116803500
116803800
116804000
116804200
116804500
116804800
116805100
116805400
116805700
116805900
116806100
116806400
116806700
116807000
116807200
116807400
116807700
116808000
116808300
116808600
116808900
116809100
116809300
116809600
116809900
116810200
116810500
116810800
116811000
116811200
116811500
116811800
116812100
116812300
116812500
116812700
116812900
116813200
116813500
116813800
116814000
116814200
116814500
116814800
116815100
116815300
116815500
116815800
116816000
116816300
116816600
116816800
116817000
116817300
116817600
116817900
116818100
116818300
116818600
116818900
116819200
116819500
116819800
116820000
116820200
116820500
116820800
116821100
116821400
116821600
116821800
116822000
116822300
116822600
116822900
116823100
116823300
116823600
116823800
116824100
116824400
116824700
116824900
117110300
117110600
117110900
117111100
117111400
117111700
117112000
117112200
117112400
117112600
117112800
117113100
117113400
117113600
117113800
117114000
117114300
117114500
117114700
117115000
117115300
117115600
117115900
117116100
117116300
117116500
117116800
117117100
117117400
117117700
117117900
117118100
117118300
117118500
117118800
117119100
117119400
117119700
117119900
117120100
117120300
117120500
117120800
117121100
117121400
117121700
117121900
117122100
117122300
117122500
117122800
117123100
117123400
117123700
117123900
117124100
117124400
117124600
117124900
117125200
117125500
117125800
117126000
117126200
117126500
117126800
117127100
117127400
117127700
117128000
117128200
117128400
117128700
117128900
117129200
117129500
117129800
117130100
117130300
117130500
117130800
117131100
117131400
117131700
117132000
117132200
117132400
117132600
117132900
117133200
117133500
117133800
117134100
117134300
117134500
117134700
117135000
117135300
117135600
117135900
117486200
117486500
117486800
117487000
117487200
117487500
117487700
117488000
117488300
117488500
117488800
117489000
117489200
117489500
117489800
117490100
117490400
117490600
117490900
117491100
117491300
117491600
117491900
117492200
117492500
117492700
117493000
117493200
117493400
117493700
117494000
117494300
117494600
117494900
117495200
117495400
117495600
117495800
117496100
117496400
117496700
117497000
117497300
117497600
117497800
117498000
117498300
117498600
117498900
117499200
117499500
117499800
117500000
117500200
117500500
117500800
117501100
117501400
117501700
117501900
117502100
117502400
117502700
117503000
117503300
117503500
117503800
117504000
117504200
117504500
117504800
117505100
117505400
117505600
117505800
117506000
117506200
117506500
117506800
117507100
117507400
117507700
117508000
117508200
117508400
117508700
117509000
117509300
117509600
117509900
117510200
117510500
117510700
117510900
117511200
117511500
117511800
117512100
117512400
117512700
117719000
117719300
117719600
117719900
117720100
117720400
117720700
117721000
117721300
117721500
117721800
117722100
117722300
117722500
117722800
117723000
117723200
117723500
117723800
117724100
117724400
117724600
117724800
117725000
117725200
117725400
117725700
117726000
117726300
117726600
117726800
117727100
117727300
117727500
117727800
117728100
117728400
117728700
117728900
117729200
117729400
117729600
117729900
117730200
117730500
117730800
117731100
117731400
117731700
117731900
117732100
117732400
117732600
117732900
117733200
117733500
117733800
117734100
117734300
117734600
117734800
117735000
117735300
117735600
117735900
117736200
117736500
117736800
117737100
117737300
117737500
117737700
117737900
117738100
117738400
117738700
117739000
117739300
117739500
117739800
117740000
117740200
117740500
117740800
117741100
117741400
117741700
117742000
117742300
117742500
117742700
117743000
117743200
117743500
117743800
117744100
117744400
117744600
117744800
117745100
118033000
118033200
118033400
118033700
118034000
118034300
118034500
118034700
118034900
118035200
118035500
118035800
118036000
118036200
118036500
118036700
118037000
118037300
118037500
118037800
118038000
118038200
118038400
118038600
118038900
118039200
118039400
118039700
118040000
118040200
118040400
118040700
118040900
118041200
118041500
118041800
118042000
118042200
118042400
118042700
118042900
118043100
118043400
118043700
118044000
118044300
118044500
118044800
118045000
118045200
118045500
118045800
118046100
118046400
118046600
118046900
118047100
118047300
118047600
118047900
118048200
118048500
118048700
118049000
118049200
118049400
118049700
118050000
118050300
118050600
118050800
118051000
118051200
118051400
118051700
118052000
118052300
118052600
118052800
118053000
118053200
118053500
118053800
118054100
118054400
118054600
118054800
118055100
118055400
118055700
118056000
118056300
118056500
118056700
118057000
118057300
118057600
118057900
118058100
118058400
118405800
118406000
118406200
118406500
118406800
118407100
118407400
118407700
118408000
118408300
118408500
118408700
118409000
118409300
118409600
118409800
118410000
118410200
118410400
118410700
118411000
118411300
118411600
118411900
118412100
118412300
118412600
118412900
118413200
118413400
118413600
118413900
118414200
118414400
118414600
118414800
118415000
118415300
118415600
118415800
118416000
118416300
118416600
118416900
118417100
118417300
118417600
118417900
118418200
118418500
118418700
118418900
118419200
118419500
118419800
118420000
118420200
118420500
118420800
118421100
118421300
118421500
118421700
118422000
118422300
118422600
118422800
118423000
118423300
118423600
118423900
118424100
118424300
118424600
118424900
118425200
118425500
118425700
118425900
118426200
118426500
118426700
118426900
118427100
118427400
118427700
118427900
118428100
118428300
118428600
118428900
118429100
118429300
118429500
118429800
118430100
118430300
118430500
118430800
118431100
118634700
118635000
118635300
118635500
118635800
118636100
118636300
118636500
118636700
118636900
118637200
118637500
118637800
118638100
118638400
118638600
118638800
118639000
118639200
118639500
118639800
118640100
118640400
118640600
118640900
118641100
118641300
118641600
118641900
118642200
118642500
118642800
118643100
118643400
118643600
118643800
118644000
118644200
118644400
118644700
118645000
118645200
118645500
118645800
118646100
118646400
118646700
118646900
118647200
118647400
118647600
118647900
118648200
118648500
118648800
118649100
118649400
118649700
118650000
118650200
118650500
118650800
118651100
118651400
118651600
118651800
118652100
118652400
118652700
118652900
118653100
118653400
118653700
118654000
118654200
118654400
118654700
118655000
118655300
118655500
118655700
118656000
118656300
118656600
118656900
118657100
118657300
118657500
118657800
118658100
118658300
118658500
118658700
118659000
118659300
118659600
118659800
118660100
118660400
118660600
118951200
118951500
118951700
118952000
118952300
118952600
118952900
118953200
118953600
118953900
118954200
118954500
118954800
118955100
118955400
118955700
118956000
118956200
118956500
118956800
118957100
118957400
118957800
118966100
118966600
118967100
118967400
118967700
118967900
118968200
118968500
118968800
118969100
118969400
118969800
118970200
118970500
118970900
118971300
118971700
118972100
118972500
118972800
118973100
118973400
118973700
118974000
118974300
118974600
118974900
118975200
118975600
118976000
118976400
118976700
118977000
118977400
118977700
118978000
118978400
118978700
118979000
118979300
118979500
118979700
118980000
118980300
118980600
118980800
118981000
118981200
118981500
118981800
118982100
118982300
118982500
118982800
118983100
118983400
118983700
118983900
118984100
118984400
118984700
118985000
118985200
118985400
118985700
118986000
118986200
118986400
118986600
118986800
118987100
118987400
118987600
118987800
118988100
118988400
118988700
119355800
119356200
119356400
119356600
119356900
119357200
119357500
119357700
119357900
119358200
119358500
119358700
119358900
119359100
119359400
119359700
119360000
119360300
119360500
119360700
119360900
119361100
119361400
119361700
119361900
119362100
119362300
119362600
119362900
119363100
119363300
119363500
119363800
119364100
119364300
119364500
119364700
119365000
119365300
119365600
119365800
119366000
119366300
119366600
119366900
119367100
119367300
119367600
119367900
119368200
119368500
119368700
119368900
119369200
119369500
119369800
119370000
119370200
119370500
119370800
119371000
119371200
119371400
119371700
119372000
119372200
119372400
119372700
119373000
119373300
119373500
119373700
119374000
119374300
119374500
119374700
119374900
119375200
119375500
119375700
119375900
119376200
119376500
119376800
119377000
119377200
119377500
119377800
119378100
119378300
119378500
119378700
119379000
119379300
119379500
119379700
119379900
119380200
119380500
119380700
119601500
119601700
119601900
119602100
119602300
119602600
119602900
119603100
119603300
119603500
119603800
119604100
119604300
119604500
119604700
119605000
119605300
119605500
119605700
119606000
119606300
119606600
119606800
119607000
119607200
119607500
119607800
119608100
119608300
119608500
119608800
119609100
119609400
119609600
119609800
119610100
119610400
119610700
119610900
119611100
119611400
119611700
119612000
119612200
119612400
119612700
119613000
119613300
119613500
119613700
119614000
119614300
119614600
119614800
119615000
119615300
119615600
119615800
119616000
119616200
119616500
119616800
119617000
119617200
119617500
119617800
119618100
119618300
119618500
119618800
119619100
119619400
119619700
119619900
119620100
119620400
119620700
119620900
119621100
119621400
119621700
119622000
119622200
119622400
119622700
119623000
119623300
119623500
119623700
119624000
119624300
119624600
119624800
119625000
119625300
119625600
119625900
119626100
119626300
119626600
119920100
119920300
119920600
119920800
119921000
119921300
119921600
119921900
119922100
119922300
119922600
119922900
119923200
119923400
119923600
119923900
119924200
119924400
119924600
119924800
119925100
119925400
119925600
119925800
119926100
119926400
119926700
119927000
119927200
119927400
119927600
119927900
119928200
119928400
119928600
119928800
119929100
119929400
119929600
119929800
119930000
119930300
119930600
119930900
119931200
119931400
119931600
119931900
119932200
119932400
119932600
119932900
119933200
119933500
119933700
119933900
119934200
119934500
119934700
119934900
119935200
119935500
119935800
119936000
119936200
119936500
119936800
119937000
119937200
119937500
119937800
119938100
119938300
119938500
119938800
119939100
119939400
119939700
119939900
119940100
119940400
119940700
119941000
119941200
119941400
119941700
119942000
119942300
119942500
119942700
119943000
119943200
119943500
119943800
119944000
119944200
119944400
119944700
119945000
