500
800
1100
1400
1700
2000
2300
2600
2900
3200
3500
3700
3900
4200
4500
4900
5200
5500
5700
5900
6200
6500
6700
6900
7200
7500
7800
8000
8200
8500
8800
9600
9900
10200
10500
10800
11000
11200
11500
11800
12000
12200
12500
12800
13000
13200
13700
13900
14200
14500
14700
14900
15200
15500
15700
15900
16200
16500
16800
17000
17200
17500
17800
18300
18600
18900
19100
19300
19600
19900
20100
20300
20600
20900
21200
21500
21700
22000
22300
22600
22800
23000
23300
23600
23800
24000
24300
24600
24800
25000
25300
25600
25800
26000
26300
26600
26800
27000
27300
27600
27800
28000
28300
28600
28800
29000
29300
29600
29800
30000
30300
30600
30900
31100
31300
31600
31900
32100
32300
32600
32900
33100
33300
33600
33900
34200
34400
35300
35600
35900
36100
36300
36600
36900
37100
37300
37600
37900
38100
38300
38600
38900
39100
39300
39600
39900
40100
40300
40600
40900
41100
41300
41600
41900
42200
42400
42700
43000
43300
43500
43800
44100
44400
44600
44800
45100
45400
45600
45800
46100
46400
46600
46800
47100
47400
47700
47900
48200
48500
48800
49100
49300
49500
49800
50100
50300
50500
50700
51000
51300
51500
51700
52000
52300
52500
52700
53000
53300
53500
53700
54000
54300
54500
54700
55000
55300
55600
55800
56100
56400
56600
56800
57000
57300
57600
57800
58100
58400
58700
58900
59100
59400
59700
59900
60100
60400
60700
60900
61200
61400
61600
61900
62200
62500
62700
62900
63200
63500
63700
63900
64200
64500
64700
64900
65200
65500
65700
66000
66200
66500
66800
67000
67200
67500
67800
68800
69100
69400
69600
69800
70100
70400
70600
70800
71100
71400
71600
71800
72100
72400
72600
72800
73100
73400
73600
73800
74100
74400
74700
74900
75100
75400
75700
75900
76100
76400
76700
77000
77200
77400
77700
78000
78200
78400
78700
79000
79200
79400
79700
80000
80300
80500
80700
80900
81200
81500
81700
81900
82200
82500
82700
82900
83200
83500
83800
84000
84200
84500
84800
85000
85200
85500
85800
86000
86200
86500
86800
87100
87300
87500
87800
88100
88300
88500
88800
89100
89300
89500
89800
90100
90400
90600
90800
91100
91400
91600
91800
92100
92400
92600
92800
93100
93400
93700
93900
94100
94400
94700
94900
95100
95400
95700
95900
96100
96400
96700
96900
97100
97400
97700
97900
98100
98400
98700
98900
99100
99400
99700
100000
100300
100500
100700
100900
101200
101500
101800
102000
102200
102500
102800
103000
103200
103400
103700
104000
104300
104500
104700
105000
105300
105500
105700
106000
106300
106600
106800
107000
107300
107600
107800
108000
108300
108600
108900
109100
109300
109600
109900
110100
110300
110600
110900
111100
111300
111500
111800
112100
112300
112500
112800
113100
113300
113500
113800
114100
114400
114600
114800
115000
115300
115600
115800
116000
116300
116600
116900
117100
117300
117600
117900
118100
118300
118600
118900
119200
119500
119700
119900
120200
120500
120700
120900
121200
121500
121700
121900
122200
122500
122700
122900
123100
123400
123700
123900
124100
124400
124700
124900
125100
125300
125600
125900
126100
126300
126600
126900
127100
127500
127700
128000
128300
128600
128800
129100
129300
129500
129800
130100
130400
130600
130800
131100
131400
131600
131800
132300
132600
132900
133200
133400
133600
134900
135100
135300
135800
136100
136300
136500
136800
137100
137300
137500
137800
138100
138300
138500
138800
139100
139300
139500
139800
140100
140400
140700
141000
141200
141400
141700
142000
142200
142400
142700
143000
143300
143500
143700
144000
144300
144500
144700
145000
145300
145600
145800
146000
146300
146600
146800
147000
147300
147600
147800
148000
148200
148500
148800
149000
149200
149500
149800
150000
150200
150500
150800
151000
151200
151500
151800
152000
152200
152500
152800
153000
153200
153500
153800
154100
154300
154500
154800
155100
155300
155500
155800
156100
156300
156500
156700
157000
157300
157500
157700
158000
158300
158600
158800
159000
159300
159600
159800
160000
160300
160600
160900
161100
161300
161600
161900
162100
162300
162600
162900
163100
163300
163600
163900
164100
164300
164600
164900
165200
165400
165700
166000
166300
166500
166800
167100
167400
167600
167800
168000
168200
168500
168800
169000
169200
169500
169800
170000
170200
170400
170700
171000
171200
171400
171700
172000
172300
172500
172700
173000
173300
173500
173700
174000
174200
174500
174800
175000
175200
175500
175800
176000
176200
176500
176800
177000
177200
177400
177700
178000
178200
178400
178700
179000
179200
179400
179700
180000
180200
180400
180700
181000
181200
181400
181600
181900
182200
182400
182600
182900
183200
183400
183600
183900
184200
184500
184700
184900
185200
185500
185800
186000
186300
186600
186900
187100
187300
187600
187900
188100
188300
188600
188900
189100
189300
189600
189900
190200
190400
190600
190900
191200
191400
191600
191900
192200
192400
192600
192900
193200
193400
193600
193900
194200
194500
194700
195000
195300
195600
195800
196000
196300
196600
196800
197000
197300
197600
197900
198100
198300
198600
198900
199100
199300
199600
199900
200200
200400
200600
200900
201200
201400
201600
201900
202200
202400
202600
202800
203100
203400
203600
203800
204100
204400
204600
204800
205100
205400
205600
205800
206100
206400
206700
206900
207100
207400
207700
207900
208100
208400
208700
208900
209100
209400
209700
210000
210200
210500
210800
211100
211300
211500
211800
212100
212400
212700
212900
213100
213400
213700
213900
214100
214300
214600
214900
215100
215300
215600
215900
216100
216300
216500
216800
217100
217300
217500
217800
218100
218300
218500
218800
219100
219300
219500
219800
220100
220300
220500
220800
221100
221400
221600
221900
222200
222500
222700
222900
223200
223500
223700
223900
224200
224500
224800
225000
225200
225500
225800
226000
226200
226500
226800
227100
227300
227500
227800
228100
228300
228600
228800
229000
229300
229600
229900
230100
230300
230600
230900
231100
231300
231600
231900
232100
232300
232600
232900
233100
233300
233600
233900
234200
234400
234700
235000
235300
235500
235700
236000
236300
236500
236700
237000
237300
237500
237700
238000
238300
238600
238800
239000
239300
239600
239800
240000
240300
240600
240900
241100
241300
241600
241900
242100
242300
242600
242900
243200
243400
243600
243900
244200
244400
244600
244900
245200
245400
245600
245900
246200
246500
246700
247000
247300
247600
247800
248000
248300
248600
248800
249000
249300
249600
249800
250000
250300
250600
250900
251100
251300
251600
251900
252100
252300
252600
252900
253200
253400
253600
253900
254200
254400
254600
254900
255200
255500
255700
255900
256200
256500
256700
256900
257200
257500
257800
258000
258200
258500
258800
259000
259200
259500
259800
260000
260200
260500
260800
261000
261200
261500
261800
262000
262200
262500
262800
263100
263300
263600
263900
264200
264400
264600
264900
267000
267200
267500
267700
267900
268100
268400
268700
268900
269100
269400
269700
269900
270100
270400
270700
271000
271200
271400
271700
272000
272200
272400
272600
272900
273200
273400
273600
273900
274200
274400
274600
274900
275200
275400
275600
275900
276200
276400
276600
276900
277200
277500
277700
277900
278200
278500
278700
278900
279400
279900
280100
280300
280600
280900
281100
281300
281600
282100
282400
282700
283000
283300
283500
283700
284000
284300
284800
285100
285300
285500
285800
286100
286300
286600
286800
287000
287300
287600
287800
288000
288300
288600
288800
289000
289300
289600
289800
290000
290300
290600
290800
291000
291300
291600
291800
292000
292300
292600
292800
293000
293300
293600
293900
294100
294400
294700
295000
295200
295400
295700
296000
296200
296400
296700
297000
297300
297500
297700
298000
298300
298500
298700
299000
299300
299500
299700
300000
300300
300500
300700
301000
301300
301500
301700
302000
302300
302500
302700
303000
303300
303500
303700
304000
304300
304500
304700
305000
305300
305500
305700
306000
306300
306600
306800
307000
307300
307600
307800
308000
308300
308600
308800
309000
309300
309600
309900
310100
310300
310600
310900
311100
311300
311600
311900
312100
312300
312600
312900
313200
313400
313700
314000
314300
314500
314700
315000
315300
315500
315700
316000
316300
316500
316700
317000
317300
317500
317700
318000
318300
318500
318700
319000
319300
319500
319700
320000
320300
320600
320800
321000
321200
321500
321800
322100
322400
322700
323000
323200
323400
323700
324000
324200
324400
324700
325000
325300
325500
325700
326000
326300
326500
326700
327000
327300
327500
327700
328000
328300
328500
328700
329000
329300
329500
329700
330000
330300
330500
330700
331000
331300
331600
331800
332000
332300
332500
332800
333100
333400
333600
333900
334100
334300
334600
334900
335100
335300
335600
335900
336200
336400
336600
336900
337200
337400
337600
337900
338200
338400
338700
338900
339200
339500
339800
340000
340200
340500
340800
341000
341200
341500
341800
342000
342200
342500
342800
343100
343400
343600
343900
344200
344500
344700
345000
345300
345600
345900
346200
346500
346800
347100
347500
347800
348100
348400
348700
349000
349300
349600
349900
350100
350400
350700
350900
351200
351500
351800
352000
352200
352500
352800
353000
353200
353500
353800
354000
354200
354400
354700
355000
355200
355400
355700
356000
356200
356400
356700
357000
357200
357400
357700
358000
358300
358500
358700
359000
359300
359600
359800
360000
360300
360600
360800
361000
361200
361500
361800
362000
362200
362500
362800
363100
363300
363500
363800
364100
364300
364500
364700
365000
365300
365500
365700
366000
366300
366500
366700
367000
367300
367500
367700
368000
368300
368500
368700
369000
369300
369500
369700
370000
370300
370600
370800
371000
371300
371600
371800
372000
372300
372600
372800
373000
373300
373600
373800
374000
374300
374600
374900
375100
375300
375600
375900
376100
376300
376600
376900
377100
377300
377600
377900
378200
378400
378600
378900
379200
379400
379600
379900
380200
380400
380600
380900
381200
381400
381600
381900
382200
382400
382600
382900
383200
383400
383600
383900
384200
384400
384600
384900
385200
385400
385600
385900
386200
386400
386600
386900
387200
387500
387700
387900
388200
388500
388700
388900
389200
389500
389800
390000
390200
390500
390800
391000
391200
391500
391800
392000
392200
392500
392800
393000
393200
393500
393800
394000
394200
394500
394800
395000
395200
395500
395800
396000
396200
396500
396800
397000
397200
397500
397800
398000
398200
398500
398800
399100
399300
400400
400700
401000
401300
401500
401700
401900
402200
402500
402800
403000
403200
403500
403800
404000
404200
404500
404800
405000
405200
405500
405800
406100
406300
406600
406900
407200
407400
407600
407900
408200
408400
408600
408900
409200
409400
409700
410000
410300
410500
410800
411100
411400
411600
411800
412100
412400
412600
412800
413100
413400
413600
413800
414100
414400
414600
414800
415100
415400
415600
415800
416000
416300
416600
416800
417000
417300
417600
417800
418000
418300
418600
418800
419000
419300
419600
419800
420000
420300
420600
420900
421100
421400
421700
422000
422200
422500
422800
423000
423200
423500
423800
424000
424200
424500
424800
425000
425200
425500
425800
426100
426300
426500
426800
427100
427300
427500
427800
428100
428300
428500
428800
429100
429300
429500
429800
430100
430400
430600
430800
431100
431400
431600
431800
432100
432400
432600
432800
433100
433400
433700
433900
434100
434400
434700
434900
435100
435400
435700
435900
436100
436400
436700
436900
437100
437400
437700
437900
438100
438400
438700
438900
439100
439400
439700
439900
440100
440400
440700
440900
441100
441400
441700
442000
442200
442400
442700
443000
443200
443400
443700
444000
444300
444500
444700
445000
445300
445500
445700
446000
446300
446500
446700
447000
447300
447500
447700
448000
448300
448500
448700
449000
449300
449600
449800
450100
450400
450600
450800
451100
451400
451700
451900
452200
452500
452800
453000
453200
453500
453800
454000
454200
454500
454800
455000
455200
455500
455800
456000
456200
456500
456800
457100
457300
457500
457800
458100
458300
458500
458800
459100
459400
459600
459800
460100
460400
460600
460800
461100
461400
461600
461800
462000
462300
462600
462800
463000
463300
463600
463800
464000
464300
464600
464800
465000
465300
465600
465800
466000
466300
466600
466800
467000
467300
467600
467900
468100
468300
468600
468900
469100
469300
469600
469900
470100
470300
470600
470900
471200
471400
471600
471900
472200
472500
472700
472900
473200
473500
473700
473900
474200
474500
474800
475000
475200
475500
475800
476000
476200
476500
476800
477000
477200
477500
477800
478000
478200
478500
478800
479000
479200
479500
479800
480000
480200
480500
480800
481100
481300
481500
481800
482100
482300
482500
482800
483100
483300
483500
483800
484100
484400
484600
484800
485100
485400
485600
485800
486100
486400
486700
486900
487100
487400
487700
487900
488100
488400
488700
489000
489200
489400
489700
490000
490200
490400
490700
491000
491300
491500
491700
492000
492300
492500
492700
493000
493300
493500
493700
494000
494300
494500
494700
495000
495300
495500
495700
496000
496300
496600
496800
497000
497300
497600
497800
498000
498300
498600
498900
499100
499300
499600
499900
500100
500300
500600
500900
501200
501400
501600
501900
502200
502400
502600
502900
503200
503400
503600
503900
504200
504400
504600
504900
505200
505400
505600
505900
506200
506400
506600
506900
507200
507500
507700
508000
508300
508600
508800
509000
509300
509600
509800
510000
510300
510600
510900
511100
511300
511600
511900
512100
512300
512600
512900
513200
513400
513600
513900
514200
514400
514600
514900
515200
515400
515600
515900
516200
516500
516700
517000
517300
517600
517800
518000
518300
518600
518800
519000
519300
519600
519800
520000
520300
520600
520800
521000
521200
521500
521800
522000
522200
522500
522800
523000
523200
523500
523800
524100
524300
524500
524800
525100
525300
525500
525800
526100
526400
526600
526800
527100
527400
527600
527800
528100
528400
528700
528900
529100
529400
533700
533900
534200
534500
534700
534900
535200
535500
535700
535900
536200
536500
536700
536900
537200
537500
537700
537900
538200
538500
538800
539000
539200
539500
539800
540000
540200
540500
540800
541000
541200
541500
541800
542000
542200
542500
542800
543100
543300
543500
543800
544100
544300
544500
544800
545100
545300
545500
545800
546100
546300
546500
546800
547100
547300
547500
547800
548100
548300
548500
548700
549000
549300
549500
549700
550000
550300
550500
550700
551000
551300
551600
551800
552000
552300
552600
552800
553000
553300
553600
553900
554100
554300
554600
554900
555100
555300
555500
555800
556100
556400
556600
556800
557100
557400
557600
557800
558100
558400
558600
558800
559000
559300
559600
559800
560000
560300
560600
560900
561100
561400
561700
562000
562200
562400
562700
563000
563200
563400
563700
564000
564300
564500
564700
565000
565300
565500
565700
566000
566300
566600
566800
567000
567300
567600
567800
568000
568300
568600
568900
569100
569300
569600
569900
570200
570400
570600
570900
571200
571400
571600
571900
572200
572500
572700
572900
573200
573500
573700
573900
574200
574500
574800
575000
575200
575500
575800
576000
576200
576500
576800
577000
577200
577500
577800
578100
578300
578500
578800
579100
579300
579500
579800
580100
580300
580500
580700
581000
581300
581500
581700
582000
582300
582600
582800
583000
583300
583600
583900
584100
584300
584600
584900
585100
585300
585600
585900
586200
586400
586600
586900
587200
587500
587700
587900
588200
588500
588700
588900
589200
589500
589700
589900
590200
590500
590800
591000
591200
591500
591800
592000
592200
592500
592800
593000
593200
593500
593800
594000
594200
594400
594700
595000
595200
595400
595700
596000
596300
596500
596700
597000
597300
597500
597700
598000
598300
598600
598800
599000
599300
599600
599900
600100
600300
600600
600900
601100
601300
601600
601900
602200
602400
602600
602900
603200
603400
603600
603900
604200
604400
604600
604900
605200
605500
605700
605900
606200
606500
606700
606900
607200
607500
607800
608000
608200
608500
608800
609100
609300
609500
609800
610100
610300
610500
610800
611100
611400
611600
611800
612100
612400
612700
612900
613100
613400
613700
613900
614100
614400
614700
614900
615100
615400
615700
616000
616200
616400
616700
617000
617200
617400
617700
618000
618300
618500
618800
619100
619400
619600
619800
620100
620400
620700
620900
621100
621400
621700
621900
622100
622400
622700
623000
623200
623500
623800
624100
624400
624600
624800
625100
625400
625600
625800
626100
626400
626600
626800
627100
627400
627700
627900
628100
628400
628700
628900
629100
629400
629700
630000
630200
630400
630700
631000
631300
631500
631700
632000
632300
632600
632900
633200
633500
633800
634000
634200
634500
634800
635000
635200
635500
635800
636000
636200
636500
636800
637100
637400
637600
637800
638100
638400
638700
639000
639300
639600
640000
640300
640600
640900
641200
641500
641900
642300
642700
643000
643300
643800
644100
644400
644600
644800
645000
645200
645500
645800
646000
646200
646500
646800
647100
647300
647500
647800
648100
648300
648500
648800
649100
649300
649500
649800
650100
650300
650500
650800
651100
651300
651500
651800
652100
652300
652500
652800
653100
653300
653500
653800
654100
654300
654500
654800
655100
655300
655500
655800
656100
656300
656500
656800
657100
657300
657500
657800
658100
658300
658500
658800
659100
659400
659600
659800
660100
660400
660600
660800
661100
661400
661600
661800
662100
662400
662600
662800
663100
663400
663600
663800
664100
664400
664600
664800
665100
665400
665600
665800
666100
666400
666600
666800
667100
667400
667600
667800
668100
668400
668600
668800
669100
669400
669600
669800
670100
670400
670600
670800
671100
671400
671600
671800
672100
672400
672700
672900
673100
673400
673700
673900
674100
674400
674700
674900
675100
675400
675700
675900
676100
676400
676700
676900
677100
677400
677700
677900
678100
678400
678700
678900
679100
679400
679700
679900
680100
680400
680700
680900
681100
681400
681700
681900
682100
682400
682700
682900
683100
683400
683700
683900
684100
684400
684700
684900
685100
685400
685700
686000
686200
686400
686700
687000
687200
687400
687700
688000
688200
688400
688700
689000
689200
689400
689700
690000
690200
690400
690700
691000
691200
691400
691700
692000
692200
692400
692700
693000
693200
693400
693700
694000
694200
694400
694700
695000
695200
695400
695700
696000
696200
696400
696700
697000
697200
697400
697700
698000
698200
698400
698600
698900
699200
699500
699700
699900
700200
700500
700700
700900
701200
701500
701800
702000
702300
702600
702900
703100
703300
703600
703900
704100
704300
704600
704900
705100
705300
705600
705900
706100
706300
706600
706900
707100
707400
707700
707900
708100
708400
708700
708900
709100
709400
709700
709900
710100
710400
710700
711000
711200
711400
711700
712000
712200
712400
712700
713000
713200
713400
713700
714000
714200
714400
714700
715000
715200
715400
715700
716000
716300
716500
716700
717000
717300
717500
717700
718000
718300
718500
718700
719000
719300
719500
719700
720000
720300
720500
720800
721100
721300
721500
721800
722100
722300
722500
722800
723100
723300
723500
723800
724100
724400
724600
724900
725200
725500
725700
725900
726200
726500
726700
726900
727200
727500
727700
727900
728200
728500
728700
728900
729200
729500
729800
730000
730200
730500
730800
731000
731200
731500
731800
732000
732200
732500
732800
733000
733200
733400
733700
734000
734200
734400
734700
735000
735200
735400
735700
736000
736200
736400
736700
737000
737200
737400
737700
738000
738200
738400
738700
739000
739200
739400
739700
740000
740300
740500
740700
741000
741300
741500
741700
742000
742300
742500
742700
743000
743300
743500
743700
744000
744300
744500
744700
745000
745300
745500
745700
746000
746300
746500
746700
747000
747300
747500
747700
748000
748300
748500
748700
749000
749300
749500
749700
750000
750300
750500
750700
751000
751300
751500
751700
752000
752300
752500
752700
753000
753300
753600
753800
754000
754300
754600
754800
755000
755300
755600
755800
756000
756300
756600
756800
757000
757300
757600
757800
758000
758300
758600
758900
759100
759400
759700
759900
760100
760400
760700
760900
761100
761400
761700
761900
762100
762400
762700
762900
763100
763400
763700
763900
764100
764400
764700
764900
765100
765400
765700
765900
766100
766400
766700
767000
767200
767400
767700
768000
768200
768400
768700
769000
769200
769400
769700
770000
770200
770400
770700
771000
771200
771400
771600
771900
772200
772500
772700
773000
773300
773600
773800
774000
774300
774600
774900
775100
775300
775600
775900
776100
776300
776600
776900
777100
777300
777600
777900
778100
778300
778600
778900
779100
779300
779600
779900
780100
780300
780600
780900
781100
781300
781600
781900
782200
782400
782600
782900
783200
783400
783600
783900
784200
784400
784600
784900
785200
785400
785600
785900
786200
786400
786600
786900
787200
787400
787600
787900
788200
788400
788600
788900
789200
789400
789600
789900
790200
790400
790600
790900
791200
791400
791600
791900
792200
792400
792600
792900
793200
793400
793600
793900
794200
794400
794600
794900
795200
795400
795600
795900
796200
796500
796700
796900
797200
797500
797700
797900
798200
798500
798700
798900
799200
799500
799700
799900
800200
800500
800700
800900
801200
801500
801700
801900
802200
802500
802700
802900
803200
803500
803700
803900
804200
804500
804700
804900
805200
805500
805700
805900
806200
806500
806700
806900
807200
807500
807700
807900
808200
808500
808700
808900
809200
809500
809800
810000
810200
810500
810800
811000
811200
811500
811800
812000
812200
812500
812800
813000
813200
813500
813800
814000
814200
814500
814800
815000
815200
815500
815800
816000
816200
816500
816800
817000
817200
817500
817800
818000
818200
818500
818800
819000
819200
819500
819800
820000
820200
820500
820800
821000
821200
821500
821800
822000
822200
822500
822800
823100
823300
823500
823800
824100
824300
824500
824800
825100
825300
825500
825800
826100
826300
826500
826800
827100
827300
827500
827800
828100
828300
828500
828800
829100
829300
829500
829800
830100
830300
830500
830800
831100
831300
831500
831800
832100
832300
832500
832800
833100
833300
833500
833800
834100
834300
834500
834800
835100
835300
835500
835800
836100
836300
836500
836800
837100
837500
837800
838100
839200
839400
839700
840000
840300
840500
840700
841000
841300
841500
841700
842000
842300
842500
842800
843000
843200
843500
843800
844000
844200
844500
844800
845100
845300
845600
845900
846200
846500
846700
846900
847200
847500
847800
848000
848200
848500
848800
849000
849200
849500
849800
850100
850400
850600
850800
851100
851400
851600
851800
852000
852300
852600
852800
853000
853300
853600
853800
854000
854300
854600
854800
855000
855300
855600
855800
856000
856300
856600
856800
857000
857300
857600
857800
858000
858300
858600
858800
859000
859300
859600
859800
860000
860300
860600
860800
861000
861300
861600
861800
862000
862300
862600
862800
863000
863300
863600
863800
864000
864300
864600
864900
865100
865300
865600
865900
866100
866300
866600
866900
867100
867300
867600
867900
868100
868300
868600
868900
869100
869300
869600
869900
870100
870300
870600
870900
871100
871300
871600
871900
872100
872300
872600
872900
873100
873300
873600
873900
874100
874300
874600
874900
875100
875300
875600
875900
876100
876300
876600
876900
877100
877300
877600
877900
878100
878300
878600
878900
879200
879400
879600
879900
880200
880400
880600
880900
881200
881400
881600
881900
882200
882400
882600
882900
883200
883400
883600
883900
884200
884400
884600
884900
885200
885400
885600
885900
886200
886400
886600
886900
887200
887400
887600
887900
888200
888400
888600
888900
889200
889400
889600
889900
890200
890400
890600
890900
891200
891400
891600
891900
892200
892400
892600
892900
893200
893500
893700
893900
894200
894500
894700
894900
895200
895500
895700
895900
896200
896500
896700
896900
897200
897500
897700
897900
898200
898500
898700
898900
899200
899500
899700
900000
900300
900600
900800
901100
901400
901700
901900
902200
902500
902800
903100
903300
903500
903800
904100
904400
904600
904800
905100
905400
905600
905800
906100
906400
906600
906800
907100
907400
907700
907900
908100
908400
908700
908900
909100
909400
909700
909900
910100
910400
910700
910900
911100
911400
911700
911900
912100
912400
912700
912900
913200
913500
913700
913900
914200
914500
914800
915000
915200
915500
915800
916000
916200
916500
916800
917000
917200
917400
917700
918000
918300
918600
918800
919000
919300
919600
919900
920100
920300
920600
920900
921100
921400
921600
921900
922100
922400
922600
922800
923000
923300
923600
923900
924200
924400
924600
924900
925200
925500
925700
926000
926300
926600
926900
927200
927400
927600
927900
928100
928300
928500
928800
929100
929500
929900
930300
930600
931000
931300
931700
932000
932400
932600
932800
933000
933300
933600
933800
934000
934300
934600
934800
935000
935300
935600
935800
936000
936300
936600
936800
937000
937300
937600
937800
938000
938300
938600
938800
939000
939300
939600
939800
940000
940300
940600
940900
941100
941300
941600
941900
942100
942300
942600
942900
943100
943300
943600
943900
944200
944400
944600
944900
945200
945400
945600
945900
946200
946400
946600
946900
947200
947400
947600
947900
948200
948400
948600
948900
949200
949400
949600
949900
950200
950400
950600
950900
951200
951400
951600
951900
952200
952400
952600
952900
953200
953400
953600
953900
954200
954400
954600
954900
955200
955500
955700
955900
956200
956500
956700
956900
957200
957500
957700
957900
958200
958500
958700
958900
959200
959500
959800
960000
960200
960500
960800
961000
961200
961500
961800
962000
962200
962500
962800
963000
963300
963600
963900
964100
964400
964700
965000
965200
965400
965700
966000
966200
966400
966700
967000
967200
967400
967700
968000
968200
968400
968700
969000
969200
969400
969700
970000
970300
970500
970700
971000
971300
971500
971700
972000
972300
972500
972700
973000
973300
973500
973700
974000
974300
974600
974800
975100
975400
975600
975800
976100
976400
976600
976800
977100
977400
977600
977800
978100
978400
978600
978800
979100
979400
979600
979800
980100
980400
980700
980900
981100
981400
981700
981900
982100
982400
982700
982900
983100
983400
983700
984000
984200
984400
984700
985000
985200
985400
985700
986000
986200
986400
986700
987000
987200
987400
987700
988000
988200
988400
988700
989000
989200
989400
989700
990000
990200
990400
990700
991000
991200
991400
991700
992000
992200
992400
992700
993000
993200
993400
993700
994000
994200
994400
994700
995000
995300
995500
995700
996000
996300
996600
996800
997000
997300
997600
997800
998000
998300
998600
998900
999100
999300
999600
999900
1000100
1000300
1000500
1000800
1001100
1001400
1001700
1001900
1002100
1002400
1002700
1002900
1003100
1003400
1003700
1003900
1004100
1004400
1004700
1004900
1005100
1005400
1005700
1006000
1006200
1006400
1006700
1007000
1007200
1007400
1007700
1008000
1008200
1008400
1008700
1009000
1009300
1009500
1009700
1010000
1010300
1010500
1010700
1011000
1011300
1011600
1011800
1012000
1012300
1012600
1012800
1013000
1013300
1013600
1013800
1014000
1014300
1014600
1014900
1015100
1015300
1015600
1015900
1016100
1016300
1016600
1016900
1017100
1017300
1017600
1017900
1018100
1018300
1018600
1018900
1019100
1019300
1019600
1019900
1020100
1020300
1020600
1020900
1021200
1021400
1021600
1021900
1022200
1022400
1022600
1022900
1023200
1023500
1023700
1023900
1024200
1024500
1024700
1024900
1025200
1025500
1025800
1026000
1026200
1026500
1026800
1027000
1027200
1027500
1027800
1028000
1028200
1028500
1028800
1029100
1029300
1029500
1029800
1030100
1030300
1030500
1030800
1031100
1031300
1031500
1031800
1032100
1032300
1032500
1032800
1033100
1033300
1033500
1033800
1034100
1034300
1034500
1034800
1035100
1035400
1035600
1035800
1036100
1036400
1036600
1036800
1037100
1037400
1037700
1037900
1038100
1038400
1038700
1038900
1039100
1039400
1039700
1040000
1040200
1040400
1040700
1041000
1041200
1041400
1041700
1042000
1042200
1042400
1042700
1043000
1043200
1043400
1043700
1044000
1044300
1044500
1044700
1045000
1045300
1045500
1045700
1046000
1046300
1046500
1046700
1047000
1047300
1047500
1047700
1048000
1048300
1048500
1048700
1049000
1049300
1049600
1049800
1050000
1050300
1050600
1050800
1051000
1051300
1051600
1051900
1052100
1052300
1052600
1052900
1053100
1053300
1053600
1053900
1054200
1054400
1054600
1054900
1055200
1055500
1062800
1063000
1063300
1063600
1063800
1064000
1064300
1064600
1064800
1065000
1065300
1065600
1065900
1066100
1066300
1066600
1066900
1067100
1067300
1067600
1067900
1068200
1068400
1068600
1068900
1069200
1069500
1069700
1069900
1070200
1070500
1070800
1071000
1071200
1071500
1071800
1072000
1072200
1072500
1072800
1073100
1073300
1073500
1073800
1074100
1074300
1074500
1074800
1075100
1075300
1075500
1075800
1076100
1076400
1076600
1076800
1077100
1077400
1077600
1077800
1078100
1078400
1078600
1078800
1079100
1079400
1079600
1079800
1080000
1080300
1080600
1080800
1081000
1081300
1081600
1081800
1082000
1082200
1082500
1082800
1083000
1083200
1083500
1083800
1084100
1084300
1084500
1084800
1085100
1085300
1085500
1085800
1086100
1086400
1086600
1086800
1087100
1087400
1087600
1087800
1088100
1088400
1088700
1088900
1089100
1089400
1089700
1089900
1090100
1090400
1090700
1090900
1091100
1091400
1091700
1091900
1092100
1092400
1092700
1093000
1093200
1093400
1093600
1093900
1094200
1094400
1094600
1094900
1095200
1095500
1095700
1095900
1096200
1096500
1096700
1096900
1097100
1097400
1097700
1097900
1098100
1098400
1098700
1099000
1099200
1099400
1099700
1100000
1100200
1100400
1100700
1101000
1101300
1101500
1101700
1102000
1102300
1102500
1102700
1103000
1103300
1103500
1103700
1104000
1104300
1104500
1104700
1105000
1105300
1105600
1105800
1106000
1106300
1106600
1106800
1107000
1107300
1107600
1107900
1108100
1108300
1108600
1108900
1109200
1109400
1109600
1109900
1110200
1110500
1110700
1110900
1111200
1111500
1111700
1111900
1112200
1112500
1112800
1113000
1113200
1113500
1113800
1114000
1114200
1114500
1114800
1115000
1115200
1115500
1115800
1116100
1116300
1116500
1116800
1117100
1117300
1117500
1117800
1118100
1118300
1118500
1118800
1119100
1119300
1119500
1119800
1120100
1120300
1120500
1120800
1121100
1121400
1121600
1121800
1122100
1122400
1122600
1122800
1123100
1123400
1123700
1123900
1124100
1124400
1124700
1124900
1125100
1125400
1125700
1126000
1126200
1126400
1126700
1127000
1127200
1127400
1127700
1128000
1128300
1128500
1128700
1129000
1129300
1129500
1129700
1130000
1130300
1130500
1130700
1131000
1131300
1131500
1131700
1132000
1132300
1132600
1132800
1133000
1133300
1133600
1133800
1134000
1134300
1134600
1134900
1135100
1135300
1135600
1135900
1136200
1136400
1136600
1136900
1137200
1137400
1137600
1137900
1138200
1138500
1138700
1138900
1139200
1139500
1139700
1139900
1140200
1140500
1140800
1141000
1141200
1141500
1141800
1142000
1142200
1142500
1142800
1143000
1143200
1143500
1143800
1144100
1144300
1144500
1144800
1145100
1145300
1145500
1145800
1146100
1146300
1146500
1146800
1147100
1147300
1147500
1147800
1148100
1148400
1148600
1148800
1149100
1149400
1149600
1149800
1150100
1150400
1150600
1150800
1151000
1151300
1151600
1151800
1152000
1152300
1152600
1152900
1153100
1153300
1153600
1153900
1154100
1154300
1154600
1154900
1155200
1155400
1155600
1155900
1156200
1156400
1156600
1156900
1157200
1157400
1157600
1157900
1158200
1158400
1158600
1158900
1159200
1159500
1159700
1160000
1160300
1160600
1160800
1161000
1161300
1161600
1161800
1162000
1162300
1162600
1162800
1163000
1163300
1163600
1163900
1164100
1164300
1164600
1164900
1165100
1165300
1165600
1165900
1166200
1166400
1166600
1166900
1167200
1167500
1167700
1167900
1168200
1168500
1168700
1168900
1169200
1169500
1169700
1169900
1170200
1170500
1170800
1171000
1171200
1171500
1171800
1172000
1172200
1172500
1172800
1173000
1173200
1173500
1173800
1174000
1174200
1174500
1174800
1175100
1175300
1175500
1175800
1176100
1176300
1176500
1176800
1177100
1177300
1177500
1177800
1178100
1178400
1178600
1178800
1179100
1179400
1179600
1179800
1180000
1180300
1180600
1180800
1181000
1181300
1181600
1181900
1182100
1182300
1182600
1182900
1183100
1183300
1183600
1183900
1184100
1184300
1184600
1184900
1185200
1185400
1185600
1185900
1186200
1186400
1186600
1186900
1187200
1187400
1187600
1187900
1188200
1188400
1188600
1188900
1189200
1189500
1189700
1189900
1190200
1190500
1190700
1190900
1191200
1191500
1191700
1191900
1192100
1192400
1192700
1193000
1193200
1193400
1193700
1194000
1194200
1194400
1194600
1194900
1195200
1195400
1195600
1195900
1196200
1196400
1196600
1196900
1197200
1197400
1197600
1197800
1198100
1198400
1198600
1198800
1199100
1199300
1199500
1199800
1200100
1200400
1200600
1200800
1201000
1201200
1201500
1201800
1202100
1202300
1202500
1202800
1203100
1203400
1203700
1203900
1204100
1204300
1204600
1204900
1205100
1205400
1205700
1205900
1206100
1206300
1206600
1206900
1207100
1207300
1207500
1207800
1208000
1208200
1208400
1208600
1208900
1209200
1209400
1209600
1209900
1210200
1210500
1210700
1211100
1211400
1211700
1212000
1212200
1212400
1212600
1212800
1213000
1213200
1213500
1214100
1214400
1214700
1215000
1215300
1215600
1216000
1216300
1216600
1216900
1217100
1217300
1217600
1217900
1218200
1218500
1218700
1218900
1219200
1219500
1219700
1219900
1220200
1220500
1220700
1220900
1221200
1221500
1221700
1221900
1222200
1222500
1222700
1222900
1223200
1223500
1223700
1223900
1224200
1224500
1224800
1225000
1225200
1225500
1225800
1226000
1226200
1226500
1226800
1227000
1227200
1227500
1227800
1228100
1228300
1228500
1228800
1229100
1229300
1229500
1229800
1230100
1230400
1230600
1230800
1231100
1231400
1231600
1231800
1232100
1232400
1232600
1232800
1233100
1233400
1233600
1233800
1234100
1234400
1234600
1234800
1235100
1235400
1235600
1235900
1236200
1236500
1236700
1236900
1237200
1237500
1237700
1237900
1238200
1238500
1238700
1238900
1239200
1239500
1239800
1240000
1240200
1240500
1240800
1241000
1241200
1241500
1241800
1242100
1242300
1242500
1242800
1243100
1243400
1243600
1243800
1244100
1244400
1244600
1244800
1245100
1245400
1245600
1245800
1246100
1246400
1246600
1246800
1247100
1247400
1247600
1247800
1248100
1248400
1248600
1248800
1249100
1249400
1249600
1249800
1250100
1250400
1250700
1250900
1251100
1251400
1251700
1251900
1252100
1252400
1252700
1252900
1253100
1253400
1253700
1254000
1254200
1254400
1254700
1255000
1255300
1255500
1255700
1256000
1256300
1256500
1256700
1257000
1257300
1257500
1257700
1258000
1258300
1258600
1258800
1259000
1259300
1259600
1259800
1260000
1260300
1260600
1260800
1261000
1261300
1261600
1261800
1262000
1262300
1262600
1262800
1263000
1263300
1263600
1263800
1264000
1264300
1264600
1264900
1265100
1265300
1265600
1265900
1266100
1267000
1267200
1267500
1267800
1268100
1268300
1268500
1268800
1269100
1269300
1269500
1269800
1270100
1270400
1270600
1270800
1271100
1271400
1271600
1271800
1272100
1272400
1272600
1272800
1273100
1273400
1273600
1273800
1274100
1274400
1274600
1274800
1275100
1275400
1275600
1275800
1276100
1276400
1276600
1276800
1277100
1277400
1277600
1277800
1278100
1278400
1278600
1278800
1279000
1279300
1279600
1279800
1280000
1280300
1280600
1280900
1281100
1281300
1281600
1281900
1282100
1282300
1282600
1282900
1283100
1283300
1283500
1283800
1284100
1284300
1284500
1284800
1285100
1285300
1285500
1285800
1286100
1286300
1286500
1286800
1287100
1287300
1287500
1287700
1288000
1288300
1288500
1288700
1289000
1289300
1289500
1289700
1290000
1290300
1290500
1290700
1291000
1291300
1291500
1291700
1292000
1292300
1292600
1292800
1293000
1293300
1293600
1293800
1294000
1294200
1294500
1294800
1295000
1295200
1295500
1295800
1296000
1296200
1296500
1296800
1297100
1297300
1297500
1297800
1298100
1298300
1298500
1298700
1299000
1299300
1299500
1299700
1300000
1300300
1300500
1300700
1301000
1301300
1301500
1301700
1302000
1302300
1302600
1302800
1303000
1303300
1303600
1303800
1304000
1304300
1304600
1304800
1305000
1305300
1305600
1305900
1306100
1306300
1306600
1306900
1307200
1307400
1307600
1307900
1308200
1308400
1308600
1308900
1309200
1309400
1309600
1309800
1310100
1310400
1310700
1310900
1311100
1311400
1311700
1311900
1312100
1312400
1312700
1312900
1313100
1313400
1313700
1314000
1314200
1314400
1314700
1315000
1315200
1315400
1315700
1316000
1316200
1316400
1316700
1317000
1317300
1317500
1317700
1318000
1318300
1318500
1318700
1319000
1319300
1319600
1319800
1320000
1320300
1320600
1320800
1321000
1321200
1321500
1321800
1322000
1322200
1322500
1322800
1323000
1323200
1323400
1323700
1324000
1324200
1324400
1324700
1325000
1325300
1325500
1325700
1326000
1326300
1326500
1326700
1327000
1327300
1327500
1327700
1328000
1328300
1328600
1328800
1329000
1329300
1329600
1329800
1330000
1330300
1330600
1330900
1331100
1331400
1331700
1332000
1332200
1332400
1332700
1333000
1333300
1333500
1333700
1334000
1334300
1334500
1334700
1335000
1335300
1335500
1335700
1336000
1336300
1336600
1336900
1337100
1337300
1337600
1337900
1338100
1338300
1338600
1338900
1339100
1339300
1339600
1339900
1340200
1340400
1340600
1340900
1341200
1341500
1341700
1342000
1342300
1342600
1342800
1343000
1343300
1343600
1343800
1344000
1344300
1344600
1344800
1345000
1345300
1345600
1345900
1346100
1346300
1346600
1346900
1347100
1347300
1347600
1347900
1348200
1348400
1348600
1348900
1349200
1349400
1349600
1349900
1350200
1350500
1350700
1350900
1351200
1351500
1351700
1351900
1352100
1352400
1352700
1352900
1353100
1353400
1353700
1354000
1354200
1354400
1354700
1355000
1355200
1355400
1355700
1356000
1356300
1356500
1356700
1357000
1357300
1357500
1357700
1358000
1358300
1358500
1358700
1359000
1359300
1359600
1359800
1360100
1360400
1360700
1360900
1361100
1361400
1361700
1361900
1362100
1362400
1362700
1362900
1363100
1363300
1363600
1363900
1364200
1364400
1364600
1364900
1365200
1365400
1365600
1365900
1366200
1366400
1366600
1366900
1367200
1367500
1367700
1367900
1368200
1368500
1368800
1369000
1369200
1369500
1369800
1370000
1370200
1370500
1370800
1371100
1371300
1371600
1371900
1372200
1372400
1372700
1373000
1373300
1373500
1373700
1374000
1374300
1374500
1374700
1374900
1375200
1375500
1375700
1375900
1376200
1376500
1376700
1376900
1377200
1377500
1377800
1378000
1378200
1378500
1378800
1379100
1379300
1379500
1379800
1380100
1380300
1380500
1380800
1381100
1381400
1381600
1381800
1382100
1382400
1382700
1382900
1383100
1383400
1383700
1383900
1384100
1384400
1384700
1384900
1385100
1385400
1385700
1385900
1386100
1386400
1386700
1387000
1387200
1387400
1387700
1388000
1388200
1388400
1388700
1389000
1389200
1389400
1389700
1390000
1390300
1390500
1390700
1391000
1391300
1391600
1391800
1392000
1392300
1392600
1392800
1393000
1393300
1393600
1393800
1394000
1394200
1394500
1394800
1395100
1395300
1395500
1395800
1396100
1396300
1396500
1396800
1397100
1397300
1397500
1397700
1398000
1398300
1398500
1398700
1399000
1399300
1399500
1399700
1400000
1400300
1400500
1400700
1401000
1401300
1401600
1401800
1402000
1402300
1402600
1402800
1403000
1403300
1403600
1403800
1404000
1404300
1404600
1404900
1405100
1405300
1405500
1405800
1406100
1406300
1406500
1406800
1407100
1407300
1407500
1407800
1408100
1408400
1408600
1408800
1409000
1409300
1409600
1409800
1410000
1410300
1410600
1410800
1411000
1411300
1411600
1411800
1412000
1412300
1412600
1412900
1413100
1413300
1413600
1413900
1414100
1414300
1414600
1414900
1415100
1415300
1415600
1415900
1416100
1416300
1416500
1416800
1417100
1417300
1417500
1417800
1418100
1418400
1418600
1418800
1419100
1419400
1419600
1419800
1420100
1420400
1420700
1420900
1421100
1421300
1421600
1421900
1422100
1422300
1422600
1422900
1423100
1423300
1423600
1423900
1424200
1424400
1424600
1424900
1425200
1425400
1425600
1425900
1426200
1426400
1426600
1426900
1427200
1427400
1427600
1427800
1428100
1428400
1428600
1428800
1429100
1429400
1429600
1429800
1430100
1430400
1430700
1430900
1431100
1431400
1431700
1432000
1432200
1432400
1432700
1433000
1433200
1433400
1433700
1434000
1434300
1434500
1434700
1435000
1435300
1435600
1435800
1436000
1436300
1436600
1436800
1437000
1437300
1437600
1437800
1438000
1438300
1438600
1438800
1439000
1439200
1439500
1439800
1440000
1440200
1440500
1440800
1441000
1441200
1441500
1441800
1442000
1442200
1442500
1442800
1443100
1443300
1443500
1443800
1444100
1444400
1444600
1444800
1445100
1445400
1445600
1445800
1446100
1446400
1446600
1446800
1447000
1447300
1447600
1447900
1448100
1448300
1448600
1448900
1449100
1449300
1449600
1449900
1450100
1450300
1450500
1450800
1451100
1451300
1451500
1451800
1452100
1452300
1452500
1452800
1453100
1453300
1453500
1453800
1454100
1454400
1454600
1454800
1455100
1455400
1455600
1455800
1456100
1456400
1456600
1456800
1457100
1457400
1457700
1457900
1458100
1458400
1458700
1459000
1459200
1459500
1459800
1460100
1460300
1460500
1460800
1461100
1461300
1461500
1461700
1462000
1462300
1462500
1462700
1463000
1463300
1463500
1463700
1464000
1464300
1464500
1464700
1465000
1465300
1465500
1465700
1466000
1466300
1466600
1466800
1467000
1467300
1467600
1467800
1468000
1468300
1468600
1468800
1469000
1469200
1469500
1469800
1470100
1470300
1470500
1470800
1471100
1471300
1471500
1471800
1472000
1472200
1472500
1472800
1473100
1473300
1473500
1473800
1474100
1474400
1474900
1475200
1475600
1475900
1476200
1476600
1476900
1477200
1477500
1477900
1478100
1478300
1478500
1478800
1479100
1479400
1479600
1479800
1480000
1480200
1480500
1480800
1481000
1481200
1481500
1481800
1482100
1482300
1482500
1482800
1483100
1483300
1483500
1483800
1484100
1484300
1484500
1484800
1485100
1485300
1485500
1485800
1486100
1486400
1486700
1486900
1487200
1487500
1487800
1488000
1488200
1488500
1488800
1489000
1489200
1489500
1489800
1490000
1490200
1490500
1490800
1491000
1491200
1491500
1491800
1492000
1492200
1492500
1492800
1493100
1493300
1493500
1493800
1494100
1494400
1494600
1494800
1495100
1495400
1495600
1495800
1496000
1496300
1496600
1496800
1497000
1497300
1497600
1497800
1498000
1498300
1498600
1498900
1499100
1499300
1499600
1499900
1500100
1500300
1500600
1500900
1501100
1501300
1501600
1501900
1502200
1502400
1502700
1503000
1503300
1503500
1503700
1504000
1504300
1504500
1504700
1505000
1505300
1505500
1505700
1506000
1506300
1506500
1506700
1507000
1507300
1507600
1507800
1508000
1508300
1508600
1508800
1509000
1509300
1509600
1509800
1510000
1510200
1510500
1510800
1511000
1511200
1511500
1511800
1512000
1512200
1512500
1512800
1513000
1513200
1513500
1513800
1514000
1514200
1514500
1514800
1515000
1515200
1515500
1515800
1516000
1516200
1516500
1516800
1517100
1517300
1517600
1517900
1518200
1518400
1518600
1518900
1519200
1519400
1519600
1519900
1520200
1520500
1520700
1520900
1521200
1521500
1521700
1521900
1522200
1522500
1522700
1522900
1523200
1523500
1523800
1524000
1524200
1524500
1524800
1525000
1525200
1525500
1525800
1526000
1526200
1526500
1526800
1527100
1527300
1527600
1527900
1528200
1528400
1528600
1528900
1529200
1529400
1529600
1529900
1530200
1530400
1530600
1530900
1531200
1531400
1531600
1531900
1532200
1532400
1532600
1532900
1533200
1533400
1533600
1533900
1534200
1534400
1534600
1534800
1535100
1535400
1535600
1535800
1536100
1536400
1536600
1536800
1537100
1537400
1537700
1537900
1538100
1538400
1538700
1538900
1539100
1539400
1539700
1539900
1540100
1540400
1540700
1540900
1541100
1541400
1541700
1541900
1542100
1542400
1542700
1542900
1543100
1543400
1543700
1544000
1544200
1544500
1544800
1545100
1545300
1545500
1545800
1546100
1546300
1546500
1546800
1547100
1547300
1547500
1547800
1548100
1548300
1548500
1548800
1549100
1549400
1549600
1549800
1550100
1550400
1550600
1550800
1551100
1551400
1551700
1551900
1552100
1552400
1552700
1552900
1553100
1553400
1553700
1553900
1554100
1554400
1554700
1554900
1555100
1555400
1555700
1555900
1556100
1556400
1556700
1556900
1557100
1557400
1557700
1557900
1558100
1558400
1558700
1558900
1559100
1559400
1559700
1560000
1560200
1560400
1560700
1561000
1561200
1561400
1561700
1562000
1562200
1562400
1562700
1563000
1563300
1563500
1563700
1564000
1564300
1564500
1564700
1565000
1565300
1565600
1565800
1566000
1566300
1566600
1566800
1567000
1567300
1567600
1567800
1568000
1568300
1568600
1568800
1569000
1569300
1569600
1569800
1570000
1570300
1570600
1570800
1571000
1571300
1571600
1571800
1572000
1572300
1572600
1572800
1573000
1573300
1573600
1573900
1574100
1574300
1574600
1574900
1575100
1575300
1575600
1575900
1576100
1576300
1576600
1576900
1577200
1577400
1577600
1577900
1578200
1578400
1578600
1578900
1579200
1579400
1579600
1579900
1580200
1580500
1580700
1580900
1581200
1581500
1581700
1581900
1582200
1582500
1582800
1583000
1583200
1583500
1583800
1584000
1584200
1584500
1584800
1585000
1585200
1585500
1585800
1586000
1586200
1586500
1586800
1587100
1587300
1587500
1587800
1588100
1588300
1588500
1588700
1589000
1589300
1589500
1589700
1590000
1590300
1590600
1590800
1591000
1591300
1591600
1591800
1592000
1592300
1592600
1592800
1593000
1593300
1593600
1593900
1594100
1594300
1594600
1594900
1595100
1595300
1595600
1595900
1596100
1596300
1596600
1596900
1597100
1597300
1597600
1597900
1598100
1598300
1598600
1598900
1599100
1599300
1599600
1599900
1600100
1600300
1600600
1600900
1601100
1601300
1601600
1601900
1602200
1602400
1602600
1602900
1603200
1603400
1603600
1603900
1604200
1604400
1604600
1604800
1605100
1605400
1605600
1605800
1606100
1606400
1606600
1606800
1607100
1607400
1607700
1607900
1608100
1608400
1608700
1608900
1609100
1609400
1609700
1609900
1610100
1610400
1610700
1610900
1611100
1611400
1611700
1611900
1612100
1612400
1612700
1612900
1613100
1613300
1613600
1613900
1614100
1614300
1614600
1614900
1615100
1615300
1615600
1615900
1616200
1616400
1616600
1616900
1617200
1617400
1617600
1617900
1618200
1618500
1618700
1618900
1619200
1619500
1619700
1619900
1620200
1620500
1620700
1620900
1621200
1621500
1621800
1622000
1622200
1622500
1622800
1623000
1623200
1623500
1623800
1624000
1624200
1624500
1624800
1625000
1625200
1625500
1625800
1626000
1626200
1626500
1626800
1627000
1627200
1627500
1627800
1628000
1628200
1628500
1628800
1629000
1629200
1629500
1629800
1630100
1630300
1630500
1630800
1631100
1631300
1631500
1631800
1632100
1632400
1632600
1632800
1633100
1633400
1633600
1633800
1634100
1634400
1634600
1634800
1635100
1635400
1635600
1635800
1636100
1636400
1636700
1636900
1637100
1637400
1637700
1637900
1638100
1638400
1638700
1638900
1639100
1639400
1639700
1639900
1640100
1640400
1640700
1640900
1641100
1641400
1641700
1641900
1642100
1642400
1642700
1642900
1643100
1643400
1643700
1644000
1644200
1644400
1644700
1645000
1645200
1645400
1645700
1646000
1646200
1646400
1646700
1647000
1647300
1647500
1647700
1648000
1648300
1648500
1648700
1649000
1649300
1649500
1649700
1650000
1650300
1650500
1650700
1651000
1651300
1651600
1651800
1652100
1652400
1652700
1652900
1653200
1653500
1653800
1654000
1654200
1654500
1654800
1655000
1655200
1655500
1655800
1656000
1656200
1656500
1656800
1657000
1657200
1657500
1657800
1658100
1658300
1658500
1658800
1659100
1659300
1659500
1659800
1660100
1660300
1660500
1660800
1661100
1661400
1661600
1661800
1662100
1662400
1662600
1662800
1663100
1663400
1663600
1663800
1664100
1664400
1664600
1664800
1665100
1665400
1665600
1665800
1666100
1666400
1666700
1666900
1667100
1667400
1667700
1667900
1668100
1668400
1668700
1668900
1669100
1669400
1669700
1669900
1670100
1670400
1670700
1670900
1671100
1671400
1671700
1672000
1672200
1672400
1672700
1673000
1673200
1673400
1673700
1674000
1674200
1674400
1674700
1675000
1675300
1675500
1675700
1676000
1676300
1676500
1676700
1677000
1677300
1677500
1677700
1678000
1678300
1678500
1678700
1679000
1679300
1679500
1679700
1680000
1680300
1680500
1680700
1681000
1681300
1681600
1681800
1682000
1682300
1682600
1682800
1683000
1683300
1683600
1683800
1684000
1684300
1684600
1684800
1685000
1685300
1685600
1685900
1686100
1686300
1686600
1686900
1687100
1687300
1687600
1687900
1688200
1688400
1688600
1688900
1689200
1689400
1689600
1689900
1690200
1690400
1690600
1690900
1691200
1691400
1691600
1691900
1692200
1692400
1692600
1692900
1693200
1693400
1693600
1693900
1694200
1694500
1694700
1695000
1695300
1695600
1695800
1696000
1696300
1696600
1696800
1697000
1697300
1697600
1697800
1698000
1698300
1698600
1698800
1699000
1699300
1699600
1699900
1700100
1700300
1700600
1700900
1701100
1701500
1701700
1701900
1702200
1702400
1702600
1702900
1703200
1703400
1703600
1703900
1704200
1704400
1704600
1704900
1705200
1705500
1705700
1705900
1706200
1706500
1706700
1706900
1707200
1707500
1707700
1707900
1708200
1708500
1708700
1708900
1709200
1709500
1709700
1709900
1710200
1710500
1710700
1710900
1711200
1711500
1711700
1711900
1712100
1712400
1712700
1712900
1713100
1713300
1713600
1713900
1714100
1714300
1714600
1714900
1715200
1715400
1715600
1715900
1716200
1716400
1716600
1716900
1717200
1717500
1717700
1717900
1718200
1718500
1718700
1718900
1719200
1719500
1719800
1720100
1720300
1720600
1720800
1721100
1721400
1721600
1721800
1722000
1722300
1722600
1722800
1723000
1723300
1723600
1723800
1724000
1724200
1724500
1724800
1725100
1725400
1725700
1725900
1726100
1726600
1727000
1727300
1727600
1727900
1728200
1728600
1728900
1729300
1729600
1730100
1730300
1730600
1730900
1731100
1731300
1731600
1731900
1732100
1732300
1732600
1732900
1733100
1733300
1733600
1733900
1734200
1734400
1734600
1734900
1735200
1735400
1735600
1735900
1736200
1736400
1736600
1736900
1737200
1737400
1737600
1737900
1738100
1738400
1738700
1738900
1739100
1739400
1739700
1739900
1740100
1740400
1740700
1740900
1741100
1741400
1741700
1741900
1742100
1742400
1742700
1742900
1743100
1743400
1743700
1743900
1744100
1744400
1744700
1744900
1745100
1745400
1745700
1745900
1746100
1746300
1746600
1746900
1747100
1747300
1747600
1747900
1748200
1748400
1748600
1748900
1749200
1749400
1749600
1749900
1750200
1750400
1750600
1750900
1751200
1751500
1751700
1751900
1752200
1752500
1752700
1752900
1753200
1753500
1753700
1753900
1754200
1754500
1754700
1754900
1755200
1755500
1755700
1755900
1756200
1756500
1756700
1756900
1757200
1757500
1757800
1758000
1758200
1758500
1758800
1759000
1759200
1759500
1759800
1760000
1760200
1760500
1760800
1761000
1761200
1761500
1761800
1762000
1762200
1762500
1762800
1763100
1763300
1763500
1763800
1764100
1764300
1764500
1764800
1765100
1765300
1765500
1765800
1766100
1766400
1766700
1766900
1767100
1767400
1767700
1767900
1768100
1768400
1768700
1768900
1769100
1769400
1769700
1769900
1770100
1770400
1770700
1771000
1771200
1771400
1771700
1772000
1772200
1772400
1772700
1773000
1773200
1773400
1773700
1774000
1774300
1774500
1774700
1775000
1775300
1775500
1775700
1776000
1776300
1776500
1776700
1777000
1777300
1777500
1777700
1778000
1778300
1778500
1778700
1779000
1779200
1779500
1779800
1780000
1780200
1780500
1780800
1781100
1781300
1781500
1781800
1782100
1782300
1782500
1782800
1783100
1783300
1783500
1783800
1784100
1784400
1784600
1784800
1785100
1785400
1785600
1785800
1786100
1786400
1786600
1786800
1787100
1787400
1787600
1787800
1788100
1788400
1788600
1788800
1789100
1789400
1789600
1789800
1790100
1790400
1790700
1790900
1791100
1791400
1791700
1791900
1792100
1792300
1792600
1792900
1793200
1793400
1793600
1793900
1794200
1794400
1794600
1794900
1795200
1795400
1795600
1795800
1796100
1796400
1796600
1796800
1797100
1797400
1797700
1797900
1798200
1798500
1798800
1799100
1799300
1799500
1799800
1800100
1800300
1800500
1800800
1801100
1801300
1801500
1801800
1802100
1802300
1802500
1802800
1803100
1803300
1803500
1803800
1804100
1804400
1804600
1804800
1805100
1805400
1805600
1805800
1806100
1806400
1806600
1806800
1807100
1807400
1807600
1807800
1808100
1808400
1808600
1808800
1809100
1809400
1809600
1809800
1810100
1810400
1810700
1811000
1811200
1811500
1811800
1812100
1812300
1812600
1812900
1813200
1813400
1813600
1813900
1814200
1814400
1814600
1814900
1815200
1815400
1815600
1815900
1816200
1816400
1816600
1816900
1817200
1817400
1817600
1817900
1818200
1818400
1818600
1818800
1819000
1819300
1819600
1819800
1820000
1820300
1820600
1820800
1821000
1821300
1821600
1821900
1822100
1822300
1822600
1822900
1823100
1823300
1823500
1823800
1824100
1824300
1824500
1824800
1825100
1825300
1825500
1825800
1826100
1826300
1826500
1826800
1827100
1827300
1827500
1827800
1828100
1828300
1828500
1828800
1829100
1829300
1829500
1829800
1830100
1830300
1830500
1830800
1831100
1831300
1831500
1831700
1831900
1832200
1832500
1832700
1832900
1833200
1833500
1833700
1833900
1834200
1834500
1834800
1835000
1835200
1835500
1835800
1836000
1836200
1836400
1836700
1837000
1837200
1837400
1837700
1838000
1838200
1838400
1838700
1839000
1839200
1839400
1839700
1840000
1840200
1840400
1840700
1841000
1841200
1841400
1841700
1842000
1842200
1842400
1842700
1843000
1843200
1843400
1843700
1844000
1844200
1844400
1844600
1844800
1845100
1845400
1845600
1845800
1846100
1846400
1846700
1846900
1847100
1847400
1847700
1847900
1848100
1848400
1848700
1849000
1849200
1849400
1849700
1850000
1850200
1850400
1850700
1851000
1851300
1851500
1851700
1852000
1852300
1852500
1852700
1852900
1853200
1853500
1853700
1853900
1854200
1854500
1854700
1854900
1855200
1855500
1855700
1855900
1856200
1856500
1856800
1857000
1857200
1857500
1857800
1858000
1858200
1858500
1858800
1859000
1859200
1859500
1859800
1860100
1860300
1860500
1860800
1861100
1861300
1861500
1861800
1862100
1862300
1862500
1862800
1863100
1863300
1863500
1863800
1864100
1864300
1864500
1864800
1865100
1865300
1865500
1865800
1866100
1866300
1866500
1866800
1867100
1867300
1867500
1867800
1868100
1868300
1868500
1868800
1869100
1869300
1869500
1869800
1870100
1870300
1870500
1870800
1871100
1871400
1871600
1871800
1872100
1872400
1872600
1872800
1873100
1873400
1873600
1873800
1874100
1874400
1874700
1874900
1875100
1875400
1875700
1875900
1876100
1876400
1876700
1876900
1877100
1877400
1877700
1877900
1878100
1878400
1878700
1878900
1879100
1879400
1879700
1879900
1880100
1880400
1880700
1880900
1881100
1881400
1881700
1881900
1882100
1882400
1882700
1882900
1883100
1883400
1883700
1883900
1884100
1884400
1884700
1885000
1885200
1885400
1885700
1886000
1886200
1886400
1886700
1887000
1887200
1887400
1887600
1887900
1888200
1888500
1888700
1888900
1889200
1889500
1889700
1889900
1890200
1890500
1890700
1890900
1891200
1891500
1891800
1892000
1892200
1892500
1892800
1893000
1893200
1893500
1893800
1894000
1894200
1894500
1894800
1895100
1895300
1895500
1895700
1896000
1896300
1896500
1896700
1897000
1897300
1897500
1897700
1898000
1898300
1898600
1898800
1899000
1899300
1899600
1899900
1900100
1900300
1900600
1900900
1901200
1901400
1901600
1901900
1902200
1902400
1902600
1902900
1903200
1903500
1903800
1904000
1904200
1904500
1904800
1905000
1905200
1905500
1905800
1906000
1906200
1906500
1906800
1907000
1907200
1907500
1907800
1908000
1908200
1908500
1908800
1909000
1909200
1909500
1909800
1910100
1910300
1910500
1910800
1911100
1911300
1911500
1911800
1912100
1912300
1912500
1912800
1913100
1913400
1913600
1913800
1914100
1914400
1914600
1914800
1915100
1915400
1915600
1915800
1916100
1916400
1916700
1916900
1917100
1917400
1917700
1918000
1918200
1918400
1918700
1919000
1919200
1919400
1919700
1920000
1920200
1920400
1920700
1921000
1921300
1921500
1921700
1922000
1922300
1922500
1922700
1923000
1923300
1923500
1923700
1924000
1924300
1924600
1924800
1925000
1925300
1925600
1925900
1926100
1926300
1926600
1926900
1927100
1927300
1927600
1927900
1928200
1928400
1928600
1928900
1929200
1929400
1929600
1929900
1930200
1930400
1930600
1930900
1931200
1931500
1931700
1931900
1932200
1932500
1932700
1932900
1933200
1933500
1933700
1933900
1934200
1934500
1934700
1934900
1935200
1935500
1935700
1935900
1936200
1936500
1936700
1936900
1937200
1937500
1937700
1937900
1938200
1938500
1938800
1939100
1939300
1939500
1939800
1940100
1940300
1940500
1940800
1941100
1941400
1941600
1941800
1942100
1942400
1942600
1942800
1943100
1943400
1943700
1943900
1944100
1944400
1944700
1945000
1945200
1945400
1945700
1946000
1946200
1946400
1946700
1947000
1947300
1947500
1947700
1948000
1948300
1948500
1948700
1949000
1949300
1949500
1949700
1950000
1950300
1950500
1950700
1951000
1951300
1951500
1951700
1952000
1952300
1952500
1952700
1953000
1953300
1953500
1953700
1953900
1954200
1954500
1954700
1954900
1955200
1955500
1955700
1955900
1956200
1956500
1956800
1957100
1957300
1957500
1957800
1958100
1958300
1958500
1958800
1959100
1959400
1959600
1959800
1960100
1960400
1960600
1960800
1961100
1961400
1961600
1961800
1962100
1962400
1962600
1962800
1963100
1963400
1963600
1963800
1964100
1964400
1964600
1964800
1965100
1965400
1965600
1965800
1966100
1966400
1966700
1966900
1967100
1967400
1967700
1967900
1968100
1968400
1968700
1968900
1969100
1969400
1969700
1970000
1970200
1970400
1970700
1971000
1971300
1971500
1971700
1972000
1972300
1972600
1972800
1973000
1973300
1973600
1973800
1974000
1974300
1974600
1974800
1975000
1975300
1975600
1975800
1976000
1976200
1976500
1976800
1977000
1977200
1977500
1977800
1978100
1978300
1978500
1978800
1979100
1979400
1979600
1979900
1980200
1980500
1980700
1980900
1981200
1981500
1981800
1982000
1982200
1982500
1982800
1983000
1983200
1983500
1983800
1984100
1984300
1984500
1984800
1985100
1985300
1985500
1985800
1986100
1986300
1986500
1986800
1987100
1987400
1987600
1987800
1988100
1988300
1988600
1988900
1989200
1989500
1989700
1989900
1990200
1990500
1990800
1991000
1991200
1991500
1991800
1992000
1992200
1992400
1992600
1992900
1993200
1993500
1993700
1994000
1994200
1994700
1995000
1995300
1995600
1995900
1996300
1996600
1996900
1997200
1997600
1997900
1998200
1998500
1998700
1998900
1999100
1999400
1999700
1999900
2000100
2000400
2000700
2000900
2001100
2001400
2001700
2002000
2002300
2002500
2002700
2002900
2003200
2003500
2003700
2003900
2004200
2004500
2004800
2005000
2005200
2005500
2005800
2006000
2006200
2006500
2006800
2007100
2007300
2007500
2007800
2008100
2008300
2008500
2008800
2009100
2009300
2009500
2009800
2010100
2010300
2010500
2010800
2011100
2011400
2011600
2011800
2012100
2012400
2012600
2012800
2013100
2013400
2013600
2013800
2014100
2014400
2014700
2014900
2015100
2015400
2015700
2015900
2016100
2016300
2016600
2016900
2017100
2017300
2017600
2017900
2018200
2018400
2018600
2018900
2019200
2019500
2019700
2019900
2020200
2020500
2020700
2020900
2021200
2021500
2021800
2022000
2022200
2022500
2022800
2023000
2023200
2023500
2023800
2024000
2024200
2024500
2024800
2025000
2025200
2025500
2025800
2026000
2026200
2026500
2026800
2027100
2027300
2027500
2027800
2028100
2028300
2028500
2028800
2029100
2029300
2029500
2029700
2030000
2030300
2030500
2030700
2031000
2031300
2031600
2031800
2032000
2032300
2032600
2032900
2033100
2033300
2033600
2033900
2034100
2034300
2034600
2034900
2035200
2035400
2035600
2035900
2036200
2036400
2036600
2036900
2037200
2037400
2037600
2037900
2038200
2038500
2038700
2039000
2039300
2039600
2039800
2040000
2040300
2040600
2040800
2041000
2041300
2041600
2041900
2042100
2042300
2042600
2042900
2043100
2043300
2043600
2043900
2044200
2044400
2044600
2044900
2045200
2045500
2045700
2045900
2046200
2046500
2046700
2046900
2047200
2047500
2047800
2048000
2048200
2048500
2048800
2049000
2049200
2049500
2049800
2050000
2050200
2050500
2050800
2051100
2051300
2051500
2051800
2052100
2052300
2052500
2052800
2053100
2053300
2053500
2053800
2054100
2054400
2054600
2054800
2055100
2055400
2055600
2055800
2056100
2056400
2056600
2056800
2057100
2057400
2057700
2057900
2058100
2058400
2058700
2058900
2059100
2059400
2059700
2059900
2060100
2060300
2060600
2060900
2061100
2061300
2061600
2061900
2062100
2062300
2062600
2062900
2063200
2063400
2063600
2063900
2064200
2064400
2064600
2064900
2065200
2065400
2065600
2065900
2066200
2066400
2066600
2066900
2067200
2067500
2067700
2067900
2068200
2068500
2068700
2068900
2069200
2069500
2069700
2069900
2070200
2070500
2070700
2070900
2071100
2071400
2071700
2071900
2072100
2072300
2072600
2072900
2073100
2073300
2073600
2073900
2074200
2074400
2074600
2074900
2075200
2075400
2075600
2075900
2076200
2076400
2076600
2076900
2077200
2077500
2077700
2078000
2078300
2078600
2078800
2079000
2079300
2079600
2079800
2080000
2080300
2080600
2080800
2081000
2081300
2081600
2081900
2082100
2082300
2082600
2082900
2083100
2083300
2083600
2083900
2084100
2084300
2084600
2084900
2085200
2085400
2085600
2085900
2086200
2086400
2086600
2086900
2087200
2087500
2087700
2087900
2088200
2088500
2088800
2089000
2089200
2089500
2089800
2090000
2090200
2090500
2090800
2091000
2091200
2091500
2091800
2092100
2092300
2092500
2092800
2093100
2093300
2093500
2093800
2094100
2094300
2094500
2094800
2095100
2095400
2095600
2095800
2096100
2096400
2096600
2096800
2097100
2097400
2097600
2097800
2098100
2098400
2098700
2098900
2099100
2099400
2099700
2100000
2100200
2100400
2100700
2101000
2101200
2101400
2101700
2102000
2102300
2102500
2102700
2103000
2103300
2103500
2117100
2117300
2117600
2117900
2118200
2118400
2118600
2118900
2119200
2119400
2119600
2119900
2120200
2120500
2120700
2120900
2121200
2121500
2121800
2122000
2122200
2122500
2122800
2123000
2123200
2123400
2123700
2124000
2124200
2124400
2124700
2125000
2125200
2125400
2125700
2126000
2126300
2126500
2126700
2127000
2127300
2127500
2127700
2128000
2128300
2128500
2128700
2129000
2129300
2129500
2129700
2130000
2130300
2130500
2130700
2131000
2131300
2131500
2131700
2132000
2132300
2132600
2132800
2133000
2133300
2133600
2133800
2134000
2134300
2134600
2134800
2135000
2135200
2135800
2136100
2136400
2136700
2137000
2137300
2137500
2137700
2138000
2138300
2138600
2138800
2139000
2139300
2139600
2139800
2140000
2140300
2140600
2140800
2141000
2141300
2141600
2141800
2142000
2142300
2142600
2142900
2143100
2143400
2143700
2144000
2144200
2144400
2144700
2145000
2145200
2145400
2145700
2146000
2146200
2146400
2146700
2147000
2147300
2147500
2147700
2148000
2148300
2148500
2148700
2149000
2149300
2149500
2149700
2149900
2150200
2150500
2150700
2150900
2151200
2151500
2151700
2151900
2152200
2152500
2152700
2152900
2153200
2153500
2153800
2154000
2154200
2154500
2154800
2155000
2155200
2155500
2155800
2156000
2156200
2156500
2156800
2157000
2157200
2157500
2157800
2158000
2158200
2158500
2158800
2159000
2159200
2159500
2159800
2160100
2160300
2160500
2160800
2161100
2161300
2161500
2161800
2162100
2162400
2162600
2162800
2163100
2163400
2163600
2163800
2164000
2164300
2164600
2164800
2165000
2165300
2165600
2165900
2166100
2166300
2166600
2166900
2167100
2167300
2167600
2167900
2168100
2168300
2168600
2168900
2169100
2169300
2169600
2169900
2170100
2170300
2170600
2170900
2171100
2171300
2171600
2171900
2172100
2172300
2172600
2172900
2173200
2173400
2173600
2173900
2174200
2174400
2174600
2174900
2175200
2175500
2175700
2175900
2176200
2176500
2176700
2176900
2177200
2177500
2177800
2178000
2178200
2178500
2178800
2179000
2179200
2179500
2179800
2180000
2180200
2180500
2180800
2181000
2181200
2181500
2181800
2182000
2182200
2182500
2182800
2183100
2183300
2183600
2183900
2184200
2184400
2184600
2184900
2185200
2185400
2185600
2185900
2186200
2186400
2186600
2186900
2187200
2187400
2187600
2187900
2188200
2188500
2188700
2188900
2189200
2189500
2189700
2189900
2190200
2190500
2190800
2191000
2191200
2191500
2191800
2192000
2192200
2192500
2192800
2193000
2193200
2193500
2193800
2194100
2194300
2194500
2194800
2195100
2195300
2195500
2195800
2196100
2196300
2196500
2196800
2197100
2197300
2197500
2197800
2198100
2198300
2198500
2198800
2199100
2199300
2199500
2199800
2200100
2200400
2200600
2200800
2201100
2201400
2201600
2201800
2202100
2202400
2202600
2202800
2203000
2203300
2203600
2203800
2204000
2204300
2204600
2204800
2205000
2205200
2205500
2205800
2206000
2206200
2206500
2206800
2207000
2207200
2207500
2207800
2208000
2208200
2208500
2208800
2209100
2209300
2209600
2209900
2210200
2210400
2210700
2211000
2211300
2211500
2211700
2212000
2212300
2212500
2212700
2213000
2213300
2213500
2213700
2213900
2214200
2214500
2214700
2214900
2215200
2215500
2215800
2216000
2216200
2216500
2216800
2217000
2217200
2217500
2217800
2218100
2218300
2218500
2218800
2219100
2219300
2219500
2219800
2220100
2220400
2220600
2220800
2221100
2221400
2221600
2221800
2222100
2222400
2222600
2222800
2223100
2223400
2223600
2223800
2224100
2224400
2224600
2224800
2225100
2225400
2225600
2225800
2226100
2226400
2226600
2226800
2227100
2227400
2227700
2227900
2228100
2228400
2228700
2228900
2229100
2229400
2229700
2229900
2230100
2230300
2230600
2230900
2231100
2231300
2231600
2231900
2232100
2232300
2232600
2232900
2233200
2233400
2233600
2233900
2234200
2234400
2234600
2234900
2235200
2235400
2235600
2235900
2236200
2236500
2236700
2236900
2237200
2237500
2237700
2237900
2238200
2238500
2238700
2238900
2239200
2239500
2239700
2239900
2240200
2240500
2240700
2240900
2241200
2241500
2241700
2241900
2242100
2242400
2242700
2242900
2243100
2243400
2243700
2243900
2244100
2244400
2244700
2245000
2245200
2245400
2245700
2246000
2246300
2246500
2246700
2247000
2247300
2247500
2247700
2248000
2248300
2248600
2248800
2249000
2249300
2249600
2249800
2250000
2250300
2250600
2250800
2251000
2251300
2251600
2251800
2252000
2252200
2252500
2252800
2253000
2253200
2253500
2253800
2254100
2254400
2254700
2254900
2255100
2255400
2255600
2255900
2256200
2256500
2256700
2256900
2257200
2257500
2257700
2257900
2258100
2258400
2258700
2258900
2259100
2259400
2259700
2259900
2260100
2260400
2260700
2260900
2261100
2261400
2261700
2262000
2262300
2262500
2262800
2263000
2263300
2263600
2263800
2264000
2264300
2264600
2264900
2265100
2265300
2265600
2265900
2266200
2266400
2266700
2267000
2267300
2267500
2267700
2267900
2268200
2268400
2268900
2269200
2269500
2269800
2270100
2270500
2270900
2271300
2271600
2271900
2272200
2272400
2272600
2272900
2273200
2273500
2273700
2273900
2274200
2274500
2274800
2275000
2275200
2275500
2275800
2276100
2276300
2276500
2276800
2277100
2277300
2277500
2277800
2278100
2278400
2278600
2278800
2279100
2279400
2279600
2279800
2280100
2280400
2280700
2280900
2281100
2281400
2281700
2281900
2282100
2282400
2282700
2282900
2283100
2283400
2283700
2284000
2284200
2284500
2284800
2285100
2285300
2285500
2285800
2286100
2286300
2286500
2286800
2287100
2287300
2287500
2287800
2288100
2288300
2288500
2288800
2289100
2289300
2289500
2289800
2290100
2290300
2290500
2290800
2291100
2291300
2291500
2291800
2292100
2292400
2292600
2292800
2293100
2293400
2293600
2293800
2294100
2294400
2294700
2294900
2295100
2295400
2295700
2295900
2296100
2296400
2296700
2296900
2297100
2297400
2297700
2297900
2298100
2298400
2298700
2299000
2299200
2299500
2299800
2300100
2300300
2300600
2300900
2301200
2301400
2301600
2301900
2302200
2302400
2302600
2302900
2303200
2303400
2303600
2303900
2304200
2304400
2304600
2304900
2305200
2305400
2305600
2305900
2306200
2306500
2306700
2306900
2307200
2307500
2307700
2307900
2308200
2308500
2308800
2309000
2309200
2309500
2309800
2310000
2310200
2310500
2310800
2311000
2311200
2311500
2311800
2312000
2312200
2312500
2312800
2313100
2313300
2313500
2313800
2314100
2314300
2314500
2314800
2315100
2315300
2315500
2315800
2316100
2316300
2316500
2316800
2317100
2317300
2317500
2317800
2318100
2318300
2318500
2318800
2319100
2319400
2319600
2319800
2320100
2320400
2320600
2320800
2321100
2321400
2321700
2321900
2322100
2322400
2322700
2322900
2323100
2323400
2323700
2323900
2324100
2324400
2324700
2324900
2325100
2325400
2325700
2326000
2326200
2326400
2326700
2327000
2327200
2327400
2327700
2328000
2328200
2328400
2328700
2329000
2329200
2329400
2329700
2330000
2330200
2330400
2330700
2331000
2331200
2331400
2331700
2332000
2332200
2332400
2332700
2333000
2333300
2333500
2333700
2334000
2334300
2334500
2334700
2335000
2335300
2335500
2335700
2335900
2336200
2336500
2336700
2336900
2337200
2337500
2337700
2337900
2338200
2338500
2338700
2338900
2339200
2339500
2339800
2340000
2340300
2340600
2340900
2341100
2341300
2341600
2341900
2342100
2342300
2342600
2342900
2343100
2343300
2343600
2343900
2344200
2344400
2344600
2344900
2345200
2345400
2345600
2345900
2346200
2346500
2346700
2346900
2347200
2347500
2347700
2347900
2348100
2348400
2348700
2349000
2349200
2349400
2349700
2350000
2350200
2350400
2350700
2351000
2351300
2351600
2351800
2352000
2352300
2352600
2352800
2353000
2353300
2353600
2353800
2354000
2354300
2354600
2354900
2355100
2355300
2355600
2355900
2356200
2356400
2356600
2356900
2357200
2357400
2357600
2357900
2358200
2358400
2358600
2358800
2359100
2359400
2359700
2359900
2360100
2360400
2360700
2360900
2361100
2361400
2361700
2362000
2362300
2362500
2362700
2363000
2363300
2363500
2363700
2364000
2364300
2364600
2364800
2365000
2365300
2365600
2365900
2366100
2366300
2366600
2366900
2367100
2367300
2367500
2367800
2368100
2368300
2368500
2368800
2369100
2369400
2369700
2369900
2370100
2370400
2370700
2370900
2371100
2371400
2371700
2371900
2372100
2372400
2372700
2373000
2373200
2373400
2373700
2374000
2374200
2374400
2374700
2375000
2375200
2375400
2375700
2376000
2376300
2376500
2376700
2377000
2377300
2377500
2377700
2378000
2378300
2378500
2378700
2379000
2379300
2379600
2379800
2380000
2380300
2380600
2380800
2381000
2381300
2381600
2381900
2382100
2382300
2382600
2382900
2383100
2383300
2383600
2383900
2384100
2384300
2384600
2384900
2385100
2385300
2385600
2385900
2386200
2386400
2386600
2386900
2387200
2387400
2387600
2387900
2388200
2388400
2388600
2388900
2389200
2389500
2389700
2389900
2390200
2390500
2390700
2390900
2391200
2391500
2391800
2392000
2392200
2392500
2392800
2393000
2393200
2393500
2393800
2394000
2394200
2394500
2394800
2395000
2395200
2395500
2395800
2396000
2396200
2396500
2396800
2397000
2397200
2397500
2397800
2398000
2398200
2398500
2398800
2399000
2399200
2399500
2399800
2400100
2400300
2400500
2400800
2401100
2401300
2401500
2401800
2402100
2402300
2402500
2402800
2403100
2403400
2403600
2403800
2404100
2404400
2404600
2404800
2405100
2405400
2405600
2405800
2406100
2406400
2406700
2406900
2407100
2407400
2407700
2407900
2408100
2408400
2408700
2408900
2409100
2409400
2409700
2409900
2410100
2410400
2410700
2410900
2411100
2411400
2411700
2411900
2412100
2412400
2412700
2412900
2413100
2413400
2413700
2414000
2414200
2414400
2414700
2415000
2415200
2415400
2415700
2416000
2416200
2416400
2416700
2417000
2417300
2417500
2417700
2418000
2418300
2418500
2418700
2419000
2419300
2419500
2419700
2420000
2420300
2420600
2420800
2421000
2421300
2421600
2421800
2422000
2422300
2422600
2422800
2423000
2423300
2423600
2423800
2424000
2424300
2424600
2424800
2425000
2425300
2425600
2425800
2426000
2426300
2426600
2426800
2427000
2427300
2427600
2427800
2428000
2428300
2428600
2428900
2429100
2429300
2429600
2429900
2430100
2430300
2430600
2430900
2431200
2431400
2431600
2431900
2432200
2432400
2432600
2432900
2433200
2433400
2433600
2433900
2434200
2434500
2434700
2434900
2435200
2435500
2435700
2435900
2436200
2436500
2436700
2436900
2437200
2437500
2437700
2437900
2438200
2438500
2438700
2438900
2439200
2439500
2439700
2439900
2440200
2440500
2440700
2440900
2441200
2441500
2441700
2441900
2442200
2442500
2442800
2443000
2443200
2443500
2443800
2444000
2444200
2444500
2444800
2445000
2445200
2445400
2445700
2446000
2446200
2446400
2446700
2447000
2447200
2447400
2447700
2448000
2448200
2448400
2448700
2449000
2449300
2449500
2449700
2450000
2450300
2450500
2450700
2451000
2451300
2451500
2451700
2452000
2452300
2452500
2452700
2453000
2453300
2453500
2453700
2454000
2454300
2454500
2454700
2455000
2455300
2455500
2455700
2456000
2456300
2456600
2456800
2457000
2457300
2457600
2457800
2458000
2458300
2458600
2458800
2459000
2459200
2459500
2459800
2460000
2460200
2460500
2460800
2461000
2461200
2461500
2461800
2462000
2462200
2462500
2462800
2463100
2463300
2463500
2463800
2464100
2464300
2464500
2464800
2465100
2465300
2465500
2465800
2466100
2466300
2466500
2466800
2467100
2467300
2467500
2467800
2468100
2468300
2468500
2468800
2469100
2469300
2469500
2469800
2470100
2470400
2470600
2470800
2471100
2471400
2471600
2471800
2472100
2472400
2472700
2472900
2473100
2473400
2473700
2474000
2474200
2474400
2474700
2475000
2475300
2475500
2475700
2476000
2476300
2476500
2476700
2477000
2477300
2477500
2477700
2478000
2478300
2478500
2478700
2479000
2479300
2479500
2479700
2480000
2480300
2480500
2480700
2481000
2481300
2481500
2481700
2482000
2482300
2482600
2482800
2483000
2483300
2483600
2483800
2484000
2484300
2484600
2484800
2485000
2485300
2485600
2485900
2486100
2486300
2486600
2486900
2487100
2487300
2487600
2487900
2488200
2488400
2488600
2488900
2489200
2489400
2489600
2489900
2490200
2490400
2490600
2490900
2491200
2491400
2491600
2491900
2492200
2492400
2492600
2492900
2493200
2493400
2493600
2493900
2494200
2494400
2494600
2494900
2495200
2495400
2495600
2495900
2496200
2496500
2496700
2496900
2497200
2497500
2497700
2497900
2498200
2498500
2498700
2498900
2499200
2499500
2499800
2500000
2500200
2500500
2500800
2501000
2501200
2501500
2501800
2502100
2502300
2502500
2502800
2503100
2503300
2503500
2503800
2504100
2504300
2504500
2504800
2505100
2505300
2505500
2505800
2506100
2506300
2506500
2506800
2507100
2507300
2507500
2507800
2508100
2508300
2508500
2508800
2509100
2509300
2509500
2509800
2510100
2510400
2510600
2510800
2511100
2511400
2511700
2511900
2512100
2512400
2512700
2513000
2513200
2513400
2513700
2514000
2514200
2514400
2514700
2515000
2515300
2515600
2515900
2516100
2516300
2516600
2516900
2517100
2517300
2517600
2517900
2518100
2518300
2518500
2518700
2519000
2519300
2519600
2519800
2520000
2520300
2520600
2520800
2521000
2521300
2521600
2521800
2522000
2522300
2522600
2522900
2523200
2523500
2523800
2524000
2524200
2524500
2524800
2525000
2525200
2525500
2525800
2526100
2526300
2526600
2527000
2527300
2527600
2527800
2528000
2528300
2528600
2529000
2529300
2529600
2529800
2530200
2530500
2530900
2531200
2531500
2531900
2532200
2532600
2532900
2533400
2533700
2534000
2534200
2534400
2534700
2535000
2535300
2535500
2535700
2535900
2536200
2536500
2536800
2537100
2537300
2537500
2537800
2538100
2538400
2538700
2539000
2539200
2539400
2539700
2540000
2540300
2540600
2540800
2541000
2541200
2541500
2541800
2542100
2542400
2542600
2542800
2543100
2543400
2543700
2543900
2544100
2544300
2544600
2544900
2545200
2545500
2545700
2545900
2546200
2546400
2546700
2547000
2547200
2547500
2547700
2547900
2548200
2548500
2548800
2549000
2549200
2549400
2549600
2549900
2550200
2550500
2550800
2551000
2551200
2551500
2551800
2552100
2552300
2552600
2552800
2553000
2553300
2553600
2553900
2554100
2554300
2554600
2554900
2555200
2555400
2555700
2555900
2556200
2556500
2556800
2557100
2557300
2557500
2557800
2558100
2558400
2558600
2558900
2559100
2559300
2559600
2559900
2560200
2560400
2561200
2561400
2561600
2561800
2562000
2562200
2562500
2562800
2563100
2563400
2563600
2563800
2564100
2564300
2564600
2564900
2565200
2565400
2565600
2565900
2566200
2566500
2566800
2567000
2567300
2567500
2567700
2568000
2568300
2568600
2568800
2569000
2569300
2569600
2569900
2570200
2570500
2570700
2570900
2571200
2571500
2571800
2572100
2572300
2572500
2572700
2573000
2573300
2573600
2573900
2574100
2574300
2574600
2574900
2575200
2575500
2575800
2576000
2576200
2576500
2576800
2577100
2577400
2577600
2577900
2578100
2578300
2578600
2578900
2579200
2579500
2579700
2579900
2580100
2580400
2580700
2581000
2581300
2581500
2581700
2582000
2582300
2582600
2582800
2583100
2583300
2583500
2583800
2584100
2584400
2584600
2584800
2585100
2585300
2585600
2585900
2586200
2586400
2586600
2586900
2587200
2587500
2587800
2588000
2588300
2588500
2588700
2589000
2589300
2589600
2589900
2590100
2590300
2590500
2590800
2591100
2591400
2591700
2591900
2592100
2592400
2592600
2592900
2593200
2593500
2593700
2593900
2594200
2594500
2594800
2595100
2595300
2595600
2595800
2596000
2596300
2596600
2596900
2597100
2597300
2597600
2597900
2598200
2598500
2598800
2599000
2599200
2599500
2599800
2600100
2600400
2600600
2600800
2601000
2601300
2601600
2601900
2602200
2602400
2602600
2602900
2603200
2603500
2603800
2604100
2604300
2604500
2604800
2605100
2605400
2605700
2605900
2606200
2606400
2606600
2606900
2607200
2607500
2607800
2608000
2608200
2608400
2608700
2609000
2609300
2609600
2609800
2610000
2610300
2610600
2610900
2611100
2611400
2611600
2611800
2612100
2612400
2612700
2612900
2613100
2613400
2613600
2613900
2614200
2614500
2614800
2615000
2615200
2615500
2615800
2616100
2616300
2616600
2616800
2617000
2617300
2617600
2617900
2618200
2618400
2618600
2618800
2619000
2619300
2619600
2619900
2620200
2620400
2620600
2620800
2621100
2621400
2621700
2622000
2622200
2622400
2622700
2623000
2623300
2623600
2623900
2624100
2624300
2624600
2624900
2625200
2625500
2625700
2625900
2626100
2626400
2626700
2627000
2627300
2627500
2627700
2628000
2628300
2628600
2628800
2629100
2629300
2629500
2629800
2630100
2630400
2630700
2630900
2631100
2631300
2631600
2631900
2632200
2632500
2632700
2632900
2633200
2633400
2633700
2634000
2634300
2634600
2634800
2635000
2635300
2635600
2635900
2636200
2636500
2636700
2636900
2637200
2637500
2637800
2638100
2638300
2638500
2638700
2639000
2639300
2639600
2639900
2640100
2640300
2640600
2640900
2641200
2641400
2641700
2641900
2642100
2642400
2642700
2643000
2643300
2643500
2643700
2643900
2644200
2644500
2644800
2645100
2645300
2645500
2645800
2646000
2646300
2646600
2646900
2647200
2647400
2647600
2647900
2648200
2648500
2648800
2649100
2649300
2649500
2649800
2650100
2650400
2650700
2650900
2651100
2651300
2651500
2651800
2652100
2652400
2652600
2652800
2653100
2653300
2653600
2653900
2654200
2654400
2654600
2654900
2655200
2655500
2655800
2656000
2656200
2656400
2656700
2657000
2657300
2657600
2657800
2658000
2658300
2658500
2658800
2659100
2659400
2659600
2659800
2660000
2660300
2660600
2660900
2661200
2661500
2661700
2661900
2662200
2662500
2662800
2663100
2663300
2663600
2663800
2664000
2664300
2664600
2664900
2665100
2665300
2665600
2665800
2666100
2666400
2666700
2666900
2667100
2667400
2667700
2668000
2668300
2668500
2668700
2668900
2669200
2669500
2669800
2670100
2670300
2670500
2670800
2671000
2671300
2671600
2671900
2672100
2672300
2672600
2672900
2673200
2673500
2673700
2674000
2674200
2674400
2674700
2675000
2675300
2675600
2675800
2676000
2676200
2676400
2676700
2677000
2677300
2677500
2677700
2678000
2678200
2678500
2678800
2679100
2679400
2679600
2679800
2680100
2680400
2680700
2680900
2681200
2681400
2681600
2681900
2682200
2682500
2682700
2682900
2683200
2683400
2683700
2684000
2684300
2684500
2684700
2685000
2685300
2685600
2685900
2686100
2686400
2686600
2686800
2687100
2687400
2687700
2688000
2688200
2688400
2688600
2688900
2689200
2689500
2689800
2690000
2690200
2690400
2690600
2690900
2691200
2691500
2691800
2692000
2692200
2692500
2692800
2693100
2693300
2693600
2693800
2694000
2694300
2694600
2694900
2695100
2695300
2695600
2695800
2696100
2696400
2696700
2696900
2697100
2697400
2697700
2698000
2698300
2698500
2698800
2699000
2699200
2699500
2699800
2700100
2700400
2700600
2700800
2701000
2701300
2701600
2701900
2702200
2702400
2702600
2702900
2703100
2703400
2703700
2704000
2704300
2704500
2704700
2705000
2705300
2705600
2705900
2706200
2706400
2706600
2706900
2707200
2707500
2707800
2708000
2708200
2708400
2708700
2709000
2709300
2709600
2709800
2710000
2710300
2710600
2710900
2711100
2711400
2711600
2711800
2712100
2712400
2712700
2713000
2713200
2713400
2713600
2713900
2714200
2714500
2714800
2715000
2715200
2715500
2715700
2716000
2716300
2716600
2716900
2717100
2717300
2717600
2717900
2718200
2718500
2718800
2719000
2719200
2719500
2719800
2720100
2720400
2720600
2720800
2721000
2721300
2721600
2721900
2722200
2722400
2722600
2722900
2723200
2723500
2723800
2724100
2724300
2724500
2724800
2725100
2725400
2725700
2725900
2726100
2726300
2726600
2726900
2727200
2727500
2727700
2727900
2728200
2728400
2728700
2729000
2729300
2729600
2729800
2730000
2730300
2730600
2730900
2731200
2731500
2731700
2731900
2732200
2732500
2732800
2733100
2733300
2733500
2733700
2734000
2734300
2734600
2734900
2735100
2735300
2735600
2735800
2736100
2736400
2736700
2736900
2737100
2737400
2737700
2738000
2738300
2738500
2738700
2738900
2739200
2739500
2739800
2740100
2740300
2740500
2740800
2741100
2741400
2741700
2742000
2742200
2742400
2742700
2743000
2743300
2743600
2743800
2744100
2744300
2744500
2744800
2745100
2745400
2745700
2745900
2746200
2746400
2746600
2746900
2747200
2747500
2747700
2747900
2748100
2748300
2748600
2748900
2749200
2749500
2749700
2749900
2750200
2750500
2750800
2751000
2751200
2751400
2751600
2751900
2752200
2752500
2752700
2752900
2753200
2753400
2753700
2754000
2754300
2754500
2754700
2755000
2755300
2755600
2755900
2756100
2756400
2756600
2756800
2757100
2757400
2757700
2758000
2758200
2758400
2758600
2758900
2759200
2759500
2759800
2760000
2760200
2760500
2760700
2761000
2761300
2761600
2761900
2762100
2762300
2762600
2762900
2763200
2763500
2763800
2764000
2764200
2764500
2764800
2765100
2765400
2765600
2765800
2766000
2766300
2766600
2766900
2767200
2767400
2767600
2767900
2768200
2768500
2768700
2769000
2769200
2769400
2769700
2770000
2770300
2770600
2770800
2771000
2771200
2771400
2771700
2772000
2772300
2772600
2772800
2773000
2773200
2773500
2773800
2774100
2774400
2774600
2774800
2775100
2775400
2775700
2776000
2776300
2776500
2776700
2777000
2777300
2777600
2777900
2778100
2778300
2778500
2778800
2779100
2779400
2779700
2779900
2780100
2780400
2780700
2781000
2781200
2781500
2781700
2781900
2782200
2782500
2782800
2783000
2783300
2783600
2783800
2784000
2784300
2784600
2784800
2785000
2785300
2785600
2785900
2786100
2786300
2786600
2786900
2787100
2787300
2787600
2787800
2788100
2788400
2788600
2788800
2789100
2789400
2789600
2789800
2790100
2790400
2790700
2790900
2791100
2791400
2791700
2791900
2792100
2792400
2792600
2792800
2793100
2793300
2793500
2793700
2793900
2794200
2794500
2794700
2794900
2795200
2795500
2795700
2795900
2796200
2796500
2796800
2797000
2797200
2797500
2797800
2798100
2798400
2798600
2798800
2799100
2799400
2799700
2800000
2800300
2800800
2801200
2801500
2801800
2802100
2802600
2802800
2803000
2803300
2803600
2803900
2804200
2804500
2804700
2804900
2805200
2805500
2805800
2806100
2806300
2806500
2806700
2806900
2807200
2807500
2807800
2808100
2808300
2808500
2808700
2809000
2809300
2809600
2809900
2810100
2810300
2810600
2810800
2811100
2811400
2811600
2811900
2812100
2812400
2812700
2813000
2813300
2813500
2813700
2813900
2814200
2814500
2814800
2815100
2815300
2815500
2815800
2816000
2816300
2816600
2816800
2817000
2817200
2817500
2817800
2818100
2818400
2818600
2818800
2819100
2819300
2819500
2819800
2820100
2820400
2820700
2820900
2821100
2821300
2821500
2821800
2822100
2822400
2822700
2822900
2823100
2823300
2823600
2823900
2824200
2824500
2824700
2824900
2825200
2825500
2825800
2826100
2826300
2826500
2826700
2827000
2827300
2827600
2827900
2828100
2828300
2828500
2828800
2829100
2829300
2829600
2829800
2830000
2830300
2830600
2830900
2831200
2831400
2831600
2831800
2832100
2832400
2832600
2832900
2833200
2833400
2833600
2833800
2834000
2834300
2834600
2834900
2835200
2835400
2835600
2835800
2836000
2836300
2836600
2836900
2837200
2837400
2837600
2837800
2838000
2838300
2838600
2838900
2839200
2839400
2839600
2839900
2840200
2840500
2840800
2841000
2841200
2841400
2841700
2842000
2842300
2842600
2842800
2843000
2843200
2843500
2843800
2844100
2844400
2844600
2844800
2845100
2845300
2845600
2845900
2846100
2846400
2846600
2846800
2847100
2847400
2847700
2848000
2848200
2848400
2848600
2848800
2849100
2849400
2849700
2849900
2850100
2850300
2850500
2850800
2851100
2851400
2851700
2851900
2852100
2852300
2852600
2852900
2853100
2853400
2853600
2853800
2854100
2854400
2854700
2855000
2855200
2855400
2855600
2855900
2856200
2856500
2856800
2857000
2857200
2857400
2857600
2857900
2858200
2858500
2858800
2859000
2859200
2859500
2859700
2860000
2860300
2860500
2860800
2861000
2861200
2861500
2861700
2861900
2862200
2862500
2862700
2863000
2863200
2863400
2863700
2864000
2864300
2864600
2864800
2865000
2865200
2865500
2865800
2866100
2866400
2866600
2866800
2867100
2867300
2867500
2867800
2868100
2868400
2868600
2868800
2869100
2869300
2869600
2869900
2870100
2870300
2870500
2870800
2871100
2871400
2871700
2871900
2872100
2872300
2872500
2872800
2873100
2873400
2873700
2873900
2874100
2874400
2874600
2874800
2875100
2875400
2875700
2876000
2876200
2876400
2876600
2876900
2877200
2877500
2877800
2878000
2878200
2878500
2878700
2879000
2879300
2879500
2879700
2879900
2880200
2880500
2880800
2881100
2881300
2881500
2881700
2882000
2882300
2882600
2882900
2883100
2883300
2883600
2883800
2884100
2884400
2884600
2884900
2885200
2885400
2885600
2885900
2886200
2886500
2886800
2887000
2887200
2887400
2887700
2888000
2888300
2888600
2888800
2889000
2889200
2889400
2889700
2890000
2890300
2890600
2890800
2891000
2891200
2891500
2891800
2892100
2892400
2892600
2892800
2893100
2893300
2893600
2893900
2894100
2894300
2894500
2894800
2895100
2895300
2895600
2895900
2896100
2896300
2896500
2896700
2897000
2897300
2897600
2897800
2898000
2898300
2898500
2898800
2899100
2899300
2899600
2899800
2900000
2900300
2900600
2900900
2901200
2901400
2901600
2901800
2902000
2902300
2902600
2902900
2903200
2903400
2903600
2903800
2904100
2904400
2904700
2905000
2905200
2905400
2905600
2905800
2906100
2906400
2906700
2906900
2907100
2907400
2907600
2907800
2908100
2908400
2908700
2909100
2909400
2909700
2910000
2910300
2910600
2910900
2911300
2911600
2911900
2912200
2912400
2912700
2913000
2913300
2913500
2913800
2914100
2914400
2914700
2915000
2915300
2915600
2915900
2916200
2916600
2917000
2917300
2917500
2917800
2918100
2918400
2918800
2919100
2919400
2919700
2920000
2920300
2920700
2921000
2921300
2921700
2922000
2922400
2922700
2923000
2923300
2923600
2923800
2924000
2924200
2924500
2924800
2925000
2925200
2925500
2925800
2926100
2926300
2926500
2926800
2927100
2927300
2927500
2927800
2928100
2928300
2928500
2928800
2929100
2929400
2929600
2929800
2930100
2930400
2930600
2930800
2931100
2931400
2931600
2931800
2932000
2932300
2932600
2932800
2933000
2933300
2933600
2933800
2934000
2934200
2934500
2934800
2935000
2935200
2935500
2935800
2936100
2936300
2936500
2936800
2937100
2937300
2937500
2937800
2938100
2938400
2938600
2938800
2939100
2939400
2939700
2939900
2940100
2940400
2940700
2940900
2941100
2941400
2941700
2941900
2942100
2942400
2942700
2942900
2943100
2943400
2943700
2943900
2944100
2944400
2944700
2945000
2945200
2945400
2945700
2946000
2946200
2946400
2946700
2947000
2947200
2947400
2947700
2948000
2948300
2948500
2948700
2949000
2949300
2949500
2949700
2949900
2950200
2950500
2950700
2950900
2951200
2951500
2951700
2951900
2952200
2952500
2952800
2953000
2953200
2953500
2953800
2954000
2954200
2954500
2954800
2955000
2955200
2955500
2955800
2956000
2956200
2956500
2956800
2957100
2957300
2957600
2957900
2958200
2958400
2958600
2958900
2959200
2959400
2959600
2959900
2960200
2960400
2960600
2960900
2961200
2961500
2961700
2961900
2962200
2962500
2962700
2962900
2963100
2963400
2963700
2963900
2964100
2964400
2964700
2964900
2965100
2965400
2965700
2966000
2966200
2966400
2966700
2967000
2967200
2967400
2967700
2968000
2968200
2968400
2968700
2969000
2969300
2969500
2969700
2970000
2970300
2970500
2970700
2971000
2971300
2971500
2971700
2972000
2972300
2972500
2972700
2973000
2973300
2973500
2973700
2974000
2974300
2974600
2974800
2975000
2975300
2975600
2975800
2976000
2976300
2976600
2976900
2977100
2977300
2977600
2977900
2978100
2978300
2978500
2978800
2979100
2979300
2979500
2979800
2980100
2980300
2980500
2980800
2981100
2981300
2981500
2981800
2982100
2982400
2982600
2982800
2983100
2983400
2983600
2983800
2984100
2984400
2984600
2984800
2985100
2985400
2985600
2985800
2986100
2986400
2986700
2986900
2987100
2987400
2987700
2987900
2988100
2988500
2988700
2989000
2989300
2989600
2989800
2990000
2990300
2990600
2990900
2991100
2991300
2991600
2991900
2992200
2992400
2992600
2992900
2993200
2993400
2993600
2993900
2994200
2994500
2994700
2994900
2995200
2995500
2995700
2995900
2996200
2996500
2996800
2997000
2997200
2997500
2997800
2998000
2998200
2998500
2998800
2999100
2999300
2999500
2999800
3000100
3000300
3000500
3000800
3001100
3001400
3001600
3001800
3002100
3002400
3002700
3002900
3003100
3003400
3003700
3003900
3004100
3004300
3004600
3004900
3005100
3005300
3005500
3005800
3006100
3006300
3006500
3006700
3007000
3007300
3007500
3007700
3008000
3008300
3008600
3008800
3009000
3009300
3009600
3009800
3010000
3010200
3010500
3010800
3011000
3011200
3011500
3011800
3012100
3012300
3012500
3012800
3013100
3013300
3013500
3013700
3014000
3014300
3014500
3014700
3015000
3015300
3015600
3015800
3016000
3016300
3016600
3016900
3017100
3017300
3017500
3017800
3018100
3018300
3018500
3018800
3019100
3019400
3019600
3019800
3020100
3020400
3020700
3020900
3021100
3021400
3021700
3021900
3022100
3022400
3022700
3023000
3023200
3023400
3023700
3024000
3024200
3024400
3024700
3025000
3025300
3025500
3025700
3026000
3026300
3026500
3026700
3027000
3027300
3027600
3027800
3028000
3028300
3028600
3028900
3029100
3029300
3029600
3029900
3030100
3030300
3030500
3030800
3031100
3031300
3031500
3031700
3032000
3032300
3032500
3032700
3033000
3033300
3033600
3033800
3034000
3034300
3034600
3034900
3035100
3035300
3035600
3035900
3036100
3036300
3036500
3036800
3037100
3037300
3037500
3037800
3038100
3038400
3038600
3038800
3039100
3039400
3039600
3039800
3040100
3040400
3040700
3040900
3041100
3041400
3041700
3041900
3042100
3042300
3042600
3042900
3043100
3043300
3043600
3043900
3044200
3044400
3044600
3044800
3045100
3045400
3045600
3045800
3046100
3046400
3046700
3046900
3047200
3047500
3047800
3048100
3048300
3048500
3048800
3049100
3049300
3049500
3049800
3050100
3050300
3050600
3050900
3051100
3051300
3051600
3051900
3052200
3052400
3052700
3052900
3053200
3053500
3054000
3054300
3054600
3054900
3055100
3055400
3055700
3056100
3056500
3056800
3057200
3057500
3058000
3058300
3058500
3058700
3059000
3059300
3059600
3059800
3060000
3060300
3060600
3060800
3061000
3061200
3061500
3061800
3062000
3062200
3062500
3062800
3063000
3063200
3063500
3063800
3064000
3064200
3064500
3064800
3065100
3065300
3065500
3065800
3066100
3066400
3066600
3066800
3067100
3067400
3067600
3067800
3068100
3068400
3068700
3068900
3069100
3069400
3069700
3069900
3070100
3070400
3070700
3071000
3071200
3071400
3071700
3072000
3072200
3072400
3072700
3073000
3073200
3073400
3073700
3074000
3074300
3074500
3074700
3075000
3075300
3075500
3075700
3076000
3076300
3076600
3076800
3077100
3077400
3077700
3078000
3078200
3078400
3078700
3079000
3079200
3079400
3079700
3080000
3080200
3080400
3080700
3081000
3081300
3081500
3081700
3082000
3082300
3082500
3082700
3083000
3083300
3083600
3083800
3084000
3084300
3084600
3084800
3085000
3085300
3085600
3085900
3086100
3086300
3086600
3086900
3087100
3087300
3087600
3087900
3088100
3088300
3088600
3088900
3089100
3089300
3089600
3089900
3090100
3090300
3090600
3090900
3091100
3091300
3091600
3091900
3092200
3092500
3092700
3092900
3093200
3093500
3093700
3093900
3094200
3094500
3094800
3095000
3095200
3095500
3095800
3096000
3096200
3096500
3096800
3097000
3097200
3097500
3097800
3098100
3098300
3098500
3098800
3099100
3099300
3099500
3099800
3100100
3100400
3100600
3100800
3101100
3101400
3101600
3101800
3102100
3102400
3102600
3102800
3103100
3103400
3103600
3103800
3104100
3104400
3104600
3104800
3105100
3105400
3105700
3105900
3106100
3106400
3106700
3106900
3107100
3107400
3107700
3108000
3108300
3108500
3108700
3109000
3109300
3109500
3109700
3110000
3110300
3110600
3110800
3111000
3111300
3111600
3111800
3112000
3112300
3112600
3112800
3113000
3113300
3113600
3113800
3114000
3114300
3114600
3114800
3115000
3115200
3115500
3115800
3116000
3116200
3116500
3116800
3117000
3117200
3117500
3117800
3118000
3118200
3118500
3118800
3119100
3119300
3119500
3119800
3120100
3120300
3120500
3120800
3121100
3121300
3121500
3121800
3122100
3122400
3122600
3122800
3123000
3123300
3123600
3123800
3124000
3124300
3124600
3124900
3125100
3125300
3125600
3125900
3126100
3126300
3126600
3126900
3127100
3127300
3127600
3127900
3128100
3128300
3128600
3128900
3129100
3129300
3129600
3129900
3130200
3130400
3130600
3130900
3131200
3131400
3131600
3131900
3132200
3132400
3132600
3132900
3133200
3133500
3133700
3133900
3134200
3134500
3134700
3134900
3135200
3135500
3135700
3135900
3136100
3136400
3136700
3137000
3137200
3137400
3137700
3138000
3138200
3138400
3138700
3139000
3139300
3139500
3139800
3140100
3140400
3140700
3140900
3141200
3141500
3141800
3142000
3142200
3142500
3142800
3143000
3143200
3143500
3143800
3144100
3144300
3144500
3144800
3145100
3145300
3145500
3145800
3146100
3146300
3146500
3146800
3147100
3147300
3147500
3147800
3148100
3148400
3148600
3148800
3149100
3149400
3149600
3149800
3150100
3150400
3150600
3150800
3151000
3151300
3151600
3151900
3152100
3152300
3152600
3152900
3153100
3153300
3153600
3153900
3154100
3154300
3154600
3154900
3155100
3155300
3155600
3155900
3156200
3156400
3156700
3157000
3157300
3157500
3157800
3158100
3158400
3158600
3158800
3159100
3159400
3159700
3159900
3160100
3160400
3160700
3160900
3161100
3161400
3161700
3161900
3162100
3162400
3162700
3163000
3163200
3163400
3163700
3164000
3164200
3164400
3164700
3165000
3165300
3165500
3165700
3166000
3166300
3166500
3166700
3166900
3167200
3167500
3167700
3167900
3168200
3168500
3168700
3168900
3169200
3169500
3169700
3169900
3170200
3170500
3170800
3171000
3171200
3171500
3171800
3172000
3172200
3172500
3172800
3173000
3173200
3173500
3173800
3174100
3174300
3174500
3174800
3175100
3175400
3175600
3175800
3176100
3176400
3176600
3176800
3177100
3177400
3177700
3177900
3178100
3178400
3178700
3179000
3179200
3179400
3179700
3180000
3180300
3180500
3180700
3181000
3181300
3181500
3181700
3182000
3182300
3182600
3182800
3183000
3183300
3183600
3183800
3184000
3184300
3184600
3184800
3185000
3185300
3185600
3185900
3186100
3186300
3186600
3186900
3187100
3187300
3187600
3187900
3188100
3188300
3188600
3188900
3189200
3189400
3189600
3189900
3190200
3190400
3190600
3190900
3191200
3191400
3191600
3191800
3192100
3192400
3192600
3192800
3193100
3193400
3193700
3193900
3194100
3194400
3194700
3194900
3195100
3195400
3195700
3196000
3196200
3196400
3196700
3197000
3197200
3197400
3197700
3198000
3198200
3198400
3198700
3199000
3199200
3199400
3199700
3200000
3200200
3200400
3200700
3201000
3201300
3201500
3201700
3202000
3202300
3202500
3202700
3203000
3203300
3203600
3203800
3204000
3204300
3204600
3204800
3205000
3205300
3205600
3205900
3206100
3206300
3206600
3206900
3207100
3207300
3207600
3207900
3208100
3208300
3208600
3208900
3209200
3209400
3209600
3209900
3210200
3210400
3210600
3210900
3211200
3211500
3211700
3212000
3212300
3212600
3212800
3213000
3213300
3213600
3213800
3214000
3214300
3214600
3214800
3215000
3215300
3215600
3215800
3216000
3216200
3216500
3216800
3217000
3217200
3217500
3217800
3218100
3218300
3218500
3218800
3219100
3219300
3219500
3219800
3220100
3220400
3220600
3220800
3221100
3221400
3221600
3221800
3222100
3222400
3222600
3222800
3223100
3223400
3223700
3223900
3224100
3224400
3224700
3224900
3225100
3225400
3225700
3225900
3226100
3226400
3226700
3226900
3227100
3227400
3227700
3228000
3228200
3228400
3228700
3229000
3229200
3229400
3229700
3230000
3230200
3230400
3230700
3231000
3231200
3231400
3231600
3231900
3232200
3232500
3232700
3232900
3233200
3233500
3233700
3233900
3234200
3234500
3234800
3235000
3235200
3235500
3235800
3236000
3236200
3236500
3236800
3237000
3237200
3237500
3237800
3238000
3238200
3238500
3238800
3239100
3239300
3239500
3239800
3240100
3240300
3240500
3240800
3241100
3241300
3241500
3241800
3242100
3242400
3242600
3242800
3243100
3243400
3243600
3243800
3244100
3244400
3244600
3244800
3245100
3245400
3245700
3245900
3246100
3246400
3246700
3247000
3247200
3247400
3247700
3248000
3248200
3248400
3248700
3249000
3249300
3249500
3249700
3250000
3250300
3250500
3250700
3251000
3251300
3251500
3251700
3252000
3252300
3252500
3252700
3253000
3253300
3253500
3253700
3253900
3254200
3254500
3254700
3254900
3255200
3255500
3255700
3255900
3256200
3256500
3256800
3257000
3257200
3257500
3257800
3258000
3258200
3258500
3258800
3259000
3259200
3259400
3259700
3260000
3260200
3260400
3260700
3261000
3261200
3261400
3261600
3261900
3262200
3262500
3262700
3262900
3263200
3263500
3263700
3263900
3264200
3264500
3264700
3264900
3265200
3265500
3265700
3265900
3266200
3266500
3266800
3267000
3267200
3267500
3267800
3268000
3268200
3268500
3268800
3269000
3269200
3269500
3269800
3270100
3270300
3270500
3270800
3271100
3271400
3271600
3271800
3272100
3272400
3272600
3272800
3273100
3273400
3273700
3273900
3274100
3274400
3274700
3274900
3275100
3275300
3275600
3275900
3276100
3276300
3276600
3276900
3277200
3277400
3277600
3277900
3278200
3278400
3278600
3278900
3279200
3279400
3279600
3279900
3280200
3280400
3280600
3280900
3281200
3281400
3281600
3281900
3282200
3282400
3282600
3282900
3283200
3283500
3283700
3283900
3284200
3284500
3284700
3284900
3285100
3285400
3285700
3285900
3286100
3286400
3286700
3286900
3287100
3287400
3287700
3288000
3288200
3288400
3288700
3289000
3289200
3289400
3289700
3290000
3290200
3290400
3290600
3290900
3291200
3291500
3291700
3292000
3292300
3292600
3292800
3293000
3293300
3293600
3293800
3294000
3294300
3294600
3294800
3295000
3295300
3295600
3295800
3296000
3296300
3296600
3296800
3297000
3297300
3297600
3297800
3298000
3298200
3298500
3298800
3299100
3299300
3299500
3299800
3300100
3300300
3300500
3300800
3301100
3301300
3301500
3301700
3302000
3302300
3302500
3302700
3303000
3303300
3303500
3303700
3304000
3304300
3304500
3304700
3304900
3305200
3305500
3305700
3305900
3306200
3306500
3306800
3307000
3307300
3307500
3307800
3308000
3308200
3308500
3308800
3309100
3309300
3309500
3309800
3310100
3310400
3310600
3310800
3311100
3311400
3311700
3311900
3312100
3312400
3312700
3312900
3313100
3313400
3313700
3313900
3314100
3314400
3314700
3314900
3315100
3315400
3315700
3316000
3316200
3316500
3316700
3317000
3317300
3317500
3317700
3318000
3318300
3318500
3318700
3319000
3319300
3319600
3319900
3320100
3320300
3320600
3320900
3321100
3321400
3321700
3321900
3322100
3322400
3322800
3323100
3323400
3323800
3324100
3324400
3324700
3325100
3325300
3325800
3326100
3326400
3326600
3326800
3327000
3327200
3327500
3327800
3328000
3328200
3328500
3328800
3329000
3329200
3329500
3329800
3330000
3330200
3330500
3330800
3331000
3331200
3331400
3331700
3332000
3332300
3332500
3332700
3333000
3333300
3333500
3333700
3334000
3334300
3334500
3334700
3335000
3335300
3335600
3335800
3336000
3336300
3336600
3336800
3337000
3337300
3337600
3337800
3338000
3338300
3338600
3338900
3339100
3339300
3339600
3339900
3340100
3340300
3340600
3340900
3341100
3341300
3341600
3341900
3342100
3342300
3342600
3342900
3343100
3343300
3343600
3343900
3344100
3344300
3344600
3344900
3345100
3345300
3345600
3345900
3346200
3346500
3346700
3346900
3347200
3347500
3347700
3347900
3348200
3348500
3348700
3348900
3349100
3349400
3349700
3349900
3350100
3350400
3350700
3350900
3351100
3351400
3351700
3351900
3352100
3352400
3352700
3353000
3353200
3353400
3353700
3354000
3354200
3354400
3354700
3355000
3355200
3355400
3355700
3356000
3356200
3356400
3356700
3357000
3357200
3357400
3357700
3358000
3358200
3358400
3358700
3359000
3359200
3359400
3359700
3360000
3360300
3360500
3360700
3361000
3361300
3361500
3361700
3362000
3362300
3362500
3362700
3363000
3363300
3363600
3363800
3364000
3364300
3364600
3364800
3365000
3365300
3365600
3365800
3366000
3366300
3366600
3366900
3367100
3367300
3367600
3367900
3368100
3368300
3368600
3368900
3369100
3369300
3369600
3369900
3370100
3370300
3370600
3370900
3371100
3371300
3371600
3371900
3372100
3372300
3372600
3372900
3373200
3373400
3373600
3373900
3374200
3374400
3374600
3374900
3375200
3375400
3375600
3375900
3376200
3376500
3376700
3376900
3377200
3377500
3377700
3377900
3378200
3378500
3378700
3378900
3379200
3379500
3379800
3380000
3380200
3380500
3380800
3381000
3381200
3381500
3381800
3382000
3382200
3382500
3382800
3383000
3383200
3383500
3383800
3384000
3384200
3384500
3384800
3385000
3385200
3385500
3385800
3386000
3386200
3386500
3386800
3387000
3387200
3387500
3387800
3388100
3388300
3388500
3388800
3389100
3389300
3389500
3389800
3390100
3390400
3390600
3390800
3391100
3391400
3391600
3391800
3392100
3392400
3392600
3392800
3393100
3393400
3393700
3393900
3394200
3394500
3394800
3395000
3395200
3395500
3395800
3396000
3396200
3396500
3396800
3397100
3397300
3397500
3397800
3398100
3398300
3398500
3398800
3399100
3399300
3399500
3399800
3400100
3400300
3400500
3400800
3401100
3401300
3401500
3401800
3402100
3402400
3402600
3402800
3403100
3403400
3403600
3403800
3404100
3404400
3404700
3404900
3405100
3405400
3405700
3405900
3406100
3406400
3406700
3406900
3407100
3407400
3407700
3407900
3408100
3408400
3408700
3409000
3409200
3409500
3409800
3410100
3410300
3410600
3410900
3411200
3411400
3411600
3411900
3412200
3412400
3412600
3412900
3413200
3413400
3413600
3413900
3414200
3414400
3414600
3414900
3415200
3415400
3419000
3419300
3419600
3419800
3420000
3420300
3420600
3420800
3421000
3421300
3421600
3421900
3422100
3422300
3422600
3422900
3423100
3423300
3423600
3423900
3424100
3424300
3424500
3424800
3425100
3425300
3425500
3425800
3426100
3426300
3426500
3426800
3427100
3427300
3427500
3427800
3428100
3428300
3428500
3428800
3429100
3429400
3429600
3429800
3430100
3430400
3430600
3430800
3431100
3431400
3431700
3431900
3432100
3432400
3432700
3432900
3433100
3433400
3433700
3434000
3434200
3434400
3434700
3435000
3435200
3435400
3435700
3436000
3436300
3436500
3436700
3437000
3437300
3437500
3437700
3438000
3438300
3438500
3438700
3439000
3439300
3439500
3439700
3440000
3440300
3440600
3440800
3441000
3441300
3441600
3441800
3442000
3442300
3442600
3442800
3443000
3443300
3443600
3443900
3444100
3444300
3444600
3444900
3445100
3445300
3445600
3445900
3446200
3446400
3446600
3446900
3447200
3447400
3447600
3447900
3448200
3448500
3448700
3448900
3449200
3449500
3449700
3449900
3450200
3450500
3450800
3451000
3451200
3451500
3451800
3452000
3452200
3452500
3452800
3453000
3453200
3453500
3453800
3454000
3454200
3454500
3454800
3455000
3455200
3455500
3455800
3456100
3456300
3456500
3456800
3457100
3457300
3457500
3457800
3458100
3458400
3458600
3458800
3459100
3459400
3459600
3459800
3460100
3460400
3460700
3460900
3461100
3461400
3461700
3461900
3462100
3462400
3462700
3463000
3463200
3463400
3463700
3464000
3464200
3464400
3464700
3465000
3465200
3465400
3465700
3466000
3466300
3466500
3466700
3467000
3467300
3467500
3467700
3468000
3468300
3468500
3468700
3469000
3469300
3469500
3469700
3470000
3470300
3470600
3470800
3471000
3471300
3471600
3471800
3472000
3472300
3472600
3472800
3473000
3473200
3473500
3473800
3474000
3474200
3474500
3474800
3475100
3475300
3475500
3475800
3476100
3476300
3476500
3476800
3477100
3477400
3477600
3477800
3478100
3478400
3478600
3478800
3479100
3479400
3479600
3479800
3480100
3480400
3480600
3480800
3481100
3481400
3481700
3481900
3482100
3482400
3482700
3482900
3483100
3483400
3483700
3483900
3484100
3484400
3484700
3484900
3485100
3485300
3485600
3485900
3486100
3486300
3486600
3486900
3487200
3487400
3487600
3487900
3488200
3488400
3488600
3488900
3489200
3489500
3489700
3489900
3490200
3490500
3490700
3490900
3491200
3491500
3491800
3492000
3492200
3492500
3492800
3493000
3493200
3493500
3493800
3494000
3494200
3494500
3494800
3495000
3495200
3495500
3495800
3496000
3496200
3496500
3496800
3497100
3497300
3497500
3497800
3498100
3498300
3498500
3498800
3499100
3499300
3499500
3499700
3500000
3500300
3500500
3500700
3501000
3501300
3501600
3501800
3502000
3502300
3502600
3502800
3503000
3503300
3503600
3503900
3504100
3504300
3504600
3504900
3505100
3505300
3505600
3505900
3506100
3506300
3506600
3506900
3507200
3507400
3507600
3507900
3508200
3508400
3508600
3508900
3509200
3509400
3509600
3509900
3510200
3510400
3510600
3510900
3511200
3511500
3511700
3511900
3512200
3512500
3512700
3512900
3513200
3513500
3513700
3513900
3514100
3514400
3514700
3514900
3515100
3515400
3515700
3516000
3516200
3516400
3516700
3517000
3517200
3517400
3517700
3518000
3518300
3518500
3518700
3519000
3519300
3519500
3519700
3520000
3520300
3520500
3520700
3521000
3521300
3521600
3521800
3522000
3522300
3522600
3522800
3523000
3523300
3523600
3523800
3524000
3524300
3524600
3524800
3525000
3525300
3525600
3525900
3526100
3526300
3526600
3526900
3527100
3527300
3527600
3527900
3528200
3528400
3528600
3528900
3529200
3529400
3529600
3529900
3530200
3530500
3530700
3530900
3531200
3531500
3531700
3531900
3532200
3532500
3532800
3533000
3533200
3533500
3533800
3534000
3534200
3534500
3534800
3535000
3535200
3535500
3535800
3536000
3536200
3536500
3536800
3537100
3537300
3537500
3537800
3538100
3538300
3538500
3538800
3539100
3539300
3539500
3539800
3540100
3540400
3540600
3540800
3541100
3541400
3541600
3541800
3542100
3542400
3542700
3542900
3543100
3543400
3543700
3543900
3544100
3544400
3544700
3545000
3545200
3545400
3545700
3546000
3546200
3546400
3546700
3547000
3547300
3547500
3547700
3548000
3548300
3548500
3548700
3549000
3549300
3549500
3549700
3550000
3550300
3550500
3550700
3551000
3551300
3551600
3551900
3552100
3552300
3552600
3552900
3553200
3553400
3553600
3553900
3554200
3554400
3554600
3554900
3555200
3555400
3555600
3555900
3556200
3556500
3556700
3556900
3557200
3557500
3557700
3557900
3558200
3558500
3558800
3559000
3559200
3559500
3559800
3560000
3560200
3560500
3560800
3561000
3561200
3561500
3561800
3562000
3562200
3562500
3562800
3563000
3563200
3563400
3563700
3564000
3564300
3564500
3564700
3565000
3565300
3565500
3565700
3566000
3566300
3566500
3566700
3567000
3567300
3567500
3567700
3568000
3568300
3568600
3568900
3569100
3569300
3569600
3569900
3570200
3570400
3570600
3570900
3571200
3571500
3571700
3571900
3572200
3572400
3572700
3573000
3573300
3573500
3573700
3574000
3574300
3574500
3574700
3574900
3575200
3575500
3575800
3576100
3576300
3576500
3576800
3577100
3577300
3577500
3577800
3578100
3578300
3578500
3578700
3579000
3579300
3579500
3579700
3580000
3580300
3580500
3580700
3580900
3581200
3581500
3581800
3582000
3582200
3582500
3582800
3583000
3583200
3583500
3583800
3584000
3584200
3584500
3584800
3585000
3585200
3585500
3585800
3586100
3586600
3586900
3587200
3587500
3587900
3588300
3588600
3588900
3589200
3589500
3589700
3589900
3590100
3590300
3590600
3590900
3591200
3591500
3591800
3592000
3592300
3592500
3592700
3593000
3593200
3593500
3593800
3594100
3594400
3594700
3595000
3595200
3595400
3595600
3595900
3596200
3596500
3596800
3597000
3597200
3597400
3597600
3597900
3598200
3598500
3598700
3598900
3599200
3599400
3599700
3600000
3600200
3600400
3600600
3600800
3601100
3601400
3601700
3602000
3602200
3602400
3602600
3602900
3603200
3603500
3603800
3604000
3604200
3604400
3604600
3604900
3605200
3605500
3605800
3606000
3606200
3606400
3606600
3606900
3607200
3607500
3607800
3608000
3608200
3608400
3608700
3609000
3609300
3609600
3609800
3610000
3610300
3610500
3610800
3611100
3611300
3611500
3611700
3612000
3612300
3612600
3612900
3613100
3613300
3613500
3613700
3614000
3614300
3614600
3614800
3615000
3615200
3615400
3615700
3616000
3616300
3616600
3616800
3617000
3617300
3617500
3617800
3618100
3618400
3618700
3618900
3619100
3619400
3619600
3619900
3620200
3620400
3620700
3620900
3621100
3621400
3621700
3622000
3622300
3622500
3622700
3622900
3623200
3623500
3623800
3624100
3624300
3624500
3624700
3625000
3625300
3625600
3625900
3626100
3626300
3626600
3626800
3627100
3627400
3627600
3627800
3628000
3628200
3628500
3628800
3629100
3629400
3629600
3629800
3630000
3630300
3630600
3630900
3631200
3631500
3631700
3631900
3632100
3632300
3632600
3632900
3633200
3633400
3633600
3633800
3634000
3634300
3634600
3634900
3635200
3635400
3635600
3635800
3636000
3636300
3636600
3636900
3637100
3637300
3637600
3637800
3638100
3638400
3638600
3638800
3639000
3639300
3639600
3639900
3640200
3640400
3640600
3640800
3641000
3641300
3641600
3641900
3642200
3642400
3642600
3642800
3643000
3643200
3643500
3643800
3644100
3644400
3644600
3644800
3645000
3645200
3645500
3645800
3646100
3646400
3646600
3646800
3647000
3647300
3647600
3647900
3648200
3648400
3648600
3648800
3649000
3649300
3649600
3649900
3650200
3650400
3650600
3650800
3651100
3651400
3651600
3651900
3652100
3652300
3652600
3652900
3653200
3653500
3653700
3653900
3654100
3654400
3654700
3655000
3655300
3655500
3655700
3655900
3656100
3656400
3656700
3657000
3657300
3657500
3657700
3657900
3658100
3658400
3658700
3659000
3659300
3659500
3659700
3659900
3660200
3660500
3660800
3661100
3661300
3661500
3661800
3662000
3662300
3662600
3662800
3663100
3663300
3663500
3663800
3664100
3664400
3664600
3664800
3665000
3665200
3665400
3665700
3666000
3666300
3666600
3666800
3667000
3667200
3667500
3667800
3668100
3668400
3668600
3668800
3669000
3669200
3669500
3669800
3670100
3670400
3670600
3670800
3671000
3671200
3671500
3671800
3672100
3672400
3672700
3672900
3673100
3673300
3673600
3673900
3674200
3674400
3674600
3674900
3675100
3675400
3675700
3675900
3676100
3676300
3676600
3676900
3722300
3722700
3722900
3723100
3723300
3723500
3723700
3724000
3724200
3724500
3724800
3725100
3725400
3725700
3725900
3726100
3726300
3726500
3726700
3727000
3727200
3727500
3727800
3728000
3728300
3728500
3728700
3728900
3729100
3729400
3729700
3730000
3730300
3730600
3730800
3731000
3731200
3731400
3731700
3732000
3732300
3732600
3732800
3733000
3733200
3733400
3733600
3733900
3734100
3734400
3734700
3734900
3735200
3735500
3735700
3735900
3736100
3736300
3736600
3736900
3737200
3737500
3737800
3738000
3738300
3738500
3738700
3738900
3739100
3739300
3739600
3739900
3740200
3740500
3740800
3741000
3741200
3741400
3741600
3741900
3742100
3742400
3742700
3742900
3743200
3743400
3743600
3743900
3744100
3744400
3744700
3745000
3745300
3745600
3745800
3746000
3746200
3746400
3746700
3747000
3747300
3747600
3747900
3748100
3748400
3748600
3748800
3749100
3749300
3749600
3749900
3750200
3750500
3750800
3751000
3751200
3751400
3751700
3752000
3752200
3752500
3752800
3753000
3753200
3753400
3753600
3753900
3754200
3754500
3754800
3755000
3755200
3755400
3755600
3755800
3756100
3756400
3756700
3757000
3757200
3757500
3757700
3757900
3758200
3758400
3758700
3759000
3759300
3759600
3759900
3760200
3760400
3760700
3760900
3761100
3761400
3761600
3761800
3762100
3762400
3762700
3763000
3763200
3763400
3763600
3763800
3764000
3764300
3764500
3764800
3765100
3765400
3765700
3766000
3766300
3766600
3766800
3767100
3767400
3767700
3768000
3768300
3768600
3768800
3769000
3769200
3769400
3769700
3769900
3770200
3770500
3770700
3771000
3771200
3771400
3771700
3771900
3772200
3772500
3772800
3773100
3773400
3773600
3773800
3774000
3774200
3774500
3774800
3775100
3775400
3775700
3775900
3776200
3776400
3776600
3776900
3777100
3777300
3777600
3777900
3778200
3778500
3779100
3779400
3779700
3780000
3780300
3780800
3781000
3781300
3781500
3781700
3781900
3782200
3782500
3782700
3782900
3783200
3783500
3783800
3784000
3784200
3784500
3784800
3785000
3785200
3785400
3785700
3786000
3786300
3786500
3786700
3787000
3787300
3787600
3787800
3788000
3788300
3788600
3788900
3789100
3789300
3789600
3789900
3790100
3790300
3790500
3790800
3791100
3791300
3791500
3791800
3792100
3792400
3792600
3792800
3793100
3793400
3793700
3793900
3794100
3794400
3794700
3795000
3795200
3795400
3795700
3796000
3796200
3796400
3796700
3797000
3797300
3797500
3797700
3798000
3798300
3798500
3798700
3799000
3799300
3799600
3799800
3800000
3800300
3800600
3800800
3801000
3801300
3801600
3801900
3802100
3802300
3802600
3802900
3803200
3803400
3803600
3803900
3804200
3804500
3804700
3804900
3805200
3805500
3805800
3806000
3806200
3806500
3806800
3807000
3807200
3807400
3807700
3808000
3808200
3808400
3808700
3809000
3809300
3809500
3809700
3810000
3810300
3810500
3810700
3811000
3811300
3811600
3811800
3812000
3812300
3812600
3812800
3813000
3813300
3813600
3813900
3814100
3814300
3814600
3814900
3815100
3815300
3815500
3815800
3816100
3816300
3816500
3816800
3817100
3817400
3817600
3817800
3818100
3818400
3818700
3818900
3819100
3819400
3819700
3820000
3820200
3820400
3820700
3821000
3821300
3821500
3821700
3822000
3822300
3822500
3822700
3822900
3823200
3823500
3823700
3823900
3824200
3824500
3824800
3825000
3825200
3825500
3825800
3826000
3826200
3826500
3826800
3827100
3827300
3827500
3827800
3828100
3828300
3828500
3828800
3829100
3829400
3829600
3829800
3830100
3830400
3830700
3830900
3831100
3831400
3831700
3831900
3832100
3832300
3832600
3832900
3833100
3833300
3833500
3833800
3834100
3834300
3834500
3834800
3835100
3835400
3835600
3835800
3836100
3836400
3836700
3837000
3837200
3837400
3837700
3838000
3838300
3838500
3838700
3839000
3839300
3839500
3839700
3840000
3840300
3840600
3840800
3841000
3841300
3841600
3841800
3842000
3842300
3842600
3842900
3843100
3843300
3843600
3843900
3844200
3844400
3844600
3844900
3845200
3845400
3845600
3845800
3846100
3846400
3846600
3846800
3847000
3847300
3847600
3847800
3848000
3848300
3848600
3848900
3849100
3849300
3849600
3849900
3850200
3850400
3850600
3850900
3851200
3851400
3851600
3851900
3852200
3852500
3852700
3852900
3853200
3853500
3853700
3853900
3854200
3854500
3854800
3855000
3855200
3855500
3855800
3856000
3856200
3856500
3856800
3857100
3857300
3857500
3857800
3858100
3858400
3858600
3858800
3859100
3859400
3859600
3859800
3860000
3860300
3860600
3860800
3861000
3861300
3861600
3861900
3862100
3862300
3862600
3862900
3863200
3863400
3863600
3863900
3864200
3864400
3864600
3864900
3865200
3865500
3865700
3865900
3866200
3866500
3866700
3866900
3867200
3867500
3867800
3868000
3868200
3868500
3868800
3869000
3869200
3869500
3869800
3870100
3870300
3870500
3870700
3871000
3871300
3871500
3871800
3872600
3872900
3873100
3873300
3873500
3873800
3874100
3874400
3874600
3874800
3875100
3875400
3875700
3875900
3876100
3876400
3876700
3877000
3877300
3877600
3878000
3878300
3878800
3887800
3888100
3888400
3888800
3889900
3890700
3891200
3891500
3891800
3892100
3892400
3892700
3893000
3893300
3893600
3893800
3894100
3894400
3894800
3895000
3895300
3895600
3895900
3896100
3896400
3896700
3897000
3897900
3898200
3898500
3898800
3899000
3899300
3899600
3899900
3900200
3900500
3900800
3901100
3901400
3901700
3902000
3902300
3902600
3902900
3903200
3903500
3903800
3904100
3904300
3904600
3904900
3905200
3905500
3905800
3906100
3906400
3906700
3906900
3907200
3907400
3907700
3908000
3908300
3908600
3908900
3909200
3909500
3909700
3910000
3910300
3910600
3910900
3911200
3911500
3911800
3912100
3912400
3912700
3913000
3913300
3913600
3914000
3914300
3914600
3914900
3915200
3915500
3915800
3916100
3916500
3916700
3917100
3917400
3917700
3918100
3918400
3918700
3918900
3919200
3919600
3920000
3920400
3920800
3921100
3921400
3921800
3922100
3922600
3922900
3923200
3923500
3923800
3924100
3924400
3924700
3925000
3925200
3925400
3925700
3926000
3926200
3926400
3926700
3927000
3927200
3927400
3927700
3928000
3928200
3928400
3928700
3929000
3929200
3929400
3929600
3929900
3930200
3930500
3930700
3931000
3931300
3931500
3931700
3932000
3932300
3932500
3932700
3933100
3933400
3933600
3934000
3934300
3934600
3934900
3935100
3935300
3935600
3935900
3936200
3936500
3936700
3936900
3937200
3937500
3937700
3937900
3938200
3938500
3938800
3939000
3939200
3939400
3939700
3940000
3940200
3940400
3940700
3941000
3941300
3941500
3941800
3942100
3942400
3942600
3942800
3943100
3943400
3943600
3943800
3944100
3944400
3944600
3944800
3945100
3945400
3945700
3945900
3946100
3946400
3946700
3946900
3947100
3947400
3947700
3948000
3948200
3948400
3948700
3949000
3949200
3949400
3949700
3950000
3950200
3950400
3950700
3951000
3951300
3951500
3951700
3952000
3952300
3952500
3952700
3953000
3953300
3953500
3953700
3954000
3954300
3954500
3954700
3955000
3955300
3955600
3955800
3956000
3956300
3956600
3956800
3957000
3957300
3957600
3957800
3958000
3958300
3958600
3958800
3959000
3959200
3959500
3959800
3960000
3960200
3960500
3960800
3961000
3961200
3961400
3961700
3962000
3962200
3962400
3962700
3963000
3963200
3963400
3963700
3964000
3964300
3964500
3964700
3965000
3965300
3965500
3965700
3966000
3966300
3966500
3966700
3967000
3967300
3967500
3967700
3968000
3968300
3968500
3968700
3969000
3969300
3969500
3969700
3970000
3970300
3970600
3970800
3971000
3971300
3971600
3971800
3972000
3972300
3972600
3972800
3973000
3973300
3973600
3973900
3974100
3974300
3974600
3974900
3975100
3975300
3975600
3975900
3976200
3976400
3976600
3976900
3977200
3977400
3977600
3977900
3978200
3978400
3978600
3978900
3979200
3979500
3979700
3979900
3980200
3980500
3980700
3980900
3981200
3981500
3981700
3981900
3982200
3982500
3982700
3982900
3983200
3983500
3983700
3983900
3984200
3984500
3984800
3985000
3985200
3985500
3985800
3986100
3986300
3986500
3986800
3987100
3987300
3987500
3987800
3988100
3988600
3988900
3989100
3989300
3989500
3989800
3990100
3990300
3990500
3990800
3991100
3991300
3991500
3991800
3992100
3992400
3992600
3992900
3993200
3993500
3993700
3993900
3994200
3994500
3994700
3994900
3995200
3995500
3995700
3995900
3996200
3996500
3996700
3996900
3997200
3997500
3997700
3997900
3998200
3998500
3998800
3999000
3999200
3999500
3999800
4000000
4000200
4000500
4000800
4001000
4001200
4001500
4001800
4002100
4002300
4002500
4002800
4003100
4003300
4003500
4003800
4004100
4004400
4004600
4004800
4005100
4005400
4005600
4005800
4006100
4006400
4006600
4006800
4007100
4007400
4007600
4007800
4008100
4008400
4008700
4008900
4009200
4009500
4009800
4010000
4010200
4010500
4010800
4011000
4011200
4011500
4011800
4012000
4012200
4012500
4012800
4013000
4013200
4013500
4013800
4014100
4014300
4014500
4014800
4015100
4015300
4015500
4015800
4016100
4016400
4016600
4016800
4017100
4017400
4017600
4017800
4018000
4018300
4018600
4018800
4019000
4019200
4019500
4019800
4020000
4020200
4020500
4020800
4021000
4021200
4021500
4021800
4022000
4022200
4022500
4022800
4023000
4023200
4023500
4023800
4024100
4024300
4024500
4024800
4025100
4025300
4025500
4025800
4026100
4026400
4026600
4026800
4027100
4027400
4027600
4027800
4028100
4028400
4028700
4028900
4029100
4029400
4029700
4029900
4030100
4030400
4030700
4031000
4031200
4031400
4031700
4032000
4032200
4032400
4032700
4033000
4033200
4033400
4033700
4034000
4034300
4034500
4034800
4035100
4035400
4035600
4035800
4036100
4036400
4036600
4036800
4037100
4037400
4037600
4037800
4038100
4038400
4038600
4038800
4039100
4039400
4039600
4039800
4040100
4040400
4040700
4040900
4041100
4041400
4041700
4041900
4042100
4042400
4042700
4042900
4043100
4043300
4043600
4043900
4044100
4044300
4044600
4044900
4045100
4045300
4045600
4045900
4046200
4046400
4046600
4046900
4047200
4047400
4047600
4047900
4048200
4048400
4048600
4048900
4049200
4049400
4049600
4049900
4050200
4050400
4050600
4050900
4051200
4051500
4051700
4051900
4052200
4052500
4052700
4052900
4053200
4053500
4053700
4053900
4054200
4054500
4054700
4054900
4055200
4055500
4055800
4056000
4056200
4056500
4056800
4057000
4057200
4057500
4057800
4058100
4058300
4058500
4058800
4059100
4059300
4059500
4059800
4060100
4060400
4060600
4060800
4061100
4061400
4061600
4061800
4062100
4062400
4062600
4062800
4063100
4063400
4063600
4063800
4064000
4064300
4064600
4064800
4065000
4065300
4065600
4065800
4066000
4066300
4066600
4066900
4067100
4067300
4067600
4067900
4068100
4068300
4068600
4068900
4069100
4069300
4069600
4069900
4070200
4070400
4070600
4070900
4071200
4071400
4071600
4071900
4072200
4072500
4072700
4072900
4073200
4073500
4073700
4073900
4074200
4074500
4074700
4074900
4075200
4075500
4075700
4075900
4076200
4076500
4076800
4077000
4077200
4077500
4077800
4078000
4078200
4078500
4078800
4079000
4079200
4079500
4079800
4080000
4080200
4080500
4080800
4081000
4081200
4081500
4081800
4082100
4082300
4082500
4082800
4083100
4083300
4083500
4083800
4084100
4084400
4084600
4084800
4085100
4085400
4085600
4085800
4086100
4086400
4086600
4086800
4087100
4087400
4087700
4087900
4088100
4088400
4088700
4088900
4089100
4089400
4089700
4089900
4090100
4090400
4090700
4090900
4091100
4091400
4091700
4091900
4092100
4092400
4092700
4093000
4093200
4093400
4093700
4094000
4094200
4094400
4094700
4095000
4095200
4095400
4095700
4096000
4096200
4096400
4096700
4097000
4097300
4097500
4097700
4098000
4098300
4098500
4098700
4099000
4099300
4099600
4099800
4100000
4100300
4100600
4100800
4101000
4101300
4101600
4101900
4102100
4102300
4102600
4102900
4103100
4103300
4103600
4103900
4104100
4104300
4104600
4104900
4105100
4105300
4105600
4105900
4106100
4106300
4106600
4106900
4107100
4107300
4107600
4107900
4108200
4108400
4108600
4108900
4109200
4109400
4109600
4109900
4110200
4110400
4110600
4110900
4111200
4111500
4111700
4111900
4112200
4112500
4112700
4112900
4113200
4113500
4113800
4114000
4114200
4114400
4114700
4115000
4115200
4115400
4115700
4116000
4116300
4116500
4116800
4117100
4117400
4117600
4117800
4118100
4118400
4118600
4118800
4119100
4119400
4119600
4119800
4120100
4120400
4120600
4120800
4121100
4121400
4121600
4121800
4122100
4122400
4122700
4122900
4123100
4123400
4123700
4123900
4124100
4124400
4124700
4124900
4125100
4125400
4125700
4126000
4126200
4126400
4126700
4127000
4127200
4127400
4127700
4128000
4128300
4128500
4128700
4129000
4129300
4129500
4129700
4130000
4130300
4130500
4130700
4131000
4131300
4131600
4131800
4132100
4132400
4132700
4132900
4133100
4133400
4133700
4133900
4134100
4134400
4134700
4134900
4135100
4135400
4135700
4135900
4136100
4136400
4136700
4137000
4137200
4137400
4137700
4138000
4138200
4138400
4138700
4139000
4139300
4139500
4139700
4140000
4140300
4140500
4140700
4141000
4141300
4141500
4141700
4141900
4142200
4142500
4142700
4142900
4143200
4143500
4143700
4143900
4144200
4144500
4144700
4144900
4145200
4145500
4145700
4145900
4146200
4146500
4146800
4147000
4147300
4147600
4147900
4148200
4148400
4148600
4148900
4149200
4149400
4149600
4149900
4150200
4150400
4150600
4150900
4151200
4151400
4151600
4151800
4152100
4152400
4152600
4152800
4153100
4153400
4153700
4154000
4154200
4154400
4154700
4155000
4155200
4155600
4155900
4156200
4156500
4156700
4156900
4157200
4157500
4157800
4158100
4158300
4158500
4158700
4159000
4159300
4159600
4159900
4160100
4160300
4160500
4160700
4161000
4161300
4161600
4161900
4162100
4162300
4162500
4162800
4163100
4163300
4163600
4163800
4164000
4164300
4164600
4164900
4165100
4165300
4165500
4165800
4166100
4166400
4166700
4166900
4167100
4167400
4167600
4167900
4168200
4168400
4168700
4168900
4169100
4169400
4169700
4170000
4170300
4170500
4170700
4170900
4171200
4171500
4171800
4172100
4172300
4172500
4172700
4172900
4173200
4173500
4173800
4174100
4174300
4174500
4174700
4175000
4175300
4175500
4175800
4176000
4176200
4176500
4176800
4177100
4177300
4177500
4177700
4177900
4178200
4178500
4178800
4179000
4179200
4179500
4179700
4180000
4180300
4180500
4180800
4181000
4181200
4181500
4181800
4182100
4182400
4182600
4182800
4183000
4183300
4183600
4183800
4184000
4184300
4184600
4184900
4185200
4185400
4185600
4185800
4186000
4186300
4186600
4186900
4187200
4187400
4187600
4187800
4188000
4188300
4188600
4188900
4189200
4189500
4189800
4190100
4190400
4190600
4190800
4191000
4191200
4191500
4191700
4191900
4192200
4192500
4192700
4193000
4193200
4193400
4193700
4194000
4194300
4194600
4194800
4195000
4195200
4195500
4195800
4196100
4196300
4196600
4196800
4197000
4197300
4197500
4197700
4197900
4198100
4198400
4198700
4199000
4199300
4199500
4199700
4199900
4200200
4200500
4200800
4201100
4201400
4201700
4201900
4202200
4202500
4202700
4202900
4203100
4203300
4203600
4203800
4204100
4204300
4204600
4204900
4205200
4205500
4205800
4206000
4206400
4206700
4206900
4207100
4207300
4207600
4207900
4208200
4208500
4208700
4208900
4209200
4209400
4209700
4210000
4210200
4210500
4210700
4210900
4211200
4211500
4211800
4212100
4212300
4212500
4212700
4213000
4213300
4213600
4213900
4214100
4214300
4214500
4214700
4215000
4215300
4215600
4215800
4216000
4216300
4216500
4216800
4217100
4217300
4217500
4217700
4218000
4218300
4218600
4218900
4219100
4219300
4219500
4219800
4220100
4220300
4220600
4220800
4221000
4221300
4221600
4221900
4222100
4222300
4222500
4222700
4223000
4223300
4223600
4223900
4224100
4224300
4224500
4224800
4225100
4225400
4225700
4225900
4226100
4226400
4226600
4226900
4227200
4227400
4227700
4227900
4228100
4228400
4228700
4229000
4229200
4229400
4229600
4229800
4230100
4230400
4230700
4230900
4231100
4231400
4231700
4232000
4232300
4232500
4232700
4232900
4233200
4233500
4233800
4234100
4234300
4234600
4234800
4235100
4235400
4235600
4235900
4236100
4236300
4236600
4236900
4237200
4237500
4237700
4237900
4238100
4238400
4238700
4239000
4239300
4239500
4239700
4239900
4240100
4240400
4240700
4241000
4241200
4241400
4241700
4241900
4242200
4242500
4242700
4242900
4243100
4243400
4243700
4244000
4244300
4244500
4244700
4244900
4245200
4245500
4245700
4246000
4246200
4246400
4246700
4247000
4247300
4247500
4247700
4247900
4248100
4248400
4248700
4249000
4249300
4249500
4249700
4249900
4250200
4250500
4250800
4251100
4251300
4251500
4251800
4252000
4252300
4252600
4252800
4253100
4253300
4253500
4253800
4254100
4254400
4254600
4254800
4255000
4255200
4255500
4255800
4256100
4256300
4256500
4256800
4257000
4257300
4257600
4257800
4258000
4258200
4258500
4258800
4259100
4259400
4259600
4259800
4260000
4260300
4260600
4260800
4261100
4261300
4261500
4261800
4262100
4262400
4262700
4262900
4263100
4263300
4263600
4263900
4264200
4264500
4264700
4264900
4265100
4265300
4265600
4265900
4266200
4266500
4266700
4266900
4267100
4267400
4267700
4267900
4268200
4268400
4268600
4268900
4269200
4269500
4269700
4269900
4270100
4270300
4270600
4270900
4271200
4271400
4271600
4271900
4272100
4272400
4272700
4272900
4273100
4273300
4273600
4273900
4274200
4274500
4274700
4274900
4275100
4275400
4275700
4275900
4276200
4276400
4276600
4276900
4277100
4277400
4277700
4277900
4278100
4278300
4278500
4351800
4352000
4352200
4352400
4352700
4353000
4353300
4353500
4353700
4354000
4354300
4354500
4354700
4355000
4355300
4355500
4355700
4356000
4356300
4356600
4356800
4357000
4357300
4357600
4357900
4358100
4358300
4358600
4358900
4359200
4359400
4359600
4359900
4360200
4360400
4360600
4360900
4361200
4361500
4361700
4361900
4362200
4362500
4362700
4362900
4363100
4363400
4363700
4363900
4364100
4364400
4364700
4364900
4365100
4365400
4365700
4365900
4366100
4366400
4366700
4367000
4367200
4367400
4367700
4368000
4368200
4368400
4368700
4369000
4369200
4369400
4369700
4370000
4370200
4370400
4370700
4371000
4371300
4371500
4371700
4372000
4372300
4372500
4372700
4373000
4373300
4373600
4373800
4374000
4374300
4374600
4374800
4375000
4375200
4375500
4375800
4376000
4376200
4376500
4376800
4377000
4377200
4377500
4377800
4378100
4378300
4378500
4378800
4379100
4379300
4379500
4379800
4380100
4380300
4380500
4380800
4381100
4381400
4381600
4381800
4382100
4382400
4382600
4382800
4383000
4383300
4383600
4383800
4384000
4384300
4384600
4384800
4385000
4385200
4385500
4385800
4386000
4386200
4386500
4386800
4387100
4387300
4387500
4387800
4388100
4388300
4388500
4388800
4389100
4389400
4389600
4389800
4390100
4390400
4390600
4390800
4391100
4391400
4391700
4391900
4392100
4392400
4392700
4392900
4393100
4393400
4393700
4393900
4394100
4394400
4394700
4394900
4395100
4395400
4395700
4395900
4396100
4396300
4396600
4396900
4397200
4397400
4397600
4397900
4398200
4398400
4398600
4398900
4399200
4399500
4399700
4399900
4400200
4400500
4400700
4400900
4401300
4401700
4402100
4402600
4402900
4403100
4403300
4403600
4403900
4404200
4404500
4404700
4404900
4405200
4405500
4405800
4406000
4406200
4406500
4406800
4407000
4407200
4407500
4407800
4408000
4408200
4408500
4408800
4409000
4409200
4409500
4409800
4410000
4410200
4410500
4410800
4411100
4411300
4411500
4411800
4412100
4412300
4412500
4412800
4413100
4413400
4413600
4413800
4414100
4414400
4414600
4414800
4415100
4415400
4415700
4415900
4416100
4416400
4416700
4416900
4417100
4417400
4417700
4418000
4418200
4418400
4418700
4419000
4419200
4419400
4419700
4420000
4420200
4420400
4420700
4421000
4421200
4421400
4421700
4422000
4422200
4422400
4422700
4423000
4423300
4423500
4423700
4424000
4424300
4424500
4424700
4425000
4425300
4425500
4425700
4426000
4426300
4426600
4426800
4427000
4427300
4427600
4427800
4428000
4428300
4428600
4428900
4429100
4429300
4429600
4429900
4430100
4430300
4430500
4430800
4431100
4431300
4431500
4431800
4432100
4432300
4432500
4432800
4433100
4433400
4433600
4433800
4434100
4434400
4434600
4434800
4435100
4435400
4435600
4435800
4436100
4436400
4436600
4436800
4437100
4437400
4437600
4437800
4438100
4438400
4438700
4438900
4439100
4439400
4439700
4439900
4440100
4440400
4440700
4441000
4441200
4441400
4441700
4442000
4442200
4442400
4442700
4443000
4443300
4443500
4443700
4444000
4444300
4444500
4444700
4445000
4445300
4445600
4445800
4446000
4446300
4446600
4446800
4447000
4447300
4447600
4447800
4448000
4448300
4448600
4448800
4449000
4449300
4449600
4449800
4450000
4450200
4450500
4450800
4451000
4451200
4451500
4451800
4452000
4452200
4452500
4452800
4453000
4453200
4453400
4453700
4454000
4454200
4454400
4454700
4455000
4455200
4455400
4455600
4455900
4456200
4456400
4456600
4456900
4457200
4457500
4457700
4457900
4458200
4458500
4458700
4458900
4459200
4459500
4459700
4459900
4460200
4460500
4460800
4461000
4461200
4461500
4461800
4462000
4462200
4462500
4462800
4463000
4463200
4463500
4463800
4464000
4464200
4464500
4464800
4465000
4465200
4465500
4465800
4466100
4466300
4466500
4466800
4467100
4467300
4469600
4469800
4470100
4470400
4470700
4470900
4471100
4471400
4471700
4471900
4472100
4472400
4472700
4473000
4473200
4473400
4473700
4474000
4474200
4474400
4474600
4474900
4475200
4475400
4475600
4475900
4476200
4476400
4476600
4476900
4477200
4477400
4477600
4477900
4478200
4478400
4478600
4478900
4479200
4479500
4479700
4479900
4480200
4480500
4480700
4480900
4481200
4481500
4481700
4481900
4482200
4482500
4482800
4483000
4483200
4483500
4483800
4484000
4484200
4484400
4484700
4485000
4485200
4485400
4485700
4486000
4486200
4486400
4486700
4487000
4487300
4487500
4487700
4488000
4488300
4488500
4488700
4489000
4489300
4489500
4489700
4490000
4490200
4490500
4490700
4490900
4491200
4491500
4491800
4492000
4492200
4492500
4492800
4493100
4493300
4493500
4493800
4494100
4494300
4494500
4494800
4495100
4495400
4495600
4495800
4496100
4496400
4496600
4496800
4497100
4497400
4497600
4497800
4498100
4498400
4498700
4498900
4499100
4499400
4499700
4499900
4500100
4500400
4500700
4500900
4501100
4501400
4501700
4501900
4502100
4502400
4502700
4502900
4503100
4503400
4503700
4504000
4504200
4504400
4504700
4505000
4505200
4505400
4505700
4506000
4506300
4506500
4506700
4507000
4507300
4507500
4507700
4508000
4508300
4508600
4508800
4509000
4509300
4509600
4509800
4510000
4510300
4510600
4510900
4511100
4511300
4511600
4511900
4512100
4512300
4512600
4512900
4513100
4513300
4513600
4513900
4514200
4514400
4514600
4514900
4515200
4515500
4515700
4516000
4516300
4516600
4516800
4517000
4517300
4517600
4517800
4518000
4518300
4518600
4518900
4519100
4519300
4519600
4519900
4520100
4520300
4520600
4520900
4521200
4521400
4521600
4521900
4522200
4522400
4522600
4522800
4523100
4523300
4523500
4523800
4524100
4524300
4524500
4524800
4525100
4525400
4525600
4525800
4526100
4526400
4526600
4526900
4527100
4527300
4527600
4527900
4528100
4528300
4528500
4528800
4529100
4529400
4529600
4529800
4530100
4530400
4530600
4530800
4531100
4531400
4531700
4532000
4532200
4532500
4532800
4533100
4533400
4533600
4533800
4534000
4534200
4534500
4534800
4535100
4535400
4535600
4535800
4536000
4536300
4536600
4536800
4537000
4537200
4537500
4537800
4538000
4538200
4538500
4538800
4539100
4539300
4539500
4539700
4539900
4540100
4540400
4540700
4541000
4541200
4541400
4541700
4542000
4542200
4542400
4542600
4542900
4543200
4543500
4543800
4544000
4544300
4544600
4544900
4545100
4545300
4545500
4545800
4546100
4546300
4546600
4546900
4547100
4547400
4547600
4547900
4548200
4548600
4548900
4549100
4549300
4549600
4549900
4550200
4550400
4550600
4550900
4551200
4551500
4551700
4551900
4552200
4552500
4552800
4553000
4553200
4553500
4553800
4554000
4554200
4554400
4554700
4555000
4555200
4555400
4555700
4556000
4556300
4556500
4556700
4557000
4557300
4557500
4557700
4557900
4558200
4558500
4558800
4559000
4559200
4559500
4559800
4560000
4560200
4560400
4560700
4561000
4561300
4561500
4561700
4562000
4562300
4562600
4562800
4563000
4563300
4563600
4563900
4564100
4564300
4564600
4564900
4565200
4565400
4565600
4565900
4566200
4566500
4566700
4566900
4567200
4567500
4567700
4567900
4568100
4568400
4568700
4568900
4569100
4569400
4569700
4570000
4570200
4570400
4570700
4571000
4571200
4571400
4571600
4571900
4572200
4572500
4572700
4572900
4573200
4573500
4573700
4573900
4574200
4574500
4574800
4575100
4575300
4575500
4575800
4576100
4576400
4576600
4576800
4577100
4577400
4577600
4577800
4578000
4578300
4578600
4578900
4579100
4579300
4579600
4579900
4580100
4580300
4580600
4580900
4581200
4581500
4581700
4581900
4582200
4582500
4582700
4582900
4583200
4583500
4583700
4583900
4584200
4584500
4584800
4585100
4585300
4585500
4585800
4586100
4586300
4586500
4586800
4587100
4587400
4587600
4587800
4588000
4588300
4588600
4588900
4589100
4589300
4589600
4589900
4590100
4590300
4590500
4590800
4591100
4591300
4591500
4591700
4592000
4592300
4592600
4592800
4593000
4593300
4593600
4593800
4594000
4594300
4594600
4594900
4595100
4595300
4595600
4595900
4596200
4596400
4596600
4596900
4597200
4597400
4597600
4597900
4598200
4598500
4598700
4598900
4599200
4599500
4599800
4600000
4600200
4600500
4600800
4601000
4601200
4601400
4601600
4601900
4602200
4602400
4602600
4602900
4603200
4603500
4603700
4603900
4604200
4604500
4604800
4605100
4605300
4605500
4605800
4606100
4606300
4606500
4606800
4607100
4607400
4607600
4607800
4608100
4608400
4608700
4608900
4609100
4609400
4609700
4609900
4610100
4610400
4610700
4611000
4611200
4611400
4611600
4611900
4612200
4612400
4612600
4612900
4613200
4613500
4613700
4613900
4614200
4614500
4614700
4614900
4615100
4615300
4615600
4615900
4616100
4616300
4616600
4616900
4617200
4617400
4617600
4617900
4618200
4618500
4618800
4619000
4619200
4619500
4619800
4620000
4620200
4620500
4620800
4621000
4621200
4621500
4621800
4622100
4622400
4622600
4622800
4623100
4623400
4623600
4623800
4624100
4624400
4624600
4624800
4625100
4625400
4625700
4626000
4626200
4626400
4626700
4627000
4627200
4627400
4627700
4628000
4628300
4628500
4628700
4628900
4629200
4629500
4629800
4630000
4630200
4630500
4630800
4631000
4631200
4631400
4631700
4632000
4632300
4632500
4632700
4633000
4633300
4633600
4633800
4634000
4634300
4634600
4634800
4635000
4635200
4635500
4635800
4636000
4636200
4636500
4636800
4637100
4637300
4637500
4637800
4638100
4638300
4638500
4638700
4639000
4639300
4639500
4639700
4639900
4640200
4640500
4640700
4640900
4641200
4641500
4641800
4642100
4642300
4642500
4642800
4643100
4643300
4643500
4643700
4644000
4644300
4644500
4644700
4645000
4645300
4645600
4645900
4646100
4646300
4646600
4646900
4647100
4647300
4647600
4647900
4648200
4648400
4648600
4648800
4649100
4649400
4649600
4649800
4650100
4650400
4650600
4650800
4651100
4651400
4651700
4652000
4652200
4652400
4652700
4653000
4653200
4653400
4653700
4654000
4654300
4654500
4654700
4655000
4655300
4655600
4655800
4656000
4656200
4656500
4656800
4657000
4657200
4657500
4657800
4658100
4658300
4658500
4658700
4659000
4659300
4659600
4659800
4660000
4660300
4660600
4660800
4661000
4661300
4661600
4661900
4662200
4662400
4662600
4662900
4663200
4663400
4663600
4663900
4664200
4664400
4664600
4664900
4665200
4665500
4665800
4666000
4666200
4666500
4666800
4667000
4667200
4667500
4667800
4668000
4668200
4668400
4668700
4669000
4669300
4669500
4669700
4670000
4670300
4670600
4670800
4671000
4671300
4671600
4671900
4672100
4672300
4672600
4672900
4673200
4673400
4673600
4673900
4674200
4674500
4674700
4674900
4675200
4675500
4675700
4675900
4676100
4676400
4676700
4676900
4677100
4677400
4677700
4678000
4678200
4678400
4678700
4679000
4679300
4679500
4679700
4680000
4680300
4680500
4680700
4680900
4681200
4681500
4681700
4681900
4682200
4682500
4682800
4683100
4683300
4683500
4683800
4684100
4684300
4684500
4684700
4685000
4685300
4685500
4685700
4685900
4686200
4686500
4686800
4687000
4687200
4687500
4687800
4688000
4688200
4688500
4688800
4689100
4689400
4689600
4689800
4690100
4690400
4690600
4690800
4691100
4691400
4691700
4691900
4692200
4692500
4692800
4693100
4693300
4693500
4693800
4694100
4694300
4694500
4694800
4695100
4695400
4695600
4695800
4696000
4696300
4696600
4696900
4697100
4697300
4697600
4697900
4698100
4698300
4698500
4698800
4699100
4699300
4699500
4699700
4700000
4700300
4700600
4700800
4701000
4701300
4701600
4701800
4702000
4702300
4702600
4702900
4703200
4703400
4703600
4703900
4704200
4704400
4704600
4704900
4705200
4705400
4705600
4705900
4706200
4706500
4706800
4707000
4707200
4707500
4707800
4708000
4708200
4708500
4708800
4709100
4709300
4709500
4709800
4710100
4710400
4710600
4710800
4711100
4711400
4711700
4711900
4712100
4712400
4712700
4713000
4713200
4713400
4713600
4713900
4714200
4714400
4714600
4714900
4715200
4715500
4715700
4715900
4716200
4716500
4716800
4717000
4717200
4717500
4717800
4718100
4718300
4718500
4718800
4719100
4719300
4719500
4719800
4720100
4720400
4720600
4720800
4721100
4721400
4721700
4721900
4722100
4722400
4722700
4722900
4723100
4723300
4723600
4723900
4724200
4724400
4724600
4724900
4725200
4725400
4725600
4725800
4726100
4726400
4726700
4726900
4727100
4727400
4727700
4728000
4728200
4728400
4728700
4729000
4729300
4729500
4729700
4732000
4732200
4732500
4732800
4733100
4733300
4733500
4733800
4734100
4734300
4734500
4734800
4735100
4735400
4735600
4735800
4736100
4736400
4736700
4737000
4737200
4737400
4737700
4738000
4738200
4738400
4738600
4738900
4739200
4739400
4739600
4739900
4740200
4740500
4740700
4740900
4741200
4741500
4741700
4741900
4742200
4742500
4742800
4743000
4743200
4743500
4743800
4744000
4744200
4744500
4744800
4745100
4745300
4745500
4745800
4746100
4746300
4746500
4746800
4747100
4747300
4747500
4747800
4748100
4748400
4748600
4748800
4749100
4749400
4749600
4749800
4750100
4750400
4750600
4750800
4751100
4751400
4751700
4751900
4752100
4752400
4752700
4753000
4753200
4753500
4753800
4754100
4754300
4754500
4754800
4755100
4755400
4755600
4755800
4756100
4756400
4756600
4756800
4757100
4757400
4757600
4757800
4758100
4758400
4758700
4758900
4759100
4759400
4759700
4759900
4760100
4760400
4760700
4760900
4761100
4761300
4761600
4761900
4762100
4762300
4762600
4762900
4763200
4763400
4763600
4763900
4764200
4764400
4764600
4764800
4765100
4765400
4765600
4765800
4766100
4766400
4766700
4766900
4767100
4767400
4767700
4767900
4768100
4768400
4768700
4769000
4769200
4769400
4769700
4770000
4770200
4770400
4770700
4771000
4771200
4771400
4771700
4772000
4772200
4772400
4772700
4773000
4773300
4773500
4773700
4774000
4774300
4774500
4774700
4775000
4775300
4775600
4775800
4776000
4776300
4776600
4776800
4777000
4777200
4777500
4777800
4778000
4778200
4778500
4778800
4779100
4779400
4779600
4779800
4780000
4780300
4780600
4780800
4781000
4781300
4781600
4781900
4782100
4782300
4782600
4783000
4783200
4783400
4783700
4784000
4784200
4784400
4784700
4785000
4785300
4785500
4785700
4785900
4786200
4786400
4786600
4786800
4787000
4787300
4787600
4787900
4788200
4788400
4788600
4788800
4789100
4789400
4789600
4789800
4790100
4790400
4790700
4790900
4791100
4791300
4791500
4791700
4791900
4792300
4792500
4792800
4793100
4793400
4793700
4793900
4794100
4794400
4794700
4794900
4795100
4795300
4795600
4795900
4796100
4796300
4796600
4796900
4797200
4797500
4797800
4798100
4798400
4798700
4799000
4799200
4799400
4799700
4800000
4800300
4800500
4800700
4800900
4801100
4801400
4801600
4801900
4802100
4802400
4802600
4802800
4803100
4803400
4803700
4803900
4804100
4804400
4804700
4805000
4805200
4805400
4805700
4806000
4806200
4806400
4806700
4807000
4807300
4807500
4807700
4808000
4808300
4808500
4808700
4809000
4809300
4809600
4809800
4810000
4810300
4810600
4810800
4811000
4811300
4811600
4811800
4812000
4812300
4812600
4812900
4813100
4813300
4813600
4813900
4814100
4814300
4814600
4814900
4815100
4815300
4815600
4815900
4816200
4816400
4816600
4816900
4817200
4817500
4817700
4817900
4818200
4818500
4818700
4818900
4819100
4819400
4819700
4819900
4820100
4820400
4820700
4821000
4821200
4821400
4821700
4822000
4822200
4822400
4822700
4823000
4823300
4823500
4823700
4824000
4824300
4824500
4824700
4825000
4825300
4825500
4825700
4826000
4826300
4826600
4826800
4827000
4827300
4827600
4827800
4828000
4828300
4828600
4828800
4829000
4829300
4829600
4829900
4830100
4830300
4830600
4830900
4831200
4831400
4831600
4831900
4832500
4833000
4834000
4834300
4834600
4834900
4835200
4835500
4835700
4835900
4836100
4836400
4836700
4837000
4837300
4837500
4837700
4838000
4838300
4838600
4838900
4839100
4839300
4839500
4839700
4840000
4840300
4840600
4840900
4841100
4841300
4841600
4841900
4842200
4842500
4842700
4842900
4843200
4843400
4843700
4844000
4844200
4844500
4844700
4844900
4845200
4845500
4845800
4846100
4846300
4846500
4846800
4847000
4847300
4847600
4847800
4848000
4848300
4848500
4848800
4849100
4849400
4849700
4849900
4850100
4850400
4850700
4851000
4851300
4851500
4851700
4852000
4852300
4852600
4852900
4853100
4853300
4853500
4853700
4854000
4854300
4854600
4854900
4855100
4855300
4855600
4855900
4856200
4856500
4856800
4857000
4857200
4857400
4857700
4858000
4858300
4858600
4858800
4859000
4859200
4859500
4859800
4860100
4860300
4860500
4860700
4861000
4861300
4861600
4861800
4862000
4862300
4862500
4862800
4863100
4863300
4863500
4863700
4863900
4864200
4864500
4864800
4865100
4865300
4865500
4865800
4866100
4866400
4866700
4866900
4867100
4867400
4867600
4867900
4868200
4868400
4868700
4868900
4869100
4869400
4869700
4870000
4870300
4870500
4870700
4870900
4871200
4871500
4871800
4872100
4872300
4872500
4872700
4873000
4873300
4873600
4873900
4874100
4874300
4874600
4874900
4875200
4875500
4875800
4876000
4876200
4876500
4876800
4877100
4877400
4877600
4877800
4878100
4878400
4878700
4879000
4879200
4879400
4879600
4879800
4880100
4880400
4880700
4881000
4881200
4881400
4881700
4882000
4882300
4882600
4882800
4883100
4883300
4883500
4883800
4884100
4884300
4884600
4884800
4885000
4885300
4885600
4885900
4886200
4886400
4886600
4886800
4887100
4887400
4887700
4887900
4888200
4888500
4888700
4888900
4889200
4889500
4889800
4890100
4890300
4890500
4890800
4891100
4891400
4891700
4891900
4892100
4892300
4892600
4892900
4893200
4893400
4893600
4893800
4894000
4894300
4894600
4894900
4895200
4895500
4895700
4895900
4896200
4896500
4896800
4897100
4897300
4897600
4897800
4898000
4898300
4898600
4898900
4899200
4899400
4899600
4899900
4900200
4900500
4900800
4901000
4901200
4901500
4901800
4902000
4902300
4902600
4902800
4903000
4903200
4903500
4903800
4904100
4904400
4904600
4904800
4905100
4905400
4905700
4906000
4906200
4906400
4906700
4907000
4907300
4907600
4907800
4908000
4908200
4908500
4908800
4909100
4909400
4909600
4909800
4910100
4910300
4910600
4910900
4911200
4911500
4911800
4912000
4912200
4912500
4912800
4913100
4913400
4913600
4913800
4914100
4914300
4914600
4914900
4915100
4915300
4915500
4915700
4916000
4916300
4916600
4916900
4917100
4917300
4917600
4917900
4918200
4918400
4918600
4918900
4919200
4919400
4919700
4920000
4920200
4920400
4920600
4920800
4921100
4921400
4921600
4921900
4922100
4922300
4922600
4922900
4923200
4923500
4923700
4923900
4924100
4924300
4924600
4924900
4925200
4925500
4925700
4925900
4926200
4926500
4926800
4927100
4927400
4927600
4927800
4928100
4928300
4928600
4928900
4929200
4929500
4929700
4929900
4930200
4930500
4930800
4931100
4931300
4931500
4931800
4932100
4932400
4932700
4932900
4933100
4933300
4933600
4933900
4934200
4934500
4934700
4934900
4935200
4935500
4935800
4936100
4936300
4936500
4936700
4937000
4937300
4937600
4937900
4938100
4938300
4938600
4938800
4939000
4939300
4939600
4939900
4940200
4940400
4940600
4940900
4941200
4941500
4941800
4942000
4942200
4942400
4942600
4942900
4943200
4943400
4943600
4943800
4944000
4944300
4944600
4944900
4945100
4945300
4945600
4945900
4946200
4946500
4946700
4946900
4947200
4947500
4947800
4948100
4948300
4948500
4948700
4948900
4949200
4949500
4949800
4950100
4950300
4950500
4950800
4951100
4951400
4951700
4952000
4952200
4952400
4952600
4952900
4953200
4953500
4953800
4954000
4954200
4954400
4954700
4955000
4955300
4955600
4955800
4956000
4956200
4956500
4956800
4957100
4957300
4957500
4957700
4958000
4958300
4958600
4958900
4959100
4959300
4959600
4959900
4960100
4960400
4960700
4960900
4961100
4961400
4961600
4961900
4962200
4962400
4962700
4962900
4963100
4963400
4963700
4964000
4964300
4964500
4964700
4965000
4965200
4965500
4965800
4966100
4966300
4966500
4966800
4967100
4967400
4967700
4968000
4968300
4968600
4968800
4969000
4969300
4969600
4969900
4970200
4970400
4970600
4970800
4971100
4971400
4971700
4972000
4972200
4972400
4972700
4973000
4973300
4973600
4973800
4974000
4974300
4974600
4974900
4975200
4975400
4975600
4975800
4976100
4976400
4976700
4977000
4977200
4977400
4977600
4977900
4978100
4978400
4978700
4979000
4979300
4979500
4979700
4979900
4980200
4980500
4980800
4981100
4981300
4981500
4981800
4982100
4982400
4982700
4982900
4983200
4983400
4983600
4983900
4984200
4984500
4984800
4985000
4985200
4985500
4985800
4986100
4986300
4986500
4986700
4986900
4987200
4987500
4987700
4988000
4988200
4988400
4988700
4989000
4989200
4989500
4989800
4990000
4990200
4990500
4990800
4991100
4991400
4991600
4991800
4992100
4992400
4992700
4993000
4993300
4993500
4993700
4993900
4994200
4994500
4994800
4995100
4995300
4995500
4995700
4996000
4996300
4996600
4999200
4999400
4999600
4999800
5000000
5000300
5000600
5000900
5001200
5001400
5001600
5001900
5002200
5002500
5002700
5002900
5003200
5003500
5003800
5004100
5004400
5004600
5004800
5005000
5005200
5005500
5005800
5006000
5006300
5006500
5006700
5007000
5007300
5007600
5007900
5008100
5008300
5008600
5008900
5009200
5009500
5009800
5010000
5010200
5010500
5010800
5011100
5011400
5011600
5011900
5012200
5012400
5012700
5013000
5013200
5013500
5013700
5013900
5014200
5014500
5014800
5015000
5015200
5015400
5015700
5016000
5016300
5016500
5016700
5016900
5017200
5017400
5017700
5018000
5018200
5018500
5018700
5018900
5019200
5019500
5019800
5020100
5020500
5020800
5021000
5021300
5021600
5021800
5022000
5022300
5022600
5022900
5023100
5023300
5023600
5023900
5024100
5024300
5024500
5024800
5025100
5025400
5025600
5025800
5026100
5026400
5026600
5026800
5027100
5027400
5027600
5027800
5028000
5028200
5028500
5028800
5029000
5029200
5029500
5029800
5030100
5030300
5030500
5030800
5031100
5031400
5031600
5031800
5032100
5032400
5032700
5032900
5033100
5033400
5033700
5034000
5034200
5034400
5034700
5035000
5035300
5035500
5035700
5036000
5036300
5036500
5036700
5037000
5037300
5037600
5037800
5038000
5038300
5038600
5038800
5039000
5039300
5039600
5039800
5040000
5040300
5040500
5040800
5041100
5041400
5041600
5041800
5042100
5042400
5042600
5042800
5043100
5043400
5043700
5043900
5044100
5044400
5044700
5045000
5045200
5045400
5045700
5046000
5046300
5046500
5046700
5047000
5047300
5047600
5047800
5048000
5048300
5048600
5048900
5049200
5049500
5049700
5049900
5050200
5050500
5050700
5050900
5051200
5051500
5051800
5052100
5052400
5052600
5052800
5053100
5053400
5053600
5053900
5054200
5054400
5054600
5054900
5055200
5055400
5055600
5055800
5056100
5056400
5056600
5056800
5057000
5057200
5057400
5057700
5058000
5058200
5058400
5058600
5058800
5059100
5059400
5059600
5059800
5060000
5060300
5060500
5060800
5061100
5061300
5061500
5061700
5062000
5062300
5062500
5062700
5062900
5063100
5063400
5063700
5063900
5064100
5064300
5064600
5064900
5065200
5065500
5065700
5065900
5066200
5066500
5066800
5067000
5067200
5067500
5067800
5068000
5068200
5068500
5068800
5069100
5069300
5069500
5069700
5069900
5070100
5070300
5070500
5070800
5071100
5071400
5071600
5071800
5072100
5072400
5072700
5072900
5073100
5073300
5073600
5073900
5074200
5074500
5074800
5075000
5075300
5075500
5075700
5075900
5076200
5076400
5076700
5077000
5077200
5077400
5077700
5078000
5078300
5078600
5078900
5079200
5079400
5079600
5079900
5080200
5080500
5080700
5081000
5081200
5081400
5081700
5082000
5082200
5082400
5082700
5083000
5083300
5083500
5083700
5084000
5084300
5084600
5084800
5085000
5085300
5085600
5085900
5086100
5086300
5086600
5086900
5087200
5087400
5087600
5087900
5088200
5088400
5088600
5088900
5089200
5089500
5089700
5089900
5090200
5090500
5090700
5090900
5091200
5091500
5091800
5092000
5092200
5092500
5092800
5093000
5093200
5093500
5093800
5094100
5094300
5094500
5094800
5095100
5095300
5095500
5095800
5096100
5096400
5096600
5096800
5097100
5097300
5097600
5097900
5098100
5098300
5098500
5098800
5099100
5099300
5099500
5099700
5100000
5100300
5100500
5100700
5101000
5101300
5101600
5101800
5102000
5102300
5102600
5102800
5103000
5103200
5103500
5103800
5104000
5104200
5104500
5104800
5105000
5105300
5105500
5105700
5105900
5106200
5106500
5106700
5106900
5107200
5107500
5107700
5107900
5108200
5108500
5108800
5109000
5109200
5109500
5109800
5110100
5110300
5110500
5110800
5111100
5111300
5111500
5111700
5112000
5112300
5112500
5112700
5112900
5113100
5113400
5113700
5113900
5114100
5114300
5114600
5114900
5115100
5115300
5115500
5115800
5116100
5116300
5116500
5116800
5117100
5117400
5117600
5117800
5118100
5118400
5118600
5118800
5119100
5119400
5119700
5119900
5120100
5120400
5120700
5120900
5121100
5121400
5121700
5122000
5122200
5122400
5122700
5123000
5123200
5123400
5123700
5124000
5124300
5124500
5124700
5125000
5125300
5125600
5125800
5126000
5126300
5126600
5126900
5127100
5127300
5127600
5127900
5128100
5128300
5128500
5128800
5129100
5129300
5129500
5129800
5130100
5130400
5130600
5130800
5131100
5131400
5131600
5131800
5132100
5132400
5132700
5132900
5133100
5133400
5133700
5133900
5134100
5134400
5134700
5135000
5135200
5135400
5135700
5136000
5136200
5136400
5136700
5137000
5137300
5137600
5137900
5138100
5138300
5138600
5138900
5139200
5139400
5139600
5139900
5140200
5140500
5140700
5140900
5141200
5141500
5141800
5142000
5142200
5142500
5142800
5143000
5143200
5143500
5143800
5144100
5144300
5144500
5144800
5145100
5145300
5145500
5145800
5146100
5146400
5146600
5146800
5147100
5147400
5147600
5147800
5148100
5148400
5148700
5148900
5149100
5149400
5149700
5149900
5150100
5150400
5150700
5151000
5151200
5151400
5151700
5152000
5152300
5152500
5152700
5153000
5153300
5153600
5153800
5154000
5154300
5154600
5154800
5155000
5155200
5155500
5155800
5156000
5156200
5156500
5156800
5157100
5157300
5157500
5157800
5158100
5158400
5158600
5158800
5159100
5159400
5159600
5159800
5160100
5160400
5160600
5160800
5161100
5161400
5161700
5161900
5162100
5162400
5162700
5162900
5163100
5163400
5163700
5164000
5164200
5164400
5164700
5165000
5165300
5165500
5165700
5166000
5166300
5166600
5166800
5167000
5167300
5167600
5167800
5168000
5168200
5168500
5168800
5169000
5169200
5169500
5169800
5170100
5170400
5170700
5170900
5171100
5171400
5171700
5171900
5172100
5172400
5172700
5173000
5173200
5173400
5173700
5174000
5174200
5174400
5174700
5175000
5175300
5175500
5175700
5176000
5176300
5176500
5176700
5177000
5177300
5177600
5177800
5178000
5178300
5178600
5178800
5179000
5179200
5179500
5179800
5180000
5180200
5180500
5180800
5181100
5181300
5181500
5181800
5182100
5182400
5182600
5182800
5183100
5183400
5183700
5183900
5184100
5184400
5184700
5184900
5185100
5185400
5185700
5186000
5186200
5186400
5186700
5187000
5187200
5187400
5187700
5188000
5188300
5188600
5188800
5189000
5189300
5189600
5189800
5190000
5190300
5190600
5190900
5191100
5191300
5191600
5191900
5192200
5192400
5192600
5192900
5193200
5193500
5193700
5193900
5194200
5194500
5194800
5195000
5195200
5195500
5195800
5196100
5196300
5196500
5196800
5197100
5197400
5197600
5197800
5198100
5198400
5198600
5198800
5199000
5199300
5199600
5199800
5200000
5200300
5200600
5200900
5201100
5201300
5201600
5201900
5202100
5202300
5202600
5202900
5203200
5203400
5203600
5203900
5204200
5204400
5204600
5204900
5205200
5205500
5205700
5205900
5206200
5206500
5206800
5207000
5207200
5207500
5207800
5208100
5208300
5208500
5208800
5209100
5209400
5209600
5209800
5210100
5210400
5210700
5210900
5211100
5211400
5211700
5212000
5212200
5212400
5212700
5213000
5213200
5213400
5213700
5214000
5214300
5214500
5214700
5215000
5215300
5215500
5215700
5216000
5216300
5216600
5216800
5217000
5217300
5217600
5217900
5218100
5218300
5218600
5218900
5219100
5219300
5219600
5219900
5220200
5220400
5220600
5220900
5221200
5221500
5221700
5221900
5222200
5222500
5222800
5223000
5223200
5223500
5223800
5224100
5224300
5224500
5224800
5225100
5225400
5225600
5225800
5226100
5226400
5226600
5226800
5227000
5227300
5227600
5227800
5228000
5228300
5228600
5228900
5229100
5229300
5229600
5229900
5230100
5230300
5230600
5230900
5231200
5231400
5231600
5231900
5232200
5232400
5232600
5232900
5233200
5233500
5233700
5233900
5234200
5234500
5234800
5235000
5235200
5235500
5235800
5236100
5236300
5236500
5236800
5237100
5237400
5237600
5237800
5238100
5238400
5238700
5238900
5239100
5239400
5239700
5239900
5240100
5240300
5240600
5240900
5241100
5241300
5241600
5241900
5242200
5242400
5242600
5242900
5243200
5243400
5243600
5243900
5244200
5244500
5244700
5244900
5245200
5245500
5245700
5245900
5246100
5246400
5246700
5246900
5247100
5247400
5247700
5248000
5248200
5248400
5248700
5249000
5249300
5249500
5249700
5250000
5250300
5250600
5250800
5251000
5251300
5251600
5251900
5252100
5252300
5252600
5252900
5253200
5253400
5253600
5253900
5254200
5254500
5254700
5254900
5255200
5255500
5255700
5255900
5256200
5256500
5256800
5257000
5257200
5257500
5257800
5258000
5258200
5258500
5258800
5259100
5259300
5259500
5259800
5260100
5262300
5262600
5262800
5263000
5263300
5263600
5263900
5264100
5264300
5264600
5264900
5265400
5265700
5266000
5266300
5266600
5266800
5267000
5267300
5267600
5267900
5268100
5268300
5268500
5268800
5269100
5269300
5269500
5269800
5270100
5270300
5270500
5270800
5271100
5271300
5271500
5271700
5272000
5272300
5272500
5272700
5273000
5273300
5273500
5273700
5274000
5274300
5274600
5274800
5275000
5275200
5275500
5275800
5276000
5276200
5276500
5276800
5277000
5277200
5277500
5277800
5278100
5278300
5278500
5278800
5279100
5279300
5279500
5279700
5280000
5280300
5280500
5280700
5281000
5281300
5281500
5281700
5281900
5282200
5282500
5282700
5282900
5283300
5283600
5283800
5284000
5284200
5284500
5284800
5285100
5285300
5285500
5285800
5286100
5286300
5286500
5286800
5287100
5287400
5287700
5287900
5288100
5288400
5288700
5289000
5289200
5289400
5289700
5290000
5290200
5290400
5290700
5291000
5291300
5291500
5291700
5292000
5292300
5292500
5292700
5293000
5293300
5293500
5293700
5294000
5294300
5294500
5294700
5295000
5295300
5295500
5295700
5296000
5296300
5296500
5296700
5297000
5297300
5297600
5297800
5298000
5298300
5298600
5298800
5299000
5299300
5299600
5299900
5300100
5300300
5300600
5300900
5301100
5301300
5301600
5301900
5302200
5302400
5302600
5302900
5303200
5303400
5303600
5303900
5304200
5304400
5304600
5304800
5305100
5305400
5305600
5305800
5306100
5306400
5306600
5306800
5307100
5307400
5307600
5307800
5308100
5308400
5308600
5308800
5309100
5309400
5309600
5309800
5310100
5310400
5310700
5310900
5311100
5311400
5311700
5311900
5312100
5312400
5312700
5312900
5313100
5313300
5313600
5313900
5314100
5314300
5314600
5314900
5315100
5315300
5315500
5315800
5316100
5316400
5316600
5316800
5317100
5317400
5317600
5317800
5318100
5318400
5318600
5318800
5319100
5319400
5319600
5319900
5320200
5320400
5320600
5320900
5321200
5321500
5321800
5322100
5322400
5322600
5322800
5323100
5323400
5323600
5323800
5324100
5324400
5324700
5325100
5325300
5325500
5325800
5326100
5326400
5326700
5327000
5327300
5327500
5327700
5327900
5328200
5328500
5328800
5329100
5329400
5329600
5329800
5330100
5330400
5330600
5330800
5331100
5331400
5331700
5331900
5332100
5332400
5332700
5333000
5333300
5333500
5333700
5334000
5334300
5334600
5334900
5335200
5335500
5335700
5335900
5336200
5336500
5336700
5336900
5337200
5337500
5337800
5338000
5338200
5338500
5338800
5339000
5339300
5339600
5339900
5340200
5340500
5340800
5341000
5341200
5341500
5341700
5341900
5342200
5342500
5342700
5343000
5343300
5343600
5343900
5344100
5344300
5344500
5344800
5345100
5345300
5345500
5345800
5346100
5346400
5346600
5346800
5347100
5347400
5347600
5347800
5348100
5348400
5348600
5348800
5349100
5349400
5349700
5349900
5350100
5350400
5350700
5350900
5351100
5351400
5351700
5351900
5352100
5352400
5352700
5353000
5353200
5353400
5353700
5354000
5354200
5354400
5354700
5355000
5355300
5355500
5355700
5356000
5356300
5356500
5356700
5357000
5357300
5357600
5357800
5358000
5358300
5358600
5358800
5359000
5359300
5359600
5359900
5360100
5360300
5360600
5360900
5361100
5361300
5361600
5361900
5362100
5362300
5362600
5362900
5363200
5363400
5363600
5363900
5364200
5364400
5364600
5364900
5365200
5365400
5365600
5365900
5366200
5366400
5366600
5366900
5367200
5367500
5367700
5367900
5368200
5368500
5368700
5368900
5369200
5369500
5369800
5370000
5370200
5370500
5370800
5371100
5371300
5371500
5371800
5372100
5372300
5372500
5372800
5373100
5373400
5373600
5373800
5374100
5374400
5374600
5374800
5375100
5375400
5375600
5375800
5376100
5376400
5376600
5376800
5377100
5377400
5377700
5377900
5378100
5378400
5378700
5378900
5379100
5379400
5379700
5379900
5380100
5380400
5380700
5381000
5381200
5381400
5381700
5382000
5382200
5382400
5382700
5383000
5383300
5383500
5383700
5383900
5384200
5384500
5384800
5385000
5385200
5385500
5385800
5386000
5386200
5386400
5386700
5387000
5387200
5387400
5387700
5388000
5388300
5388500
5388700
5389000
5389300
5389500
5389700
5390000
5390300
5390500
5390700
5391000
5391300
5391500
5391700
5392000
5392300
5392500
5392700
5393000
5393300
5393600
5393800
5394000
5394300
5394600
5394800
5395000
5395300
5395600
5395900
5396100
5396300
5396600
5396900
5397100
5397300
5397600
5397900
5398200
5398400
5398600
5398900
5399200
5399500
5399700
5399900
5400200
5400500
5400700
5400900
5401200
5401500
5401700
5401900
5402200
5402500
5402800
5403000
5403200
5403500
5403800
5404000
5404200
5404500
5404800
5405000
5405200
5405500
5405800
5406000
5406200
5406500
5406800
5407100
5407300
5407500
5407800
5408100
5408300
5408500
5408800
5409100
5409300
5409500
5409700
5410000
5410300
5410500
5410700
5411000
5411300
5411600
5411800
5412000
5412300
5412600
5412900
5413100
5413300
5413600
5413900
5414200
5414400
5414600
5414900
5415200
5415400
5415600
5415900
5416200
5416500
5416700
5416900
5417200
5417500
5417700
5417900
5418200
5418500
5418700
5418900
5419200
5419500
5419800
5420000
5420200
5420500
5420800
5421000
5421200
5421500
5421800
5422000
5422200
5422500
5422800
5423100
5423300
5423500
5423800
5424100
5424300
5424500
5424800
5425100
5425400
5425600
5425800
5426100
5426400
5426600
5426800
5427000
5427300
5427600
5427800
5428000
5428300
5428600
5428800
5429000
5429300
5429600
5429900
5430100
5430300
5430600
5430900
5431100
5431300
5431600
5431900
5432100
5432300
5432600
5432900
5433100
5433300
5433600
5433900
5434100
5434400
5434700
5434900
5435100
5435400
5435700
5435900
5436100
5436300
5436600
5436900
5437100
5437300
5437600
5437900
5438200
5438400
5438600
5438900
5439200
5439400
5439600
5439900
5440200
5440500
5440700
5440900
5441200
5441500
5441700
5441900
5442200
5442400
5442600
5442900
5443200
5443400
5443600
5443900
5444200
5444400
5444600
5444900
5445200
5445400
5445600
5445900
5446200
5446500
5446700
5447000
5447300
5447600
5447800
5448000
5448300
5448600
5448800
5449000
5449300
5449600
5449900
5450100
5450400
5450600
5450800
5451100
5451400
5451700
5451900
5452100
5452300
5452600
5452900
5453100
5453300
5453600
5453900
5454200
5454400
5454600
5454900
5455200
5455500
5455700
5455900
5456200
5456500
5456700
5456900
5457200
5457500
5457700
5457900
5458200
5458500
5458700
5458900
5459200
5459500
5459700
5459900
5460200
5460500
5460800
5461000
5461200
5461500
5461800
5462000
5462200
5462500
5462800
5463100
5463300
5463500
5463800
5464100
5464300
5464500
5464800
5465100
5465400
5465600
5465800
5466100
5466400
5466600
5466800
5467100
5467400
5467700
5467900
5468100
5468400
5468700
5468900
5469100
5469400
5469700
5470000
5470200
5470400
5470700
5471000
5471200
5471400
5471700
5472000
5472200
5472400
5472700
5473000
5473200
5473400
5473700
5474000
5474300
5474500
5474700
5475000
5475300
5475500
5475700
5476000
5476300
5476500
5476700
5477000
5477300
5477600
5477800
5478000
5478300
5478600
5478800
5479000
5479300
5479600
5479900
5480100
5480300
5480600
5480900
5481200
5481400
5481600
5481900
5482200
5482400
5482600
5482900
5483200
5483400
5483600
5483800
5484100
5484400
5484600
5484800
5485100
5485400
5485600
5485800
5486100
5486400
5486600
5486800
5487100
5487400
5487700
5487900
5488200
5488500
5488800
5489000
5489200
5489500
5489800
5490000
5490200
5490500
5490800
5491100
5491300
5491500
5491800
5492100
5492300
5492500
5492800
5493100
5493400
5493600
5493800
5494100
5494400
5494600
5494800
5495000
5495300
5495600
5495800
5496000
5496300
5496600
5496900
5497100
5497300
5497600
5497900
5498100
5498300
5498600
5498900
5499100
5499300
5499600
5499900
5500100
5500300
5500600
5500900
5501100
5501300
5501600
5501900
5502200
5502400
5502600
5502900
5503200
5503400
5503600
5503900
5504200
5504500
5504700
5504900
5505200
5505500
5505700
5505900
5506200
5506500
5506800
5507000
5507200
5507500
5507800
5508000
5508200
5508500
5508800
5509100
5509300
5509500
5509800
5510100
5510300
5510500
5510800
5511100
5511400
5511600
5511800
5512100
5512400
5512600
5512800
5513100
5513400
5513600
5513800
5514100
5514400
5514600
5514800
5515100
5515400
5515700
5515900
5516100
5516400
5516700
5517000
5517200
5517400
5517700
5518000
5518300
5518500
5518700
5519000
5519300
5519500
5519700
5519900
5520200
5520500
5520700
5520900
5521200
5521500
5521800
5522000
5522200
5522500
5522800
5523100
5525500
5525800
5526100
5526400
5526600
5526800
5527100
5527400
5527600
5527800
5528100
5528400
5528700
5528900
5529100
5529400
5529700
5530000
5530300
5530600
5530800
5531000
5531300
5531600
5531800
5532000
5532300
5532600
5532900
5533100
5533300
5533600
5533900
5534200
5534500
5534800
5535000
5535200
5535500
5535800
5536000
5536200
5536500
5536800
5537100
5537300
5537500
5537800
5538100
5538300
5538500
5538700
5539000
5539300
5539500
5539700
5540000
5540300
5540500
5540700
5541000
5541300
5541600
5541800
5542000
5542300
5542600
5542800
5543000
5543300
5543600
5543800
5544000
5544300
5544600
5544800
5545000
5545200
5545500
5545800
5546000
5546200
5546500
5546700
5546900
5547200
5547400
5547700
5548000
5548200
5548400
5548700
5549000
5549200
5549400
5549600
5549900
5550100
5550400
5550700
5550900
5551100
5551400
5551700
5551900
5552100
5552400
5552700
5552900
5553100
5553400
5553700
5553900
5554100
5554400
5554700
5555000
5555200
5555400
5555700
5556000
5556200
5556400
5556700
5557000
5557200
5557400
5557700
5558000
5558300
5558500
5558700
5559000
5559300
5559500
5559700
5560000
5560300
5560600
5560800
5561000
5561300
5561600
5561800
5562000
5562300
5562600
5562900
5563100
5563300
5563600
5563900
5564100
5564300
5564600
5564900
5565100
5565300
5565600
5565900
5566100
5566300
5566600
5566900
5567100
5567300
5567600
5567900
5568100
5568300
5568600
5568900
5569200
5569400
5569600
5569900
5570200
5570400
5570600
5570900
5571200
5571500
5571800
5572100
5572300
5572500
5572800
5573100
5573300
5573500
5573800
5574100
5574400
5574700
5575000
5575200
5575500
5575800
5576000
5576200
5576500
5576800
5577000
5577200
5577500
5577800
5578000
5578200
5578500
5578800
5579100
5579500
5579700
5579900
5580200
5580500
5580800
5581000
5581200
5581400
5581700
5582000
5582300
5582500
5582700
5582900
5583100
5583400
5583700
5583900
5584100
5584400
5584700
5585000
5585300
5585600
5585900
5586200
5586400
5586600
5586800
5587100
5587400
5587700
5587900
5588100
5588400
5588700
5588900
5589100
5589400
5589700
5590000
5590200
5590400
5590600
5590800
5591100
5591400
5591700
5592000
5592300
5592600
5592800
5593100
5593300
5593500
5593800
5594100
5594400
5594600
5594800
5595100
5595400
5595600
5595800
5596100
5596400
5596700
5596900
5597100
5597400
5597700
5597900
5598100
5598400
5598700
5598900
5599100
5599300
5599600
5599900
5600100
5600300
5600600
5600900
5601200
5601400
5601600
5601900
5602200
5602400
5602600
5602900
5603200
5603400
5603600
5603900
5604200
5604400
5604600
5604900
5605200
5605500
5605700
5605900
5606200
5606500
5606700
5606900
5607200
5607500
5607700
5607900
5608200
5608500
5608700
5608900
5609200
5609500
5609700
5609900
5610200
5610500
5610700
5610900
5611100
5611400
5611700
5611900
5612100
5612400
5612700
5612900
5613100
5613400
5613700
5614000
5614200
5614400
5614700
5615000
5615200
5615500
5615800
5616000
5616200
5616500
5616800
5617000
5617200
5617500
5617800
5618000
5618200
5618500
5618800
5619000
5619200
5619500
5619800
5620000
5620200
5620500
5620800
5621100
5621300
5621600
5621900
5622200
5622400
5622600
5622900
5623200
5623400
5623700
5623900
5624100
5624400
5624700
5624900
5625100
5625400
5625700
5626000
5626200
5626400
5626700
5627000
5627200
5627400
5627700
5628000
5628300
5628500
5628700
5629000
5629300
5629500
5629700
5630000
5630300
5630500
5630700
5631000
5631300
5631600
5631800
5632000
5632300
5632600
5632800
5633000
5633300
5633600
5633800
5634000
5634300
5634600
5634800
5635000
5635300
5635600
5635800
5636000
5636300
5636600
5636800
5637000
5637300
5637600
5637900
5638100
5638300
5638600
5638900
5639100
5639300
5639600
5639900
5640200
5640400
5640600
5640900
5641200
5641400
5641600
5641900
5642200
5642500
5642700
5642900
5643200
5643500
5643700
5643900
5644200
5644500
5644700
5644900
5645200
5645500
5645800
5646000
5646300
5646600
5646900
5647100
5647300
5647600
5647900
5648200
5648500
5648700
5648900
5649200
5649500
5649700
5649900
5650200
5650500
5650700
5650900
5651200
5651500
5651700
5651900
5652200
5652500
5652800
5653000
5653200
5653500
5653800
5654000
5654200
5654500
5654800
5655100
5655300
5655500
5655800
5656100
5656400
5656700
5656900
5657100
5657400
5657700
5657900
5658100
5658400
5658700
5659000
5659200
5659400
5659700
5660000
5660200
5660400
5660700
5661000
5661200
5661400
5661700
5662000
5662200
5662400
5662700
5663000
5663200
5663400
5663700
5664000
5664200
5664400
5664700
5665000
5665300
5665500
5665700
5666000
5666300
5666500
5666700
5667000
5667300
5667600
5667800
5668000
5668300
5668600
5668800
5669000
5669300
5669600
5669900
5670100
5670300
5670600
5670900
5671100
5671300
5671600
5671900
5672100
5672300
5672600
5672900
5673200
5673400
5673600
5673900
5674200
5674400
5674600
5674900
5675200
5675400
5675600
5675800
5676100
5676400
5676600
5676800
5677100
5677400
5677600
5677800
5678100
5678400
5678700
5678900
5679100
5679400
5679700
5679900
5680100
5680400
5680600
5680900
5681200
5681400
5681600
5681800
5682100
5682400
5682600
5682800
5683100
5683400
5683600
5683800
5684100
5684400
5684700
5684900
5685100
5685400
5685700
5685900
5686100
5686400
5686700
5686900
5687100
5687400
5687700
5687900
5688100
5688400
5688600
5688900
5689200
5689400
5689600
5689900
5690200
5690400
5690600
5690900
5691200
5691500
5691700
5691900
5692200
5692500
5692700
5692900
5693200
5693500
5693700
5693900
5694200
5694500
5694800
5695000
5695200
5695800
5696200
5696600
5696800
5697100
5697400
5697700
5697900
5698100
5698400
5698700
5698900
5699100
5699400
5699700
5699900
5700100
5700400
5700700
5700900
5701100
5701400
5701700
5701900
5702100
5702400
5702700
5702900
5703100
5703400
5703700
5703900
5704100
5704400
5704700
5704900
5705100
5705300
5705500
5705800
5706100
5706300
5706500
5706800
5707100
5707300
5707500
5707800
5708100
5708300
5708500
5708800
5709100
5709400
5709600
5709800
5710100
5710400
5710600
5710800
5711100
5711400
5711600
5711800
5712100
5712400
5712600
5712800
5713100
5713300
5713600
5713900
5714100
5714300
5714600
5714900
5715100
5715300
5715600
5715900
5716100
5716300
5716600
5716900
5717100
5717300
5717600
5717900
5718100
5718300
5718600
5718900
5719100
5719300
5719600
5719900
5720100
5720300
5720600
5720900
5721100
5721300
5721600
5721900
5722200
5722400
5722600
5722900
5723200
5723400
5723600
5723900
5724200
5724400
5724600
5724900
5725200
5725400
5725600
5725900
5726200
5726400
5726600
5726900
5727200
5727400
5727600
5727900
5728200
5728400
5728600
5728900
5729200
5729400
5729600
5729900
5730200
5730400
5730600
5730900
5731200
5731400
5731600
5731900
5732200
5732400
5732600
5732900
5733200
5733500
5733700
5734000
5734300
5734600
5734800
5735000
5735300
5735600
5735800
5736000
5736300
5736600
5736800
5737000
5737300
5737600
5737900
5738100
5738300
5738600
5738900
5739100
5739300
5739600
5739900
5740100
5740300
5740600
5740900
5741100
5741300
5741600
5741900
5742100
5742300
5742600
5742900
5743100
5743300
5743600
5743900
5744100
5744300
5744600
5744900
5745100
5745300
5745600
5745900
5746100
5746300
5746600
5746900
5747100
5747300
5747600
5747900
5748100
5748300
5748600
5748900
5749100
5749300
5749600
5749900
5750200
5750400
5750600
5750900
5751200
5751400
5751600
5751900
5752200
5752400
5752600
5752900
5753200
5753400
5753600
5753900
5754200
5754400
5754600
5754900
5755200
5755400
5755600
5755900
5756200
5756400
5756600
5756900
5757200
5757400
5757600
5757900
5758200
5758400
5758600
5758900
5759200
5759400
5759600
5759900
5760200
5760400
5760600
5760900
5761200
5761500
5761700
5761900
5762200
5762500
5762700
5762900
5763200
5763500
5763700
5763900
5764200
5764500
5764700
5764900
5765200
5765500
5765800
5766000
5766200
5766500
5766800
5767000
5767200
5767500
5767800
5768000
5768200
5768500
5768800
5769000
5769200
5769500
5769800
5770000
5770200
5770500
5770800
5771000
5771200
5771500
5771800
5772000
5772200
5772500
5772800
5773000
5773200
5773500
5773800
5774000
5774200
5774500
5774800
5775000
5775200
5775500
5775800
5776000
5776200
5776500
5776800
5777100
5777300
5777500
5777800
5778100
5778300
5778500
5778800
5779100
5779400
5779600
5779800
5780100
5780400
5780600
5780800
5781100
5781400
5781600
5781800
5782100
5782400
5782600
5782800
5783100
5783400
5783600
5783800
5784100
5784400
5784600
5784800
5785100
5785400
5788000
5788300
5788500
5788700
5789000
5789300
5789600
5789800
5790000
5790300
5790600
5790800
5791000
5791300
5791600
5791900
5792100
5792300
5792500
5792800
5793100
5793300
5793500
5793800
5794100
5794300
5794500
5794800
5795100
5795400
5795600
5795800
5796100
5796400
5796700
5796900
5797100
5797400
5797700
5797900
5798100
5798400
5798700
5798900
5799100
5799400
5799700
5799900
5800100
5800400
5800700
5800900
5801100
5801400
5801700
5801900
5802100
5802400
5802700
5803000
5803200
5803400
5803700
5804000
5804200
5804400
5804700
5805000
5805200
5805400
5805700
5806000
5806200
5806400
5806600
5806900
5807200
5807400
5807600
5807900
5808200
5808400
5808600
5808800
5809100
5809400
5809700
5809900
5810100
5810400
5810700
5810900
5811100
5811400
5811700
5812000
5812200
5812500
5812700
5812900
5813200
5813500
5813800
5814000
5814200
5814500
5814800
5815100
5815300
5815500
5815800
5816100
5816300
5816500
5816700
5817000
5817300
5817500
5817700
5818000
5818300
5818500
5818700
5819000
5819300
5819500
5819700
5820000
5820300
5820600
5820800
5821100
5821400
5821700
5821900
5822200
5822500
5822800
5823000
5823200
5823500
5823800
5824000
5824200
5824500
5824800
5825000
5825200
5825500
5825800
5826000
5826200
5826500
5826800
5827100
5827300
5827500
5827800
5828100
5828300
5828500
5828700
5828900
5829200
5829500
5829800
5830000
5830200
5830500
5830800
5831000
5831200
5831500
5831800
5832100
5832300
5832600
5832900
5833200
5833400
5833600
5833900
5834200
5834400
5834600
5834900
5835200
5835500
5835700
5836000
5836300
5836600
5836800
5837000
5837300
5837600
5837900
5838200
5838400
5838600
5838900
5839200
5839400
5839600
5839900
5840200
5840500
5840700
5840900
5841200
5841500
5841700
5841900
5842100
5842400
5842700
5842900
5843200
5843400
5843700
5843900
5844100
5844300
5844500
5844800
5845100
5845400
5845600
5845800
5846000
5846300
5846600
5846900
5847100
5847300
5847600
5847900
5848100
5848300
5848600
5848900
5849200
5849500
5849700
5849900
5850100
5850400
5850600
5850900
5851200
5851500
5851700
5851900
5852200
5852500
5852700
5852900
5853200
5853500
5853800
5854000
5854200
5854500
5854800
5855100
5855400
5855600
5855900
5856100
5856300
5856600
5856900
5857200
5857500
5857800
5858100
5858300
5858500
5858700
5859000
5859300
5859600
5859900
5860200
5860400
5860600
5860900
5861200
5861500
5861800
5862100
5862300
5862600
5862900
5863200
5863400
5863600
5863800
5864100
5864400
5864600
5864800
5865100
5865400
5865700
5865900
5866100
5866400
5866700
5866900
5867100
5867400
5867700
5868000
5868200
5868400
5868700
5869000
5869200
5869400
5869700
5869900
5870100
5870400
5870700
5870900
5871100
5871400
5871700
5872000
5872200
5872400
5872700
5873000
5873200
5873400
5873700
5874000
5874200
5874400
5874700
5875000
5875200
5875400
5875700
5876000
5876200
5876400
5876700
5877000
5877300
5877500
5877800
5878100
5878400
5878600
5878800
5879100
5879400
5879600
5879800
5880100
5880400
5880600
5880800
5881100
5881400
5881700
5881900
5882100
5882400
5882700
5882900
5883100
5883400
5883700
5884000
5884200
5884400
5884700
5885000
5885200
5885400
5885700
5886000
5886300
5886500
5886700
5887000
5887300
5887500
5887700
5888000
5888300
5888500
5888700
5889000
5889300
5889500
5889700
5890000
5890300
5890600
5890800
5891100
5891400
5891700
5891900
5892100
5892400
5892700
5892900
5893100
5893400
5893700
5893900
5894100
5894300
5894500
5894800
5895100
5895400
5895600
5895800
5896100
5896400
5896600
5896800
5897100
5897400
5897700
5897900
5898100
5898400
5898700
5898900
5899100
5899400
5899700
5900000
5900200
5900400
5900700
5901000
5901200
5901400
5901700
5902000
5902200
5902500
5902700
5902900
5903200
5903500
5903700
5903900
5904200
5904500
5904700
5904900
5905200
5905500
5905700
5905900
5906200
5906500
5906800
5907000
5907200
5907500
5907800
5908000
5908200
5908500
5908800
5909000
5909200
5909500
5909800
5910100
5910300
5910500
5910800
5911100
5911400
5911600
5911800
5912100
5912400
5912600
5912800
5913100
5913400
5913600
5913800
5914100
5914400
5914700
5914900
5915100
5915400
5915700
5915900
5916100
5916400
5916700
5916900
5917100
5917400
5917700
5917900
5918100
5918400
5918700
5918900
5919100
5919400
5919700
5920000
5920200
5920400
5920700
5921000
5921200
5921400
5921700
5922000
5922200
5922400
5922700
5923000
5923300
5923500
5923700
5924000
5924300
5924500
5924700
5925000
5925300
5925600
5925800
5926000
5926300
5926600
5926800
5927000
5927300
5927600
5927900
5928100
5928400
5928700
5929000
5929200
5929400
5929700
5930000
5930200
5930400
5930700
5931000
5931200
5931400
5931700
5932000
5932200
5932400
5932700
5933000
5933200
5933400
5933700
5934000
5934300
5934500
5934700
5934900
5935200
5935500
5935800
5936000
5936200
5936500
5936800
5937000
5937200
5937500
5937800
5938100
5938300
5938500
5938700
5939000
5939300
5939500
5939700
5940000
5940300
5940600
5940800
5941000
5941300
5941600
5941900
5942100
5942300
5942600
5942900
5943200
5943400
5943600
5943900
5944200
5944400
5944600
5944900
5945200
5945500
5945700
5946000
5946300
5946600
5946900
5947100
5947300
5947600
5947900
5948100
5948300
5948500
5948800
5949100
5949300
5949500
5949800
5950100
5950400
5950700
5950900
5951100
5951400
5951700
5952000
5952200
5952400
5952700
5953000
5953200
5953400
5953600
5953900
5954200
5954400
5954600
5954900
5955200
5955400
5955600
5955900
5956200
5956500
5956700
5956900
5957200
5957500
5957700
5957900
5958200
5958500
5958700
5958900
5959200
5959500
5959700
5959900
5960200
5960500
5960700
5960900
5961200
5961500
5961700
5961900
5962100
5962400
5962700
5963000
5963200
5963400
5963700
5964000
5964200
5964400
5964600
5964900
5965200
5965400
5965600
5965800
5966100
5966400
5966700
5966900
5967100
5967300
5967500
5967800
5968100
5968300
5968500
5968700
5969000
5969300
5969500
5969700
5970000
5970300
5970600
5970800
5971000
5971300
5971600
5971800
5972000
5972200
5972500
5972800
5973000
5973200
5973500
5973800
5974000
5974200
5974500
5974800
5975100
5975400
5975600
5975800
5976100
5976400
5976600
5976800
5977100
5977400
5977700
5977900
5978100
5978400
5978700
5979000
5979300
5979500
5979700
5980000
5980300
5980600
5980800
5981000
5981300
5981600
5981800
5982000
5982200
5982500
5982800
5983100
5983300
5983500
5983800
5984100
5984300
5984500
5984800
5985100
5985400
5985700
5985900
5986100
5986400
5986700
5986900
5987100
5987400
5987700
5987900
5988100
5988400
5988700
5989000
5989300
5989500
5989700
5990000
5990300
5990500
5990700
5991000
5991300
5991500
5991700
5991900
5992200
5992500
5992800
5993000
5993200
5993500
5993800
5994100
5994300
5994500
5994800
5995100
5995300
5995500
5995700
5996000
5996300
5996600
5996800
5997000
5997300
5997600
5997800
5998000
5998300
5998600
5998800
5999000
5999200
5999500
5999800
6000000
6000200
6000500
6000800
6001100
6001300
6001500
6001800
6002100
6002400
6002600
6002800
6003100
6003400
6003600
6003800
6004000
6004300
6004600
6004800
6005000
6005300
6005600
6005900
6006200
6006400
6006600
6006900
6007200
6007500
6007700
6007900
6008200
6008500
6008700
6008900
6009100
6009300
6009600
6009900
6010100
6010300
6010600
6010900
6011100
6011300
6011500
6011800
6012100
6012400
6012600
6012800
6013100
6013400
6013600
6013800
6014100
6014400
6014600
6014800
6015100
6015400
6015700
6016000
6016200
6016400
6016700
6017000
6017200
6017400
6017700
6018000
6018300
6018500
6018700
6018900
6019200
6019500
6019700
6019900
6020200
6020500
6020800
6021000
6021200
6021500
6021800
6022100
6022300
6022500
6022800
6023100
6023400
6023600
6023800
6024100
6024400
6024600
6024800
6025100
6025400
6025700
6025900
6026100
6026400
6026700
6027000
6027200
6027400
6027700
6028000
6028200
6028400
6028600
6028900
6029200
6029400
6029600
6029900
6030200
6030500
6030700
6030900
6031200
6031500
6031800
6032100
6032300
6032500
6032800
6033100
6033300
6033500
6033700
6034000
6034300
6034500
6034700
6035000
6035300
6035600
6035900
6036100
6036300
6036600
6036900
6037200
6037400
6037600
6037900
6038200
6038400
6038600
6038800
6039100
6039400
6039600
6039800
6040100
6040400
6040700
6040900
6041100
6041400
6041700
6042000
6042200
6042400
6042700
6043000
6043200
6043400
6043700
6044000
6044300
6044500
6044700
6045000
6045300
6045600
6045800
6046000
6046300
6046600
6046900
6047100
6047300
6047600
6047900
6048100
6050600
6050900
6051200
6051400
6051600
6051800
6052100
6052400
6052600
6052800
6053100
6053400
6053600
6053800
6054100
6054400
6054700
6054900
6055100
6055400
6055700
6055900
6056100
6056400
6056700
6056900
6057100
6057400
6057700
6057900
6058100
6058400
6058700
6059000
6059300
6059500
6059700
6060000
6060300
6060500
6060700
6060900
6061200
6061500
6061700
6061900
6062200
6062500
6062800
6063000
6063200
6063500
6063800
6064000
6064200
6064500
6064800
6065100
6065300
6065500
6065800
6066100
6066300
6066500
6066800
6067100
6067300
6067500
6067800
6068100
6068300
6068500
6068800
6069100
6069300
6069500
6069800
6070100
6070300
6070500
6070800
6071100
6071400
6071600
6071800
6072000
6072300
6072600
6072900
6073100
6073300
6073600
6073900
6074200
6074400
6074600
6074900
6075200
6075500
6075800
6076000
6076200
6076500
6076800
6077000
6077200
6077500
6077800
6078000
6078200
6078500
6078800
6079100
6079300
6079500
6079800
6080100
6080400
6080600
6080800
6081100
6081400
6081600
6081800
6082100
6082400
6082600
6082800
6083100
6083400
6083700
6083900
6084100
6084400
6084700
6084900
6085100
6085300
6085600
6085900
6086200
6086400
6086600
6086900
6087200
6087400
6087600
6087900
6088200
6088500
6088700
6088900
6089100
6089400
6089700
6089900
6090100
6090400
6090700
6091000
6091200
6091400
6091600
6091800
6092100
6092400
6092700
6092900
6093100
6093400
6093700
6093900
6094100
6094400
6094700
6095000
6095200
6095400
6095700
6096000
6096200
6096400
6096700
6096900
6097100
6097300
6097600
6097900
6098100
6098300
6098700
6098900
6099100
6099300
6099500
6099800
6100100
6100400
6100700
6100900
6101100
6101400
6101700
6101900
6102100
6102400
6102700
6103000
6103200
6103400
6103700
6104000
6104200
6104400
6104600
6104900
6105200
6105400
6105600
6105900
6106200
6106400
6106700
6106900
6107200
6107500
6107800
6108000
6108200
6108500
6108700
6108900
6109200
6109500
6109700
6109900
6110200
6110500
6110800
6111000
6111200
6111500
6111800
6112100
6112300
6112500
6112800
6113000
6113300
6113600
6113900
6114200
6114500
6114800
6115000
6115200
6115500
6115800
6116000
6116200
6116400
6116700
6117000
6117300
6117500
6117700
6117900
6118200
6118400
6118800
6119100
6119400
6119700
6119900
6120200
6120500
6120800
6121000
6121300
6121600
6121800
6122100
6122400
6122700
6123000
6123400
6123600
6123800
6124100
6124300
6124600
6124900
6125200
6125400
6125600
6125900
6126200
6126500
6126800
6127200
6127400
6127700
6128000
6128300
6128600
6128900
6129200
6129400
6129600
6129900
6130200
6130400
6130600
6130900
6131200
6131500
6131700
6131900
6132200
6132500
6132700
6132900
6133200
6133500
6133700
6133900
6134200
6134500
6134700
6134900
6135200
6135500
6135800
6136000
6136200
6136500
6136800
6137000
6137200
6137500
6137800
6138100
6138300
6138500
6138800
6139100
6139400
6139600
6139800
6140100
6140400
6140600
6140800
6141000
6141300
6141600
6141800
6142000
6142300
6142600
6142900
6143100
6143300
6143600
6143900
6144100
6144300
6144600
6144900
6145200
6145400
6145600
6145900
6146200
6146400
6146600
6146900
6147200
6147400
6147600
6147900
6148200
6148500
6148700
6148900
6149200
6149500
6149700
6149900
6150200
6150500
6150800
6151000
6151200
6151500
6151800
6152000
6152200
6152500
6152800
6153100
6153300
6153500
6153800
6154100
6154400
6154600
6154800
6155100
6155400
6155600
6155800
6156100
6156400
6156700
6156900
6157100
6157300
6157500
6157800
6158100
6158400
6158600
6158800
6159100
6159400
6159600
6159800
6160100
6160400
6160600
6160800
6161100
6161400
6161700
6161900
6162200
6162500
6162800
6163000
6163200
6163500
6163800
6164000
6164200
6164500
6164800
6165100
6165300
6165500
6165800
6166100
6166400
6166600
6166800
6167100
6167400
6167600
6167800
6168100
6168400
6168700
6168900
6169100
6169400
6169700
6170000
6170200
6170400
6170700
6171000
6171200
6171400
6171700
6172000
6172300
6172500
6172700
6173000
6173300
6173500
6173700
6174000
6174300
6174500
6174700
6175000
6175300
6175500
6175700
6176000
6176300
6176600
6176800
6177000
6177300
6177600
6177800
6178000
6178300
6178600
6178900
6179100
6179300
6179600
6179900
6180200
6180400
6180600
6180900
6181200
6181400
6181600
6181900
6182200
6182500
6182700
6182900
6183200
6183500
6183800
6184000
6184200
6184500
6184800
6185000
6185200
6185500
6185800
6186100
6186300
6186500
6186800
6187100
6187300
6187500
6187800
6188100
6188300
6188500
6188800
6189100
6189400
6189600
6189800
6190000
6190300
6190600
6190900
6191100
6191300
6191600
6191900
6192100
6192300
6192600
6192900
6193200
6193400
6193600
6193900
6194200
6194500
6194700
6194900
6195200
6195500
6195700
6195900
6196200
6196500
6196800
6197000
6197200
6197500
6197800
6198000
6198200
6198500
6198800
6199100
6199300
6199500
6199800
6200100
6200300
6200500
6200800
6201100
6201400
6201600
6201800
6202100
6202400
6202600
6202800
6203100
6203400
6203600
6203800
6204100
6204400
6204700
6205000
6205200
6205400
6205700
6206000
6206200
6206400
6206600
6206900
6207200
6207400
6207600
6207900
6208200
6208500
6208700
6208900
6209200
6209500
6209800
6210000
6210200
6210500
6210800
6211000
6211200
6211500
6211800
6212100
6212300
6212500
6212800
6213100
6213300
6213500
6213800
6214100
6214400
6214700
6214900
6215100
6215400
6215700
6216000
6216200
6216400
6216700
6217000
6217200
6217400
6217700
6218000
6218200
6218400
6218700
6219000
6219300
6219500
6219700
6220000
6220300
6220600
6220800
6221000
6221300
6221600
6221800
6222000
6222300
6222600
6222800
6223100
6223400
6223600
6223800
6224000
6224300
6224600
6224800
6225000
6225300
6225600
6225900
6226100
6226300
6226600
6226900
6227100
6227300
6227600
6227900
6228100
6228300
6228600
6228900
6229200
6229400
6229600
6229900
6230200
6230400
6230600
6230900
6231200
6231400
6231600
6231900
6232200
6232500
6232700
6232900
6233200
6233500
6233700
6233900
6234200
6234500
6234800
6235000
6235200
6235500
6235800
6236100
6236300
6236500
6236800
6237100
6237300
6237500
6237700
6238000
6238300
6238500
6238700
6239000
6239300
6239600
6239800
6240000
6240300
6240600
6240800
6241000
6241300
6241600
6241800
6242000
6242300
6242600
6242900
6243100
6243300
6243600
6243900
6244100
6244300
6244600
6244900
6245100
6245300
6245600
6245900
6246200
6246400
6246600
6246900
6247200
6247400
6247600
6247800
6248100
6248400
6248600
6248800
6249100
6249400
6249700
6249900
6250100
6250400
6250700
6251000
6251200
6251400
6251700
6252000
6252200
6252400
6252700
6253000
6253300
6253500
6253700
6254000
6254300
6254500
6254700
6255000
6255300
6255500
6255700
6256000
6256300
6256600
6256800
6257000
6257300
6257600
6257800
6258000
6258300
6258600
6258800
6259000
6259300
6259600
6259900
6260100
6260300
6260600
6260900
6261100
6261300
6261500
6261800
6262100
6262300
6262500
6262800
6263100
6263400
6263600
6263800
6264100
6264400
6264600
6264800
6265000
6265300
6265600
6265800
6266000
6266300
6266600
6266900
6267100
6267300
6267600
6267900
6268100
6268300
6268600
6268900
6269100
6269300
6269500
6269800
6270100
6270300
6270500
6270800
6271100
6271300
6271500
6271800
6272100
6272300
6272500
6272800
6273100
6273400
6273600
6273800
6274100
6274400
6274600
6274800
6275000
6275300
6275600
6275800
6276000
6276300
6276600
6276900
6277100
6277300
6277600
6277900
6278200
6278400
6278600
6278900
6279200
6279400
6279600
6279900
6280200
6280500
6280700
6280900
6281200
6281500
6281700
6281900
6282200
6282500
6282800
6283000
6283200
6283500
6283800
6284000
6284200
6284500
6284800
6285000
6285200
6285500
6285800
6286100
6286300
6286500
6286800
6287100
6287300
6287500
6287800
6288100
6288400
6288600
6288800
6289100
6289400
6289600
6289800
6290100
6290400
6290700
6290900
6291100
6291400
6291700
6292000
6292200
6292400
6292700
6293000
6293200
6293400
6293700
6294000
6294300
6294500
6294700
6295000
6295300
6295500
6295700
6296000
6296300
6296600
6296800
6297000
6297300
6297600
6297800
6298000
6298300
6298600
6298800
6299000
6299300
6299600
6299900
6300100
6300300
6300600
6300900
6301100
6301300
6301600
6301900
6302200
6302400
6302600
6302900
6303200
6303400
6303600
6303900
6304200
6304500
6304700
6304900
6305200
6305500
6305800
6306000
6306200
6306500
6306800
6307000
6307200
6307500
6307800
6308100
6308300
6308500
6308800
6309100
6309300
6309500
6309800
6310100
6310400
6310600
6310800
6311100
6311400
6311600
6314000
6314300
6314600
6314800
6315000
6315300
6315600
6315800
6316000
6316300
6316600
6316900
6317100
6317300
6317600
6317900
6318100
6318400
6318600
6318800
6319100
6319400
6319600
6319800
6320000
6320300
6320600
6320800
6321000
6321300
6321600
6321900
6322100
6322400
6322600
6322800
6323100
6323400
6323600
6323800
6324100
6324400
6324700
6324900
6325100
6325400
6325700
6325900
6326100
6326400
6326700
6326900
6327100
6327300
6327600
6327900
6328100
6328300
6328500
6328800
6329100
6329300
6329500
6329800
6330100
6330300
6330600
6330900
6331100
6331300
6331600
6331900
6332200
6332400
6332600
6332800
6333100
6333400
6333600
6333800
6334000
6334300
6334500
6334800
6335100
6335400
6335600
6335800
6336000
6336300
6336600
6336900
6337100
6337300
6337600
6337900
6338100
6338300
6338500
6338800
6339100
6339300
6339500
6339800
6340100
6340400
6340700
6340900
6341100
6341400
6341700
6342000
6342200
6342400
6342700
6343000
6343300
6343500
6343700
6344000
6344300
6344600
6344800
6345000
6345200
6345500
6345800
6346000
6346200
6346400
6346600
6346900
6347200
6347500
6347700
6347900
6348200
6348500
6348700
6348900
6349200
6349500
6349700
6349900
6350200
6350500
6350700
6350900
6351200
6351500
6351800
6352000
6352200
6352500
6352800
6353000
6353200
6353500
6353800
6354100
6354300
6354600
6354800
6355000
6355300
6355600
6355900
6356100
6356300
6356600
6356900
6357100
6357300
6357600
6357900
6358200
6358400
6358600
6358900
6359200
6359400
6359600
6359900
6360200
6360500
6360700
6360900
6361200
6361500
6361700
6361900
6362200
6362500
6362700
6362900
6363200
6363500
6363800
6364000
6364200
6364500
6364800
6365000
6365200
6365500
6365800
6366000
6366200
6366500
6366800
6367100
6367300
6367500
6367800
6368100
6368400
6368600
6368800
6369100
6369400
6369700
6369900
6370100
6370400
6370700
6370900
6371200
6371500
6371700
6371900
6372200
6372500
6372700
6372900
6373100
6373400
6373700
6373900
6374100
6374400
6374700
6374900
6375100
6375400
6375700
6376000
6376200
6376400
6376700
6377000
6377200
6377400
6377700
6378000
6378200
6378400
6378700
6379000
6379300
6379500
6379900
6380100
6380400
6380700
6381000
6381300
6381500
6381800
6382000
6382200
6382500
6382800
6383000
6383200
6383500
6383800
6384100
6384300
6384500
6384800
6385100
6385400
6385600
6385900
6386100
6386400
6386700
6387000
6387300
6387600
6387900
6388200
6388400
6388600
6388900
6389200
6389500
6389700
6389900
6390200
6390500
6390700
6390900
6391200
6391500
6391800
6392100
6392400
6392600
6392800
6393100
6393400
6393700
6394000
6394300
6394600
6394800
6395000
6395400
6395600
6395900
6396200
6396500
6396800
6397100
6397400
6397600
6397800
6398100
6398400
6398600
6398800
6399000
6399300
6399600
6399800
6400000
6400300
6400600
6400800
6401100
6401300
6401500
6401800
6402100
6402300
6402500
6402800
6403100
6403300
6403500
6403800
6404100
6404300
6404500
6404800
6405100
6405300
6405500
6405800
6406100
6406400
6406600
6406800
6407100
6407400
6407600
6407800
6408100
6408400
6408600
6408800
6409100
6409400
6409700
6409900
6410100
6410400
6410700
6410900
6411100
6411400
6411700
6412000
6412200
6412400
6412700
6413000
6413200
6413400
6413700
6414000
6414300
6414500
6414700
6415000
6415300
6415500
6415700
6416000
6416300
6416500
6416700
6417000
6417300
6417500
6417700
6418000
6418300
6418500
6418700
6419000
6419300
6419600
6419800
6420000
6420300
6420600
6420900
6421100
6421300
6421600
6421900
6422100
6422300
6422600
6422900
6423200
6423400
6423600
6423900
6424200
6424400
6424600
6424900
6425200
6425500
6425700
6425900
6426200
6426500
6426800
6427000
6427200
6427500
6427800
6428100
6428300
6428500
6428700
6429000
6429300
6429600
6429800
6430000
6430300
6430600
6430800
6431000
6431300
6431600
6431800
6432000
6432300
6432600
6432800
6433000
6433300
6433600
6433900
6434100
6434400
6434700
6434900
6435100
6435400
6435700
6436000
6436200
6436400
6436700
6437000
6437200
6437400
6437700
6438000
6438300
6438500
6438700
6439000
6439300
6439500
6439800
6440100
6440300
6440500
6440800
6441000
6441200
6441500
6441800
6442100
6442300
6442500
6442800
6443100
6443300
6443500
6443800
6444100
6444300
6444500
6444800
6445100
6445400
6445600
6445900
6446200
6446500
6446700
6446900
6447200
6447500
6447700
6447900
6448200
6448500
6448700
6448900
6449200
6449500
6449800
6450000
6450200
6450500
6450800
6451000
6451200
6451500
6451800
6452100
6452300
6452500
6452800
6453100
6453300
6453500
6453700
6454000
6454300
6454500
6454700
6455000
6455300
6455500
6455700
6456000
6456300
6456600
6456800
6457000
6457300
6457600
6457800
6458000
6458200
6458500
6458800
6459000
6459200
6459500
6459800
6460000
6460200
6460500
6460800
6461000
6461300
6461500
6461700
6462000
6462300
6462600
6462800
6463000
6463300
6463600
6463900
6464100
6464300
6464600
6464900
6465100
6465300
6465600
6465900
6466200
6466400
6466600
6466900
6467200
6467500
6467700
6467900
6468200
6468500
6468700
6468900
6469200
6469500
6469800
6470000
6470200
6470500
6470800
6471000
6471200
6471500
6471800
6472000
6472200
6472500
6472800
6473100
6473300
6473500
6473800
6474100
6474300
6474500
6474800
6475100
6475300
6475500
6475800
6476100
6476400
6476600
6476800
6477100
6477400
6477600
6477800
6478100
6478400
6478700
6478900
6479100
6479400
6479700
6480000
6480200
6480400
6480700
6481000
6481200
6481400
6481600
6481900
6482200
6482400
6482600
6482900
6483200
6483400
6483600
6483800
6484100
6484400
6484600
6484800
6485100
6485400
6485700
6486000
6486200
6486400
6486700
6487000
6487200
6487400
6487700
6488000
6488200
6488400
6488600
6488900
6489200
6489400
6489600
6489900
6490200
6490400
6490600
6490900
6491200
6491500
6491700
6491900
6492200
6492500
6492800
6493000
6493200
6493500
6493700
6494000
6494300
6494500
6494700
6494900
6495200
6495500
6495700
6495900
6496200
6496500
6496800
6497000
6497200
6497500
6497800
6498000
6498200
6498500
6498800
6499000
6499200
6499500
6499800
6500100
6500300
6500500
6500800
6501100
6501300
6501500
6501800
6502100
6502300
6502500
6502800
6503100
6503400
6503600
6503800
6504100
6504400
6504700
6504900
6505100
6505400
6505700
6505900
6506100
6506300
6506600
6506900
6507100
6507300
6507600
6507900
6508200
6508400
6508600
6508900
6509200
6509400
6509600
6509800
6510100
6510400
6510600
6510800
6511100
6511400
6511600
6511800
6512100
6512400
6512700
6512900
6513100
6513400
6513700
6513900
6514100
6514400
6514700
6514900
6515100
6515400
6515700
6516000
6516200
6516400
6516700
6517000
6517200
6517400
6517700
6518000
6518300
6518500
6518700
6519000
6519300
6519500
6519700
6519900
6520200
6520500
6520700
6520900
6521200
6521500
6521800
6522000
6522200
6522500
6522800
6523000
6523200
6523400
6523700
6524000
6524200
6524400
6524700
6525000
6525200
6525400
6525700
6526000
6526300
6526500
6526700
6527000
6527300
6527500
6527700
6528000
6528300
6528500
6528700
6529000
6529300
6529600
6529800
6530000
6530300
6530600
6530800
6531000
6531300
6531600
6531900
6532100
6532300
6532600
6532900
6533100
6533300
6533500
6533800
6534100
6534300
6534500
6534800
6535100
6535400
6535600
6535800
6536100
6536400
6536700
6536900
6537100
6537400
6537700
6537900
6538100
6538400
6538700
6538900
6539100
6539400
6539700
6540000
6540200
6540400
6540700
6541000
6541200
6541400
6541700
6542000
6542200
6542400
6542700
6543000
6543300
6543500
6543700
6544000
6544300
6544500
6544700
6545000
6545300
6545600
6545800
6546000
6546300
6546600
6546900
6547100
6547300
6547600
6547900
6548100
6548300
6548600
6548900
6549200
6549400
6549600
6549900
6550200
6550500
6550700
6550900
6551200
6551500
6551700
6551900
6552200
6552500
6552800
6553000
6553200
6553500
6553800
6554000
6554200
6554500
6554800
6555000
6555200
6555500
6555800
6556000
6556200
6556500
6556800
6557100
6557300
6557500
6557800
6558100
6558300
6558500
6558700
6559000
6559300
6559500
6559700
6560000
6560300
6560600
6560800
6561000
6561300
6561800
6562200
6562500
6562700
6562900
6563100
6563400
6563700
6563900
6564200
6564500
6564700
6564900
6565100
6565400
6565700
6565900
6566100
6566400
6566700
6566900
6567100
6567400
6567700
6568000
6568200
6568400
6568700
6569000
6569200
6569400
6569700
6570000
6570200
6570400
6570700
6571000
6571300
6571500
6571700
6572000
6572300
6572500
6572700
6573000
6573300
6573600
6573800
6574000
6574300
6574600
6577000
6577200
6577400
6577700
6578000
6578300
6578500
6578700
6579000
6579300
6579500
6579700
6580000
6580300
6580600
6580800
6581000
6581300
6581600
6581800
6582000
6582300
6582600
6582800
6583000
6583300
6583600
6583800
6584000
6584300
6584600
6584900
6585100
6585300
6585600
6585900
6586100
6586300
6586600
6586900
6587200
6587400
6587600
6587900
6588200
6588400
6588600
6588900
6589200
6589500
6589700
6589900
6590200
6590500
6590800
6591000
6591200
6591500
6591800
6592100
6592300
6592500
6592800
6593100
6593400
6593600
6593800
6594100
6594400
6594600
6594800
6595100
6595400
6595700
6595900
6596100
6596400
6596700
6596900
6597100
6597400
6597700
6598000
6598300
6598500
6598700
6599000
6599300
6599600
6599800
6600000
6600300
6600600
6600900
6601100
6601300
6601600
6601900
6602200
6602400
6602600
6602900
6603200
6603500
6603700
6603900
6604200
6604500
6604700
6604900
6605200
6605500
6605700
6605900
6606200
6606500
6606800
6607000
6607200
6607500
6607800
6608000
6608200
6608500
6608800
6609000
6609200
6609500
6609800
6610100
6610300
6610500
6610800
6611100
6611300
6611500
6611800
6612100
6612400
6612600
6612800
6613100
6613400
6613700
6613900
6614100
6614400
6614700
6614900
6615100
6615300
6615600
6615900
6616100
6616300
6616600
6616900
6617200
6617400
6617600
6617900
6618200
6618400
6618600
6618900
6619200
6619400
6619600
6619900
6620200
6620500
6620700
6620900
6621200
6621500
6621700
6621900
6622200
6622500
6622800
6623000
6623300
6623500
6623700
6624000
6624300
6624500
6624700
6625000
6625300
6625600
6625800
6626000
6626300
6626600
6626900
6627200
6627500
6627700
6627900
6628200
6628500
6628800
6629000
6629200
6629500
6629700
6630000
6630300
6630600
6630900
6631100
6631300
6631500
6631800
6632100
6632400
6632600
6632800
6633000
6633300
6633600
6633900
6634100
6634300
6634500
6634700
6635000
6635300
6635500
6635700
6636000
6636300
6636600
6636900
6637200
6637500
6637700
6638000
6638200
6638500
6638800
6639100
6639400
6639600
6639800
6640000
6640300
6640600
6640900
6641100
6641300
6641600
6641900
6642200
6642500
6642800
6643200
6643400
6643600
6643900
6644200
6644400
6644600
6644900
6645100
6645300
6645600
6645900
6646200
6646500
6646800
6647000
6647300
6647700
6648000
6648200
6648400
6648700
6649000
6649200
6649400
6649700
6650000
6650300
6650600
6650800
6651000
6651300
6651500
6651800
6652100
6652400
6652600
6652800
6653100
6653400
6653700
6653900
6654100
6654400
6654700
6655000
6655200
6655400
6655700
6656000
6656300
6656500
6656700
6657000
6657300
6657500
6657700
6658000
6658300
6658600
6658800
6659000
6659300
6659600
6659800
6660000
6660300
6660600
6660800
6661000
6661300
6661600
6661900
6662100
6662300
6662600
6662900
6663100
6663300
6663600
6663900
6664100
6664300
6664600
6664900
6665200
6665400
6665600
6665900
6666200
6666400
6666600
6666800
6667100
6667400
6667600
6667800
6668100
6668400
6668700
6668900
6669100
6669400
6669700
6670000
6670200
6670400
6670700
6671000
6671200
6671400
6671700
6672000
6672300
6672500
6672700
6673000
6673300
6673500
6673700
6674000
6674300
6674500
6674700
6675000
6675300
6675600
6675800
6676100
6676300
6676500
6676800
6677100
6677300
6677500
6677800
6678100
6678400
6678600
6678800
6679100
6679400
6679600
6679800
6680100
6680400
6680700
6680900
6681100
6681400
6681700
6682000
6682200
6682400
6682700
6683000
6683200
6683400
6683700
6684000
6684300
6684600
6684900
6685100
6685300
6685600
6685900
6686100
6686300
6686600
6686900
6687200
6687400
6687600
6687900
6688200
6688400
6688600
6688900
6689200
6689400
6689600
6689900
6690200
6690500
6690700
6690900
6691200
6691500
6691700
6691900
6692200
6692500
6692800
6693000
6693200
6693500
6693800
6694000
6694200
6694500
6694800
6695100
6695300
6695500
6695800
6696100
6696400
6696600
6696800
6697100
6697400
6697700
6697900
6698100
6698400
6698700
6698900
6699100
6699400
6699700
6700000
6700200
6700400
6700700
6701000
6701200
6701400
6701700
6702000
6702300
6702500
6702700
6703000
6703300
6703500
6703700
6704000
6704300
6704500
6704700
6705000
6705300
6705600
6705800
6706000
6706300
6706600
6706800
6707000
6707200
6707500
6707800
6708000
6708200
6708500
6708700
6708900
6709200
6709500
6709700
6709900
6710100
6710400
6710700
6710900
6711100
6711400
6711700
6712000
6712200
6712400
6712700
6713000
6713200
6713400
6713700
6714000
6714300
6714500
6714700
6715000
6715300
6715500
6715700
6716000
6716300
6716600
6716900
6717100
6717300
6717600
6717900
6718200
6718400
6718600
6718900
6719200
6719400
6719600
6719900
6720200
6720500
6720700
6720900
6721200
6721500
6721800
6722000
6722200
6722500
6722800
6723000
6723200
6723400
6723700
6724000
6724200
6724400
6724700
6725000
6725300
6725500
6725700
6726000
6726300
6726600
6726800
6727000
6727300
6727600
6727800
6728000
6728300
6728600
6728800
6729000
6729300
6729600
6729900
6730100
6730300
6730600
6730900
6731100
6731300
6731600
6731900
6732200
6732400
6732600
6732900
6733200
6733400
6733600
6733900
6734200
6734500
6734700
6734900
6735200
6735500
6735800
6736000
6736200
6736500
6736800
6737000
6737200
6737400
6737700
6738000
6738200
6738400
6738700
6739000
6739300
6739500
6739700
6740000
6740300
6740600
6740800
6741000
6741300
6741600
6741800
6742000
6742300
6742600
6742800
6743000
6743300
6743600
6743900
6744100
6744300
6744600
6744900
6745100
6745300
6745600
6745900
6746200
6746400
6746600
6746900
6747200
6747400
6747600
6747900
6748200
6748500
6748700
6748900
6749200
6749400
6749700
6750000
6750300
6750500
6750700
6751000
6751300
6751600
6751800
6752000
6752300
6752600
6752800
6753000
6753200
6753500
6753800
6754000
6754200
6754500
6754800
6755100
6755300
6755500
6755800
6756100
6756300
6756500
6756800
6757100
6757300
6757500
6757800
6758100
6758400
6758600
6758800
6759100
6759400
6759600
6759800
6760100
6760400
6760700
6760900
6761100
6761400
6761700
6761900
6762100
6762400
6762700
6763000
6763200
6763400
6763700
6764000
6764300
6764500
6764700
6765000
6765300
6765600
6765800
6766000
6766300
6766600
6766800
6767000
6767300
6767600
6767900
6768200
6768400
6768600
6768900
6769200
6769500
6769700
6769900
6770200
6770500
6770700
6770900
6771200
6771500
6771800
6772000
6772200
6772500
6772800
6773000
6773200
6773500
6773800
6774100
6774300
6774500
6774800
6775100
6775300
6775500
6775800
6776100
6776400
6776600
6776800
6777100
6777400
6777700
6777900
6778100
6778400
6778700
6778900
6779100
6779300
6779600
6779900
6780100
6780300
6780600
6780900
6781200
6781400
6781600
6781900
6782200
6782400
6782600
6782900
6783200
6783500
6783700
6783900
6784200
6784500
6784700
6784900
6785200
6785500
6785800
6786000
6786200
6786500
6786800
6787000
6787200
6787500
6787800
6788000
6788200
6788400
6788700
6789000
6789200
6789400
6789700
6790000
6790300
6790500
6790700
6791000
6791300
6791600
6791800
6792000
6792300
6792600
6792800
6793000
6793200
6793500
6793800
6794000
6794200
6794500
6794800
6795100
6795300
6795500
6795800
6796100
6796300
6796500
6796800
6797100
6797400
6797600
6797800
6798100
6798400
6798600
6798800
6799100
6799400
6799600
6799800
6800100
6800400
6800700
6800900
6801100
6801400
6801700
6801900
6802100
6802400
6802700
6803000
6803200
6803400
6803700
6804000
6804300
6804500
6804700
6805000
6805300
6805600
6805800
6806000
6806300
6806600
6806800
6807000
6807300
6807600
6807900
6808100
6808300
6808600
6808900
6809200
6809400
6809600
6809900
6810200
6810400
6810600
6810900
6811200
6811500
6811700
6811900
6812200
6812500
6812700
6812900
6813200
6813500
6813700
6813900
6814200
6814500
6814800
6815000
6815200
6815500
6815800
6816000
6816200
6816500
6816800
6817100
6817300
6817500
6817800
6818100
6818400
6818600
6818800
6819100
6819400
6819700
6819900
6820100
6820400
6820700
6820900
6821100
6821400
6821700
6822000
6822200
6822400
6822700
6823000
6823200
6823400
6823600
6823900
6824200
6824400
6824600
6824900
6825200
6825400
6825600
6825900
6826200
6826500
6826700
6826900
6827200
6827500
6827700
6827900
6828200
6828500
6828800
6829000
6829200
6829500
6829800
6830000
6830200
6830500
6830800
6831100
6831300
6831500
6831800
6832100
6832400
6832600
6832800
6833100
6833400
6833600
6833800
6834000
6834300
6834600
6834800
6835000
6835300
6835600
6835900
6836100
6836300
6836600
6836900
6837100
6837300
6837600
6837900
6838200
6838400
6838600
6840900
6841100
6841400
6841700
6842000
6842200
6842400
6842700
6843000
6843200
6843400
6843700
6844000
6844300
6844500
6844700
6845000
6845200
6845400
6845700
6846000
6846200
6846400
6846600
6846900
6847200
6847400
6847600
6847900
6848200
6848500
6848700
6848900
6849100
6849300
6849600
6849900
6850200
6850400
6850600
6850900
6851200
6851400
6851600
6851800
6852100
6852400
6852600
6852800
6853100
6853400
6853600
6853800
6854100
6854400
6854700
6854900
6855100
6855400
6855700
6855900
6856100
6856400
6856700
6857000
6857200
6857400
6857700
6858000
6858200
6858400
6858700
6859000
6859300
6859500
6859700
6860000
6860300
6860600
6860800
6861000
6861300
6861600
6861900
6862200
6862500
6862700
6863000
6863200
6863400
6863700
6864000
6864300
6864500
6864700
6865000
6865300
6865500
6865700
6866000
6866300
6866600
6866800
6867000
6867300
6867600
6867900
6868100
6868300
6868600
6868900
6869100
6869300
6869600
6869900
6870200
6870500
6870700
6870900
6871200
6871500
6871800
6872000
6872200
6872500
6872800
6873000
6873200
6873500
6873700
6873900
6874200
6874500
6874700
6874900
6875200
6875500
6875700
6875900
6876200
6876500
6876800
6877000
6877200
6877500
6877800
6878000
6878200
6878500
6878800
6879000
6879200
6879500
6879800
6880000
6880200
6880500
6880800
6881100
6881300
6881500
6881800
6882100
6882300
6882500
6882800
6883100
6883300
6883500
6883700
6884000
6884300
6884500
6884700
6885000
6885300
6885600
6885800
6886000
6886300
6886600
6886900
6887200
6887500
6887700
6887900
6888200
6888500
6888700
6888900
6889200
6889500
6889700
6889900
6890200
6890600
6890800
6891000
6891300
6891600
6891800
6892000
6892300
6892600
6892800
6893000
6893300
6893500
6893900
6894200
6894400
6894600
6894800
6895100
6895400
6895700
6896000
6896200
6896400
6896700
6897000
6897200
6897400
6897600
6897800
6898100
6898400
6898600
6898800
6899100
6899400
6899700
6900000
6900300
6900600
6900900
6901100
6901500
6901700
6901900
6902200
6902500
6902800
6903000
6903200
6903500
6903800
6904000
6904200
6904500
6904800
6905100
6905400
6905600
6906000
6906200
6906500
6906800
6907100
6907300
6907500
6907700
6907900
6908200
6908500
6908800
6909100
6909400
6909700
6910000
6910200
6910500
6910800
6911100
6911300
6911500
6911800
6912100
6912300
6912500
6912800
6913100
6913400
6913700
6913900
6914100
6914400
6914700
6914900
6915200
6915500
6915700
6915900
6916200
6916500
6916700
6916900
6917200
6917500
6917800
6918000
6918200
6918500
6918800
6919100
6919300
6919500
6919800
6920100
6920300
6920500
6920800
6921100
6921400
6921600
6921800
6922100
6922400
6922700
6922900
6923100
6923300
6923600
6923900
6924200
6924400
6924600
6924900
6925200
6925500
6925800
6926000
6926200
6926500
6926800
6927000
6927200
6927500
6927800
6928100
6928300
6928500
6928800
6929100
6929400
6929600
6929800
6930100
6930400
6930700
6930900
6931100
6931400
6931700
6931900
6932100
6932400
6932700
6933000
6933200
6933400
6933700
6934000
6934200
6934400
6934700
6935000
6935200
6935400
6935700
6936000
6936300
6936500
6936700
6936900
6937200
6937500
6937700
6937900
6938200
6938500
6938800
6939000
6939200
6939500
6939800
6940000
6940200
6940400
6940600
6940900
6941200
6941400
6941600
6941900
6942200
6942400
6942600
6942800
6943100
6943400
6943600
6943800
6944100
6944400
6944700
6944900
6945100
6945400
6945700
6945900
6946100
6946400
6946700
6947000
6947200
6947500
6947700
6947900
6948200
6948500
6948700
6948900
6949200
6949500
6949800
6950000
6950200
6950500
6950800
6951000
6951200
6951500
6951800
6952100
6952400
6952600
6952800
6953100
6953400
6953600
6953800
6954100
6954400
6954700
6954900
6955100
6955400
6955700
6955900
6956200
6956500
6956700
6956900
6957200
6957500
6957800
6958000
6958200
6958500
6958800
6959000
6959200
6959500
6959800
6960100
6960300
6960500
6960800
6961100
6961300
6961500
6961800
6962100
6962400
6962600
6962800
6963100
6963400
6963700
6963900
6964100
6964400
6964700
6965000
6965200
6965400
6965700
6966000
6966200
6966400
6966700
6967000
6967300
6967600
6967800
6968000
6968300
6968600
6968900
6969100
6969300
6969600
6969900
6970100
6970300
6970500
6970800
6971100
6971400
6971600
6971800
6972100
6972400
6972600
6972800
6973100
6973400
6973600
6973800
6974000
6974300
6974600
6974900
6975100
6975300
6975600
6975900
6976100
6976300
6976600
6976900
6977200
6977400
6977600
6977900
6978200
6978500
6978700
6978900
6979200
6979500
6979700
6979900
6980100
6980300
6980500
6980800
6981100
6981400
6981600
6981800
6982100
6982400
6982700
6982900
6983100
6983400
6983700
6984000
6984200
6984400
6984700
6985000
6985300
6985500
6985700
6986000
6986300
6986500
6986700
6987000
6987300
6987600
6987800
6988000
6988300
6988500
6988800
6989100
6989300
6989500
6989800
6990100
6990400
6990600
6990800
6991100
6991400
6991700
6991900
6992100
6992400
6992700
6993000
6993200
6993400
6993700
6994000
6994200
6994700
6995000
6995300
6995500
6995800
6996100
6996400
6996600
6996800
6997100
6997300
6997500
6997800
6998100
6998400
6998600
6998800
6999100
6999400
6999600
6999800
7000100
7000400
7000700
7000900
7001100
7001400
7001700
7001900
7002100
7002400
7002700
7003000
7003200
7003400
7003700
7004000
7004200
7004400
7004600
7004900
7005100
7005400
7005700
7006000
7006200
7006400
7006700
7007000
7007200
7007400
7007700
7008000
7008300
7008600
7008800
7009000
7009300
7009600
7009800
7010000
7010300
7010600
7010900
7011100
7011300
7011500
7011800
7012100
7012300
7012500
7012800
7013100
7013300
7013500
7013800
7014100
7014400
7014600
7014800
7015100
7015400
7015700
7015900
7016100
7016400
7016700
7016900
7017100
7017400
7017700
7017900
7018100
7018400
7018700
7019000
7019300
7019500
7019700
7020000
7020300
7020500
7020700
7020900
7021200
7021500
7021700
7021900
7022100
7022400
7022700
7023000
7023200
7023400
7023700
7024000
7024200
7024400
7024700
7025000
7025300
7025600
7025800
7026000
7026300
7026600
7026800
7027000
7027300
7027600
7027800
7028000
7028300
7028600
7028800
7029000
7029200
7029500
7029800
7030100
7030300
7030500
7030800
7031100
7031300
7031500
7031800
7032100
7032400
7032600
7032800
7033000
7033300
7033600
7033800
7034000
7034300
7034600
7034900
7035100
7035300
7035600
7035900
7036200
7036400
7036600
7036900
7037200
7037500
7037800
7038100
7038300
7038500
7038800
7039100
7039300
7039500
7039800
7040100
7040400
7040600
7040800
7041100
7041400
7041700
7041900
7042100
7042400
7042700
7042900
7043100
7043400
7043700
7044000
7044200
7044400
7044700
7045000
7045200
7045400
7045700
7046000
7046300
7046500
7046700
7047000
7047300
7047600
7047900
7048100
7048300
7048600
7048900
7049100
7049300
7049600
7049900
7050200
7050400
7050600
7050800
7051100
7051400
7051600
7051800
7052100
7052400
7052700
7052900
7053100
7053400
7053700
7053900
7054100
7054300
7054600
7054900
7055100
7055300
7055600
7055900
7056100
7056300
7056600
7056900
7057200
7057400
7057600
7057900
7058200
7058500
7058700
7058900
7059200
7059500
7059800
7060000
7060200
7060500
7060800
7061000
7061200
7061400
7061700
7062000
7062300
7062500
7062700
7063000
7063300
7063500
7063700
7064000
7064300
7064600
7064900
7065100
7065300
7065600
7065900
7066100
7066300
7066600
7066900
7067200
7067400
7067600
7067900
7068200
7068500
7068700
7068900
7069200
7069500
7069700
7069900
7070200
7070500
7070800
7071000
7071200
7071500
7071800
7072100
7072300
7072500
7072800
7073100
7073300
7073500
7073800
7074100
7074400
7074600
7074800
7075100
7075400
7075700
7075900
7076100
7076300
7076600
7076900
7077100
7077300
7077600
7077900
7078200
7078400
7078600
7078800
7079100
7079400
7079600
7079800
7080100
7080400
7080600
7080800
7081100
7081400
7081700
7081900
7082100
7082400
7082700
7083000
7083200
7083400
7083700
7084000
7084200
7084400
7084700
7085000
7085300
7085500
7085700
7085900
7086200
7086500
7086700
7086900
7087200
7087500
7087700
7087900
7088100
7088400
7088700
7089000
7089200
7089400
7089700
7090000
7090300
7090500
7090700
7091000
7091300
7091500
7091700
7092000
7092300
7092600
7092900
7093100
7093300
7093600
7093900
7094100
7094300
7094600
7094900
7095200
7095400
7095600
7095900
7096200
7096500
7096700
7096900
7097200
7097500
7097700
7097900
7098200
7098500
7098700
7098900
7099200
7099500
7099800
7100100
7100300
7100500
7100800
7101100
7101300
7101500
7101800
7102100
7102400
7102600
7104900
7105200
7105400
7105600
7105900
7106200
7106500
7106700
7106900
7107200
7107500
7107700
7107900
7108100
7108400
7108700
7108900
7109200
7109400
7109600
7109900
7110200
7110400
7110600
7110900
7111200
7111400
7111600
7111900
7112200
7112500
7112700
7112900
7113200
7113500
7113700
7113900
7114200
7114500
7114700
7114900
7115200
7115500
7115800
7116000
7116200
7116500
7116800
7117000
7117200
7117400
7117700
7118000
7118200
7118400
7118700
7119000
7119300
7119500
7119700
7120000
7120300
7120500
7120700
7120900
7121200
7121500
7121700
7121900
7122100
7122400
7122700
7122900
7123100
7123400
7123700
7123900
7124100
7124400
7124700
7125000
7125200
7125600
7125800
7126000
7126300
7126600
7126900
7127100
7127300
7127600
7127900
7128100
7128300
7128500
7128800
7129100
7129300
7129600
7129800
7130000
7130300
7130600
7130800
7131000
7131300
7131600
7131800
7132000
7132300
7132600
7132900
7133200
7133400
7133600
7133900
7134200
7134400
7134600
7134900
7135200
7135400
7135600
7135800
7136000
7136300
7136600
7136800
7137000
7137300
7137600
7137900
7138100
7138300
7138600
7138900
7139100
7139400
7139600
7139800
7140100
7140400
7140600
7140800
7141100
7141400
7141700
7141900
7142100
7142400
7142700
7143000
7143300
7143500
7143700
7144000
7144300
7144500
7144700
7145000
7145300
7145600
7145800
7146000
7146200
7146500
7146800
7147000
7147200
7147500
7147800
7148100
7148300
7148500
7148800
7149100
7149400
7149600
7149800
7150100
7150400
7150700
7151000
7151300
7151500
7151700
7152000
7152300
7152600
7152800
7153100
7153400
7153600
7153900
7154200
7154500
7154700
7154900
7155200
7155500
7155800
7156000
7156200
7156500
7156800
7157000
7157300
7157500
7157700
7158000
7158300
7158500
7158700
7159000
7159300
7159600
7159800
7160000
7160300
7160600
7160800
7161100
7161400
7161700
7162000
7162300
7162500
7162700
7162900
7163100
7163400
7163700
7163900
7164100
7164400
7164700
7165000
7165200
7165400
7165700
7166000
7166300
7166600
7166800
7167000
7167300
7167500
7167700
7168000
7168200
7168600
7168800
7169000
7169200
7169500
7169800
7170000
7170300
7170600
7170800
7171000
7171200
7171500
7171800
7172100
7172400
7172700
7173000
7173200
7173500
7173800
7174100
7174400
7174600
7174800
7175000
7175200
7175500
7175800
7176100
7176300
7176600
7176900
7177200
7177500
7177800
7178100
7178300
7178500
7178800
7179100
7179400
7179600
7179800
7180100
7180400
7180700
7180900
7181100
7181400
7181700
7182000
7182300
7182500
7182700
7183000
7183300
7183600
7183800
7184000
7184300
7184600
7184800
7185100
7185300
7185500
7185800
7186100
7186300
7186500
7186800
7187000
7187200
7187500
7187800
7188100
7188400
7188600
7188800
7189100
7189400
7189600
7189800
7190100
7190400
7190600
7190800
7191100
7191400
7191700
7191900
7192100
7192400
7192700
7193000
7193300
7193500
7193700
7194000
7194300
7194500
7194700
7195000
7195200
7195500
7195800
7196100
7196400
7196600
7196800
7197100
7197400
7197700
7197900
7198100
7198400
7198700
7198900
7199100
7199300
7199500
7199800
7200100
7200300
7200500
7200800
7201100
7201400
7201600
7201800
7202100
7202400
7202600
7202800
7203100
7203400
7203700
7203900
7204100
7204400
7204700
7205000
7205200
7205400
7205700
7206000
7206200
7206400
7206700
7207000
7207300
7207600
7207800
7208000
7208300
7208600
7208800
7209000
7209300
7209600
7209900
7210100
7210300
7210500
7210700
7211000
7211300
7211500
7211700
7212000
7212300
7212500
7212700
7212900
7213200
7213500
7213700
7213900
7214200
7214500
7214800
7215100
7215300
7215500
7215800
7216100
7216300
7216500
7216800
7217100
7217300
7217500
7217700
7217900
7218200
7218500
7218700
7218900
7219200
7219400
7219700
7220000
7220200
7220400
7220700
7220900
7221200
7221500
7221700
7221900
7222100
7222400
7222700
7222900
7223100
7223400
7223700
7224000
7224300
7224500
7224700
7225000
7225300
7225600
7225800
7226000
7226300
7226600
7226800
7227000
7227300
7227500
7227700
7228000
7228300
7228600
7228800
7229000
7229300
7229600
7229800
7230000
7230300
7230600
7230900
7231100
7231300
7231600
7231900
7232200
7232400
7232600
7232900
7233200
7233500
7233700
7233900
7234200
7234500
7234700
7234900
7235100
7235300
7235600
7235900
7236100
7236300
7236600
7236900
7237200
7237400
7237600
7237900
7238200
7238400
7238600
7238800
7239100
7239400
7239700
7239900
7240100
7240400
7240700
7241000
7241200
7241400
7241700
7242000
7242200
7242400
7242600
7242900
7243200
7243500
7243700
7244000
7244300
7244600
7244800
7245000
7245300
7245600
7245800
7246000
7246200
7246500
7246800
7247100
7247300
7247500
7247800
7248100
7248300
7248500
7248800
7249100
7249400
7249600
7249800
7250100
7250300
7250600
7250900
7251100
7251300
7251600
7251800
7252100
7252400
7252700
7252900
7253100
7253400
7253700
7254000
7254300
7254500
7254700
7255000
7255300
7255500
7255700
7256000
7256300
7256500
7256700
7256900
7257200
7257500
7257800
7258000
7258200
7258500
7258800
7259000
7259200
7259500
7259800
7260100
7260400
7260700
7260900
7261100
7261400
7261700
7262000
7262200
7262400
7262700
7263000
7263300
7263500
7263700
7264000
7264300
7264500
7264800
7265000
7265200
7265500
7265800
7266000
7266200
7266500
7266800
7267100
7267300
7267500
7267800
7268100
7268400
7268600
7268800
7269100
7269400
7269700
7269900
7270100
7270400
7270700
7270900
7271100
7271300
7271600
7271900
7272200
7272400
7272600
7272900
7273200
7273400
7273600
7273900
7274200
7274400
7274600
7274900
7275200
7275500
7275800
7276000
7276200
7276500
7276800
7277100
7277300
7277500
7277800
7278100
7278400
7278600
7278800
7279000
7279300
7279600
7279900
7280100
7280300
7280600
7280900
7281100
7281300
7281600
7281900
7282100
7282400
7282600
7282800
7283100
7283400
7283600
7283800
7284100
7284400
7284600
7284800
7285100
7285400
7285600
7285800
7286100
7286400
7286700
7287000
7287200
7287400
7287700
7288000
7288300
7288500
7288700
7289000
7289300
7289500
7289700
7289900
7290100
7290400
7290700
7290900
7291100
7291400
7291700
7292000
7292200
7292400
7292600
7292800
7293000
7293200
7293500
7293800
7294000
7294200
7294500
7294800
7295100
7295300
7295500
7295800
7296100
7296400
7296600
7296800
7297100
7297400
7297700
7297900
7298100
7298400
7298700
7298900
7299100
7299400
7299700
7299900
7300100
7300400
7300700
7301000
7301300
7301500
7301700
7302000
7302300
7302500
7302700
7303000
7303300
7303600
7303800
7304000
7304200
7304500
7304800
7305100
7305300
7305500
7305800
7306100
7306400
7306600
7306800
7307100
7307400
7307700
7307900
7308100
7308300
7308600
7308900
7309100
7309300
7309600
7309900
7310100
7310300
7310600
7310900
7311200
7311400
7311600
7311800
7312100
7312400
7312600
7312800
7313100
7313400
7313600
7313800
7314100
7314400
7314700
7315000
7315200
7315400
7315700
7316000
7316200
7316400
7316700
7317000
7317300
7317500
7317700
7318000
7318200
7318500
7318800
7319000
7319200
7319500
7319800
7320100
7320300
7320500
7320800
7321100
7321300
7321500
7321800
7322100
7322400
7322700
7322900
7323100
7323400
7323700
7323900
7324100
7324400
7324700
7325000
7325200
7325400
7325700
7326000
7326300
7326500
7326700
7327000
7327300
7327500
7327700
7327900
7328200
7328500
7328700
7328900
7329100
7329400
7329700
7330000
7330200
7330400
7330700
7331000
7331200
7331400
7331700
7332000
7332300
7332600
7332800
7333000
7333200
7333500
7333800
7334000
7334200
7334500
7334800
7335100
7335300
7335500
7335800
7336100
7336300
7336500
7336700
7337000
7337300
7337600
7337800
7338000
7338300
7338600
7338800
7339000
7339300
7339600
7339800
7340000
7340200
7340500
7340800
7341100
7341300
7341500
7341800
7342100
7342300
7342500
7342800
7343100
7343400
7343700
7343900
7344100
7344400
7344700
7345000
7345200
7345400
7345700
7346000
7346200
7346400
7346700
7347000
7347300
7347500
7347700
7347900
7348200
7348500
7348800
7349000
7349200
7349500
7349800
7350000
7350200
7350500
7350800
7351100
7351300
7351500
7351800
7352100
7352300
7352500
7352800
7353100
7353300
7353500
7353800
7354100
7354300
7354500
7354800
7355100
7355400
7355600
7355800
7356100
7356400
7356600
7356800
7357100
7357400
7357700
7357900
7358100
7358300
7358600
7358900
7359200
7359400
7359600
7359900
7360200
7360400
7360600
7360900
7361200
7361500
7361700
7361900
7362200
7362500
7362700
7362900
7363100
7363400
7363700
7363900
7364100
7364400
7364700
7364900
7365100
7367400
7367600
7367900
7368200
7368400
7368600
7368900
7369200
7369400
7369600
7369900
7370200
7370400
7370600
7370900
7371200
7371500
7371800
7372000
7372200
7372500
7372800
7373100
7373300
7373500
7373800
7374100
7374300
7374500
7374700
7375000
7375300
7375500
7375800
7376100
7376400
7376600
7376800
7377100
7377400
7377600
7377800
7378100
7378400
7378600
7378800
7379100
7379400
7379700
7379900
7380100
7380400
7380700
7381000
7381200
7381400
7381700
7382000
7382200
7382400
7382700
7383000
7383200
7383400
7383700
7384000
7384300
7384600
7384800
7385000
7385300
7385600
7385800
7386000
7386300
7386600
7386800
7387000
7387200
7387500
7387800
7388000
7388300
7388600
7388900
7389200
7389400
7389600
7389900
7390200
7390400
7390600
7390900
7391200
7391500
7391700
7391900
7392100
7392300
7392600
7392900
7393200
7393400
7393600
7393900
7394200
7394400
7394600
7394900
7395200
7395500
7395700
7395900
7396200
7396500
7396700
7396900
7397200
7397500
7397800
7398000
7398200
7398500
7398800
7399100
7399300
7399500
7399800
7400100
7400300
7400500
7400800
7401100
7401300
7401500
7401700
7402000
7402300
7402500
7402700
7403000
7403300
7403500
7403700
7404000
7404300
7404500
7404700
7405000
7405300
7405600
7405800
7406000
7406300
7406600
7406800
7407000
7407300
7407600
7407800
7408000
7408300
7408600
7408900
7409100
7409300
7409600
7409900
7410100
7410300
7410600
7410900
7411200
7411400
7411600
7411900
7412200
7412500
7412700
7412900
7413200
7413500
7413700
7413900
7414200
7414500
7414800
7415000
7415200
7415500
7415700
7415900
7416200
7416500
7416700
7416900
7417200
7417500
7417800
7418100
7418300
7418500
7418800
7419100
7419400
7419600
7419800
7420100
7420400
7420600
7420800
7421100
7421400
7421600
7421800
7422100
7422400
7422700
7422900
7423100
7423400
7423700
7424000
7424200
7424400
7424700
7424900
7425400
7426400
7426700
7427000
7427300
7427500
7427700
7427900
7428100
7428400
7428600
7428900
7429200
7429500
7429800
7430000
7430200
7430500
7430700
7431000
7431300
7431500
7431800
7432000
7432300
7432600
7432800
7433000
7433300
7433600
7433900
7434100
7434300
7434600
7434800
7435000
7435300
7435600
7435900
7436200
7436500
7436700
7437000
7437300
7437500
7437800
7438000
7438300
7438500
7438800
7439000
7439200
7439500
7439700
7439900
7440200
7440500
7440700
7441000
7441300
7441500
7441800
7442100
7442400
7442700
7443000
7443300
7443500
7443700
7443900
7444200
7444500
7444800
7445100
7445400
7445700
7445900
7446200
7446400
7446600
7446900
7447200
7447400
7447700
7448000
7448200
7448500
7448800
7449100
7449400
7449700
7449900
7450100
7450300
7450500
7450700
7451000
7451200
7451500
7451800
7452000
7452300
7452500
7452700
7453000
7453300
7453600
7453800
7454000
7454200
7454400
7454700
7455000
7455300
7455600
7455800
7456000
7456200
7456500
7456800
7457000
7457200
7457400
7457700
7458000
7458300
7458600
7458800
7459000
7459200
7459500
7459800
7460000
7460300
7460500
7460700
7461000
7461300
7461600
7461900
7462100
7462400
7462600
7462800
7463100
7463400
7463700
7464000
7464200
7464400
7464600
7464900
7465200
7465500
7465800
7466000
7466200
7466400
7466600
7466800
7467100
7467300
7467600
7467900
7468100
7468300
7468500
7468800
7469100
7469400
7469700
7470000
7470200
7470400
7470600
7470900
7471200
7471500
7471800
7472000
7472200
7472400
7472700
7473000
7473200
7473500
7473700
7474000
7474300
7474600
7474800
7475100
7475400
7475700
7475900
7476100
7476400
7476600
7476900
7477200
7477400
7477600
7477800
7478100
7478400
7478700
7479000
7479200
7479400
7479600
7479800
7480000
7480300
7480600
7480900
7481200
7481400
7481600
7481800
7482100
7482400
7482700
7483000
7483200
7483400
7483600
7483900
7484200
7484400
7484700
7484900
7485100
7485400
7485700
7486000
7486300
7486500
7486700
7486900
7487200
7487500
7487800
7488100
7488300
7488500
7488700
7489000
7489300
7489600
7489900
7490100
7490300
7490600
7490900
7491200
7491500
7491700
7491900
7492100
7492400
7492700
7493000
7493300
7493500
7493700
7493900
7494100
7494400
7494700
7495000
7495200
7495400
7495700
7495900
7496100
7496400
7496700
7497000
7497200
7497400
7497700
7497900
7498200
7498500
7498700
7498900
7499100
7499400
7499700
7500000
7500300
7500500
7500700
7500900
7501200
7501500
7501700
7501900
7502100
7502300
7502600
7502800
7503100
7503400
7503600
7503900
7504100
7504300
7504600
7504900
7505200
7505400
7505600
7505800
7506000
7506300
7506600
7506900
7507100
7507400
7507700
7508000
7508300
7508500
7508700
7508900
7509200
7509500
7509700
7510000
7510200
7510400
7510700
7511000
7511300
7511500
7511700
7511900
7512200
7512500
7512800
7513100
7513300
7513500
7513800
7514100
7514400
7514700
7514900
7515200
7515500
7515800
7516000
7516200
7516400
7516700
7517000
7517300
7517600
7517800
7518000
7518200
7518500
7518800
7519100
7519400
7519600
7519800
7520100
7520300
7520500
7520800
7521100
7521400
7521700
7521900
7522100
7522300
7522600
7522900
7523100
7523400
7523600
7523800
7524100
7524400
7524700
7525000
7525200
7525400
7525600
7525900
7526200
7526500
7526800
7527000
7527200
7527400
7527700
7528000
7528200
7528500
7528700
7528900
7529200
7529500
7529800
7530000
7530200
7530400
7530600
7530900
7531200
7531500
7531800
7532100
7532300
7532500
7532700
7533000
7533300
7533600
7533900
7534100
7534300
7534500
7534800
7535100
7535400
7535700
7535900
7536100
7536400
7536600
7536900
7537200
7537400
7537600
7537800
7538100
7538400
7538700
7539000
7539300
7539500
7539700
7539900
7540200
7540500
7540800
7541000
7541200
7541500
7541800
7542100
7542400
7542600
7542800
7543000
7543300
7543600
7543900
7544200
7544400
7544600
7544800
7545100
7545400
7545700
7546000
7546200
7546400
7546700
7546900
7547200
7547500
7547700
7548000
7548300
7548600
7548800
7549100
7549300
7549500
7549800
7550100
7550400
7550700
7550900
7551100
7551300
7551600
7551900
7552200
7552400
7552600
7552900
7553100
7553400
7553700
7553900
7554100
7554300
7554600
7554900
7555200
7555500
7555700
7555900
7556100
7556400
7556600
7556800
7557000
7557300
7557600
7557800
7558100
7558300
7558500
7558800
7559100
7559400
7559700
7559900
7560100
7560300
7560600
7560900
7561200
7561500
7561700
7561900
7562100
7562300
7562600
7562900
7563200
7563500
7563700
7563900
7564100
7564300
7564500
7564800
7565100
7565400
7565700
7565900
7566100
7566300
7566600
7566900
7567200
7567400
7567600
7567900
7568200
7568500
7568800
7569000
7569200
7569400
7569700
7570000
7570300
7570600
7570800
7571000
7571200
7571500
7571800
7572100
7572400
7572700
7572900
7573100
7573300
7573500
7573800
7574100
7574400
7574600
7574800
7575100
7575300
7575600
7575900
7576100
7576400
7576600
7576800
7577100
7577300
7577600
7577900
7578100
7578300
7578500
7578800
7579100
7579400
7579700
7579900
7580100
7580300
7580600
7580900
7581100
7581400
7581600
7581800
7582100
7582400
7582700
7582900
7583100
7583300
7583600
7583900
7584200
7584500
7584800
7585000
7585200
7585400
7585600
7585900
7586200
7586500
7586800
7587000
7587200
7587400
7587700
7588000
7588200
7588500
7588700
7588900
7589200
7589500
7589800
7590100
7590300
7590500
7590700
7591000
7591300
7591600
7591900
7592100
7592300
7592500
7592700
7593000
7593300
7593600
7593800
7594000
7594300
7594500
7594800
7595100
7595300
7595500
7595700
7596000
7596300
7596600
7596900
7597100
7597300
7597500
7597800
7598100
7598300
7598600
7598800
7599000
7599300
7599600
7599900
7600200
7600400
7600600
7600800
7601100
7601400
7601700
7602000
7602200
7602400
7602600
7602800
7603100
7603400
7603700
7603900
7604100
7604400
7604600
7604900
7605200
7605400
7605600
7605800
7606100
7606400
7606700
7607000
7607200
7607400
7607600
7607800
7608100
7608400
7608700
7608900
7609100
7609400
7609600
7609900
7610200
7610400
7610600
7610800
7611100
7611400
7611700
7612000
7612200
7612400
7612600
7612800
7613100
7613400
7613700
7614000
7614300
7614500
7614700
7614900
7615200
7615500
7615800
7616100
7616300
7616500
7616700
7617000
7617300
7617600
7617900
7618100
7618300
7618600
7618900
7619200
7619400
7619600
7619800
7620000
7620300
7620600
7620900
7621100
7621300
7621600
7621900
7622200
7622500
7622700
7622900
7623100
7623400
7623700
7624000
7624300
7624500
7624700
7624900
7625200
7625500
7625800
7626100
7626400
7626600
7626800
7627000
7627300
7627600
7627900
7628200
7628400
7628600
7628900
7631300
7631500
7631700
7632000
7632200
7632500
7632800
7633100
7633300
7633500
7633800
7634100
7634400
7634700
7634900
7635100
7635300
7635600
7635900
7636200
7636500
7636700
7636900
7637200
7637500
7637800
7638100
7638400
7638600
7638800
7639100
7639400
7639700
7640000
7640300
7640600
7640900
7641100
7641300
7641600
7641900
7642200
7642500
7642800
7643000
7643200
7643500
7643800
7644100
7644400
7644600
7644900
7645200
7645400
7645600
7645900
7646200
7646500
7646700
7647000
7647200
7647400
7647700
7648000
7648300
7648500
7648700
7649000
7649300
7649600
7649900
7650200
7650400
7650600
7650900
7651200
7651500
7651700
7651900
7652200
7652400
7652700
7653100
7653400
7653700
7654000
7654200
7654400
7654700
7655000
7655300
7655500
7655700
7656000
7656300
7656500
7656700
7656900
7657100
7657400
7657700
7657900
7658100
7658400
7658700
7659000
7659200
7659400
7659700
7660000
7660300
7660500
7660700
7661000
7661300
7661500
7661700
7662000
7662300
7662500
7662700
7663000
7663300
7663600
7663800
7664000
7664300
7664600
7664800
7665000
7665300
7665600
7665900
7666100
7666300
7666600
7666900
7667100
7667300
7667500
7667800
7668100
7668300
7668500
7668800
7669100
7669300
7669500
7669800
7670100
7670400
7670600
7670800
7671100
7671400
7671600
7671800
7672100
7672400
7672600
7672800
7673100
7673400
7673600
7673800
7674100
7674400
7674700
7674900
7675100
7675400
7675700
7675900
7676100
7676400
7676700
7676900
7677100
7677400
7677700
7678000
7678300
7678600
7678900
7679100
7679300
7679600
7679900
7680200
7680500
7680800
7681000
7681200
7681400
7681600
7681900
7682200
7682500
7682700
7682900
7683200
7683500
7683700
7683900
7684200
7684500
7684700
7684900
7685200
7685500
7685800
7686000
7686200
7686500
7686800
7687000
7687200
7687400
7687700
7687900
7688200
7688500
7688800
7689100
7689300
7689600
7689900
7690100
7690300
7690600
7690900
7691200
7691500
7691700
7691900
7692200
7692500
7692700
7692900
7693200
7693500
7693800
7694100
7694400
7694700
7695000
7695300
7695600
7695900
7696100
7696300
7696600
7696900
7697200
7697400
7697600
7697900
7698100
7698400
7698700
7699000
7699300
7699600
7699900
7700100
7700400
7700700
7701000
7701300
7701600
7701900
7702200
7702400
7702600
7702900
7703100
7703400
7703600
7703900
7704200
7704500
7704800
7705000
7705200
7705500
7705800
7706100
7706300
7706500
7706800
7707000
7707200
7707500
7707800
7708100
7708300
7708500
7708800
7709100
7709300
7709500
7709800
7710100
7710400
7710600
7710800
7711100
7711400
7711600
7711800
7712100
7712400
7712700
7712900
7713100
7713400
7713700
7713900
7714100
7714400
7714700
7714900
7715100
7715400
7715700
7715900
7716100
7716400
7716700
7717000
7717200
7717400
7717700
7718000
7718200
7718400
7718700
7719000
7719300
7719500
7719700
7720000
7720300
7720500
7720700
7720900
7721200
7721500
7721700
7721900
7722200
7722500
7722800
7723000
7723200
7723500
7723800
7724000
7724200
7724500
7724800
7725100
7725300
7725500
7725800
7726100
7726300
7726500
7726800
7727100
7727300
7727500
7727800
7728100
7728400
7728600
7728800
7729100
7729400
7729600
7729800
7730100
7730400
7730600
7730800
7731000
7731200
7731500
7731800
7732100
7732300
7732500
7732800
7733100
7733300
7733500
7733800
7734100
7734400
7734600
7734800
7735100
7735400
7735600
7735800
7736000
7736300
7736600
7736800
7737000
7737300
7737600
7737800
7738000
7738200
7738500
7738800
7739100
7739400
7739600
7739800
7740100
7740400
7740600
7740800
7741100
7741400
7741700
7741900
7742100
7742400
7742700
7742900
7743100
7743400
7743700
7743900
7744100
7744400
7744700
7745000
7745200
7745400
7745700
7746000
7746200
7746400
7746700
7747000
7747300
7747500
7747700
7748000
7748300
7748600
7748800
7749000
7749300
7749600
7749800
7750000
7750300
7750600
7750900
7751100
7751300
7751600
7751900
7752100
7752300
7752600
7752900
7753200
7753400
7753600
7753900
7754200
7754400
7754600
7754900
7755200
7755400
7755600
7755900
7756200
7756400
7756600
7756900
7757200
7757500
7757700
7757900
7758200
7758500
7758700
7758900
7759200
7759500
7759800
7760000
7760200
7760500
7760800
7761000
7761200
7761500
7761800
7762100
7762300
7762500
7762800
7763100
7763400
7763700
7764000
7764200
7764400
7764700
7765000
7765200
7765400
7765700
7766000
7766300
7766500
7766700
7767000
7767300
7767500
7767700
7768000
7768300
7768500
7768700
7769000
7769300
7769500
7769700
7770000
7770300
7770600
7770800
7771000
7771300
7771600
7771900
7772200
7772400
7772600
7772900
7773200
7773500
7773700
7773900
7774200
7774500
7774700
7774900
7775200
7775500
7775800
7776000
7776200
7776500
7776800
7777100
7777300
7777500
7777800
7778100
7778300
7778500
7778800
7779100
7779400
7779600
7779800
7780100
7780400
7780600
7780800
7781100
7781400
7781600
7781800
7782100
7782400
7782700
7782900
7783100
7783300
7783600
7783900
7784100
7784300
7784600
7784900
7785100
7785300
7785600
7785900
7786200
7786400
7786600
7786900
7787200
7787400
7787600
7787900
7788200
7788500
7788700
7788900
7789200
7789500
7789800
7790000
7790200
7790500
7790800
7791100
7791300
7791500
7791800
7792100
7792300
7792500
7792800
7793100
7793400
7793600
7793800
7794100
7794400
7794600
7794800
7795100
7795400
7795700
7795900
7796100
7796300
7796600
7796900
7797200
7797400
7797600
7797900
7798200
7798400
7798600
7798900
7799200
7799500
7799700
7799900
7800200
7800500
7800700
7800900
7801200
7801500
7801800
7802000
7802200
7802500
7802800
7803000
7803200
7803400
7803700
7804000
7804200
7804500
7804700
7804900
7805200
7805500
7805800
7806000
7806200
7806500
7806800
7807000
7807200
7807500
7807800
7808100
7808300
7808500
7808800
7809100
7809300
7809500
7809800
7810100
7810300
7810500
7810800
7811100
7811400
7811600
7811800
7812100
7812400
7812600
7812800
7813100
7813400
7813700
7813900
7814100
7814400
7814700
7814900
7815100
7815300
7815600
7815900
7816100
7816300
7816600
7816900
7817200
7817400
7817600
7817900
7818200
7818500
7818700
7818900
7819200
7819500
7819700
7819900
7820200
7820500
7820800
7821000
7821200
7821500
7821800
7822000
7822200
7822500
7822800
7823000
7823200
7823500
7823800
7824100
7824300
7824500
7824800
7825100
7825300
7825500
7825800
7826100
7826400
7826600
7826800
7827100
7827400
7827600
7827800
7828100
7828400
7828700
7828900
7829100
7829400
7829700
7830000
7830200
7830400
7830700
7831000
7831200
7831400
7831700
7832000
7832300
7832500
7832700
7833000
7833300
7833600
7833800
7834000
7834300
7834600
7834800
7835000
7835300
7835600
7835800
7836000
7836300
7836600
7836900
7837100
7837300
7837600
7837900
7838100
7838300
7838600
7838900
7839100
7839300
7839600
7839900
7840200
7840400
7840600
7840900
7841200
7841400
7841600
7841800
7842100
7842400
7842600
7842800
7843100
7843400
7843700
7843900
7844100
7844400
7844700
7845000
7845200
7845400
7845700
7846000
7846200
7846400
7846700
7847000
7847300
7847500
7847700
7848000
7848300
7848500
7848700
7849000
7849300
7849600
7849800
7850000
7850300
7850600
7850800
7851000
7851300
7851600
7851800
7852000
7852300
7852600
7852900
7853100
7853300
7853600
7853900
7854100
7854300
7854600
7854900
7855200
7855400
7855600
7855900
7856200
7856400
7856600
7856800
7857100
7857400
7857600
7857800
7858300
7858700
7859000
7859300
7859600
7859900
7860100
7860300
7860500
7860800
7861000
7861300
7861600
7861800
7862000
7862200
7862500
7862800
7863100
7863400
7863600
7863800
7864000
7864300
7864600
7864800
7865100
7865300
7865500
7865800
7866100
7866400
7866600
7866800
7867100
7867300
7867600
7867900
7868200
7868400
7868600
7868900
7869200
7869500
7869800
7870000
7870300
7870500
7870700
7871000
7871300
7871600
7871900
7872100
7872300
7872500
7872700
7873000
7873300
7873600
7873800
7874000
7874200
7874400
7874700
7875000
7875300
7875600
7875800
7876000
7876300
7876600
7876900
7877100
7877400
7877600
7877800
7878100
7878400
7878700
7878900
7879100
7879400
7879600
7879900
7880200
7880500
7880700
7880900
7881200
7881500
7881800
7882100
7882300
7882500
7882700
7882900
7883200
7883500
7883800
7884000
7884200
7884400
7884600
7884900
7885200
7885500
7885800
7886000
7886200
7886500
7886700
7887000
7887300
7887600
7887900
7888100
7888300
7888600
7888900
7889200
7889400
7889700
7889900
7890100
7890400
7890700
7891000
7891200
7891400
7891700
7891900
7892200
7892500
7892800
7893000
7893200
7893500
7893800
7894100
7896500
7896800
7897100
7897400
7897600
7897800
7898100
7898400
7898700
7899000
7899300
7899500
7899700
7900000
7900300
7900600
7900900
7901100
7901400
7901600
7901800
7902100
7902400
7902700
7902900
7903100
7903300
7903500
7903800
7904100
7904400
7904700
7904900
7905200
7905500
7905700
7905900
7906200
7906500
7906800
7907100
7907300
7907500
7907700
7907900
7908200
7908500
7908800
7909000
7909200
7909500
7909700
7910000
7910300
7910600
7910800
7911000
7911300
7911600
7911900
7912200
7912400
7912700
7912900
7913100
7913300
7913500
7913700
7914000
7914300
7914600
7914900
7915100
7915300
7915500
7915700
7916000
7916300
7916600
7916900
7917100
7917300
7917600
7917900
7918100
7918300
7918500
7918700
7918900
7919200
7919500
7919700
7919900
7920200
7920500
7920800
7921000
7921200
7921500
7921800
7922100
7922400
7922600
7922800
7923100
7923400
7923700
7923900
7924100
7924400
7924700
7925000
7925200
7925400
7925700
7926000
7926200
7926400
7926700
7927000
7927200
7927400
7927700
7928000
7928200
7928400
7928700
7929000
7929300
7929600
7929800
7930000
7930300
7930600
7930800
7931000
7931300
7931600
7931900
7932100
7932300
7932600
7932900
7933100
7933300
7933600
7933900
7934100
7934300
7934600
7934900
7935200
7935400
7935600
7935900
7936200
7936400
7936600
7936900
7937200
7937500
7937700
7937900
7938200
7938500
7938700
7938900
7939200
7939500
7939800
7940000
7940200
7940500
7940800
7941000
7941200
7941500
7941800
7942000
7942200
7942500
7942800
7943100
7943300
7943500
7943800
7944100
7944300
7944500
7944700
7944900
7945200
7945500
7945800
7946000
7946200
7946500
7946800
7947000
7947200
7947500
7947800
7948000
7948200
7948500
7948800
7949100
7949300
7949500
7949800
7950100
7950400
7950600
7950800
7951100
7951400
7951600
7951900
7952100
7952300
7952600
7952900
7953100
7953300
7953600
7953900
7954100
7954300
7954500
7954800
7955100
7955400
7955600
7955800
7956000
7956300
7956600
7956900
7957100
7957400
7957600
7957800
7958100
7958400
7958600
7958800
7959100
7959400
7959700
7959900
7960200
7960400
7960600
7960800
7961100
7961300
7961500
7961700
7962000
7962200
7962400
7962700
7963000
7963300
7963500
7963700
7964000
7964300
7964600
7964900
7965100
7965400
7965700
7966000
7966200
7966500
7966800
7967000
7967200
7967400
7967600
7967800
7968100
7968400
7968700
7969000
7969300
7969600
7969900
7970200
7970500
7970800
7971000
7971200
7971500
7971800
7972000
7972200
7972500
7972800
7973100
7973300
7973500
7973800
7974100
7974300
7974500
7974800
7975100
7975400
7975600
7975800
7976100
7976400
7976600
7976800
7977000
7977300
7977600
7977800
7978000
7978300
7978600
7978800
7979000
7979200
7979500
7979800
7980000
7980200
7980500
7980800
7981000
7981200
7981500
7981800
7982000
7982200
7982500
7982800
7983100
7983300
7983500
7983800
7984100
7984300
7984500
7984800
7985100
7985300
7985500
7985800
7986100
7986300
7986500
7986800
7987100
7987300
7987500
7987700
7988000
7988300
7988500
7988700
7989000
7989300
7989500
7989700
7990000
7990300
7990600
7990800
7991000
7991300
7991600
7991800
7992000
7992200
7992500
7992800
7993000
7993200
7993500
7993800
7994000
7994200
7994500
7994800
7995100
7995300
7995500
7995800
7996100
7996300
7996500
7996800
7997100
7997300
7997500
7997800
7998100
7998300
7998500
7998800
7999100
7999300
7999500
7999800
8000100
8000400
8000600
8000800
8001100
8001400
8001600
8001800
8002100
8002300
8002600
8002900
8003200
8003400
8003600
8003900
8004200
8004400
8004600
8004900
8005200
8005500
8005700
8005900
8006200
8006500
8006700
8006900
8007200
8007500
8007700
8007900
8008200
8008500
8008800
8009000
8009200
8009500
8009800
8010000
8010200
8010500
8010800
8011000
8011200
8011500
8011800
8012000
8012200
8012500
8012800
8013000
8013200
8013500
8013800
8014100
8014300
8014500
8014800
8015100
8015300
8015500
8015800
8016100
8016400
8016600
8016800
8017100
8017400
8017600
8017800
8018100
8018400
8018700
8018900
8019100
8019400
8019700
8019900
8020100
8020400
8020700
8021000
8021200
8021400
8021700
8022000
8022200
8022400
8022700
8023000
8023200
8023400
8023700
8024000
8024200
8024400
8024700
8025000
8025300
8025500
8025700
8026000
8026300
8026500
8026800
8027000
8027200
8027500
8027800
8028000
8028200
8028500
8028800
8029100
8029300
8029500
8029800
8030100
8030300
8030500
8030800
8031100
8031400
8031600
8031800
8032100
8032400
8032600
8032800
8033100
8033400
8033700
8033900
8034100
8034400
8034700
8035000
8035300
8035500
8035700
8036000
8036300
8036500
8036700
8037000
8037300
8037500
8037700
8038000
8038300
8038500
8038700
8039000
8039300
8039600
8039800
8040000
8040300
8040600
8040800
8041000
8041300
8041600
8041800
8042000
8042300
8042600
8042800
8043000
8043200
8043500
8043800
8044000
8044200
8044500
8044800
8045000
8045200
8045400
8045700
8046000
8046200
8046400
8046700
8047000
8047300
8047600
8047800
8048000
8048300
8048600
8048900
8049100
8049300
8049600
8049900
8050100
8050300
8050600
8050900
8051200
8051500
8051700
8051900
8052200
8052500
8052700
8052900
8053200
8053500
8053700
8054000
8054200
8054400
8054700
8055000
8055200
8055400
8055700
8056000
8056300
8056500
8056700
8057000
8057300
8057500
8057700
8058000
8058300
8058600
8058900
8059200
8059400
8059600
8059900
8060200
8060500
8060700
8060900
8061200
8061500
8061700
8061900
8062200
8062500
8062800
8063000
8063200
8063400
8063700
8064000
8064300
8064500
8064700
8065000
8065300
8065500
8065700
8066000
8066300
8066500
8066700
8067000
8067300
8067600
8067800
8068000
8068300
8068600
8068800
8069000
8069300
8069600
8069900
8070100
8070300
8070600
8070900
8071100
8071300
8071600
8071900
8072200
8072400
8072600
8072900
8073200
8073400
8073600
8073900
8074200
8074500
8074700
8074900
8075200
8075500
8075700
8075900
8076200
8076500
8076700
8076900
8077200
8077500
8077800
8078000
8078200
8078500
8078800
8079000
8079200
8079500
8079800
8080000
8080200
8080500
8080800
8081000
8081200
8081500
8081800
8082000
8082200
8082500
8082800
8083100
8083300
8083500
8083800
8084100
8084300
8084500
8084800
8085100
8085300
8085500
8085700
8086000
8086300
8086500
8086700
8087000
8087300
8087600
8087800
8088000
8088300
8088600
8088800
8089000
8089300
8089600
8089800
8090000
8090300
8090700
8091000
8091200
8091400
8091700
8092000
8092300
8092500
8092700
8093000
8093300
8093500
8093700
8093900
8094200
8094500
8094800
8095000
8095200
8095500
8095800
8096000
8096200
8096500
8096800
8097000
8097200
8097400
8097600
8097900
8098200
8098400
8098600
8098900
8099200
8099500
8099700
8099900
8100200
8100500
8100800
8101100
8101300
8101500
8101800
8102100
8102400
8102600
8102800
8103100
8103400
8103600
8103800
8104100
8104400
8104700
8105000
8105200
8105400
8105700
8106000
8106200
8106400
8106700
8107000
8107200
8107400
8107700
8108000
8108300
8108600
8108800
8109000
8109300
8109600
8109800
8110000
8110300
8110600
8110900
8111100
8111300
8111600
8111900
8112200
8112500
8112700
8112900
8113200
8113500
8113700
8113900
8114100
8114400
8114700
8115000
8115200
8115400
8115600
8115900
8116200
8116500
8116700
8116900
8117200
8117500
8117700
8117900
8118200
8118500
8118800
8119100
8119300
8119500
8119800
8120100
8120300
8120500
8120800
8121100
8121400
8121600
8121800
8122100
8122400
8122700
8122900
8123100
8123400
8123700
8124000
8124200
8124400
8124700
8125000
8125200
8125400
8125700
8126000
8126300
8126600
8126800
8127000
8127300
8127600
8127900
8128100
8128300
8128600
8128900
8129200
8129400
8129600
8129900
8130200
8130500
8130800
8131100
8131300
8131500
8131800
8132100
8132300
8132500
8132800
8133100
8133300
8133600
8133800
8134000
8134300
8134600
8134800
8135000
8135300
8135600
8135800
8136000
8136300
8136600
8136900
8137100
8137300
8137600
8137900
8138200
8138400
8138600
8138800
8139100
8139400
8139700
8139900
8140100
8140400
8140700
8140900
8141200
8141400
8141600
8141900
8142200
8142500
8142700
8142900
8143200
8143500
8143700
8143900
8144200
8144500
8144800
8145100
8145400
8145700
8146000
8146300
8146600
8146900
8147200
8147500
8147700
8148000
8148300
8148500
8148800
8149000
8149200
8149500
8149800
8150100
8150300
8150600
8150900
8151200
8151400
8151600
8151900
8152200
8152400
8152600
8152800
8153100
8153400
8153600
8153800
8154100
8154400
8154700
8154900
8155100
8155400
8155700
8155900
8156100
8156300
8156600
8156900
8157200
8157400
8159900
8160100
8160300
8160600
8160900
8161200
8161400
8161600
8161900
8162200
8162400
8162600
8162900
8163200
8163500
8163700
8163900
8164200
8164500
8164800
8165000
8165200
8165500
8165800
8166100
8166500
8166900
8167200
8167500
8167700
8167900
8168200
8168500
8168700
8168900
8169100
8169400
8169700
8169900
8170100
8170400
8170700
8171000
8171200
8171400
8171700
8172000
8172200
8172400
8172600
8172900
8173200
8173400
8173600
8173900
8174200
8174400
8174600
8174900
8175200
8175500
8175700
8175900
8176200
8176500
8176800
8177000
8177200
8177500
8177800
8178100
8178300
8178500
8178800
8179100
8179300
8179500
8179800
8180100
8180300
8180500
8180700
8181000
8181200
8181400
8181700
8181900
8182200
8182500
8182700
8182900
8183200
8183500
8183800
8184000
8184200
8184500
8184800
8185000
8185200
8185500
8185800
8186100
8186300
8186500
8186800
8187100
8187400
8187600
8187800
8188100
8188400
8188600
8188800
8189100
8189400
8189600
8189800
8190000
8190300
8190600
8190900
8191100
8191300
8191600
8191900
8192200
8192500
8192800
8193000
8193200
8193500
8193800
8194100
8194300
8194600
8194800
8195100
8195400
8195700
8195900
8196100
8196300
8196600
8196900
8197200
8197500
8197700
8197900
8198200
8198500
8198800
8199000
8199200
8199500
8199800
8200000
8200200
8200500
8200800
8201100
8201300
8201600
8201900
8202100
8202300
8202500
8202700
8202900
8203200
8203500
8203700
8203900
8204200
8204500
8204800
8205000
8205200
8205400
8205700
8206000
8206300
8206600
8206900
8207200
8207500
8207800
8208100
8208400
8208600
8208900
8209200
8209400
8209600
8209800
8210100
8210400
8210700
8210900
8211100
8211400
8211700
8211900
8212100
8212300
8212600
8212900
8213200
8213400
8213700
8213900
8214100
8214400
8214700
8214900
8215100
8215400
8215700
8216000
8216200
8216400
8216700
8217000
8217300
8217500
8217700
8218000
8218300
8218500
8218700
8218900
8219200
8219500
8219800
8220000
8220200
8220500
8220800
8221100
8221300
8221500
8221700
8222000
8222300
8222600
8222900
8223100
8223300
8223600
8223900
8224100
8224300
8224600
8224900
8225100
8225300
8225600
8225900
8226200
8226500
8226700
8226900
8227200
8227500
8227700
8227900
8228200
8228500
8228700
8228900
8229200
8229500
8229800
8230100
8230300
8230500
8230800
8231100
8231300
8231500
8231800
8232100
8232400
8232600
8232800
8233100
8233400
8233700
8233900
8234100
8234300
8234600
8234900
8235100
8235300
8235600
8235900
8236200
8236400
8236600
8236900
8237200
8237500
8237700
8237900
8238200
8238500
8238800
8239000
8239200
8239500
8239800
8240000
8240200
8240500
8240800
8241100
8241300
8241500
8241800
8242100
8242400
8242600
8242800
8243100
8243400
8243600
8243800
8244100
8244400
8244700
8245000
8245200
8245400
8245700
8246000
8246200
8246500
8246700
8246900
8247200
8247500
8247800
8248100
8248300
8248500
8248800
8249100
8249300
8249500
8249700
8250000
8250300
8250500
8250700
8251000
8251300
8251600
8251800
8252000
8252300
8252600
8252900
8253100
8253300
8253600
8253900
8254100
8254300
8254500
8254700
8254900
8255200
8255500
8255700
8255900
8256200
8256500
8256800
8257000
8257200
8257500
8257800
8258000
8258200
8258400
8258700
8259000
8259300
8259500
8259700
8260000
8260300
8260500
8260700
8261000
8261300
8261600
8261800
8262000
8262200
8262500
8262800
8263100
8263300
8263500
8263800
8264100
8264300
8264500
8264800
8265100
8265400
8265700
8265900
8266100
8266400
8266700
8266900
8267100
8267400
8267700
8267900
8268100
8268400
8268700
8268900
8269100
8269300
8269600
8269900
8270200
8270400
8270600
8270900
8271200
8271400
8271600
8271900
8272200
8272500
8272800
8273000
8273200
8273500
8273800
8274000
8274200
8274500
8274800
8275100
8275300
8275500
8275800
8276100
8276400
8276700
8276900
8277100
8277400
8277700
8277900
8278100
8278400
8278700
8279000
8279200
8279400
8279700
8280000
8280300
8280500
8280700
8281000
8281300
8281500
8281700
8282000
8282300
8282600
8282800
8283000
8283300
8283600
8283900
8284100
8284300
8284600
8284900
8285100
8285300
8285600
8285900
8286200
8286400
8286600
8286900
8287100
8287300
8287600
8287900
8288100
8288300
8288800
8289200
8290100
8290400
8290700
8291000
8291200
8291400
8291600
8291800
8292100
8292400
8292600
8292800
8293100
8293400
8293700
8293900
8294100
8294400
8294700
8294900
8295100
8295400
8295700
8295900
8296100
8296400
8296700
8296900
8297100
8297400
8297700
8297900
8298100
8298400
8298700
8298900
8299100
8299400
8299700
8300000
8300200
8300400
8300700
8301000
8301200
8301400
8301700
8302000
8302300
8302500
8302700
8303000
8303300
8303500
8303700
8304000
8304300
8304600
8304800
8305000
8305300
8305600
8305900
8306100
8306300
8306600
8306900
8307100
8307300
8307600
8307900
8308100
8308300
8308600
8308900
8309200
8309400
8309600
8309900
8310200
8310500
8310700
8310900
8311200
8311500
8311700
8311900
8312200
8312500
8312700
8312900
8313200
8313500
8313800
8314000
8314200
8314400
8314700
8315000
8315200
8315400
8315700
8316000
8316300
8316500
8316700
8317000
8317300
8317500
8317700
8318000
8318300
8318600
8318800
8319000
8319300
8319600
8319800
8320000
8320300
8320600
8320800
8321000
8321300
8321600
8321800
8322000
8322300
8322600
8322800
8323000
8323300
8323600
8323900
8324100
8324400
8324700
8325000
8325200
8325400
8325700
8326000
8326200
8326400
8326700
8327000
8327200
8327400
8327700
8328000
8328300
8328500
8328700
8329000
8329300
8329500
8329700
8330000
8330300
8330600
8330800
8331000
8331300
8331600
8331800
8332000
8332300
8332600
8332900
8333100
8333300
8333600
8333900
8334100
8334300
8334600
8334900
8335100
8335300
8335600
8335900
8336200
8336400
8336600
8336900
8337200
8337400
8337600
8337900
8338200
8338400
8338600
8338900
8339200
8339400
8339600
8339900
8340200
8340500
8340700
8340900
8341200
8341500
8341700
8341900
8342200
8342500
8342800
8343000
8343200
8343500
8343800
8344000
8344200
8344500
8344800
8345100
8345300
8345500
8345800
8346100
8346300
8346500
8346800
8347100
8347300
8347500
8347800
8348100
8348400
8348600
8348900
8349200
8349500
8349700
8349900
8350200
8350500
8350700
8350900
8351200
8351500
8351800
8352000
8352200
8352500
8352800
8353000
8353200
8353500
8353800
8354000
8354200
8354500
8354800
8355100
8355300
8355500
8355800
8356100
8356300
8356500
8356800
8357100
8357400
8357600
8357800
8358100
8358400
8358600
8358800
8359100
8359400
8359600
8359800
8360000
8360300
8360600
8360800
8361000
8361300
8361600
8361800
8362000
8362300
8362600
8362800
8363000
8363300
8363600
8363800
8364000
8364300
8364600
8364900
8365100
8365300
8365600
8365900
8366100
8366300
8366600
8366900
8367100
8367300
8367600
8367900
8368100
8368300
8368600
8368900
8369200
8369400
8369600
8369900
8370200
8370400
8370600
8370900
8371200
8371400
8371600
8371800
8372100
8372400
8372600
8372800
8373100
8373400
8373600
8373800
8374000
8374300
8374600
8374800
8375000
8375300
8375600
8375800
8376000
8376300
8376600
8376800
8377000
8377300
8377600
8377800
8378000
8378300
8378600
8378800
8379000
8379300
8379600
8379900
8380100
8380300
8380600
8380900
8381100
8381300
8381500
8381800
8382100
8382400
8382600
8382800
8383100
8383400
8383600
8383800
8384100
8384400
8384600
8384800
8385000
8385300
8385600
8385800
8386000
8386300
8386600
8386900
8387100
8387300
8387600
8387900
8388100
8388300
8388600
8388900
8389100
8389300
8389600
8389900
8390100
8390300
8390600
8390900
8391100
8391300
8391600
8391900
8392200
8392400
8392600
8392900
8393200
8393500
8393800
8394000
8394200
8394500
8394800
8395000
8395200
8395500
8395800
8396100
8396300
8396500
8396800
8397100
8397300
8397500
8397800
8398100
8398400
8398600
8398800
8399100
8399400
8399600
8399800
8400100
8400400
8400600
8400800
8401000
8401300
8401600
8401800
8402000
8402300
8402600
8402800
8403000
8403300
8403600
8403800
8404000
8404300
8404600
8404900
8405100
8405400
8405600
8405900
8406200
8406400
8406600
8406900
8407200
8407400
8407600
8407900
8408200
8408500
8408700
8408900
8409200
8409500
8409700
8409900
8410200
8410500
8410800
8411000
8411200
8411500
8411800
8412000
8412200
8412500
8412800
8413100
8413300
8413500
8413800
8414100
8414300
8414500
8414800
8415100
8415300
8415500
8415800
8416100
8416400
8416600
8416800
8417100
8417400
8417600
8417800
8418000
8418300
8418600
8418800
8419000
8419300
8419600
8419800
8420000
8420300
8420600
8420900
8421100
8421300
8421600
8421800
8422100
8422400
8422600
8422800
8423100
8423400
8423600
8423800
8424100
8424400
8424700
8424900
8425100
8425400
8425700
8425900
8426100
8426400
8426700
8427000
8427200
8427400
8427700
8428000
8428200
8428400
8428700
8429000
8429200
8429400
8429600
8429900
8430200
8430400
8430600
8430900
8431200
8431400
8431600
8431900
8432200
8432400
8432600
8432900
8433200
8433400
8433600
8433900
8434200
8434400
8434600
8434800
8435100
8435400
8435700
8435900
8436100
8436400
8436700
8436900
8437100
8437400
8437700
8437900
8438100
8438300
8438600
8438900
8439100
8439300
8439500
8439800
8440100
8440400
8440600
8440800
8441100
8441400
8441600
8441800
8442000
8442200
8442400
8442600
8442900
8443200
8443400
8443600
8443900
8444200
8444500
8444700
8444900
8445200
8445500
8445800
8446100
8446300
8446500
8446800
8447100
8447400
8447600
8447800
8448100
8448400
8448700
8448900
8449100
8449400
8449600
8449900
8450200
8450400
8450600
8450900
8451200
8451500
8451700
8451900
8452200
8452500
8452700
8453000
8453200
8453400
8453700
8453900
8454200
8454500
8454700
8454900
8455200
8455500
8455700
8455900
8456100
8456300
8456600
8456900
8457100
8457300
8457600
8457900
8458200
8458400
8458600
8458900
8459200
8459500
8459800
8460000
8460200
8460500
8460800
8461100
8461300
8461500
8461800
8462100
8462300
8462500
8462700
8462900
8463200
8463500
8463800
8464000
8464200
8464500
8464800
8465000
8465200
8465500
8465800
8466100
8466400
8466600
8466800
8467000
8467200
8467500
8467800
8468100
8468300
8468500
8468800
8469000
8469200
8469400
8469700
8470000
8470200
8470400
8470700
8471000
8471200
8471400
8471600
8471900
8472200
8472500
8472800
8473000
8473200
8473500
8473800
8474100
8474400
8474700
8474900
8475100
8475400
8475700
8476000
8476300
8476600
8476900
8477100
8477400
8477700
8478000
8478200
8478400
8478600
8478800
8479100
8479400
8479700
8480000
8480200
8480400
8480700
8481000
8481200
8481400
8481700
8482000
8482300
8482600
8482900
8483100
8483400
8483600
8483800
8484000
8484300
8484600
8484900
8485200
8485400
8485600
8485900
8486200
8486400
8486700
8486900
8487100
8487400
8487700
8488000
8488300
8488600
8488900
8489200
8489500
8489800
8490000
8490200
8490500
8490800
8491100
8491300
8491500
8491800
8492100
8492400
8492700
8493000
8493300
8493600
8493800
8494000
8494300
8494600
8494800
8495000
8495300
8495600
8495800
8496000
8496200
8496400
8496700
8497000
8497200
8497400
8497700
8498000
8498300
8498500
8498700
8499000
8499300
8499500
8499700
8500000
8500300
8500600
8500800
8501000
8501300
8501600
8501900
8502200
8502500
8502800
8503000
8503200
8503500
8503800
8504100
8504300
8504500
8504800
8505000
8505200
8505500
8505800
8506000
8506200
8506400
8506700
8507000
8507200
8507400
8507700
8507900
8508100
8508400
8508700
8508900
8509100
8509400
8509700
8509900
8510100
8510400
8510600
8510800
8511000
8511300
8511600
8511800
8512000
8512300
8512600
8512800
8513100
8513400
8513700
8513900
8514100
8514400
8514700
8514900
8515100
8515400
8515700
8516000
8516200
8516500
8516800
8517000
8517200
8517500
8517800
8518100
8518300
8518500
8518800
8519000
8519200
8519500
8519800
8520000
8520200
8520500
8520800
8521100
8521300
8521600
8521900
8522100
8522300
8522600
8522900
8523100
8523300
8523500
8523700
8524000
8524300
8524500
8524800
8525100
8525300
8525500
8525800
8526100
8526300
8526500
8526800
8527000
8527200
8527400
8527700
8528000
8528200
8528400
8528700
8529000
8529300
8529500
8529800
8530100
8530300
8530500
8530800
8531100
8531400
8531700
8531900
8532100
8532300
8532500
8532700
8532900
8533200
8533500
8533700
8533900
8534200
8534500
8534700
8534900
8535200
8535400
8535600
8535900
8536200
8536500
8536700
8536900
8537200
8537500
8537700
8537900
8538200
8538500
8538700
8539000
8539200
8539500
8539700
8539900
8540200
8540500
8540700
8540900
8541100
8541400
8541700
8541900
8542200
8542400
8542600
8542900
8543200
8543500
8543700
8543900
8544200
8544500
8544700
8544900
8545100
8545300
8545600
8545900
8546200
8546400
8546600
8546900
8547200
8547400
8547600
8547900
8548200
8548500
8548800
8549000
8549200
8549500
8549800
8550100
8550300
8550500
8550800
8551100
8551300
8551500
8551800
8552000
8552300
8552600
8552800
8553000
8553300
8553600
8553900
8554100
8554300
8554600
8554900
8555100
8555400
8555600
8555800
8556100
8556400
8556700
8556900
8557100
8557400
8557700
8557900
8558100
8558300
8558500
8558800
8559100
8559400
8559600
8559800
8560100
8560400
8560600
8560800
8561100
8561400
8561700
8562000
8562200
8562400
8562700
8563000
8563300
8563500
8563800
8564000
8564200
8564500
8564800
8565000
8565300
8693300
8693500
8693700
8694000
8694300
8694600
8694800
8695000
8695300
8695600
8695900
8696200
8696500
8696700
8696900
8697200
8697500
8697800
8698000
8698200
8698500
8698800
8699100
8699400
8699600
8699800
8700100
8700400
8700600
8700800
8701100
8701400
8701700
8701900
8702100
8702300
8702600
8702900
8703100
8703300
8703600
8703900
8704100
8704300
8704600
8704900
8705200
8705400
8705600
8705800
8706100
8706400
8706600
8706800
8707100
8707400
8707600
8707800
8708000
8708200
8708500
8708800
8709000
8709200
8709500
8709800
8710100
8710300
8710500
8710800
8711100
8711400
8711700
8711900
8712100
8712400
8712700
8712900
8713100
8713400
8713700
8714000
8714200
8714400
8714600
8714900
8715200
8715400
8715600
8715900
8716200
8716500
8716700
8716900
8717200
8717500
8717800
8718000
8718200
8718500
8718800
8719000
8719200
8719500
8719800
8720100
8720300
8720500
8720700
8721000
8721300
8721500
8721700
8722000
8722300
8722600
8722800
8723000
8723300
8723600
8723900
8724200
8724400
8724600
8724900
8725200
8725400
8725600
8725800
8726100
8726400
8726700
8726900
8727100
8727400
8727700
8728000
8728200
8728400
8728700
8729000
8729200
8729400
8729600
8729900
8730200
8730400
8730600
8730900
8731200
8731500
8731700
8731900
8732200
8732500
8732800
8733000
8733200
8733500
8733800
8734000
8734200
8734400
8734700
8735000
8735200
8735400
8735600
8735900
8736200
8736500
8736700
8736900
8737200
8737500
8737700
8737900
8738100
8738400
8738700
8739000
8739200
8739400
8739700
8740000
8740300
8740500
8740700
8741000
8741300
8741500
8741700
8741900
8742200
8742500
8742800
8743000
8743200
8743500
8743800
8744000
8744200
8744500
8744800
8745100
8745300
8745500
8745800
8746100
8746400
8746600
8746800
8747100
8747400
8747600
8747800
8748000
8748300
8748600
8748900
8749100
8749300
8749600
8749900
8750200
8750400
8750600
8750800
8751100
8751400
8751600
8751800
8752100
8752400
8752700
8752900
8753100
8753300
8753600
8753900
8754200
8754400
8754600
8754900
8755200
8755400
8755600
8755900
8756200
8756500
8756700
8756900
8757200
8757500
8757800
8758000
8758200
8758500
8758800
8759000
8759200
8759400
8759700
8760000
8760200
8760400
8760700
8761000
8761300
8761500
8761700
8762000
8762300
8762600
8762800
8763000
8763200
8763500
8763800
8764000
8764200
8764500
8764800
8765100
8765300
8765500
8765700
8766000
8766300
8766600
8766800
8767000
8767300
8767600
8767800
8768000
8768300
8768600
8768900
8769200
8769400
8769600
8769900
8770200
8770400
8770600
8770900
8771200
8771400
8771600
8771800
8772100
8772400
8772700
8772900
8773100
8773400
8773700
8773900
8774100
8774400
8774700
8775000
8775300
8775500
8775700
8776000
8776300
8776500
8776700
8776900
8777200
8777500
8777800
8778000
8778200
8778500
8778800
8779100
8779300
8779500
8779800
8780100
8780400
8780600
8780800
8781000
8781300
8781600
8781800
8782000
8782300
8782600
8782900
8783100
8783300
8783500
8783800
8784100
8784300
8784500
8784800
8785100
8785300
8785500
8785800
8786100
8786400
8786700
8786900
8787100
8787400
8787700
8787900
8788100
8788400
8788700
8789000
8789200
8789400
8789600
8789900
8790200
8790400
8790600
8790900
8791200
8791500
8791700
8791900
8792200
8793100
8793400
8793700
8794000
8794300
8794600
8794800
8795000
8795300
8795600
8795800
8796000
8796200
8796400
8796700
8797000
8797300
8797500
8797700
8798000
8798300
8798500
8798800
8799000
8799200
8799500
8799800
8800000
8800200
8800400
8800700
8801000
8801300
8801600
8801800
8802000
8802300
8802600
8802900
8803200
8803400
8803600
8803900
8804100
8804400
8804700
8804900
8805100
8805300
8805500
8805800
8806100
8806400
8806700
8806900
8807100
8807400
8807600
8807900
8808200
8808400
8811100
8811400
8811700
8811900
8812200
8812500
8812700
8812900
8813200
8813500
8813800
8814000
8814200
8814500
8814700
8815000
8815300
8815500
8815800
8816000
8816200
8816500
8816800
8817100
8817400
8817600
8817800
8818100
8818300
8818600
8818900
8819100
8819400
8819700
8819900
8820100
8820400
8820700
8821000
8821300
8821500
8821700
8822000
8822200
8822500
8822800
8823000
8823300
8823500
8823700
8824000
8824300
8824600
8824900
8825100
8825300
8825600
8825900
8826200
8826400
8826600
8826900
8827100
8827400
8827700
8827900
8828100
8828300
8828600
8828900
8829200
8829500
8829700
8829900
8830200
8830500
8830800
8831100
8831300
8831500
8831800
8832000
8832300
8832600
8832900
8833200
8833500
8833800
8834000
8834200
8834500
8834800
8835100
8835300
8835500
8835800
8836000
8836200
8836400
8836700
8837000
8837300
8837600
8837800
8838000
8838200
8838500
8838800
8839100
8839400
8839600
8839800
8840100
8840400
8840700
8841000
8841300
8841500
8841700
8841900
8842200
8842500
8842800
8843100
8843400
8843600
8843800
8844100
8844300
8844600
8844900
8845200
8845400
8845700
8845900
8846100
8846400
8846700
8847000
8847300
8847500
8847700
8848000
8848200
8848500
8848800
8849100
8849400
8849700
8849900
8850100
8850400
8850600
8850900
8851200
8851400
8851700
8851900
8852100
8852400
8852700
8852900
8853200
8853500
8853800
8854000
8854300
8854500
8854700
8855000
8855300
8855600
8855900
8856100
8856300
8856600
8856800
8857100
8857400
8857700
8858000
8858300
8858500
8858700
8859000
8859200
8859500
8859800
8860100
8860300
8860600
8860800
8861000
8861200
8861500
8861700
8862000
8862200
8862500
8862800
8863100
8863400
8863600
8863800
8864000
8864200
8864500
8864800
8865000
8865300
8865500
8865700
8866000
8866300
8866600
8866900
8867100
8867400
8867700
8868000
8868300
8868500
8868700
8869000
8869200
8869500
8869800
8870100
8870300
8870600
8870800
8871000
8871300
8871600
8871900
8872100
8872500
8872700
8872900
8873200
8873500
8873800
8874000
8874300
8874600
8874900
8875200
8875500
8875700
8875900
8876200
8876500
8876800
8877100
8877400
8877600
8877800
8878000
8878300
8878600
8878800
8879000
8879200
8879400
8879700
8880000
8880300
8880600
8880900
8881100
8881300
8881500
8881700
8882000
8882300
8882600
8882900
8883200
8883400
8883600
8883900
8884200
8884400
8884700
8885000
8885300
8885700
8886000
8886300
8886600
8886900
8887200
8887500
8887800
8888100
8888400
8888700
8889000
8889200
8889500
8889800
8890100
8890300
8890500
8890800
8891000
8891300
8891600
8891900
8892200
8892500
8892700
8892900
8893200
8893500
8893700
8894000
8894300
8894500
8894800
8895000
8895200
8895500
8895800
8896100
8896400
8896600
8896800
8897100
8897300
8897600
8897900
8898100
8898300
8898500
8898700
8898900
8899200
8899500
8899800
8900100
8900300
8900500
8900700
8900900
8901200
8901500
8901700
8902000
8902200
8902400
8902700
8903000
8903200
8903500
8903800
8904100
8904400
8904600
8904800
8905100
8905400
8905700
8906000
8906200
8906400
8906700
8906900
8907200
8907500
8907700
8908000
8908200
8908400
8908700
8909000
8909300
8909600
8909800
8910000
8910200
8910400
8910700
8911000
8911300
8911600
8911900
8912100
8912300
8912600
8912800
8913100
8913400
8913700
8914000
8914200
8914400
8914600
8914800
8915100
8915400
8915700
8915900
8916200
8916400
8916600
8916900
8917200
8917500
8917800
8918000
8918200
8918400
8918600
8918900
8919200
8919500
8919800
8920000
8920200
8920500
8920800
8921100
8921400
8921600
8921800
8922000
8922200
8922500
8922800
8923100
8923400
8923600
8923800
8924100
8924400
8924700
8925000
8925200
8925400
8925700
8925900
8926100
8926300
8926600
8926900
8927200
8927500
8927700
8927900
8928200
8928400
8928700
8929000
8929200
8929500
8929700
8929900
8930200
8930500
8930800
8931100
8931300
8931500
8931800
8932000
8932200
8932500
8932800
8933100
8933400
8933700
8933900
8934200
8934400
8934700
8935000
8935300
8935600
8935800
8936000
8936300
8936600
8936900
8937200
8937500
8937700
8937900
8938200
8938400
8938600
8938900
8939200
8939400
8939700
8939900
8940100
8940300
8940600
8940900
8941200
8941500
8941700
8942000
8942200
8942400
8942700
8943000
8943200
8943500
8943800
8944000
8944200
8944500
8944700
8945000
8945300
8945600
8945900
8946100
8946300
8946600
8946900
8947200
8947500
8947700
8947900
8948200
8948400
8948700
8949000
8949200
8949500
8949800
8950000
8950200
8950500
8950800
8951100
8951400
8951700
8951900
8952200
8952400
8952600
8952900
8953200
8953500
8953800
8954000
8954200
8954500
8954700
8955000
8955300
8955600
8955900
8956200
8956400
8956600
8956900
8957100
8957400
8957700
8958000
8958300
8958500
8958700
8959000
8959300
8959600
8959900
8960100
8960300
8960500
8960800
8961100
8961400
8961700
8962000
8962300
8962500
8962700
8963000
8963300
8963600
8963900
8964200
8964500
8964700
8964900
8965200
8965500
8965800
8966100
8966300
8966600
8966800
8967000
8967300
8967600
8967900
8968200
8968500
8968700
8968900
8969200
8969500
8969800
8970100
8970300
8970500
8970700
8970900
8971200
8971500
8971800
8972100
8972400
8972600
8972800
8973000
8973300
8973600
8973900
8974200
8974400
8974600
8974900
8975200
8975500
8975800
8976000
8976200
8976500
8976700
8977000
8977300
8977500
8977800
8978000
8978200
8978500
8978800
8979100
8979400
8979700
8979900
8980100
8980300
8980500
8980800
8981100
8981400
8981700
8981900
8982200
8982400
8982600
8982900
8983200
8983500
8983800
8984100
8984300
8984500
8984800
8985100
8985400
8985700
8985900
8986200
8986400
8986600
8986900
8987200
8987500
8987800
8988000
8988200
8988500
8988700
8988900
8989200
8989500
8989800
8990100
8990300
8990500
8990800
8991100
8991400
8991700
8991900
8992100
8992400
8992600
8992900
8993200
8993400
8993700
8993900
8994100
8994400
8994700
8994900
8995200
8995500
8995800
8996100
8996400
8996600
8996800
8997100
8997300
8997600
8997900
8998100
8998400
8998600
8998800
8999100
8999300
8999600
8999900
9000200
9000500
9000700
9000900
9001200
9001500
9001800
9002100
9002300
9002500
9002700
9002900
9003200
9003500
9003800
9004100
9004400
9004600
9004900
9005100
9005300
9005600
9005900
9006200
9006500
9006700
9006900
9007100
9007300
9007600
9007900
9008200
9008500
9008800
9009000
9009200
9009500
9009700
9010000
9010300
9010500
9010800
9011000
9011200
9011500
9011800
9012100
9012400
9012700
9012900
9013100
9013300
9013600
9013900
9014200
9014500
9014800
9015000
9015200
9015500
9015800
9016100
9016400
9016600
9016900
9017100
9017400
9017700
9018000
9018300
9018500
9018700
9018900
9019200
9019500
9019800
9020100
9020300
9020500
9020700
9020900
9021200
9021500
9021800
9022100
9022300
9022500
9022700
9022900
9023200
9023500
9023800
9024100
9024400
9024600
9024800
9025100
9025400
9025700
9026000
9026200
9026400
9026600
9026800
9027100
9027400
9027600
9027900
9028100
9028300
9028600
9028900
9029200
9029500
9029700
9029900
9030200
9030400
9030700
9031000
9031200
9031500
9031700
9031900
9032200
9032500
9032800
9033100
9033300
9033600
9033800
9034000
9034300
9034600
9034900
9035200
9035400
9035600
9035800
9036000
9036300
9036600
9036900
9037200
9037500
9037800
9038100
9038400
9038600
9038800
9039100
9039300
9039600
9039900
9040100
9040400
9040600
9040800
9041100
9041400
9041700
9042000
9042200
9042400
9042600
9042800
9043100
9043400
9043700
9044000
9044300
9044500
9044800
9045100
9045400
9045600
9045800
9046100
9046300
9046600
9046900
9047100
9047400
9047600
9047800
9048100
9048400
9048700
9049000
9049300
9049600
9049800
9050000
9050200
9050400
9050700
9051000
9051200
9051500
9051700
9051900
9052100
9052300
9052500
9052800
9053100
9053400
9053700
9053900
9054100
9054400
9054600
9054900
9055200
9055400
9055600
9055800
9056000
9056300
9056600
9056800
9057100
9057300
9057500
9057800
9058100
9058300
9058600
9058900
9059100
9059400
9059600
9059800
9060100
9060400
9060700
9061000
9061200
9061400
9061700
9061900
9062200
9062500
9062700
9063000
9063200
9063400
9063700
9063900
9064200
9064500
9064800
9065000
9065300
9065500
9065700
9066000
9066300
9066600
9066900
9067100
9067300
9067500
9067700
9068000
9068300
9068600
9068900
9069100
9069300
9069600
9069900
9070200
9070500
9070800
9071000
9071200
9071400
9071700
9072000
9072300
9072600
9072800
9073000
9073300
9073600
9073900
9074200
9074400
9074600
9074800
9075000
9075300
9075600
9075900
9076200
9076500
9076700
9076900
9079800
9080000
9080200
9080400
9080700
9081000
9081300
9081600
9081800
9082000
9082200
9082400
9082700
9083000
9083300
9083500
9083700
9084000
9084200
9084400
9084700
9085000
9085200
9085500
9085700
9085900
9086200
9086500
9086800
9087000
9087200
9087500
9087800
9088100
9088400
9088600
9088800
9089000
9089200
9089500
9089800
9090100
9090300
9090500
9090800
9091100
9091400
9091700
9091900
9092100
9092300
9092500
9092800
9093100
9093400
9093700
9093900
9094100
9094400
9094600
9094900
9095200
9095400
9095700
9095900
9096100
9096400
9096700
9097000
9097300
9097500
9097700
9097900
9098200
9098500
9098700
9099000
9099200
9099400
9099700
9100000
9100300
9100500
9100700
9101000
9101200
9101600
9101900
9102200
9102500
9102700
9102900
9103200
9103400
9103600
9103900
9104200
9104400
9104600
9104800
9105100
9105400
9105600
9105800
9106100
9106300
9106600
9106900
9107100
9107300
9107600
9107900
9108100
9108300
9108600
9108900
9109100
9109300
9109600
9109900
9110100
9110400
9110600
9110800
9111100
9111400
9111600
9111800
9112100
9112400
9112600
9112800
9113100
9113400
9113700
9113900
9114100
9114400
9114700
9115000
9115300
9115500
9115700
9116000
9116300
9116500
9116700
9117000
9117300
9117600
9117800
9118000
9118300
9118600
9118900
9119100
9119300
9119600
9119900
9120200
9120400
9120600
9120900
9121200
9121400
9121600
9121900
9122200
9122400
9122600
9122800
9123100
9123400
9123700
9123900
9124100
9124400
9124700
9124900
9125100
9125400
9125700
9125900
9126100
9126400
9126700
9126900
9127200
9127400
9127600
9127900
9128200
9128400
9128600
9128900
9129200
9129500
9129700
9129900
9130200
9130500
9130700
9131000
9131200
9131400
9131700
9132000
9132200
9132400
9132700
9133000
9133300
9133500
9133700
9134000
9134300
9134500
9134700
9135000
9135300
9135600
9135800
9136000
9136300
9136600
9136900
9137100
9137300
9137600
9137900
9138100
9138400
9138700
9138900
9139100
9139400
9139700
9140000
9140200
9140400
9140700
9141000
9141300
9141500
9141700
9142000
9142200
9142500
9142800
9143100
9143300
9143500
9143700
9144000
9144300
9144600
9144800
9145000
9145300
9145600
9145800
9146000
9146200
9146500
9146800
9147000
9147200
9147500
9147800
9148100
9148300
9148500
9148800
9149100
9149400
9149700
9150000
9150200
9150400
9150700
9151000
9151200
9151400
9151700
9152000
9152300
9152600
9152800
9153000
9153300
9153600
9153800
9154100
9154400
9154700
9155000
9155300
9155600
9155900
9156100
9156300
9156600
9156900
9157200
9157400
9157600
9157900
9158200
9158500
9158800
9159000
9159200
9159500
9159800
9160000
9160300
9160600
9160900
9161200
9161500
9161800
9162100
9162400
9162700
9163000
9163200
9163400
9163700
9164000
9164300
9164500
9164800
9165100
9165300
9165600
9165900
9166100
9166300
9166600
9166900
9167200
9167400
9167600
9167900
9168200
9168400
9168600
9168900
9169200
9169500
9169700
9169900
9170200
9170500
9170800
9171000
9171200
9171500
9171800
9172000
9172200
9172400
9172700
9173000
9173200
9173400
9173700
9174000
9174300
9174500
9174700
9175000
9175300
9175600
9175800
9176000
9176300
9176600
9176900
9177100
9177300
9177600
9177900
9178100
9178300
9178600
9178900
9179100
9179300
9179600
9179900
9180100
9180300
9180600
9180900
9181200
9181400
9181600
9181900
9182200
9182500
9182800
9183000
9183200
9183500
9183800
9184000
9184200
9184500
9184800
9185100
9185300
9185500
9185800
9186100
9186300
9186500
9186700
9187000
9187300
9187500
9187700
9188000
9188300
9188500
9188700
9189000
9189200
9189500
9189800
9190000
9190200
9190500
9190800
9191000
9191200
9191500
9191800
9192000
9192200
9192500
9192800
9193100
9193300
9193500
9193800
9194100
9194300
9194500
9194800
9195100
9195300
9195500
9195800
9196000
9196300
9196600
9196800
9197000
9197300
9197600
9197900
9198100
9198300
9198600
9198900
9199200
9199400
9199600
9199900
9200200
9200400
9200600
9200900
9201200
9201500
9201700
9201900
9202200
9202500
9202700
9202900
9203100
9203400
9203700
9204000
9204200
9204500
9204800
9205100
9205300
9205500
9205800
9206100
9206300
9206500
9206800
9207100
9207300
9207500
9207800
9208100
9208400
9208600
9208800
9209100
9209400
9209600
9209800
9210100
9210400
9210600
9210800
9211000
9211300
9211600
9211800
9212200
9212600
9212900
9213100
9213400
9213700
9214000
9214200
9214400
9214600
9214800
9215000
9215300
9215600
9215800
9216000
9216300
9216600
9216900
9217100
9217300
9217600
9217900
9218100
9218300
9218600
9218900
9219100
9219300
9219600
9219900
9220200
9220500
9220700
9220900
9221200
9221500
9221700
9221900
9222200
9222500
9222800
9223000
9223200
9223500
9223800
9224100
9224300
9224500
9224800
9225100
9225300
9225500
9225800
9226100
9226400
9226600
9226800
9227100
9227400
9227600
9227800
9228100
9228400
9228600
9228800
9229100
9229400
9229700
9230000
9230200
9230400
9230700
9231000
9231200
9231400
9231700
9232000
9232200
9232400
9232700
9233000
9233300
9233600
9233800
9234000
9234300
9234600
9234800
9235000
9235300
9235600
9235900
9236100
9236300
9236600
9236900
9237100
9237300
9237600
9237900
9238200
9238400
9238600
9238900
9239200
9239500
9239700
9239900
9240200
9240500
9240700
9240900
9241200
9241500
9241800
9242000
9242200
9242500
9242800
9243000
9243200
9243500
9243800
9244100
9244300
9244600
9244900
9245200
9245400
9245600
9245900
9246200
9246400
9246600
9246900
9247200
9247400
9247600
9247900
9248200
9248500
9248700
9248900
9249200
9249500
9249700
9249900
9250200
9250500
9250800
9251000
9251200
9251500
9251800
9252000
9252200
9252500
9252800
9253100
9253300
9253500
9253800
9254100
9254300
9254500
9254800
9255100
9255400
9255600
9255800
9256100
9256400
9256600
9256800
9257100
9257400
9257700
9257900
9258100
9258400
9258700
9258900
9259100
9259400
9259700
9259900
9260100
9260300
9260500
9260800
9261100
9261400
9261600
9261800
9262100
9262400
9262600
9262800
9263100
9263400
9263600
9263800
9264100
9264400
9264700
9264900
9265100
9265400
9265700
9266000
9266200
9266400
9266700
9267000
9267200
9267400
9267700
9268000
9268300
9268600
9268900
9269100
9269300
9269600
9269900
9270100
9270300
9270600
9270900
9271200
9271400
9271600
9271900
9272200
9272400
9272600
9272800
9273100
9273400
9273600
9273800
9274100
9274400
9274700
9274900
9275100
9275400
9275700
9275900
9276100
9276400
9276700
9277000
9277200
9277400
9277700
9278000
9278200
9278400
9278700
9279000
9279300
9279500
9279700
9280000
9280300
9280500
9280700
9280900
9281200
9281500
9281700
9281900
9282200
9282500
9282700
9282900
9283100
9283400
9283700
9283900
9284100
9284400
9284700
9284900
9285100
9285400
9285700
9285900
9286100
9286400
9286700
9286900
9287100
9287400
9287700
9288000
9288200
9288400
9288700
9289000
9289200
9289400
9289700
9290000
9290200
9290400
9290700
9291000
9291300
9291500
9291700
9292000
9292300
9292500
9292700
9293000
9293300
9293600
9293800
9294000
9294300
9294600
9294900
9295100
9295300
9295600
9295900
9296100
9296300
9296600
9296900
9297100
9297300
9297600
9297900
9298200
9298400
9298600
9298900
9299200
9299400
9299600
9299900
9300200
9300400
9300600
9300900
9301200
9301400
9301600
9301900
9302200
9302500
9302700
9302900
9303200
9303500
9303700
9303900
9304200
9304500
9304700
9304900
9305200
9305500
9305800
9306000
9306200
9306500
9306800
9307100
9307300
9307500
9307800
9308100
9308300
9308500
9308800
9309100
9309400
9309600
9309800
9310100
9310400
9310600
9310800
9311100
9311400
9311700
9311900
9312200
9312500
9312800
9313000
9313200
9313500
9313800
9314000
9314200
9314500
9314800
9315000
9315200
9315500
9315800
9316000
9316200
9316500
9316800
9317100
9317300
9317500
9317800
9318100
9318300
9318500
9318800
9319100
9319400
9319600
9319800
9320100
9320400
9320600
9320800
9321100
9321400
9321700
9321900
9322100
9322300
9322600
9322900
9323200
9323400
9323600
9323900
9324200
9324400
9324600
9324900
9325200
9325500
9325700
9325900
9326200
9326500
9326700
9326900
9327200
9327500
9327700
9327900
9328200
9328500
9328700
9328900
9329200
9329500
9329800
9330000
9330200
9330500
9330800
9331000
9331200
9331500
9331800
9332000
9332200
9332500
9332800
9333100
9333300
9333500
9333800
9334100
9334300
9334500
9334700
9334900
9335200
9335500
9335700
9335900
9336200
9336500
9336800
9337000
9337200
9337500
9337800
9338000
9338200
9338400
9338700
9339000
9339200
9339400
9339700
9340000
9340200
9340400
9340700
9341000
9343400
9343600
9343800
9344100
9344400
9344600
9344800
9345100
9345400
9345700
9345900
9346100
9346400
9346700
9346900
9347100
9347400
9347700
9348000
9348200
9348400
9348700
9349000
9349300
9349500
9349700
9350000
9350300
9350500
9350700
9350900
9351200
9351500
9351700
9351900
9352200
9352500
9352800
9353000
9353200
9353500
9353800
9354000
9354200
9354500
9354800
9355000
9355200
9355500
9355800
9356100
9356300
9356500
9356800
9357100
9357300
9357500
9357800
9358100
9358300
9358500
9358800
9359100
9359400
9359600
9359800
9360100
9360400
9360600
9360800
9361100
9361400
9361700
9361900
9362100
9362400
9362700
9362900
9363100
9363300
9363600
9363800
9364000
9364300
9364600
9364800
9365100
9365400
9365600
9365800
9366100
9366300
9366500
9366800
9367100
9367300
9367500
9367700
9367900
9368200
9368500
9368800
9369000
9369200
9369500
9369800
9370100
9370300
9370500
9370800
9371100
9371300
9371500
9371800
9372100
9372300
9372500
9372800
9373100
9373400
9373600
9373800
9374100
9374400
9374600
9374800
9375100
9375400
9375700
9375900
9376100
9376400
9376700
9376900
9377100
9377400
9377700
9377900
9378100
9378400
9378700
9379000
9379200
9379400
9379700
9380000
9380200
9380400
9380700
9381000
9381200
9381400
9381700
9382000
9382300
9382500
9382700
9383000
9383300
9383500
9383700
9384000
9384300
9384600
9384800
9385000
9385300
9385600
9385800
9386000
9386200
9386500
9386800
9387000
9387200
9387500
9387800
9388100
9388300
9388500
9388800
9389100
9389300
9389500
9389800
9390100
9390400
9390600
9390800
9391100
9391400
9391600
9391800
9392000
9392200
9392500
9392800
9393000
9393200
9393400
9393700
9394000
9394200
9394400
9394700
9395000
9395200
9395400
9395700
9396000
9396300
9396500
9396700
9397000
9397300
9397500
9397700
9398000
9398300
9398500
9398800
9399100
9399400
9399600
9399800
9400100
9400400
9400600
9400800
9401100
9401400
9401700
9402000
9402300
9402600
9402800
9403000
9403200
9403500
9403800
9404100
9404300
9404500
9404800
9405100
9405300
9405500
9405800
9406100
9406400
9406700
9406900
9407100
9407400
9407700
9408000
9408300
9408500
9408800
9409100
9409400
9409700
9409900
9410100
9410300
9410600
9410900
9411200
9411400
9411600
9411900
9412200
9412400
9412600
9412900
9413200
9413500
9413700
9413900
9414200
9414500
9414800
9415000
9415300
9415600
9415900
9416100
9416300
9416500
9416800
9417100
9417300
9417500
9417700
9418000
9418300
9418500
9418700
9419000
9419300
9419600
9419800
9420200
9420500
9420700
9420900
9421100
9421300
9421500
9421700
9421900
9422100
9422400
9422700
9422900
9423200
9423500
9423800
9424100
9424400
9424600
9424800
9425000
9425300
9425600
9425800
9426000
9426300
9426600
9426900
9427200
9427400
9427600
9427800
9428100
9428400
9428600
9428800
9429000
9429300
9429600
9429800
9430000
9430300
9430600
9430900
9431100
9431300
9431600
9431900
9432100
9432300
9432600
9432800
9433100
9433400
9433600
9433800
9434100
9434400
9434600
9434800
9435100
9435400
9435700
9435900
9436100
9436400
9436700
9436900
9437100
9437400
9437700
9437900
9438100
9438400
9438700
9439000
9439200
9439400
9439700
9440000
9440300
9440500
9440700
9440900
9441100
9441400
9441700
9441900
9442100
9442400
9442700
9443000
9443200
9443400
9443700
9444000
9444200
9444400
9444700
9445000
9445300
9445500
9445700
9446000
9446300
9446500
9446700
9447000
9447300
9447500
9447700
9448000
9448300
9448500
9448700
9449000
9449300
9449600
9449800
9450000
9450300
9450600
9450800
9451000
9451300
9451600
9451900
9452100
9452300
9452600
9452900
9453100
9453300
9453600
9453900
9454200
9454400
9454600
9454900
9455200
9455400
9455600
9455800
9456100
9456400
9456600
9456800
9457100
9457400
9457600
9457800
9458000
9458300
9458600
9458800
9459000
9459300
9459600
9459800
9460000
9460300
9460600
9460800
9461000
9461300
9461600
9461900
9462100
9462300
9462600
9462900
9463100
9463300
9463600
9463900
9464100
9464300
9464500
9464800
9465100
9465400
9465700
9465900
9466100
9466400
9466700
9467000
9467200
9467400
9467700
9468000
9468200
9468400
9468700
9469000
9469300
9469500
9469700
9470000
9470300
9470500
9470700
9471000
9471300
9471600
9471800
9472000
9472300
9472600
9472800
9473000
9473200
9473400
9473700
9474000
9474200
9474400
9474700
9475000
9475200
9475400
9475700
9476000
9476300
9476500
9476700
9477000
9477300
9477500
9477700
9478000
9478300
9478500
9478700
9478900
9479200
9479500
9479700
9479900
9480200
9480500
9480800
9481000
9481200
9481500
9481800
9482000
9482200
9482400
9482700
9483000
9483200
9483400
9483700
9484000
9484200
9484400
9484700
9485000
9485300
9485500
9485700
9486000
9486300
9486500
9486700
9487000
9487300
9487500
9487700
9488000
9488300
9488600
9488800
9489000
9489300
9489600
9489800
9490000
9490300
9490600
9490800
9491000
9491300
9491600
9491900
9492100
9492300
9492600
9492900
9493100
9493300
9493600
9493900
9494200
9494400
9494600
9494900
9495200
9495500
9495700
9495900
9496200
9496500
9496700
9496900
9497200
9497400
9497600
9497900
9498200
9498400
9498600
9498900
9499200
9499400
9499600
9499900
9500200
9500500
9500700
9501000
9501300
9501600
9501800
9502000
9502300
9502600
9502800
9503000
9503300
9503600
9503800
9504000
9504300
9504600
9504900
9505100
9505300
9505500
9505700
9506000
9506300
9506600
9506800
9507000
9507300
9507600
9507800
9508000
9508300
9508600
9508900
9509100
9509300
9509600
9509900
9510100
9510300
9510600
9510900
9511200
9511400
9511600
9511900
9512200
9512400
9512600
9512900
9513200
9513500
9513700
9513900
9514200
9514500
9514700
9514900
9515200
9515500
9515700
9515900
9516200
9516500
9516700
9516900
9517200
9517500
9517800
9518000
9518200
9518500
9518800
9519000
9519200
9519500
9519800
9520100
9520300
9520500
9520800
9521100
9521300
9521500
9521700
9522000
9522300
9522500
9522700
9523000
9523300
9523600
9523800
9524000
9524300
9524600
9524800
9525000
9525300
9525600
9525900
9526100
9526300
9526600
9526900
9527100
9527300
9527600
9527900
9528100
9528300
9528600
9528900
9529100
9529300
9529600
9529800
9530100
9530400
9530700
9530900
9531100
9531400
9531700
9531900
9532100
9532400
9532700
9533000
9533300
9533500
9533700
9534000
9534300
9534600
9534800
9535000
9535300
9535600
9535800
9536000
9536300
9536600
9536900
9537100
9537300
9537600
9537900
9538200
9538500
9538700
9538900
9539200
9539500
9539700
9539900
9540200
9540500
9540800
9541000
9541200
9541500
9541800
9542000
9542200
9542500
9542800
9543000
9543200
9543500
9543800
9544000
9544200
9544500
9544800
9545000
9545200
9545500
9545800
9546100
9546300
9546500
9546800
9547100
9547300
9547500
9547800
9548100
9548400
9548600
9548800
9549100
9549400
9549600
9549800
9550000
9550300
9550600
9550800
9551000
9551300
9551600
9551800
9552000
9552300
9552600
9552900
9553100
9553300
9553600
9553900
9554100
9554300
9554600
9554900
9555100
9555300
9555600
9555900
9556200
9556400
9556700
9557000
9557300
9557500
9557700
9558000
9558300
9558500
9558700
9559000
9559300
9559500
9559700
9560000
9560300
9560600
9560800
9561000
9561300
9561600
9561800
9562000
9562300
9562600
9562900
9563100
9563300
9563600
9563900
9564100
9564300
9564500
9564800
9565100
9565300
9565500
9565800
9566100
9566300
9566500
9566800
9567100
9567400
9567600
9567800
9568100
9568400
9568600
9568800
9569100
9569400
9569600
9569800
9570100
9570400
9570600
9570800
9571100
9571400
9571700
9571900
9572100
9572400
9572700
9572900
9573100
9573400
9573700
9573900
9574100
9574400
9574700
9575000
9575200
9575400
9575700
9576000
9576200
9576400
9576600
9576900
9577200
9577400
9577600
9577900
9578200
9578500
9578700
9578900
9579200
9579500
9579700
9579900
9580200
9580500
9580700
9580900
9581200
9581500
9581800
9582000
9582200
9582500
9582800
9583000
9583200
9583500
9583800
9584100
9584300
9584500
9584800
9585100
9585400
9585600
9585800
9586100
9586400
9586600
9586800
9587100
9587400
9587700
9587900
9588100
9588400
9588700
9588900
9589100
9589400
9589700
9590000
9590200
9590400
9590700
9591000
9591200
9591400
9591700
9592000
9592300
9592500
9592700
9593000
9593300
9593500
9593700
9594000
9594300
9594600
9594800
9595000
9595300
9595600
9595800
9596000
9596300
9596600
9596800
9597000
9597300
9597600
9597800
9598000
9598300
9598600
9598800
9599000
9599300
9599600
9599900
9600100
9600300
9600600
9600900
9601100
9601300
9601600
9601900
9602200
9602400
9602600
9605000
9605300
9605600
9605800
9606000
9606300
9606600
9606900
9607100
9607300
9607600
9607900
9608200
9608400
9608600
9608900
9609200
9609500
9609700
9609900
9610200
9610500
9610700
9610900
9611200
9611500
9611700
9611900
9612200
9612500
9612800
9613000
9613200
9613500
9613800
9614100
9614300
9614500
9614800
9615100
9615300
9615500
9615800
9616100
9616400
9616600
9616800
9617000
9617300
9617600
9617800
9618000
9618300
9618600
9618900
9619100
9619300
9619500
9619800
9620100
9620300
9620500
9620700
9621000
9621300
9621600
9621900
9622100
9622300
9622500
9622800
9623100
9623300
9623500
9623800
9624100
9624300
9624500
9624800
9625100
9625400
9625600
9625800
9626100
9626400
9626700
9627000
9627300
9627600
9627900
9628100
9628300
9628600
9628900
9629200
9629400
9629700
9630000
9630300
9630500
9630700
9631000
9631300
9631600
9631800
9632000
9632300
9632600
9632900
9633200
9633500
9633700
9633900
9634200
9634500
9634700
9634900
9635200
9635500
9635800
9636000
9636200
9636500
9636800
9637100
9637400
9637600
9637800
9638100
9638400
9638600
9638800
9639100
9639400
9639700
9640000
9640300
9640500
9640700
9641000
9641300
9641600
9641800
9642000
9642300
9642600
9642900
9643400
9643800
9644100
9644300
9644500
9644800
9645100
9645400
9645700
9646000
9646200
9646400
9646700
9647000
9647200
9647500
9647800
9648000
9648200
9648500
9648800
9649000
9649200
9649500
9649800
9650100
9650300
9650500
9650800
9651100
9651300
9651500
9651800
9652100
9652300
9652500
9652800
9653100
9653400
9653600
9653800
9654100
9654400
9654600
9654800
9655100
9655400
9655700
9655900
9656100
9656400
9656700
9657000
9657200
9657400
9657700
9658000
9658200
9658400
9658700
9659000
9659300
9659500
9659700
9660000
9660300
9660500
9660700
9661000
9661300
9661600
9661800
9662000
9662300
9662600
9662800
9663000
9663300
9663600
9663800
9664000
9664300
9664600
9664900
9665100
9665300
9665600
9665900
9666100
9666300
9666600
9666900
9667100
9667300
9667600
9667900
9668100
9668300
9668600
9668900
9669200
9669400
9669600
9669900
9670200
9670500
9670700
9670900
9671200
9671500
9671800
9672100
9672400
9672700
9672900
9673200
9673400
9673700
9674000
9674200
9674500
9674800
9675100
9675300
9675500
9675800
9676100
9676400
9676600
9676800
9677100
9677400
9677600
9677800
9678000
9678300
9678600
9678800
9679100
9679400
9679700
9680000
9680200
9680500
9680800
9681100
9681400
9681700
9682000
9682200
9682400
9682700
9683000
9683300
9683600
9683800
9684000
9684300
9684600
9684800
9685200
9685400
9685600
9685800
9686100
9686300
9686600
9686800
9687000
9687300
9687600
9687900
9688200
9688400
9688700
9689000
9689300
9689500
9689700
9690000
9690300
9690600
9690800
9691000
9691300
9691600
9691800
9692000
9692200
9692500
9692800
9693000
9693200
9693500
9693800
9694000
9694200
9694500
9694800
9695100
9695400
9695600
9695800
9696100
9696400
9696600
9696900
9697200
9697400
9697600
9697900
9698200
9698400
9698600
9698800
9699100
9699400
9699700
9699900
9700100
9700400
9700700
9700900
9701100
9701300
9701600
9701900
9702200
9702400
9702600
9702900
9703200
9703400
9703600
9703900
9704200
9704400
9704600
9704900
9705200
9705500
9705800
9706000
9706200
9706500
9706800
9707000
9707200
9707500
9707800
9708000
9708200
9708500
9708800
9709100
9709400
9709600
9709800
9710100
9710400
9710600
9710800
9711100
9711400
9711700
9711900
9712100
9712300
9712600
9712900
9713200
9713400
9713600
9713900
9714200
9714400
9714600
9714900
9715200
9715500
9715700
9715900
9716200
9716500
9716800
9717000
9717200
9717500
9717800
9718000
9718200
9718500
9718800
9719100
9719300
9719500
9719800
9720100
9720400
9720600
9720800
9721100
9721400
9721700
9722000
9722200
9722400
9722600
9722900
9723200
9723400
9723600
9723900
9724200
9724500
9724700
9724900
9725200
9725500
9725800
9726100
9726300
9726500
9726800
9727100
9727300
9727500
9727800
9728100
9728400
9728600
9728800
9729000
9729300
9729500
9729800
9730100
9730300
9730500
9730800
9731100
9731400
9731600
9731800
9732100
9732400
9732700
9732900
9733100
9733400
9733700
9733900
9734100
9734400
9734700
9734900
9735100
9735400
9735700
9736000
9736300
9736500
9736700
9737000
9737300
9737500
9737700
9738000
9738300
9738600
9738800
9739000
9739200
9739500
9739800
9740100
9740300
9740500
9740800
9741100
9741300
9741500
9741800
9742100
9742400
9742700
9742900
9743100
9743400
9743700
9743900
9744100
9744400
9744700
9744900
9745100
9745400
9745700
9746000
9746200
9746400
9746700
9747000
9747300
9747500
9747700
9748000
9748300
9748500
9748700
9749000
9749300
9749600
9749800
9750000
9750200
9750500
9750800
9751000
9751200
9751500
9751800
9752100
9752300
9752500
9752700
9753000
9753300
9753500
9753700
9754000
9754300
9754600
9754800
9755000
9755300
9755600
9755800
9756000
9756300
9756600
9756900
9757200
9757400
9757600
9757900
9758200
9758400
9758600
9758900
9759200
9759400
9759600
9759900
9760200
9760500
9760700
9760900
9761200
9761500
9761700
9761900
9762100
9762300
9762600
9762900
9763200
9763400
9763600
9763800
9764100
9764400
9764600
9764800
9765100
9765400
9765700
9765900
9766100
9766400
9766700
9767000
9767200
9767400
9767600
9767900
9768200
9768400
9768600
9768900
9769200
9769500
9769700
9769900
9770200
9770500
9770800
9771000
9771200
9771500
9771800
9772000
9772200
9772500
9772800
9773000
9773200
9773400
9773700
9774000
9774300
9774500
9774700
9775000
9775300
9775500
9775700
9776000
9776300
9776500
9776700
9776900
9777200
9777500
9777800
9778000
9778200
9778500
9778800
9779000
9779200
9779500
9779800
9780100
9780400
9780600
9780800
9781100
9781400
9781700
9781900
9782100
9782400
9782700
9782900
9783100
9783400
9783700
9784000
9784200
9784400
9784700
9785000
9785300
9785500
9785700
9786000
9786300
9786500
9786700
9786900
9787200
9787500
9787700
9787900
9788200
9788500
9788700
9788900
9789200
9789500
9789800
9790000
9790200
9790400
9790700
9791000
9791200
9791400
9791700
9792000
9792300
9792500
9792700
9793000
9793300
9793600
9793800
9794000
9794200
9794400
9794600
9794900
9795200
9795400
9795600
9795900
9796200
9796500
9796700
9796900
9797100
9797400
9797700
9797900
9798100
9798400
9798700
9798900
9799100
9799400
9799700
9799900
9800100
9800300
9800600
9800900
9801200
9801400
9801600
9801900
9802200
9802400
9802600
9802900
9803200
9803500
9803700
9803900
9804200
9804500
9804800
9805000
9805200
9805500
9805800
9806000
9806200
9806400
9806700
9807000
9807300
9807500
9807700
9808000
9808300
9808600
9808800
9809000
9809300
9809600
9809800
9810000
9810200
9810500
9810800
9811100
9811300
9811500
9811800
9812100
9812300
9812500
9812800
9813100
9813400
9813600
9813800
9814100
9814400
9814600
9814800
9815100
9815400
9815700
9815900
9816100
9816400
9816700
9817000
9817200
9817400
9817700
9818000
9818200
9818400
9818700
9819000
9819300
9819500
9819700
9820000
9820300
9820600
9820900
9821100
9821300
9821600
9821900
9822100
9822300
9822600
9822900
9823200
9823400
9823600
9823800
9824100
9824400
9824600
9824800
9825100
9825400
9825700
9825900
9826100
9826400
9826700
9827000
9827200
9827400
9827700
9828000
9828200
9828400
9828700
9829000
9829200
9829400
9829700
9830000
9830300
9830600
9830800
9831000
9831300
9831600
9831800
9832000
9832300
9832600
9832900
9833100
9833300
9833600
9833900
9834200
9834400
9834600
9834900
9835200
9835500
9835700
9835900
9836200
9836500
9836800
9837000
9837200
9837400
9837700
9838000
9838200
9838400
9838700
9839000
9839200
9839400
9839700
9840000
9840300
9840600
9840800
9841100
9841400
9841700
9841900
9842100
9842400
9842700
9842900
9843100
9843400
9843700
9844000
9844200
9844400
9844700
9845000
9845300
9845500
9845700
9846000
9846300
9846500
9846700
9847000
9847300
9847600
9847900
9848100
9848300
9848600
9848900
9849200
9849400
9849600
9849900
9850200
9850400
9850600
9850800
9851100
9851400
9851700
9851900
9852100
9852400
9852700
9852900
9853100
9853400
9853700
9853900
9854100
9854300
9854600
9854900
9855200
9855400
9855600
9855900
9856200
9856400
9856600
9856900
9857200
9857500
9857700
9857900
9858200
9858500
9858800
9859000
9859200
9859500
9859800
9860000
9860200
9860500
9860800
9861100
9861400
9861600
9861800
9862100
9862400
9862600
9862800
9863000
9863300
9863600
9863800
9864000
9864200
9864500
9864800
9865100
9865300
9865500
9865800
9866100
9866300
9866500
9866800
9867100
9867400
9869900
9870200
9870400
9870600
9870900
9871200
9871400
9871600
9871900
9872200
9872500
9872700
9872900
9873200
9873500
9873800
9874000
9874200
9874500
9874800
9875000
9875200
9875500
9875800
9876100
9876300
9876500
9876700
9877000
9877300
9877500
9877700
9878000
9878300
9878600
9878800
9879000
9879300
9879600
9879900
9880100
9880300
9880600
9880900
9881200
9881400
9881600
9881900
9882200
9882400
9882600
9882900
9883200
9883500
9883700
9883900
9884200
9884500
9884700
9884900
9885200
9885500
9885700
9885900
9886200
9886500
9886800
9887000
9887200
9887500
9887800
9888100
9888300
9888500
9888800
9889100
9889300
9889500
9889800
9890100
9890400
9890700
9890900
9891100
9891400
9891700
9892000
9892300
9892600
9892900
9893100
9893300
9893600
9893900
9894200
9894400
9894600
9894800
9895000
9895300
9895600
9895800
9896000
9896300
9896600
9896800
9897000
9897300
9897600
9897900
9898100
9898300
9898600
9898900
9899100
9899300
9899500
9899800
9900100
9900300
9900500
9900800
9901100
9901400
9901600
9901800
9902100
9902400
9902600
9902800
9903000
9903300
9903600
9903800
9904000
9904300
9904600
9904800
9905000
9905300
9905600
9905900
9906100
9906300
9906600
9906900
9907100
9907300
9907600
9907900
9908100
9908300
9908600
9908900
9909200
9909400
9909600
9909900
9910200
9910400
9910600
9910900
9911200
9911400
9911600
9911800
9912100
9912400
9912600
9912800
9913100
9913400
9913700
9913900
9914100
9914400
9914700
9914900
9915100
9915300
9915600
9915900
9916100
9916300
9916600
9916900
9917200
9917400
9917600
9917900
9918100
9918400
9918700
9919000
9919300
9919500
9919700
9920000
9920300
9920500
9920700
9921000
9921300
9921600
9921800
9922000
9922300
9922600
9922800
9923000
9923300
9923600
9923800
9924000
9924200
9924500
9924800
9925000
9925200
9925500
9925800
9926100
9926300
9926500
9926800
9927100
9927300
9927500
9927700
9928000
9928300
9928500
9928700
9929000
9929300
9929700
9930000
9930300
9930600
9930900
9931200
9931500
9931800
9932100
9932400
9932800
9933100
9933300
9933700
9934000
9934400
9934700
9934900
9935200
9935600
9936000
9936400
9936700
9937000
9937300
9937600
9938000
9938300
9938600
9938900
9939300
9939600
9939900
9940300
9940600
9940900
9941200
9941600
9942000
9942300
9942700
9943100
9943600
9943900
9944200
9944500
9944800
9945000
9945200
9945500
9945800
9946100
9946400
9946600
9946800
9947000
9947300
9947600
9947800
9948200
9948500
9948800
9949100
9949400
9949600
9949900
9950200
9950400
9950600
9950900
9951100
9951400
9951700
9952000
9952400
9952700
9953000
9953200
9953400
9953700
9954000
9954300
9954600
9954800
9955000
9955300
9955600
9955900
9956100
9956300
9956500
9956800
9957100
9957400
9957700
9957900
9958100
9958400
9958700
9959000
9959200
9959400
9959600
9959900
9960200
9960500
9960700
9960900
9961200
9961500
9961800
9962100
9962300
9962500
9962700
9963000
9963300
9963500
9963700
9963900
9964200
9964500
9964800
9965000
9965200
9965500
9965800
9966100
9966400
9966600
9966800
9967000
9967300
9967600
9967900
9968100
9968300
9968600
9968900
9969200
9969500
9969700
9969900
9970100
9970400
9970700
9971000
9971200
9971400
9971600
9971900
9972200
9972500
9972700
9972900
9973100
9973400
9973700
9974000
9974200
9974400
9974700
9975000
9975300
9975500
9975700
9975900
9976200
9976500
9976800
9977000
9977200
9977500
9977800
9978100
9978400
9978600
9978800
9979000
9979300
9979600
9979800
9980000
9980200
9980500
9980800
9981100
9981400
9981600
9981800
9982000
9982300
9982600
9982900
9983100
9983300
9983500
9983800
9984100
9984400
9984600
9984800
9985000
9985300
9985600
9985900
9986100
9986300
9986600
9986900
9987200
9987500
9987700
9987900
9988100
9988400
9988700
9988900
9989100
9989300
9989600
9989900
9990200
9990400
9990600
9990900
9991200
9991500
9991700
9991900
9992200
9992400
9992600
9992900
9993200
9993500
9993700
9993900
9994100
9994400
9994700
9995000
9995300
9995500
9995700
9996000
9996300
9996600
9996800
9997000
9997200
9997400
9997700
9998000
9998300
9998500
9998700
9999000
9999300
9999600
9999800
10000000
10000300
10000600
10000800
10001000
10001200
10001400
10001700
10002000
10002300
10002500
10002700
10003000
10003300
10003600
10003900
10004100
10004300
10004500
10004800
10005100
10005400
10005700
10005900
10006100
10006300
10006600
10006900
10007100
10007300
10007500
10007700
10008000
10008300
10008600
10008900
10009100
10009300
10009500
10009800
10010100
10010400
10010700
10010900
10011100
10011300
10011600
10011900
10012200
10012500
10012700
10012900
10013200
10013500
10013800
10014000
10014200
10014400
10014600
10014900
10015200
10015500
10015700
10015900
10016200
10016500
10016800
10017100
10017300
10017500
10017700
10018000
10018300
10018600
10018800
10019000
10019300
10019600
10019900
10020200
10020400
10020700
10020900
10021100
10021300
10021500
10021800
10022100
10022400
10022700
10022900
10023100
10023400
10023700
10024000
10024300
10024500
10024700
10024900
10025200
10025500
10025800
10026100
10026300
10026500
10026700
10027000
10027300
10027500
10027700
10027900
10028100
10028400
10028700
10029000
10029200
10029400
10029600
10029900
10030200
10030500
10030700
10030900
10031100
10031400
10031700
10032000
10032200
10032400
10032600
10032900
10033200
10033500
10033800
10034000
10034200
10034500
10034800
10035100
10035400
10035600
10035800
10036000
10036300
10036600
10036900
10037200
10037400
10037600
10037800
10038000
10038300
10038600
10038900
10039100
10039300
10039500
10039700
10040000
10040300
10040500
10040800
10041000
10041200
10041500
10041800
10042100
10042300
10042500
10042700
10043000
10043300
10043600
10043900
10044100
10044300
10044600
10044900
10045200
10045400
10045600
10045800
10046000
10046300
10046600
10046900
10047100
10047300
10047500
10047800
10048100
10048400
10048600
10048800
10049000
10049200
10049500
10049800
10050100
10050400
10050600
10050800
10051000
10051300
10051600
10051900
10052200
10052400
10052600
10052800
10053100
10053400
10053600
10053800
10054000
10054200
10054500
10054800
10055100
10055300
10055500
10055700
10056000
10056300
10056600
10056900
10057100
10057300
10057600
10057900
10058200
10058400
10058600
10058800
10059100
10059400
10059700
10060000
10060200
10060400
10060700
10060900
10061100
10061400
10061700
10062000
10062300
10062500
10062700
10062900
10063100
10063400
10063700
10064000
10064300
10064500
10064700
10064900
10065200
10065500
10065800
10066100
10066300
10066500
10066800
10067100
10067400
10067600
10067800
10068000
10068300
10068600
10068900
10069200
10069400
10069600
10069900
10070200
10070500
10070700
10070900
10071100
10071300
10071600
10071900
10072200
10072400
10072600
10072900
10073200
10073500
10073800
10074000
10074200
10074400
10074700
10075000
10075300
10075600
10075800
10076000
10076200
10076500
10076800
10077700
10078000
10078300
10078500
10078700
10078900
10079200
10079500
10079700
10079900
10080200
10080500
10080800
10081000
10081200
10081500
10081800
10082000
10082200
10082500
10082800
10083000
10083200
10083500
10083800
10084100
10084300
10084500
10084800
10085100
10085300
10085500
10085800
10086100
10086300
10086500
10086800
10087100
10087400
10087600
10087800
10088100
10088400
10088600
10088800
10089100
10089400
10089700
10090000
10090300
10090600
10090800
10091000
10091300
10091600
10091900
10092100
10092300
10092600
10092900
10093200
10093400
10093600
10093900
10094200
10094400
10094600
10094900
10095200
10095400
10095600
10095900
10096200
10096500
10096700
10096900
10097200
10097500
10097700
10097900
10098200
10098400
10098700
10099000
10099200
10099400
10099700
10100000
10100300
10100500
10100700
10101000
10101300
10101500
10101700
10102000
10102300
10102600
10102800
10103000
10103300
10103600
10103800
10104000
10104300
10104600
10104900
10105100
10105300
10105600
10105900
10106100
10106300
10106500
10106800
10107100
10107300
10107500
10107800
10108100
10108300
10108500
10108800
10109100
10109400
10109600
10109800
10110100
10110400
10110600
10110800
10111100
10111400
10111600
10111800
10112100
10112400
10112600
10112800
10113100
10113400
10113700
10113900
10114100
10114400
10114700
10114900
10115100
10115400
10115700
10116000
10116200
10116400
10116700
10117000
10117200
10117400
10117700
10118000
10118300
10118500
10118700
10119000
10119300
10119600
10119800
10120000
10120300
10120600
10120800
10121000
10121300
10121600
10121800
10122000
10122300
10122600
10122900
10123100
10123300
10123600
10123900
10124100
10124300
10124600
10124900
10125100
10125300
10125600
10125900
10126100
10126300
10126600
10126900
10127200
10127400
10127600
10127900
10128200
10128400
10128600
10128900
10129200
10129500
10129700
10129900
10130200
10130500
10130700
10130900
10131200
10131500
10131800
10132000
10132200
10132500
10132800
10133000
10133200
10133400
10133700
10134000
10134300
10134500
10138100
10138400
10138600
10138800
10139100
10139400
10139700
10139900
10140100
10140400
10140700
10140900
10141100
10141400
10141700
10141900
10142100
10142300
10142600
10142900
10143200
10143500
10143800
10144000
10144200
10144500
10144800
10145100
10145300
10145500
10145800
10146100
10146400
10146600
10146800
10147100
10147400
10147600
10147800
10148100
10148400
10148600
10148800
10149000
10149300
10149600
10149800
10150000
10150300
10150600
10150800
10151000
10151300
10151600
10151900
10152100
10152300
10152600
10152900
10153100
10153300
10153500
10153800
10154100
10154300
10154500
10154800
10155100
10155400
10155600
10155800
10156100
10156400
10156700
10156900
10157100
10157400
10157700
10157900
10158100
10158300
10158600
10158900
10159100
10159300
10159600
10159900
10160200
10160400
10160600
10160900
10161200
10161400
10161600
10161900
10162200
10162500
10162700
10162900
10163200
10163500
10163700
10163900
10164200
10164500
10164700
10164900
10165100
10165400
10165700
10165900
10166100
10166400
10166700
10167000
10167200
10167400
10167700
10168000
10168200
10168400
10168600
10168900
10169200
10169400
10169600
10169900
10170200
10170500
10170700
10170900
10171200
10171500
10171800
10172000
10172200
10172500
10172800
10173000
10173200
10173500
10173800
10174100
10174300
10174500
10174800
10175100
10175300
10175500
10175800
10176100
10176400
10176700
10176900
10177100
10177400
10177600
10177800
10178100
10178400
10178600
10178800
10179100
10179400
10179700
10179900
10180100
10180400
10180700
10181000
10181300
10181600
10181900
10182100
10182300
10182600
10182900
10183100
10183400
10183700
10183900
10184100
10184300
10184600
10184900
10185200
10185400
10185600
10185900
10186200
10186500
10186800
10187100
10187400
10187600
10187900
10188200
10188500
10188700
10188900
10189100
10189400
10189700
10190000
10190200
10190400
10190700
10191000
10191200
10191500
10191700
10191900
10192200
10192500
10192800
10193100
10193400
10193700
10194000
10194300
10194600
10194800
10195000
10195200
10195500
10195800
10196100
10196300
10196500
10196800
10197100
10197400
10197600
10197800
10198100
10198400
10198800
10199000
10199300
10199500
10199800
10200100
10200400
10200700
10201000
10201300
10201500
10201700
10201900
10202300
10202500
10202700
10203000
10203400
10203700
10204100
10204300
10204500
10204800
10205100
10205300
10205500
10205800
10206100
10206400
10206600
10206800
10207000
10207200
10207500
10207800
10208000
10208200
10208500
10208800
10209100
10209300
10209500
10209800
10210100
10210400
10210700
10210900
10211100
10211300
10211600
10211900
10212100
10212300
10212600
10212900
10213200
10213400
10213600
10213900
10214200
10214400
10214600
10214900
10215200
10215500
10215800
10216000
10216200
10216400
10216700
10217000
10217200
10217400
10217700
10218000
10218200
10218400
10218700
10219000
10219300
10219600
10219800
10220000
10220300
10220600
10220900
10221100
10221300
10221600
10221900
10222100
10222300
10222500
10222800
10223100
10223300
10223500
10223700
10223900
10224200
10224500
10224800
10225100
10225400
10225600
10225800
10226100
10226400
10226600
10226800
10227000
10227300
10227600
10227800
10228000
10228300
10228600
10228800
10229000
10229200
10229400
10229700
10230000
10230200
10230400
10230700
10231000
10231300
10231500
10231700
10232000
10232300
10232500
10232800
10233100
10233300
10233500
10233700
10234000
10234300
10234500
10234700
10235000
10235300
10235500
10235700
10235900
10236200
10236500
10236800
10237100
10237300
10237500
10237800
10238100
10238400
10238600
10238800
10239100
10239400
10239600
10239800
10240100
10240400
10240700
10240900
10241200
10241500
10241700
10241900
10242100
10242400
10242700
10242900
10243100
10243400
10243700
10243900
10244100
10244400
10244700
10245000
10245300
10245500
10245700
10246000
10246300
10246500
10246700
10246900
10247200
10247500
10247700
10247900
10248200
10248500
10248700
10249000
10249200
10249400
10249700
10250000
10250300
10250500
10250700
10251000
10251300
10251600
10251800
10252000
10252300
10252600
10252800
10253000
10253300
10253600
10253900
10254100
10254300
10254500
10254700
10255000
10255300
10255500
10255700
10256000
10256300
10256500
10256700
10256900
10257200
10257500
10257700
10257900
10258200
10258500
10258800
10259100
10259300
10259500
10259800
10260100
10260300
10260500
10260800
10261100
10261400
10261600
10261800
10262100
10262400
10262700
10263000
10263200
10263400
10263700
10264000
10264300
10264500
10264700
10265000
10265300
10265500
10265700
10266000
10266300
10266600
10266900
10267200
10267400
10267600
10267900
10268200
10268400
10268600
10268900
10269200
10269500
10269700
10269900
10270200
10270500
10270800
10271100
10271300
10271500
10271800
10272100
10272300
10272500
10272800
10273100
10273300
10273600
10273900
10274200
10274500
10274700
10274900
10275200
10275500
10275700
10275900
10276200
10276500
10276800
10277000
10277200
10277500
10277800
10278000
10278300
10278500
10278700
10279000
10279300
10279600
10279800
10280000
10280300
10280600
10280800
10281000
10281200
10281500
10281800
10282100
10282400
10282600
10282800
10283100
10283400
10283600
10283800
10284100
10284400
10284600
10284800
10285000
10285300
10285600
10285800
10286000
10286300
10286600
10286900
10287200
10287400
10287600
10287900
10288200
10288400
10288600
10288900
10289200
10289500
10289700
10289900
10290200
10290500
10290800
10291100
10291300
10291500
10291800
10292100
10292400
10292600
10292800
10293100
10293400
10293600
10293800
10294000
10294200
10294500
10294800
10295100
10295300
10295500
10295800
10296100
10296300
10296500
10296800
10297100
10297400
10297700
10297900
10298100
10298400
10298700
10299000
10299200
10299400
10299700
10300000
10300200
10300400
10300700
10301000
10301200
10301400
10301600
10301800
10302100
10302400
10302600
10302800
10303100
10303400
10303700
10303900
10304100
10304400
10304700
10305000
10305300
10305500
10305700
10306000
10306200
10306400
10306700
10307000
10307200
10307400
10307600
10307900
10308200
10308400
10308600
10308900
10309200
10309500
10309800
10310000
10310200
10310500
10310800
10311100
10311300
10311500
10311800
10312100
10312300
10312500
10312700
10312900
10313200
10313500
10313700
10313900
10314100
10314300
10314600
10314900
10315100
10315300
10315600
10315900
10316200
10316500
10316700
10316900
10317200
10317500
10317800
10318000
10318200
10318500
10318800
10319000
10319200
10319400
10319700
10320000
10320300
10320600
10320800
10321000
10321300
10321600
10321900
10322100
10322300
10322600
10322900
10323100
10323300
10323600
10323900
10324200
10324500
10324700
10324900
10325200
10325500
10325800
10326000
10326200
10326500
10326800
10327000
10327200
10327400
10327700
10328000
10328300
10328500
10328700
10329000
10329300
10329500
10329700
10330000
10330300
10330600
10330800
10331000
10331300
10331600
10331900
10332200
10332400
10332600
10332900
10333200
10333500
10333700
10333900
10334200
10334500
10334800
10335000
10335200
10335400
10335700
10336000
10336300
10336500
10336700
10337000
10337300
10337500
10337700
10338000
10338300
10338600
10338800
10339000
10339300
10339600
10339900
10340200
10340400
10340600
10340900
10341200
10341400
10341600
10341900
10342200
10342400
10342600
10342900
10343200
10343500
10343700
10343900
10344100
10344300
10344600
10344900
10345100
10345300
10345600
10345900
10346200
10346400
10346600
10346900
10347200
10347500
10347800
10348000
10348200
10348500
10348800
10349100
10349300
10349500
10349800
10350100
10350300
10350500
10350700
10351000
10351300
10351500
10351700
10351900
10352100
10352400
10352700
10352900
10353100
10353400
10353700
10353900
10354100
10354400
10354700
10355000
10355200
10355400
10355700
10356000
10356300
10356600
10356800
10357000
10357300
10357600
10357800
10358000
10358300
10358600
10358900
10359100
10359300
10359500
10359700
10360000
10360300
10360500
10360700
10361000
10361300
10361600
10361800
10362000
10362300
10362600
10362900
10363200
10363400
10363600
10363900
10364200
10364500
10364700
10364900
10365200
10365500
10365700
10365900
10366200
10366500
10366800
10367000
10367200
10367400
10367700
10368000
10368300
10368500
10368700
10369000
10369300
10369500
10369700
10370000
10370300
10370500
10370800
10371000
10371200
10371500
10371800
10372100
10372300
10372500
10372800
10373100
10373300
10373500
10373800
10374100
10374400
10374700
10375000
10375300
10375600
10375800
10376100
10376300
10376500
10376800
10377100
10377300
10377500
10377800
10378100
10378400
10378600
10378800
10379100
10379400
10379600
10379800
10380000
10380300
10380600
10380800
10381000
10381300
10381600
10381800
10382000
10382200
10382500
10382800
10383000
10383200
10383500
10383800
10384100
10384300
10384500
10384800
10385100
10385300
10385500
10385700
10386000
10386300
10386500
10386700
10387000
10387300
10387600
10387800
10388000
10388300
10388600
10388800
10389000
10389300
10389600
10389800
10390000
10390300
10390600
10390900
10391100
10391300
10391600
10391900
10392100
10392300
10392600
10392900
10393100
10393300
10393600
10393900
10394200
10394400
10394600
10394900
10395200
10395400
10395600
10395900
10396200
10396500
10396700
10396900
10397200
10397500
10397800
10398000
10398200
10398500
10398800
10399000
10399200
10401700
10401900
10402200
10402500
10402800
10403000
10403200
10403500
10403800
10404000
10404200
10404500
10404800
10405100
10405300
10405500
10405800
10406000
10406300
10406600
10406800
10407000
10407300
10407600
10407900
10408200
10408400
10408700
10408900
10409200
10409500
10409700
10409900
10410200
10410400
10410700
10410900
10411100
10411400
10411700
10412000
10412200
10412400
10412700
10413000
10413300
10413500
10413700
10414000
10414300
10414600
10414800
10415100
10415300
10415600
10415900
10416200
10416500
10416800
10417000
10417300
10417600
10417800
10418000
10418300
10418600
10418900
10419100
10419300
10419600
10419900
10420100
10420300
10420500
10420700
10420900
10421200
10421500
10421800
10422100
10422300
10422600
10422900
10423200
10423500
10423800
10424000
10424200
10424400
10424700
10425000
10425300
10425600
10425900
10426200
10426400
10426600
10426800
10427000
10427300
10427600
10427900
10428100
10428300
10428600
10428900
10429200
10429400
10429600
10429900
10430200
10430500
10430700
10430900
10431200
10431500
10431700
10431900
10432200
10432500
10432800
10433000
10433200
10433500
10433800
10434100
10434300
10434500
10434800
10435100
10435300
10435500
10435800
10436100
10436400
10436600
10436800
10437000
10437300
10437600
10437800
10438000
10438300
10438600
10438900
10439100
10439300
10439600
10439900
10440200
10440400
10440600
10440800
10441100
10441400
10441600
10441800
10442100
10442400
10442700
10442900
10443200
10443400
10443600
10443800
10444100
10444400
10444600
10444800
10445000
10445300
10445600
10445800
10446000
10446300
10446600
10446800
10447000
10447200
10447500
10447800
10448000
10448200
10448500
10448800
10449100
10449300
10449500
10449800
10450100
10450300
10450500
10450700
10451000
10451300
10451600
10451800
10452000
10452300
10452600
10452900
10453100
10453300
10453600
10453900
10454100
10454300
10454500
10454800
10455100
10455400
10455600
10455800
10456100
10456400
10456700
10456900
10457100
10457400
10457700
10458000
10458200
10458400
10458700
10459000
10459200
10459400
10459700
10460000
10460300
10460500
10460700
10461000
10461300
10461600
10461800
10462000
10462300
10462600
10462800
10463000
10463300
10463600
10463900
10464100
10464300
10464600
10464900
10465200
10465400
10465600
10465900
10466200
10466500
10466700
10466900
10467200
10467400
10467600
10467900
10468200
10468400
10468600
10468800
10469100
10469400
10469700
10469900
10470100
10470400
10470700
10471000
10471200
10471400
10471700
10472000
10472300
10472500
10472700
10473000
10473300
10473500
10473700
10474000
10474300
10474600
10474800
10475000
10475300
10475500
10475800
10476100
10476400
10476600
10476800
10477100
10477400
10477600
10477800
10478000
10478300
10478600
10478800
10479000
10479200
10479500
10479800
10480100
10480300
10480500
10480700
10481000
10481300
10481600
10481800
10482000
10482300
10482600
10482900
10483100
10483300
10483600
10483900
10484200
10484400
10484600
10484900
10485200
10485400
10485600
10485800
10486100
10486400
10486700
10486900
10487100
10487400
10487700
10487900
10488100
10488400
10488700
10489000
10489200
10489400
10489700
10490000
10490300
10490500
10490700
10491000
10491300
10491500
10491700
10491900
10492200
10492500
10492700
10492900
10493100
10493400
10493700
10494000
10494200
10494400
10494700
10495000
10495300
10495500
10495700
10496000
10496300
10496600
10496800
10497000
10497300
10497600
10497800
10498000
10498300
10498600
10498900
10499100
10499300
10499600
10499900
10500100
10500300
10500600
10500900
10501100
10501300
10501600
10501900
10502200
10502400
10502600
10502900
10503200
10503400
10503600
10503900
10504200
10504500
10504700
10504900
10505200
10505500
10505700
10505900
10506200
10506500
10506800
10507000
10507200
10507500
10507800
10508400
10508700
10509000
10509300
10509700
10510400
10510800
10511100
10511500
10511800
10512100
10512400
10512600
10512800
10513100
10513400
10513700
10513900
10514100
10514400
10514700
10515000
10515200
10515500
10515800
10516100
10516400
10516700
10517000
10517200
10517400
10517800
10518100
10518400
10518700
10518900
10519200
10519500
10519800
10520100
10520400
10520700
10521000
10521400
10521700
10522000
10522300
10522600
10523000
10523300
10523600
10524000
10524300
10524600
10524800
10525100
10525400
10525700
10525900
10526200
10526500
10526900
10527200
10527600
10527900
10528200
10528500
10528800
10529100
10529400
10529700
10530000
10530300
10530600
10531000
10531300
10531700
10532000
10532300
10532600
10532900
10533200
10533500
10533800
10534000
10534300
10534700
10535000
10535300
10535700
10536000
10536300
10536600
10536900
10537200
10537500
10537800
10538000
10538200
10538500
10538800
10539000
10539200
10539400
10539700
10540000
10540200
10540400
10540700
10541000
10541200
10541400
10541700
10542000
10542300
10542500
10542700
10543000
10543300
10543500
10543700
10544000
10544300
10544500
10544700
10545000
10545300
10545600
10545800
10546000
10546300
10546600
10546800
10547000
10547300
10547600
10547900
10548100
10548300
10548600
10548900
10549100
10549300
10549600
10549900
10550200
10550400
10550600
10550900
10551200
10551500
10551700
10552000
10552200
10552400
10552600
10552800
10553100
10553400
10553600
10553800
10554100
10554400
10554600
10554800
10555100
10555400
10555700
10555900
10556100
10556400
10556700
10556900
10557100
10557400
10557700
10557900
10558100
10558400
10558700
10559000
10559200
10559400
10559700
10560000
10560200
10560400
10560700
10561000
10561300
10561500
10561700
10562000
10562300
10562500
10562700
10562900
10563200
10563500
10563700
10563900
10564200
10564500
10564800
10565000
10565200
10565500
10565800
10566000
10566200
10566500
10566800
10567100
10567300
10567500
10567800
10568100
10568300
10568500
10568800
10569100
10569300
10569500
10569800
10570100
10570300
10570500
10570800
10571100
10571400
10571600
10571800
10572100
10572400
10572600
10572900
10573100
10573300
10573600
10573900
10574200
10574400
10574600
10574900
10575200
10575500
10575700
10575900
10576200
10576500
10576800
10577100
10577400
10577600
10577800
10578100
10578300
10578600
10578900
10579100
10579300
10579500
10579800
10580100
10580300
10580500
10580800
10581100
10581300
10581500
10581800
10582100
10582400
10582600
10582800
10583100
10583400
10583700
10584000
10584300
10584600
10584800
10585000
10585300
10585600
10585800
10586000
10586300
10586600
10586900
10587100
10587300
10587500
10587800
10588100
10588400
10588600
10588800
10589100
10589400
10589600
10589800
10590000
10590300
10590600
10590900
10591100
10591300
10591600
10591900
10592200
10592400
10592600
10592900
10593200
10593500
10593700
10593900
10594100
10594400
10594700
10595000
10595300
10595500
10595700
10596000
10596300
10596500
10596700
10597000
10597300
10597600
10597900
10598100
10598300
10598500
10598800
10599100
10599400
10599600
10599800
10600100
10600400
10600700
10600900
10601100
10601400
10601700
10602000
10602200
10602500
10602800
10603000
10603200
10603400
10603700
10604000
10604200
10604400
10604600
10604900
10605200
10605400
10605600
10605800
10606100
10606400
10606700
10606900
10607100
10607400
10607700
10608000
10608200
10608400
10608700
10608900
10609200
10609500
10609700
10609900
10610200
10610500
10610700
10610900
10611200
10611500
10611800
10612000
10612200
10612400
10612700
10613000
10613200
10613500
10613800
10614000
10614200
10614400
10614700
10615000
10615200
10615400
10615700
10616000
10616300
10616500
10616700
10617000
10617300
10617500
10617700
10618000
10618300
10618500
10618700
10619000
10619300
10619500
10619700
10620000
10620300
10620600
10620800
10621000
10621300
10621600
10621800
10622000
10622300
10622600
10622800
10623000
10623300
10623600
10623900
10624100
10624300
10624600
10624900
10625100
10625300
10625500
10625800
10626100
10626400
10626700
10626900
10627100
10627400
10627700
10628000
10628300
10628500
10628800
10629100
10629300
10629600
10629800
10630000
10630300
10630600
10630900
10631100
10631300
10631500
10631800
10632100
10632300
10632500
10632800
10633100
10633300
10633500
10633800
10634100
10634300
10634500
10634800
10635100
10635400
10635700
10635900
10636100
10636400
10636600
10636800
10637100
10637400
10637700
10637900
10638100
10638400
10638700
10638900
10639100
10639300
10639600
10639900
10640200
10640500
10640800
10641100
10641400
10641700
10642000
10642600
10642900
10643300
10643600
10643900
10644200
10644500
10644800
10645200
10645500
10645800
10646100
10646500
10646800
10647000
10647200
10647400
10647700
10648000
10648200
10648500
10648800
10649100
10649300
10649500
10649800
10650100
10650400
10650600
10650800
10651100
10651400
10651700
10651900
10652100
10652300
10652600
10652900
10653100
10653300
10653500
10653800
10654100
10654300
10654500
10654800
10655100
10655400
10655600
10655800
10656000
10656300
10656600
10656800
10657000
10657300
10657600
10657800
10658000
10658200
10658500
10658800
10659100
10659300
10659500
10659800
10660100
10660300
10660500
10660800
10661100
10661300
10661500
10661800
10662100
10662400
10662700
10662900
10663100
10663400
10663700
10663900
10664100
10664400
10664700
10665000
10665200
10665400
10665600
10665900
10666200
10666400
10666600
10666800
10667100
10667400
10667600
10667800
10668000
10668300
10668600
10672400
10672600
10672800
10673100
10673400
10673700
10673900
10674100
10674400
10674700
10675000
10675200
10675400
10675700
10676000
10676300
10676500
10676800
10677000
10677200
10677500
10677800
10678000
10678200
10678400
10678700
10679000
10679200
10679400
10679600
10679900
10680200
10680500
10680800
10681100
10681300
10681500
10681700
10682000
10682300
10682500
10682700
10682900
10683200
10683500
10683800
10684000
10684200
10684500
10684800
10685100
10685300
10685500
10685800
10686100
10686300
10686500
10686700
10687000
10687300
10687500
10687700
10688000
10688300
10688600
10688900
10689200
10689400
10689600
10689900
10690200
10690500
10690700
10690900
10691200
10691500
10691700
10691900
10692100
10692400
10692700
10692900
10693100
10693400
10693700
10694000
10694300
10694500
10694700
10695000
10695300
10695500
10695700
10695900
10696200
10696500
10696700
10697000
10697300
10697500
10697700
10698000
10698300
10698600
10698800
10699000
10699300
10699600
10699900
10700100
10700300
10700600
10700900
10701200
10701400
10701600
10701900
10702200
10702400
10702600
10702900
10703200
10703500
10703700
10703900
10704200
10704500
10704800
10705000
10705200
10705500
10705800
10706000
10706200
10706400
10706700
10707000
10707200
10707400
10707700
10708000
10708300
10708600
10708800
10709000
10709300
10709600
10709900
10710100
10710300
10710600
10710900
10711200
10711400
10711600
10711800
10712100
10712400
10712600
10712800
10713100
10713400
10713700
10713900
10714100
10714400
10714700
10714900
10715100
10715300
10715600
10715900
10716100
10716300
10716600
10716900
10717200
10717400
10717600
10717900
10718200
10718400
10718600
10718800
10719100
10719400
10719700
10719900
10720100
10720400
10720700
10721000
10721200
10721500
10721700
10721900
10722100
10722400
10722700
10723000
10723200
10723400
10723700
10724000
10724300
10724500
10724700
10725000
10725300
10725500
10725700
10725900
10726200
10726500
10726800
10727000
10727200
10727500
10727800
10728000
10728200
10728500
10728800
10729100
10729300
10729600
10729800
10730000
10730300
10730600
10730900
10731100
10731300
10731600
10731900
10732100
10732300
10732600
10732900
10733200
10733500
10733700
10733900
10734200
10734500
10734700
10734900
10735100
10735400
10735700
10735900
10736100
10736300
10736600
10736900
10737200
10737400
10737700
10737900
10738100
10738400
10738700
10739000
10739200
10739400
10739700
10740000
10740300
10740500
10740700
10740900
10741200
10741500
10741700
10741900
10742200
10742500
10742700
10742900
10743100
10743400
10743700
10744000
10744200
10744400
10744700
10745000
10745200
10745400
10745700
10746000
10746300
10746500
10746700
10746900
10747200
10747500
10747700
10747900
10748200
10748500
10748800
10749000
10749200
10749400
10749700
10750000
10750200
10750400
10750600
10750900
10751200
10751500
10751700
10751900
10752200
10752500
10752800
10753000
10753200
10753500
10753800
10754100
10754300
10754500
10754800
10755100
10755400
10755600
10755800
10756100
10756400
10756600
10756800
10757100
10757400
10757700
10758000
10758200
10758400
10758700
10759000
10759200
10759400
10759700
10760000
10760300
10760500
10760700
10761000
10761300
10761600
10761800
10762100
10762400
10762600
10762800
10763100
10763400
10763700
10763900
10764100
10764400
10764700
10765000
10765200
10765400
10765600
10765900
10766200
10766400
10766600
10766900
10767200
10767500
10767700
10767900
10768200
10768500
10768800
10769000
10769200
10769500
10769800
10770000
10770300
10770500
10770700
10771000
10771300
10771600
10771800
10772000
10772300
10772600
10772900
10773100
10773300
10773600
10773900
10774200
10774400
10774600
10774900
10775200
10775400
10775600
10775800
10776100
10776400
10776700
10776900
10777100
10777400
10777700
10778000
10778200
10778400
10778700
10779000
10779300
10779600
10779800
10780000
10780300
10780600
10780800
10781000
10781200
10781500
10781800
10782000
10782200
10782500
10782800
10783100
10783300
10783500
10783800
10784100
10784400
10784600
10784800
10785100
10785400
10785600
10785800
10786100
10786400
10786700
10786900
10787100
10787300
10787600
10787900
10788100
10788300
10788600
10788900
10789200
10789400
10789600
10789800
10790100
10790400
10790700
10790900
10791100
10791400
10791700
10792000
10792200
10792400
10792700
10793000
10793200
10793400
10793600
10793900
10794200
10794500
10794700
10794900
10795200
10795500
10795700
10795900
10796100
10796400
10796700
10797000
10797200
10797400
10797700
10798000
10798200
10798400
10798700
10799000
10799200
10799400
10799600
10799900
10800200
10800500
10800700
10800900
10801200
10801500
10801700
10801900
10802100
10802400
10802600
10802900
10803200
10803500
10803700
10803900
10804100
10804400
10804700
10804900
10805100
10805300
10805600
10805900
10806100
10806300
10806500
10806800
10807100
10807400
10807600
10807800
10808100
10808400
10808600
10808800
10809000
10809300
10809600
10809800
10810000
10810300
10810600
10810900
10811100
10811300
10811600
10811900
10812200
10812400
10812600
10812900
10813200
10813400
10813600
10813900
10814200
10814500
10814700
10814900
10815100
10815400
10815700
10815900
10816100
10816400
10816700
10817000
10817200
10817400
10817700
10818000
10818300
10818600
10818800
10819000
10819300
10819600
10819900
10820100
10820300
10820600
10820900
10821100
10821300
10821500
10821800
10822100
10822400
10822600
10822800
10823100
10823400
10823600
10823800
10824100
10824400
10824700
10824900
10825100
10825400
10825700
10826000
10826200
10826400
10826700
10827000
10827300
10827500
10827700
10828000
10828300
10828500
10828700
10828900
10829200
10829500
10829800
10830000
10830200
10830500
10830800
10831100
10831300
10831500
10831800
10832100
10832400
10832600
10832800
10833000
10833300
10833600
10833800
10834000
10834300
10834600
10834900
10835200
10835500
10835700
10835900
10836100
10836400
10836700
10836900
10837100
10837400
10837700
10838000
10838200
10838400
10838700
10839000
10839200
10839400
10839600
10839900
10840200
10840400
10840600
10840800
10841100
10841400
10841600
10841800
10842100
10842400
10842700
10842900
10843200
10843400
10843600
10843800
10844100
10844400
10844700
10844900
10845100
10845400
10845700
10846000
10846200
10846400
10846700
10847000
10847200
10847400
10847600
10847900
10848200
10848500
10848700
10848900
10849200
10849500
10849800
10850000
10850300
10850600
10850900
10851200
10851400
10851600
10851900
10852200
10852500
10852700
10852900
10853200
10853500
10853700
10853900
10854100
10854400
10854700
10855000
10855200
10855400
10855700
10856000
10856300
10856500
10856700
10857000
10857300
10857500
10857700
10858000
10858300
10858500
10858700
10859000
10859300
10859500
10859800
10860100
10860300
10860500
10860800
10861100
10861400
10861600
10861800
10862100
10862400
10862600
10862800
10863100
10863400
10863700
10863900
10864100
10864400
10864700
10864900
10865100
10865400
10865700
10865900
10866100
10866300
10866600
10866900
10867100
10867300
10867600
10867900
10868200
10868400
10868600
10868900
10869200
10869400
10869600
10869800
10870100
10870400
10870600
10870800
10871100
10871400
10871700
10871900
10872100
10872400
10872700
10872900
10873100
10873400
10873700
10873900
10874100
10874400
10874700
10874900
10875100
10875300
10875600
10875900
10876100
10876300
10876600
10876900
10877100
10877300
10877600
10877900
10878200
10878400
10878600
10878900
10879200
10879400
10879600
10879900
10880200
10880500
10880700
10880900
10881200
10881500
10881800
10882000
10882200
10882500
10882800
10883000
10883200
10883400
10883700
10883900
10884200
10884500
10884800
10885000
10885200
10885400
10885700
10886000
10886200
10886400
10886700
10887000
10887300
10887500
10887800
10888000
10888200
10888500
10888800
10889000
10889200
10889500
10889800
10890000
10890200
10890400
10890700
10891000
10891200
10891400
10891700
10892000
10892200
10892400
10892700
10892900
10893100
10893400
10893700
10894000
10894200
10894400
10894700
10895000
10895200
10895400
10895700
10896000
10896300
10896600
10896800
10897100
10897300
10897500
10897800
10898100
10898400
10898700
10899000
10899200
10899400
10899700
10900000
10900200
10900400
10900700
10901000
10901300
10901500
10901700
10902000
10902300
10902500
10902700
10903000
10903200
10903400
10903700
10904000
10904300
10904600
10904900
10905100
10905300
10905600
10905900
10906200
10906400
10906600
10906900
10907200
10907400
10907600
10907900
10908200
10908500
10908800
10909100
10909300
10909600
10909900
10910200
10910500
10910800
10911100
10911400
10911800
10912200
10912500
10912900
10913200
10913500
10913700
10913900
10914100
10914400
10914700
10915000
10915200
10915400
10915700
10916000
10916300
10916500
10916700
10917000
10917200
10917500
10917800
10918000
10918200
10918400
10918700
10919000
10919200
10919400
10919700
10920000
10920300
10920500
10920700
10921000
10921300
10921500
10921700
10921900
10922200
10922500
10922700
10922900
10923200
10923500
10923800
10924000
10924200
10924500
10924800
10925000
10925200
10925400
10925700
10926000
10926300
10926500
10926700
10927000
10927300
10927500
10927700
10928000
10928300
10928600
10928800
10929000
10929300
10929600
10929800
10930000
10930300
10930600
10930900
10931100
10931300
10931600
10931900
10932100
10932300
10932500
10932800
10935400
10935700
10936000
10936200
10936400
10936600
10936900
10937200
10938100
10938500
10938800
10939000
10939300
10939600
10939800
10940000
10940200
10940500
10940800
10941100
10941300
10941500
10941700
10942000
10942300
10942500
10942700
10943000
10943300
10943600
10943800
10944000
10944300
10944600
10944800
10945000
10945300
10945600
10945900
10946100
10946300
10946600
10946900
10947200
10947400
10947600
10947900
10948200
10948500
10948700
10948900
10949200
10949500
10949800
10950000
10950200
10950500
10950800
10951100
10951300
10951500
10951800
10952100
10952400
10952600
10952800
10953000
10953300
10953600
10953800
10954000
10954300
10954600
10954900
10955100
10955300
10955600
10955900
10956100
10956300
10956600
10956900
10957200
10957400
10957600
10957900
10958200
10958500
10958700
10958900
10959200
10959500
10959700
10959900
10960200
10960500
10960800
10961000
10961200
10961500
10961800
10962100
10962300
10962500
10962800
10963100
10963400
10963600
10963800
10964100
10964400
10964600
10964800
10965000
10965300
10965600
10965900
10966100
10966300
10966600
10966900
10967200
10967400
10967600
10967900
10968200
10968400
10968600
10968900
10969200
10969500
10969700
10969900
10970200
10970500
10970800
10971000
10971200
10971500
10971800
10972000
10972200
10972500
10972800
10973100
10973300
10973500
10973800
10974100
10974400
10974600
10974800
10975100
10975400
10975600
10975800
10976000
10976300
10976600
10976900
10977100
10977300
10977600
10977900
10978200
10978400
10978600
10978900
10979200
10979400
10979600
10979800
10980100
10980400
10980700
10980900
10981100
10981400
10981700
10981900
10982100
10982300
10982600
10982900
10983100
10983300
10983500
10983800
10984100
10984300
10984500
10984800
10985100
10985400
10985700
10985900
10986100
10986300
10986600
10986900
10987100
10987300
10987600
10987900
10988200
10988400
10988600
10988900
10989200
10989500
10989700
10989900
10990200
10990500
10990700
10990900
10991100
10991400
10991700
10992000
10992200
10992400
10992700
10993000
10993300
10993500
10993700
10994000
10994300
10994500
10994700
10994900
10995200
10995500
10995700
10995900
10996100
10996400
10996700
10996900
10997100
10997400
10997700
10997900
10998100
10998400
10998700
10999000
10999200
10999400
10999700
11000000
11000300
11000500
11000700
11001000
11001300
11001500
11001700
11002000
11002300
11002600
11002800
11003000
11003300
11003600
11003800
11004000
11004200
11004500
11004800
11005100
11005300
11005500
11005800
11006100
11006400
11006600
11006800
11007100
11007400
11007600
11007800
11008000
11008300
11008600
11008900
11009100
11009300
11009600
11009900
11010100
11010300
11010600
11010900
11011200
11011400
11011600
11011900
11012200
11012500
11012700
11012900
11013200
11013500
11013700
11013900
11014200
11014500
11014800
11015000
11015200
11015500
11015800
11016100
11016300
11016500
11016800
11017100
11017400
11017600
11017900
11018100
11018300
11018600
11018900
11019200
11019400
11019600
11019800
11020100
11020400
11020600
11020800
11021100
11021400
11021700
11021900
11022100
11022400
11022700
11022900
11023100
11023300
11023600
11023900
11024200
11024400
11024600
11024900
11025200
11025400
11025600
11025800
11026000
11026300
11026600
11026900
11027100
11027300
11027600
11027900
11028100
11028300
11028600
11028900
11029200
11029400
11029600
11029900
11030200
11030500
11030700
11030900
11031200
11031500
11031800
11032000
11032200
11032500
11032800
11033100
11033300
11033500
11033700
11034000
11034300
11034500
11034700
11035000
11035300
11035600
11035800
11036000
11036300
11036600
11036800
11037000
11037200
11037500
11037800
11038000
11038200
11038400
11038700
11039000
11039200
11039400
11039700
11040000
11040200
11040400
11040600
11040900
11041200
11041400
11041600
11041800
11042000
11042200
11042500
11042800
11043000
11043200
11043500
11043800
11044100
11044300
11044500
11044700
11045000
11045300
11045500
11045700
11046000
11046300
11046600
11046800
11047000
11047200
11047500
11047800
11048000
11048200
11048400
11048700
11049000
11049200
11049400
11049700
11050000
11050200
11050400
11050600
11050900
11051200
11051400
11051600
11051800
11052100
11052400
11052600
11052800
11053100
11053400
11053600
11053800
11054100
11054400
11054700
11054900
11055100
11055400
11055700
11055900
11056100
11056400
11056700
11056900
11057100
11057300
11057500
11057700
11058000
11058300
11058500
11058700
11059000
11059300
11059600
11059800
11060000
11060300
11060600
11060800
11061000
11061200
11061500
11061800
11062000
11062200
11062400
11062700
11063000
11063200
11063400
11063700
11064000
11064200
11064400
11064600
11064900
11065200
11065400
11065600
11065900
11066200
11066400
11066600
11066900
11067200
11067400
11067600
11067900
11068200
11068500
11068700
11068900
11069200
11069500
11069700
11069900
11070200
11070500
11070700
11070900
11071100
11071400
11071700
11071900
11072100
11072400
11072700
11073000
11073200
11073400
11073600
11073900
11074200
11074400
11074600
11074900
11075200
11075500
11075700
11075900
11076200
11076500
11076700
11076900
11077100
11077400
11077700
11077900
11078100
11078400
11078700
11079000
11079200
11079400
11079700
11080000
11080200
11080400
11080700
11081000
11081200
11081500
11081800
11082000
11082200
11082500
11082800
11083000
11083200
11083400
11083700
11084000
11084200
11084500
11084800
11085100
11085300
11085500
11085700
11086000
11086300
11086500
11086700
11087000
11087300
11087600
11087800
11088000
11088300
11088600
11088800
11089000
11089300
11089500
11089800
11090100
11090300
11090500
11090800
11091100
11091400
11091600
11091800
11092100
11092400
11092600
11092800
11093100
11093400
11093700
11093900
11094100
11094400
11094700
11094900
11095100
11095300
11095600
11095900
11096100
11096300
11096600
11096900
11097200
11097400
11097600
11097900
11098200
11098400
11098600
11098900
11099200
11099500
11099700
11099900
11100200
11100500
11100700
11100900
11101200
11101500
11101700
11101900
11102200
11102500
11102700
11102900
11103100
11103400
11103700
11103900
11104100
11104400
11104700
11105000
11105200
11105400
11105700
11105900
11106100
11106400
11106700
11106900
11107100
11107300
11107600
11107900
11108100
11108300
11108600
11108900
11109100
11109400
11109700
11110000
11110200
11110400
11110700
11111000
11111300
11111500
11111700
11112000
11112300
11112500
11112700
11112900
11113100
11113400
11113700
11113900
11114100
11114400
11114700
11114900
11115200
11115500
11115800
11116100
11116400
11116700
11117000
11117200
11117400
11117700
11118000
11118300
11118500
11118700
11118900
11119200
11119500
11119700
11119900
11120200
11120500
11120800
11121000
11121200
11121500
11121800
11122100
11122400
11122700
11123000
11123300
11123600
11123800
11124000
11124300
11124600
11124900
11125100
11125300
11125600
11125900
11126200
11126400
11126600
11126900
11127200
11127500
11127700
11128000
11128200
11128500
11128800
11129100
11129400
11129700
11130100
11130500
11130900
11131300
11131600
11131900
11132300
11132800
11133100
11133400
11133700
11133900
11134100
11134400
11134700
11135000
11135300
11135600
11135800
11136000
11136200
11136400
11136600
11136900
11137200
11137500
11137800
11138000
11138200
11138400
11138600
11138900
11139200
11139500
11139800
11140100
11140300
11140600
11140800
11141000
11141300
11141600
11141900
11142200
11142400
11142700
11142900
11143100
11143400
11143700
11144000
11144300
11144500
11144800
11145000
11145200
11145500
11145800
11146100
11146400
11146600
11146900
11147100
11147300
11147600
11147900
11148200
11148500
11148800
11149100
11149300
11149500
11149700
11150000
11150200
11150500
11150800
11151100
11151400
11151600
11151800
11152100
11152300
11152600
11152900
11153200
11153500
11153800
11154000
11154200
11154400
11154600
11154900
11155200
11155500
11155800
11156000
11156300
11156500
11156700
11157000
11157300
11157600
11157900
11158100
11158400
11158600
11158800
11159100
11159400
11159700
11160000
11160200
11160500
11160700
11160900
11161200
11161500
11161800
11162100
11162300
11162600
11162800
11163000
11163200
11163500
11163700
11164000
11164300
11164600
11164900
11165100
11165300
11165600
11165800
11166100
11166400
11166700
11167000
11167300
11167500
11167800
11168000
11168200
11168500
11168800
11169100
11169400
11169600
11169900
11170100
11170300
11170600
11170900
11171200
11171500
11171700
11172000
11172200
11172400
11172700
11173000
11173300
11173600
11173800
11174100
11174300
11174500
11174800
11175100
11175400
11175700
11175900
11176200
11176400
11176600
11176900
11177200
11177500
11177800
11178100
11178400
11178700
11178900
11179100
11179400
11179600
11179900
11180200
11180500
11180800
11181100
11181300
11181600
11181800
11182000
11182300
11182600
11182900
11183200
11183400
11183700
11183900
11184100
11184400
11184700
11185000
11185300
11185500
11185800
11186000
11186200
11186500
11186800
11187100
11187400
11187600
11187900
11188100
11188300
11188600
11188900
11189200
11189500
11189700
11190000
11190200
11190400
11190700
11191000
11191300
11191600
11191900
11192200
11192500
11192700
11192900
11193200
11193400
11193700
11194000
11194300
11194600
11194900
11195100
11195300
11195500
11195700
11196000
11196300
11196600
11196900
11197100
11197400
11197600
11197800
11198100
11198400
11200900
11201200
11201500
11201700
11201900
11202100
11202400
11202700
11203000
11203300
11203500
11203700
11203900
11204100
11204400
11204700
11205000
11205300
11205500
11205700
11206000
11206300
11206600
11206900
11207200
11207400
11207600
11207900
11208200
11208500
11208800
11209000
11209300
11209500
11209700
11210000
11210300
11210600
11210900
11211100
11211300
11211500
11211800
11212100
11212400
11212700
11212900
11213100
11213400
11213700
11214000
11214300
11214600
11214800
11215000
11215300
11215600
11215900
11216200
11216400
11216600
11216800
11217100
11217400
11217700
11218000
11218200
11218400
11218700
11219000
11219300
11219600
11219900
11220100
11220300
11220600
11220900
11221200
11221500
11221700
11222000
11222200
11222400
11222700
11223000
11223300
11223600
11223800
11224000
11224200
11224400
11224700
11225000
11225300
11225500
11225700
11226000
11226200
11226500
11226800
11227100
11227300
11227500
11227800
11228100
11228400
11228700
11228900
11229100
11229300
11229600
11229900
11230200
11230500
11230800
11231000
11231200
11231400
11231700
11232000
11232300
11232600
11232800
11233000
11233300
11233500
11233800
11234100
11234400
11234700
11234900
11235100
11235400
11235700
11236000
11236300
11236600
11236800
11237000
11237200
11237500
11237800
11238100
11238300
11238600
11238800
11239000
11239300
11239600
11239900
11240200
11240400
11240600
11240800
11241100
11241400
11241700
11242000
11242200
11242400
11242700
11243000
11243300
11243500
11243800
11244000
11244200
11244500
11244800
11245100
11245300
11245500
11245700
11245900
11246200
11246500
11246800
11247100
11247300
11247500
11247800
11248000
11248300
11248600
11248900
11249200
11249400
11249600
11249900
11250200
11250500
11250800
11251100
11251400
11251600
11251800
11252100
11252400
11252700
11253000
11253300
11253500
11253700
11254000
11254300
11254600
11254900
11255100
11255300
11255500
11255800
11256100
11256400
11256700
11256900
11257100
11257400
11257700
11258000
11258300
11258600
11258800
11259000
11259300
11259600
11259900
11260200
11260400
11260700
11260900
11261100
11261400
11261700
11262000
11262300
11262500
11262700
11262900
11263200
11263500
11263800
11264100
11264300
11264500
11264700
11264900
11265200
11265500
11265800
11266100
11266300
11266500
11266800
11267100
11267400
11267700
11268000
11268200
11268400
11268700
11269000
11269300
11269600
11269800
11270000
11270200
11270500
11270800
11271100
11271400
11271600
11271800
11272100
11272400
11272700
11272900
11273200
11273400
11273600
11273900
11274200
11274500
11274800
11275000
11275200
11275400
11275700
11276000
11276300
11276600
11276800
11277000
11277200
11277400
11277700
11278000
11278300
11278600
11278800
11279000
11279300
11279500
11279800
11280100
11280400
11280600
11280800
11281100
11281400
11281700
11282000
11282200
11282500
11282700
11282900
11283200
11283500
11283800
11284000
11284200
11284500
11284700
11285000
11285300
11285600
11285800
11286000
11286200
11286500
11286800
11287100
11287300
11287600
11287800
11288000
11288300
11288600
11288900
11289200
11289400
11289600
11289800
11290100
11290400
11290700
11291000
11291200
11291400
11291600
11291800
11292100
11292400
11292700
11293000
11293300
11293500
11293700
11293900
11294200
11294500
11294800
11295100
11295300
11295500
11295800
11296100
11296400
11296700
11297000
11297200
11297400
11297700
11298000
11298300
11298600
11298800
11299000
11299200
11299500
11299800
11300100
11300400
11300600
11300800
11301100
11301300
11301600
11301900
11302200
11302500
11302700
11302900
11303200
11303400
11303700
11304000
11304300
11304600
11304800
11305000
11305300
11305600
11305900
11306200
11306500
11306700
11306900
11307200
11307500
11307800
11308100
11308300
11308600
11308800
11309000
11309300
11309600
11309900
11310100
11310300
11310600
11310800
11311100
11311400
11311700
11311900
11312100
11312400
11312700
11313000
11313300
11313500
11313700
11313900
11314200
11314500
11314800
11315100
11315300
11315500
11315800
11316000
11316300
11316600
11316900
11317200
11317400
11317600
11317900
11318100
11318400
11318700
11318900
11319200
11319400
11319600
11319900
11320200
11320500
11320800
11321000
11321200
11321400
11321700
11322000
11322300
11322600
11322800
11323000
11323300
11323500
11323800
11324100
11324400
11324700
11324900
11325100
11325400
11325700
11325900
11326100
11326400
11326700
11327000
11327300
11327600
11327800
11328100
11328300
11328500
11328800
11329100
11329400
11329700
11330000
11330300
11330600
11330800
11331000
11331300
11331500
11331800
11332100
11332400
11332700
11332900
11333100
11333400
11333600
11333900
11334200
11334500
11334800
11335000
11335200
11335500
11335700
11336000
11336300
11336600
11336900
11337100
11337300
11337600
11337900
11338200
11338500
11338800
11339100
11339300
11339500
11339800
11340000
11340300
11340600
11340900
11341200
11341500
11341800
11342000
11342300
11342500
11342700
11343000
11343300
11343600
11343900
11344100
11344400
11344600
11344800
11345100
11345400
11345700
11346000
11346300
11346600
11346900
11347100
11347300
11347600
11347900
11348200
11348500
11348800
11349000
11349200
11349500
11349800
11350100
11350400
11350600
11350900
11351100
11351400
11351700
11352000
11352300
11352500
11352700
11353000
11353200
11353500
11353800
11354100
11354300
11354500
11354800
11355100
11355400
11355700
11356000
11356300
11356600
11356800
11357100
11357400
11357600
11357800
11358100
11358300
11358500
11358800
11359100
11359400
11359700
11360000
11360300
11360600
11360900
11361100
11361300
11361600
11361800
11362100
11362400
11362700
11363000
11363200
11363400
11363700
11364000
11364300
11364600
11364800
11365100
11365400
11365600
11365900
11366100
11366300
11366600
11366900
11367200
11367500
11367800
11368100
11368400
11368600
11368800
11369100
11369300
11369700
11369900
11370100
11370600
11371000
11371700
11372100
11372400
11372800
11373200
11373500
11373900
11374200
11374500
11374800
11375100
11375300
11375500
11375700
11376000
11376300
11376500
11376800
11377000
11377200
11377500
11377800
11378000
11378200
11378500
11378800
11379100
11379300
11379500
11379800
11380100
11380400
11380600
11380800
11381100
11381400
11381700
11381900
11382100
11382400
11382700
11383000
11383200
11383400
11383600
11383900
11384200
11384500
11384700
11384900
11385200
11385500
11385800
11386000
11386200
11386500
11386800
11387000
11387200
11387400
11387700
11388000
11388300
11388500
11388700
11389000
11389300
11389500
11389700
11390000
11390300
11390600
11390800
11391000
11391200
11391500
11391800
11392000
11392200
11392500
11392800
11393100
11393300
11393500
11393800
11394100
11394400
11394600
11394800
11395100
11395400
11395700
11395900
11396100
11396400
11396700
11397000
11397200
11397400
11397700
11398000
11398300
11398500
11398700
11398900
11399200
11399500
11399700
11399900
11400100
11400400
11400700
11400900
11401100
11401300
11401600
11401900
11402200
11402400
11402600
11402900
11403200
11403400
11403600
11403900
11404200
11404500
11404700
11404900
11405200
11405500
11405800
11406000
11406200
11406500
11406800
11407000
11407200
11407400
11407700
11408000
11408200
11408400
11408600
11408900
11409200
11409500
11409700
11409900
11410200
11410500
11410800
11411000
11411200
11411500
11411800
11412100
11412300
11412500
11412700
11413000
11413300
11413500
11413700
11413900
11414200
11414500
11414700
11414900
11415100
11415400
11415700
11415900
11416100
11416400
11416700
11417000
11417200
11417400
11417700
11418000
11418200
11418400
11418600
11418900
11419200
11419500
11419700
11419900
11420200
11420500
11420700
11420900
11421200
11421500
11421800
11422000
11422200
11422400
11422700
11423000
11423200
11423400
11423600
11423900
11424200
11424400
11424600
11424800
11425100
11425400
11425700
11425900
11426100
11426400
11426700
11427000
11427200
11427400
11427700
11428000
11428300
11428500
11428700
11429000
11429300
11429600
11429800
11430000
11430300
11430600
11430800
11431000
11431300
11431600
11431900
11432100
11432300
11432600
11432900
11433200
11433400
11433600
11433900
11434200
11434500
11434700
11434900
11435200
11435500
11435700
11435900
11436100
11436400
11436700
11437000
11437200
11437400
11437700
11438000
11438300
11438500
11438700
11439000
11439300
11439600
11439800
11440000
11440200
11440500
11440800
11441000
11441200
11441400
11441700
11442000
11442200
11442400
11442700
11443000
11443300
11443500
11443800
11444000
11444200
11444500
11444800
11445100
11445300
11445500
11445800
11446100
11446300
11446500
11446800
11447100
11447400
11447700
11447900
11448100
11448400
11448700
11448900
11449100
11449300
11449600
11449900
11450100
11450300
11450500
11450800
11451100
11451400
11451600
11451800
11452100
11452400
11452700
11452900
11453100
11453400
11453700
11454000
11454200
11454400
11454600
11454900
11455200
11455400
11455600
11455900
11456100
11456300
11456600
11456900
11457200
11457400
11457600
11457900
11458200
11458500
11458700
11458900
11459200
11459500
11459700
11459900
11460200
11460500
11460800
11461000
11461200
11461400
11461700
11462000
11462200
11462400
11462700
11463000
11463300
11463500
11463700
11464000
11464300
11464600
11464900
11465100
11465300
11465600
11465900
11466200
11466400
11466600
11466900
11467200
11467500
11467700
11470400
11470700
11470900
11471100
11471300
11471600
11471900
11472100
11472300
11472600
11472900
11473200
11473400
11473600
11473800
11474100
11474400
11474700
11475000
11475200
11475400
11475600
11475900
11476200
11476400
11476600
11476800
11477100
11477400
11477700
11477900
11478100
11478400
11478700
11479000
11479200
11479400
11479700
11480000
11480300
11480500
11480700
11480900
11481200
11481500
11481800
11482000
11482200
11482400
11482600
11482900
11483200
11483500
11483700
11483900
11484100
11484400
11484700
11484900
11485100
11485400
11485700
11486000
11486200
11486400
11486700
11487000
11487300
11487500
11487700
11487900
11488200
11488500
11488700
11488900
11489200
11489500
11489800
11490000
11490200
11490500
11490700
11490900
11491200
11491500
11491800
11492000
11492200
11492400
11492700
11493000
11493200
11493400
11493600
11493900
11494200
11494500
11494700
11494900
11495100
11495400
11495700
11495900
11496100
11496300
11496600
11496900
11497100
11497300
11497500
11497800
11498100
11498400
11498600
11498800
11499100
11499400
11499700
11499900
11500100
11500400
11500700
11500900
11501100
11501300
11501600
11501900
11502200
11502400
11502600
11502900
11503200
11503400
11503600
11503800
11504100
11504400
11504600
11504800
11505000
11505300
11505600
11505900
11506100
11506300
11506500
11506700
11506900
11507200
11507500
11507800
11508000
11508200
11508400
11508700
11509000
11509200
11509400
11509600
11509900
11510200
11510400
11510600
11510800
11511100
11511400
11511600
11511800
11512000
11512300
11512600
11512900
11513100
11513300
11513600
11513900
11514100
11514300
11514500
11514800
11515100
11515400
11515600
11515800
11516100
11516400
11516700
11516900
11517100
11517400
11517700
11518000
11518200
11518500
11518700
11518900
11519100
11519400
11519700
11520000
11520200
11520400
11520700
11521000
11521300
11521500
11521700
11522000
11522300
11522600
11522900
11523100
11523300
11523600
11523900
11524200
11524400
11524600
11524900
11525200
11525500
11525700
11525900
11526200
11526500
11526800
11527000
11527200
11527500
11527800
11528100
11528300
11528500
11528800
11529100
11529300
11529500
11529700
11530000
11530300
11530600
11530800
11531000
11531300
11531600
11531900
11532100
11532300
11532600
11532900
11533100
11533300
11533500
11533800
11534100
11534400
11534600
11534900
11535100
11535300
11535600
11535900
11536200
11536400
11536600
11536800
11537100
11537400
11537600
11537800
11538100
11538400
11538700
11538900
11539100
11539400
11539700
11539900
11540100
11540300
11540600
11540900
11541100
11541300
11541500
11541800
11542100
11542300
11542500
11542700
11542900
11543200
11543500
11543800
11544000
11544200
11544400
11544700
11545000
11545200
11545400
11545700
11546000
11546300
11546500
11546700
11547000
11547300
11547600
11547900
11548100
11548300
11548600
11548900
11549200
11549400
11549600
11549900
11550200
11550500
11550700
11551000
11551200
11551400
11551700
11552000
11552300
11552500
11552700
11553000
11553300
11553500
11553700
11554000
11554300
11554600
11554900
11555100
11555300
11555600
11555900
11556100
11556300
11556600
11556900
11557200
11557400
11557600
11557800
11558100
11558400
11558600
11558800
11559100
11559400
11559700
11559900
11560100
11560400
11560700
11561000
11561200
11561500
11561700
11561900
11562200
11562500
11562800
11563000
11563200
11563500
11563800
11564000
11564200
11564500
11564800
11565000
11565200
11565500
11565800
11566100
11566300
11566500
11566800
11567100
11567400
11567700
11568000
11568200
11568400
11568700
11569000
11569200
11569400
11569700
11570000
11570300
11570500
11570700
11571000
11571300
11571600
11571800
11572000
11572300
11572600
11572800
11573000
11573300
11573600
11573900
11574100
11574300
11574600
11574900
11575100
11575300
11575500
11575700
11576000
11576300
11576500
11576700
11577000
11577300
11577600
11577800
11578000
11578300
11578600
11578800
11579000
11579300
11579600
11579800
11580000
11580200
11580500
11580800
11581000
11581200
11581500
11581800
11582000
11582300
11582600
11582800
11583000
11583200
11583500
11583800
11584000
11584200
11584400
11584700
11585000
11585200
11585400
11585700
11586000
11586200
11586400
11586700
11587000
11587300
11587500
11587700
11588000
11588300
11588500
11588700
11589000
11589300
11589600
11589900
11590200
11590400
11590600
11590900
11591200
11591400
11591700
11592000
11592200
11592400
11592700
11593000
11593200
11593400
11593700
11594000
11594300
11594600
11594800
11595000
11595200
11595600
11595900
11596100
11596300
11596500
11596800
11597100
11597400
11597700
11598000
11598200
11598400
11598700
11599000
11599300
11599500
11599700
11600000
11600300
11600500
11600700
11601000
11601300
11601600
11601900
11602300
11602600
11602900
11603200
11603500
11603800
11604000
11604200
11604500
11604800
11605000
11605200
11605400
11605700
11606000
11606200
11606400
11606700
11607000
11607300
11607600
11607800
11608000
11608200
11608400
11608600
11608800
11609200
11609500
11609800
11610200
11610500
11610900
11611300
11611800
11612100
11612300
11612500
11612800
11613100
11613400
11613700
11614000
11614200
11614400
11614600
11614900
11615200
11615400
11615600
11615900
11616200
11616500
11616700
11616900
11617200
11617500
11617700
11617900
11618100
11618400
11618700
11618900
11619100
11619400
11619700
11619900
11620100
11620400
11620700
11621000
11621300
11621500
11621700
11622000
11622300
11622500
11622700
11623000
11623300
11623600
11623800
11624000
11624300
11624600
11624900
11625200
11625400
11625600
11625900
11626200
11626400
11626600
11626800
11627100
11627400
11627600
11627800
11628000
11628300
11628600
11628800
11629000
11629300
11629600
11629900
11630100
11630300
11630600
11630900
11631100
11631300
11631500
11631800
11632100
11632300
11632500
11632800
11633100
11633400
11633600
11633800
11634100
11634400
11634600
11634800
11635000
11635300
11635600
11635900
11636100
11636300
11636600
11636900
11637100
11637300
11637500
11637800
11638100
11638300
11638500
11638700
11639000
11639300
11639600
11639800
11640000
11640300
11640600
11640800
11641000
11641200
11641500
11641800
11642100
11642300
11642500
11642800
11643100
11643300
11643500
11643800
11644100
11644400
11644600
11644800
11645100
11645400
11645700
11645900
11646100
11646400
11646700
11646900
11647100
11647400
11647700
11648000
11648200
11648400
11648700
11649000
11649300
11649500
11649700
11650000
11650300
11650600
11650800
11651000
11651300
11651600
11651900
11652100
11652300
11652600
11652900
11653200
11653400
11653600
11653900
11654200
11654500
11654700
11654900
11655200
11655500
11655800
11656000
11656200
11656500
11656800
11657100
11657300
11657500
11657800
11658100
11658300
11658500
11658800
11659100
11659300
11659500
11659700
11660000
11660300
11660600
11660800
11661000
11661300
11661600
11661800
11662000
11662300
11662600
11662900
11663100
11663300
11663500
11663800
11664100
11664300
11664500
11664800
11665100
11665400
11665600
11665800
11666100
11666400
11666700
11666900
11667100
11667300
11667600
11667900
11668100
11668300
11668500
11668800
11669100
11669300
11669500
11669800
11670100
11670300
11670500
11670700
11671000
11671300
11671500
11671700
11672000
11672300
11672600
11672800
11673000
11673300
11673600
11673800
11674100
11674300
11674500
11674800
11675100
11675400
11675600
11675800
11676100
11676400
11676700
11676900
11677100
11677400
11677700
11678000
11678300
11678500
11678700
11678900
11679200
11679500
11679700
11679900
11680100
11680400
11680700
11680900
11681100
11681400
11681700
11682000
11682300
11682500
11682700
11683000
11683300
11683500
11683700
11684000
11684300
11684600
11684800
11685000
11685300
11685600
11685900
11686100
11686300
11686500
11686800
11687100
11687300
11687500
11687700
11688000
11688300
11688500
11688700
11689000
11689300
11689600
11689800
11690000
11690300
11690600
11690900
11691100
11691300
11691600
11691900
11692200
11692400
11692600
11692800
11693100
11693400
11693600
11693800
11694000
11694300
11694600
11694800
11695000
11695300
11695600
11695900
11696100
11696300
11696500
11696800
11697100
11697300
11697500
11697800
11698100
11698300
11698500
11698700
11699000
11699300
11699500
11699700
11700000
11700300
11700600
11700800
11701000
11701300
11701600
11701800
11702000
11702200
11702500
11702800
11703000
11703200
11703400
11703700
11704000
11704200
11704400
11704600
11704900
11705200
11705400
11705600
11705900
11706200
11706500
11706800
11707000
11707200
11707500
11707800
11708000
11708200
11708400
11708700
11709000
11709200
11709400
11709700
11710000
11710300
11710500
11710700
11710900
11711200
11711500
11711700
11711900
11712200
11712500
11712700
11712900
11713200
11713500
11713800
11714000
11714200
11714500
11714800
11715100
11715300
11715500
11715800
11716100
11716300
11716500
11716700
11717000
11717300
11717600
11717800
11718000
11718200
11718400
11718700
11719000
11719300
11719500
11719700
11720000
11720300
11720600
11720800
11721000
11721200
11721500
11721800
11722000
11722200
11722500
11722800
11723100
11723300
11723500
11723800
11724100
11724400
11724600
11724800
11725100
11725400
11725600
11725800
11726100
11726400
11726700
11726900
11727100
11727400
11727700
11728000
11728200
11728400
11728700
11729000
11729200
11729400
11729700
11730000
11732400
11732600
11732800
11733000
11733200
11733500
11733800
11734100
11734300
11734500
11734800
11735100
11735400
11735600
11735800
11736100
11736400
11736600
11736900
11737200
11737500
11737700
11737900
11738200
11738500
11738700
11738900
11739200
11739500
11739800
11740000
11740200
11740500
11740800
11741100
11741400
11741600
11741800
11742100
11742400
11742700
11742900
11743100
11743400
11743700
11743900
11744100
11744300
11744600
11744900
11745200
11745400
11745600
11745900
11746200
11746400
11746600
11746800
11747100
11747400
11747600
11747800
11748000
11748300
11748600
11748900
11749100
11749300
11749600
11749900
11750200
11750400
11750600
11750900
11751200
11751400
11751600
11751800
11752100
11752400
11752700
11752900
11753100
11753400
11753700
11753900
11754100
11754400
11754700
11754900
11755100
11755300
11755600
11755900
11756100
11756300
11756500
11756700
11756900
11757200
11757500
11757700
11757900
11758200
11758500
11758800
11759100
11759300
11759500
11759800
11760100
11760400
11760600
11760800
11761100
11761400
11761700
11761900
11762100
11762400
11762700
11763000
11763200
11763400
11763700
11764000
11764300
11764500
11764700
11765000
11765300
11765500
11765700
11765900
11766200
11766500
11766700
11766900
11767100
11767400
11767700
11767900
11768100
11768400
11768700
11768900
11769100
11769300
11769600
11769900
11770100
11770300
11770500
11770800
11771100
11771300
11771500
11771800
11772100
11772400
11772600
11772800
11773000
11773300
11773600
11773800
11774000
11774300
11774600
11774900
11775100
11775300
11775600
11775900
11776200
11776500
11776700
11776900
11777200
11777500
11777700
11777900
11778200
11778500
11778800
11779000
11779200
11779500
11779800
11780100
11780300
11780500
11780800
11781100
11781300
11781500
11781700
11782000
11782300
11782500
11782700
11783000
11783300
11783600
11783800
11784000
11784300
11784600
11784900
11785100
11785300
11785600
11785900
11786100
11786300
11786500
11786800
11787100
11787400
11787600
11787800
11788100
11788400
11788700
11788900
11789200
11789400
11789600
11789900
11790200
11790500
11790700
11790900
11791200
11791500
11791800
11792000
11792200
11792500
11792800
11793000
11793200
11793500
11793800
11794100
11794300
11794500
11794800
11795100
11795300
11795500
11795800
11796100
11796400
11796600
11796800
11797100
11797300
11797500
11798100
11799000
11799300
11799600
11799800
11800000
11800300
11800600
11800900
11801100
11801300
11801600
11801900
11802200
11802400
11802600
11802900
11803200
11803400
11803600
11803800
11804100
11804400
11804600
11804800
11805100
11805400
11805600
11805800
11806000
11806300
11806600
11806800
11807000
11807300
11807600
11807900
11808100
11808300
11808600
11808900
11809100
11809300
11809500
11809800
11810100
11810300
11810500
11810700
11811000
11811300
11811500
11811700
11811900
11812200
11812500
11812700
11812900
11813100
11813400
11813700
11813900
11814100
11814400
11814700
11815000
11815200
11815400
11815700
11816000
11816300
11816500
11816700
11817000
11817300
11817500
11817700
11818000
11818300
11818600
11818800
11819000
11819300
11819700
11819900
11820100
11820400
11820700
11820900
11821100
11821400
11821700
11822000
11822300
11822500
11822700
11823000
11823300
11823500
11823800
11824100
11824400
11824600
11824800
11825100
11825400
11825700
11825900
11826100
11826400
11826700
11826900
11827100
11827300
11827600
11827900
11828100
11828300
11828500
11828800
11829100
11829300
11829500
11829800
11830000
11830300
11830600
11830900
11831100
11831300
11831500
11831800
11832100
11832400
11832700
11832900
11833100
11833400
11833700
11833900
11834100
11834400
11834700
11835000
11835200
11835400
11835700
11836000
11836300
11836600
11836900
11837200
11837500
11837800
11838100
11838400
11838600
11838800
11839100
11839400
11839700
11839900
11840100
11840400
11840700
11841000
11841200
11841400
11841700
11842000
11842300
11842600
11842900
11843100
11843400
11843600
11843900
11844200
11844800
11845200
11845500
11845900
11846200
11846500
11846900
11847200
11847400
11847700
11848000
11848200
11848400
11848700
11849000
11849300
11849600
11849800
11850000
11850200
11850500
11850800
11851100
11851400
11851600
11851800
11852000
11852200
11852500
11852800
11853100
11853400
11853600
11853800
11854000
11854300
11854600
11854900
11855200
11855500
11855800
11856000
11856200
11856500
11856700
11857000
11857300
11857500
11857800
11858000
11858200
11858500
11858800
11859100
11859300
11859500
11859800
11860000
11860300
11860600
11860900
11861200
11861400
11861600
11861800
11862000
11862300
11862600
11862900
11863200
11863400
11863600
11863900
11864100
11864400
11864700
11865000
11865300
11865600
11865800
11866100
11866300
11866500
11866800
11867100
11867400
11867700
11867900
11868200
11868400
11868600
11868900
11869200
11869400
11869700
11870000
11870300
11870600
11870800
11871000
11871300
11871500
11871800
11872100
11872400
11872600
11872800
11873100
11873400
11873700
11874000
11874200
11874500
11874700
11874900
11875200
11875500
11875800
11876100
11876300
11876500
11876700
11877000
11877300
11877600
11877900
11878100
11878300
11878600
11878800
11879100
11879400
11879700
11880000
11880200
11880400
11880700
11880900
11881200
11881500
11881800
11882000
11882300
11882600
11882900
11883200
11883400
11883600
11883900
11884200
11884500
11884800
11885100
11885300
11885500
11885800
11886100
11886400
11886700
11886900
11887100
11887300
11887600
11887900
11888200
11888500
11888800
11889000
11889200
11889400
11889700
11890000
11890300
11890600
11890900
11891100
11891300
11891500
11891700
11892000
11892300
11892600
11892900
11893100
11893300
11893600
11893800
11894100
11894400
11894700
11895000
11895200
11895400
11895700
11895900
11896200
11896500
11896800
11897100
11897400
11897600
11897800
11898000
11898300
11898500
11898800
11899100
11899400
11899700
11899900
11900200
11900400
11900600
11900900
11901200
11901500
11901700
11901900
11902200
11902400
11902700
11903000
11903300
11903600
11903800
11904000
11904300
11904600
11904900
11905200
11905500
11905700
11905900
11906200
11906500
11906700
11907000
11907300
11907600
11907900
11908100
11908300
11908600
11908800
11909100
11909400
11909700
11910000
11910200
11910400
11910700
11910900
11911200
11911500
11911800
11912100
11912300
11912500
11912800
11913100
11913400
11913700
11913900
11914100
11914300
11914600
11914900
11915200
11915500
11915800
11916000
11916200
11916400
11916700
11917000
11917200
11917500
11917700
11917900
11918200
11918500
11918800
11919100
11919300
11919600
11919900
11920200
11920400
11920600
11920800
11921100
11921400
11921700
11922000
11922300
11922500
11922700
11922900
11923200
11923500
11923800
11924100
11924300
11924500
11924700
11924900
11925200
11925500
11925800
11926100
11926300
11926500
11926800
11927000
11927300
11927600
11927900
11928100
11928300
11928600
11928900
11929200
11929500
11929700
11930000
11930200
11930400
11930700
11931000
11931300
11931500
11931700
11931900
11932100
11932400
11932700
11933000
11933300
11933500
11933700
11934000
11934200
11934500
11934800
11935100
11935400
11935600
11935800
11936100
11936300
11936600
11936900
11937200
11937500
11937700
11937900
11938200
11938400
11938700
11939000
11939300
11939500
11939700
11939900
11940200
11940500
11940800
11941000
11941300
11941500
11941700
11942000
11942300
11942600
11942900
11943100
11943300
11943500
11943800
11944100
11944400
11944700
11944900
11945100
11945400
11945600
11945900
11946200
11946500
11946800
11947000
11947200
11947500
11947800
11948100
11948400
11948700
11948900
11949100
11949300
11949600
11949900
11950200
11950500
11950800
11951000
11951200
11951500
11951800
11952100
11952400
11952700
11953000
11953200
11953400
11953700
11954000
11954300
11954600
11954800
11955000
11955200
11955400
11955700
11956000
11956300
11956500
11956700
11957000
11957200
11957500
11957800
11958100
11958400
11958600
11958800
11959100
11959400
11959700
11959900
11960200
11960400
11960600
11960900
11961200
11961500
11961800
11962000
11962300
11962500
11962700
11963000
11963300
11963600
11963900
11964100
11964400
11964600
11964800
11965100
11965400
11965700
11966000
11966200
11966500
11966800
11967000
11967200
11967500
11967800
11968100
11968400
11968600
11968800
11969000
11969300
11969500
11969800
11970100
11970400
11970600
11970900
11971100
11971300
11971600
11971900
11972200
11972500
11972800
11973000
11973200
11973400
11973700
11974000
11974300
11974600
11974800
11975000
11975300
11975500
11975800
11976100
11976400
11976700
11976900
11977100
11977400
11977600
11977900
11978200
11978500
11978800
11979000
11979200
11979500
11979800
11980100
11980400
11980700
11980900
11981100
11981300
11981600
11981900
11982200
11982500
11982800
11983000
11983200
11983500
11983800
11984100
11984400
11984700
11985000
11985200
11985400
11985700
11986000
11986300
11986600
11986800
11987000
11987200
11987500
11987800
11988100
11988400
11988600
11988800
11989100
11989300
11989600
11989900
11990200
11990500
11990700
11990900
11991200
11991400
11991700
11992000
11992300
11992600
11992800
11993000
11993300
11993500
11993800
11994100
11994400
11994700
11995000
11995200
11995500
11995700
11995900
11996200
11996500
11996800
11997100
11997300
11997500
11997700
11998000
11998300
11998600
12001100
12001400
12001700
12001900
12002100
12002300
12002500
12002800
12003100
12003300
12003500
12003700
12004000
12004300
12004500
12004700
12005000
12005300
12005600
12005800
12006000
12006300
12006600
12006900
12007100
12007300
12007600
12007900
12008100
12008300
12008600
12008900
12009200
12009500
12009800
12010000
12010200
12010500
12010800
12011000
12011200
12011500
12011800
12012100
12012300
12012500
12012800
12013100
12013300
12013500
12013800
12014100
12014300
12014500
12014800
12015100
12015400
12015600
12015800
12016100
12016400
12016600
12016800
12017100
12017400
12017700
12018000
12018300
12018500
12018700
12019000
12019300
12019600
12019800
12020000
12020300
12020600
12020800
12021000
12021200
12021500
12021800
12022000
12022200
12022500
12022800
12023100
12023300
12023500
12023800
12024100
12024300
12024500
12024800
12025100
12025400
12025600
12025800
12026100
12026400
12026600
12026800
12027100
12027400
12027600
12027800
12028100
12028400
12028700
12028900
12029100
12029400
12029700
12030000
12030200
12030400
12030700
12031000
12031200
12031400
12031600
12031900
12032200
12032500
12032700
12032900
12033200
12033500
12033800
12034000
12034200
12034500
12034800
12035000
12035400
12035600
12035900
12036200
12036500
12036700
12036900
12037200
12037500
12037800
12038000
12038200
12038500
12038800
12039000
12039200
12039500
12039800
12040100
12040300
12040500
12040800
12041100
12041300
12041500
12041800
12042100
12042300
12042600
12042900
12043200
12043400
12043600
12043900
12044200
12044400
12044600
12044800
12045100
12045400
12045600
12045800
12046100
12046400
12046700
12046900
12047100
12047400
12047700
12047900
12048100
12048300
12048600
12048900
12049100
12049300
12049600
12049900
12050100
12050300
12050600
12050900
12051200
12051400
12051600
12051900
12052200
12052400
12052600
12052900
12053200
12053500
12053700
12053900
12054200
12054500
12054700
12054900
12055100
12055400
12055700
12055900
12056100
12056400
12056700
12057000
12057200
12057400
12057700
12058000
12058300
12058600
12058900
12059100
12059300
12059600
12059900
12060200
12060400
12060600
12060900
12061200
12061400
12061600
12061900
12062200
12062500
12062700
12062900
12063200
12063500
12063700
12064000
12064200
12064400
12064700
12065000
12065200
12065400
12065700
12066000
12066300
12066500
12066800
12067000
12067200
12067500
12067800
12068000
12068200
12068500
12068800
12069100
12069300
12069500
12069800
12070100
12070400
12070700
12071000
12071200
12071400
12071600
12071900
12072200
12072400
12072600
12072900
12073200
12073500
12073700
12073900
12074200
12074400
12074700
12075000
12075300
12075500
12075700
12076000
12076300
12076500
12076700
12077000
12077300
12077500
12077700
12078000
12078300
12078600
12078800
12079000
12079300
12079600
12079900
12080200
12080500
12080800
12081000
12081200
12081400
12081700
12082000
12082300
12082600
12082800
12083000
12083300
12083600
12083900
12084200
12084500
12084700
12084900
12085200
12085500
12085800
12086000
12086200
12086500
12086700
12087000
12087300
12087600
12087900
12088200
12088400
12088600
12088800
12089100
12089400
12089600
12089800
12090100
12090400
12090700
12090900
12091100
12091400
12091600
12091800
12092100
12092300
12092700
12093000
12093300
12093600
12094100
12094400
12094700
12095100
12095500
12095900
12096300
12096700
12097000
12097300
12097600
12097800
12098000
12098300
12098600
12098900
12099100
12099300
12099500
12099800
12100100
12100300
12100500
12100700
12101000
12101300
12101600
12101800
12102000
12102300
12102600
12102900
12103100
12103300
12103600
12103900
12104100
12104300
12104600
12104900
12105200
12105400
12105600
12105900
12106200
12106400
12106600
12106900
12107200
12107500
12107700
12107900
12108200
12108500
12108700
12108900
12109200
12109500
12109800
12110000
12110200
12110500
12110800
12111100
12111300
12111500
12111800
12112100
12112400
12112600
12112800
12113100
12113400
12113700
12113900
12114100
12114400
12114700
12115000
12115200
12115400
12115700
12116000
12116300
12116500
12116700
12117000
12117300
12117600
12117800
12118000
12118300
12118600
12118800
12119000
12119300
12119600
12119900
12120100
12120300
12120600
12120900
12121100
12121300
12121600
12121900
12122200
12122400
12122600
12122900
12123200
12123500
12123700
12123900
12124200
12124500
12124700
12124900
12125100
12125400
12125700
12125900
12126100
12126300
12126600
12126900
12127100
12127300
12127500
12127800
12128100
12128300
12128500
12128800
12129100
12129400
12129600
12129800
12130100
12130400
12130700
12130900
12131100
12131400
12131700
12132000
12132200
12132400
12132700
12133000
12133200
12133400
12133700
12134000
12134300
12134500
12134700
12135000
12135300
12135500
12135700
12135900
12136200
12136500
12136700
12136900
12137200
12137500
12137800
12138000
12138200
12138500
12138800
12139100
12139300
12139500
12139800
12140100
12140400
12140600
12140800
12141100
12141400
12141700
12141900
12142100
12142400
12142700
12142900
12143100
12143300
12143600
12143900
12144100
12144300
12144600
12144900
12145200
12145400
12145600
12145900
12146200
12146500
12146700
12146900
12147200
12147500
12147700
12147900
12148100
12148400
12148700
12148900
12149100
12149400
12149700
12150000
12150200
12150400
12150700
12151000
12151300
12151500
12151700
12152000
12152300
12152600
12152800
12153000
12153300
12153600
12153900
12154100
12154300
12154600
12154900
12155200
12155400
12155600
12155900
12156200
12156500
12156700
12156900
12157200
12157500
12157800
12158000
12158300
12158500
12158700
12159000
12159300
12159500
12159700
12160000
12160300
12160600
12160800
12161000
12161300
12161600
12161800
12162000
12162300
12162600
12162900
12163100
12163300
12163600
12163900
12164100
12164300
12164500
12164800
12165100
12165300
12165500
12165700
12166000
12166300
12166600
12166800
12167000
12167300
12167600
12167900
12168100
12168300
12168600
12168900
12169200
12169400
12169600
12169900
12170200
12170400
12170600
12170800
12171100
12171400
12171600
12171800
12172100
12172400
12172700
12172900
12173100
12173400
12173700
12173900
12174100
12174400
12174700
12175000
12175200
12175400
12175700
12176000
12176200
12176400
12176700
12177000
12177300
12177500
12177700
12178000
12178300
12178600
12178800
12179000
12179300
12179600
12179900
12180100
12180300
12180600
12180900
12181200
12181400
12181600
12181900
12182200
12182500
12182700
12182900
12183200
12183500
12183800
12184000
12184200
12184500
12184800
12185100
12185300
12185500
12185800
12186100
12186300
12186500
12186800
12187100
12187400
12187600
12187800
12188100
12188400
12188600
12188800
12189100
12189400
12189700
12189900
12190100
12190400
12190700
12190900
12191100
12191400
12191700
12192000
12192200
12192400
12192700
12193000
12193300
12193500
12193700
12194000
12194300
12194600
12194800
12195000
12195300
12195600
12195900
12196100
12196300
12196500
12196800
12197100
12197300
12197500
12197800
12198100
12198400
12198600
12198800
12199100
12199300
12199500
12199800
12200100
12200400
12200600
12200800
12201100
12201400
12201600
12201800
12202100
12202400
12202700
12202900
12203100
12203400
12203700
12203900
12204100
12204400
12204700
12205000
12205200
12205400
12205700
12206000
12206300
12206500
12206700
12207000
12207300
12207600
12207800
12208000
12208300
12208600
12208900
12209100
12209300
12209600
12209900
12210200
12210400
12210600
12210900
12211200
12211400
12211600
12211800
12212100
12212400
12212600
12212800
12213100
12213400
12213700
12213900
12214100
12214400
12214700
12214900
12215100
12215400
12215700
12216000
12216200
12216400
12216700
12217000
12217200
12217400
12217700
12218000
12218300
12218500
12218700
12219000
12219300
12219600
12219900
12220200
12220400
12220600
12220900
12221200
12221500
12221700
12221900
12222200
12222500
12222800
12223000
12223200
12223500
12223800
12224100
12224300
12224500
12224800
12225100
12225400
12225600
12225800
12226100
12226400
12226600
12226800
12227100
12227400
12227700
12227900
12228100
12228400
12228700
12228900
12229100
12229400
12229700
12230000
12230200
12230400
12230700
12231000
12231200
12231400
12231600
12231800
12232000
12232300
12232600
12232900
12233100
12233300
12233600
12233900
12234100
12234300
12234500
12234800
12235100
12235300
12235500
12236000
12236900
12237400
12237700
12238000
12238200
12238400
12238700
12239000
12239300
12239500
12239700
12240000
12240300
12240500
12240700
12240900
12241200
12241500
12241700
12241900
12242100
12242400
12242700
12242900
12243100
12243400
12243700
12243900
12244100
12244400
12244700
12245000
12245200
12245400
12245700
12246000
12246300
12246500
12246700
12247000
12247300
12247500
12247700
12247900
12248200
12248500
12248800
12249000
12249200
12249500
12249800
12250100
12250300
12250500
12250800
12251100
12251400
12251600
12251800
12252100
12252400
12252600
12252800
12253100
12253400
12253700
12253900
12254100
12254400
12254700
12255000
12255200
12255400
12255700
12256000
12256200
12256400
12256700
12257000
12257200
12257400
12257700
12258000
12258300
12258500
12258700
12259000
12259300
12259600
12259800
12260000
12260300
12260600
12260800
12261000
12261300
12261600
12261900
12262200
12262400
12262600
12262900
12263200
12263400
12263600
12263900
12264200
12264500
12264700
12264900
12267400
12267700
12267900
12268100
12268400
12268700
12268900
12269100
12269400
12269700
12270000
12270200
12270400
12270700
12271000
12271200
12271400
12271700
12272000
12272200
12272500
12272800
12273100
12273300
12273500
12273700
12274000
12274300
12274600
12274900
12275100
12275300
12275600
12275800
12276000
12276300
12276600
12276800
12277000
12277300
12277600
12277900
12278200
12278400
12278600
12278900
12279200
12279400
12279600
12279800
12280100
12280400
12280600
12280800
12281000
12281300
12281600
12281800
12282000
12282200
12282500
12282800
12283000
12283200
12283500
12283700
12284000
12284300
12284600
12284900
12285100
12285300
12285600
12285900
12286100
12286300
12286500
12286800
12287100
12287300
12287600
12287800
12288000
12288300
12288600
12288800
12289000
12289200
12289500
12289800
12290000
12290200
12290500
12290800
12291100
12291400
12291600
12291800
12292100
12292400
12292600
12292800
12293100
12293400
12293700
12293900
12294100
12294300
12294600
12294900
12295100
12295300
12295600
12295900
12296200
12296400
12296600
12296900
12297200
12297500
12297700
12297900
12298100
12298400
12298700
12298900
12299100
12299400
12299700
12300000
12300200
12300400
12300600
12300900
12301200
12301500
12301700
12301900
12302200
12302500
12302800
12303000
12303200
12303500
12303800
12304100
12304400
12304600
12304800
12305100
12305400
12305600
12305800
12306100
12306400
12306600
12306800
12307000
12307300
12307600
12307900
12308200
12308500
12308700
12308900
12309200
12309500
12309800
12310100
12310400
12310600
12310800
12311000
12311300
12311600
12311900
12312100
12312300
12312600
12312900
12313100
12313300
12313500
12313800
12314100
12314400
12314600
12314800
12315000
12315200
12315400
12315700
12316000
12316200
12316400
12316600
12316800
12317100
12317400
12317700
12318000
12318300
12318500
12318700
12319000
12319300
12319600
12319900
12320100
12320300
12320600
12320900
12321200
12321500
12321700
12321900
12322200
12322500
12322700
12322900
12323200
12323500
12323800
12324100
12324400
12324600
12324800
12325100
12325400
12325600
12325800
12326100
12326400
12326600
12326800
12327000
12327300
12327600
12327800
12328000
12328200
12328400
12328600
12328900
12329100
12329400
12329700
12329900
12330100
12330600
12330900
12331200
12331600
12332000
12332400
12332800
12333200
12333500
12333700
12334000
12334300
12334500
12334700
12334900
12335100
12335400
12335700
12335900
12336200
12336400
12336600
12336900
12337200
12337500
12337700
12337900
12338200
12338500
12338700
12338900
12339100
12339300
12339600
12339900
12340100
12340300
12340500
12340800
12341100
12341300
12341500
12341700
12342000
12342300
12342600
12342800
12343000
12343200
12343500
12343800
12344000
12344200
12344500
12344800
12345100
12345300
12345500
12345700
12346000
12346300
12346600
12346800
12347000
12347300
12347600
12347800
12348000
12348200
12348500
12348800
12349100
12349300
12349500
12349800
12350100
12350400
12350600
12350800
12351100
12351400
12351600
12351800
12352100
12352300
12352600
12352900
12353100
12353300
12353600
12353900
12354200
12354400
12354600
12354900
12355200
12355500
12355800
12356000
12356200
12356500
12356800
12357100
12357300
12357500
12357800
12358100
12358300
12358500
12358700
12358900
12359200
12359500
12359700
12359900
12360200
12360500
12360800
12361000
12361200
12361500
12361800
12362000
12362200
12362500
12362800
12363000
12363200
12363500
12363800
12364100
12364300
12364500
12364800
12365100
12365300
12365500
12365800
12366100
12366300
12366500
12366700
12367000
12367300
12367500
12367700
12368000
12368300
12368600
12368800
12369000
12369300
12369600
12369800
12370000
12370300
12370600
12370900
12371100
12371300
12371600
12371900
12372100
12372300
12372600
12372900
12373200
12373400
12373600
12373900
12374200
12374400
12374600
12374900
12375200
12375400
12375600
12375900
12376200
12376400
12376600
12376800
12377100
12377400
12377600
12377800
12378100
12378400
12378600
12378800
12379100
12379400
12379700
12379900
12380100
12380400
12380700
12380900
12381100
12381400
12381700
12382000
12382300
12382500
12382700
12383000
12383300
12383600
12383800
12384000
12384300
12384600
12384900
12385100
12385300
12385600
12385900
12386100
12386300
12386600
12386900
12387100
12387300
12387500
12387800
12388100
12388400
12388600
12388800
12389100
12389400
12389600
12389800
12390100
12390400
12390700
12390900
12391100
12391400
12391700
12391900
12392100
12392400
12392700
12392900
12393100
12393400
12393700
12394000
12394200
12394400
12394700
12395000
12395300
12395500
12395700
12396000
12396300
12396600
12396800
12397000
12397300
12397600
12397800
12398000
12398300
12398600
12398900
12399100
12399300
12399600
12399900
12400100
12400300
12400600
12400900
12401100
12401300
12401600
12401900
12402200
12402400
12402600
12402900
12403200
12403400
12403600
12403900
12404200
12404400
12404600
12404900
12405200
12405500
12405700
12405900
12406100
12406400
12406700
12406900
12407100
12407400
12407700
12408000
12408200
12408400
12408700
12409000
12409200
12409400
12409600
12409900
12410200
12410400
12410600
12410900
12411200
12411500
12411700
12411900
12412200
12412500
12412700
12412900
12413200
12413500
12413800
12414000
12414200
12414400
12414700
12415000
12415200
12415400
12415700
12416000
12416300
12416500
12416700
12417000
12417300
12417500
12417700
12418000
12418300
12418500
12418700
12419000
12419300
12419500
12419700
12420000
12420300
12420600
12420800
12421000
12421300
12421600
12421800
12422000
12422200
12422500
12422800
12423000
12423200
12423500
12423800
12424100
12424300
12424500
12424800
12425100
12425300
12425500
12425800
12426100
12426400
12426600
12426800
12427100
12427400
12427700
12427900
12428100
12428400
12428700
12428900
12429100
12429400
12429700
12429900
12430100
12430400
12430700
12430900
12431100
12431400
12431700
12432000
12432200
12432400
12432700
12433000
12433200
12433400
12433700
12434000
12434200
12434400
12434600
12434900
12435200
12435400
12435600
12435900
12436200
12436500
12436700
12436900
12437200
12437500
12437700
12437900
12438200
12438500
12438800
12439100
12439300
12439500
12439800
12440100
12440300
12440500
12440800
12441100
12441400
12441700
12441900
12442100
12442400
12442700
12443000
12443200
12443400
12443700
12444000
12444200
12444400
12444700
12445000
12445200
12445400
12445700
12446000
12446200
12446400
12446600
12446800
12447100
12447400
12447700
12447900
12448100
12448400
12448700
12448900
12449100
12449400
12449700
12450000
12450200
12450400
12450700
12451000
12451300
12451500
12451700
12452000
12452300
12452500
12452700
12453000
12453300
12453600
12453800
12454000
12454300
12454600
12454800
12455000
12455300
12455600
12455800
12456000
12456300
12456600
12456900
12457100
12457300
12457600
12457900
12458100
12458300
12458600
12458900
12459100
12459300
12459600
12459900
12460200
12460400
12460600
12460900
12461200
12461400
12461600
12461900
12462200
12462500
12462700
12463000
12463200
12463400
12463700
12464000
12464200
12464400
12464700
12465000
12465300
12465500
12465700
12466000
12466300
12466500
12466700
12466900
12467100
12467300
12467500
12467800
12468100
12468400
12468600
12468800
12469100
12469400
12469700
12469900
12470100
12470400
12470700
12470900
12471100
12471400
12471700
12471900
12472100
12472400
12472700
12473000
12473200
12473400
12473700
12474000
12474200
12474400
12474700
12474900
12475200
12475500
12475700
12475900
12476200
12476500
12476800
12477000
12477200
12477500
12477800
12478000
12478200
12478500
12478800
12479100
12479300
12479500
12479800
12480100
12480300
12480500
12480800
12481100
12481400
12481600
12481800
12482100
12482400
12482600
12482800
12483100
12483400
12483600
12483800
12484100
12484400
12484700
12484900
12485100
12485400
12485700
12485900
12486100
12486400
12486700
12486900
12487100
12487400
12487700
12487900
12488100
12488300
12488600
12488900
12489100
12489300
12489600
12489900
12490200
12490500
12490700
12490900
12491200
12491500
12491700
12491900
12492200
12492500
12492800
12493000
12493200
12493500
12493800
12494100
12494300
12494500
12494800
12495100
12495300
12495500
12495800
12496100
12496300
12496500
12496800
12497100
12497400
12497700
12497900
12498100
12498400
12498700
12498900
12499100
12499300
12499600
12499900
12500100
12500300
12500600
12500900
12501200
12501400
12501600
12501900
12502200
12502500
12502700
12502900
12503100
12503300
12503600
12503900
12504300
12504600
12504900
12505300
12505700
12506000
12506300
12506600
12506900
12507200
12507600
12507900
12508300
12508700
12509100
12509500
12509900
12510300
12510700
12511100
12511500
12511900
12512300
12512600
12512900
12513200
12513500
12513900
12514200
12514500
12514800
12515200
12515500
12515800
12516200
12516600
12517000
12517300
12517600
12517900
12518300
12518700
12519100
12519500
12519900
12520300
12520700
12521000
12521300
12521700
12522000
12522300
12522500
12522800
12523000
12523300
12523600
12523900
12524200
12524400
12524600
12524800
12525100
12525400
12525600
12525800
12526000
12526300
12526600
12526800
12527000
12527200
12527500
12527800
12528000
12528200
12528500
12528800
12529100
12529300
12529500
12529800
12530100
12530400
12530700
12531000
12531200
12531600
12531900
12532200
12532400
12532700
12536300
12536600
12536900
12537100
12537300
12537600
12537900
12538100
12538300
12538500
12538800
12539100
12539300
12539500
12539800
12540100
12540400
12540600
12540800
12541100
12541400
12541600
12541800
12542100
12542400
12542700
12542900
12543100
12543400
12543700
12544000
12544200
12544400
12544700
12545000
12545300
12545500
12545700
12546000
12546300
12546500
12546700
12547000
12547300
12547600
12547800
12548000
12548300
12548600
12548800
12549000
12549300
12549600
12549800
12550000
12550200
12550500
12550800
12551000
12551200
12551500
12551800
12552000
12552200
12552500
12552800
12553100
12553300
12553500
12553800
12554100
12554300
12554500
12554800
12555100
12555400
12555600
12555800
12556100
12556400
12556700
12556900
12557100
12557400
12557700
12557900
12558100
12558400
12558700
12559000
12559200
12559400
12559700
12560000
12560300
12560500
12560700
12561000
12561300
12561500
12561700
12562000
12562300
12562500
12562700
12562900
12563200
12563500
12563700
12563900
12564200
12564500
12564700
12564900
12565100
12565400
12565700
12566000
12566200
12566400
12566700
12567000
12567300
12567500
12567700
12568000
12568300
12568600
12568800
12569000
12569300
12569600
12569900
12570100
12570300
12570600
12570900
12571200
12571400
12571600
12571900
12572200
12572400
12572600
12572800
12573100
12573400
12573600
12573800
12574100
12574400
12574700
12574900
12575100
12575400
12575700
12575900
12576100
12576400
12576700
12577000
12577200
12577400
12577700
12578000
12578200
12578400
12578700
12579000
12579300
12579500
12579700
12580000
12580300
12580500
12580700
12581000
12581300
12581600
12581800
12582000
12582300
12582600
12582900
12583100
12583300
12583600
12583900
12584200
12584400
12584600
12584900
12585200
12585400
12585700
12586000
12586200
12586400
12586600
12586900
12587200
12587500
12587700
12587900
12588200
12588500
12588700
12588900
12589100
12589400
12589700
12590000
12590200
12590400
12590700
12591000
12591200
12591400
12591700
12592000
12592300
12592500
12592700
12593000
12593300
12593600
12593800
12594000
12594300
12594600
12594900
12595100
12595300
12595600
12595900
12596200
12596400
12596600
12596800
12597100
12597400
12597700
12597900
12598100
12598400
12598700
12599000
12599200
12599400
12599700
12600000
12600300
12600500
12600700
12600900
12601200
12601500
12601700
12601900
12602200
12602500
12602800
12603000
12603200
12603400
12603700
12604000
12604200
12604400
12604700
12605000
12605300
12605500
12605700
12606000
12606300
12606600
12606800
12607000
12607300
12607600
12607900
12608100
12608300
12608600
12608900
12609200
12609400
12609600
12609900
12610100
12610300
12610600
12610900
12611200
12611400
12611600
12611900
12612200
12612500
12612700
12612900
12613100
12613400
12613700
12613900
12614100
12614300
12614600
12614900
12615100
12615300
12615500
12615800
12616100
12616400
12616600
12616800
12617100
12617400
12617600
12617900
12618200
12618400
12618600
12618900
12619200
12619400
12619600
12619800
12620100
12620400
12620600
12620800
12621000
12621300
12621600
12621800
12622000
12622300
12622600
12622900
12623200
12623400
12623600
12623900
12624200
12624500
12624700
12624900
12625200
12625500
12625800
12626000
12626200
12626400
12626700
12627000
12627200
12627400
12627600
12627900
12628200
12628400
12628600
12628900
12629200
12629500
12629800
12630000
12630200
12630500
12630800
12631000
12631200
12631500
12631800
12632100
12632300
12632500
12632800
12633100
12633400
12633600
12633800
12634100
12634400
12634700
12634900
12635100
12635400
12635700
12635900
12636100
12636300
12636600
12636900
12637200
12637400
12637600
12637900
12638200
12638500
12638700
12638900
12639200
12639500
12639800
12640100
12640300
12640500
12640800
12641100
12641400
12641600
12641800
12642100
12642400
12642700
12642900
12643100
12643400
12643700
12644000
12644200
12644400
12644700
12645000
12645300
12645500
12645700
12646000
12646300
12646600
12646800
12647000
12647300
12647600
12647800
12648000
12648200
12648500
12648800
12649000
12649200
12649500
12649800
12650100
12650400
12650700
12651000
12651200
12651400
12651700
12652000
12652300
12652500
12652700
12653000
12653300
12653600
12653900
12654100
12654300
12654600
12654900
12655200
12655400
12655600
12655900
12656200
12656400
12656600
12656800
12657100
12657400
12657700
12657900
12658100
12658400
12658700
12659000
12659300
12659600
12659800
12660000
12660300
12660600
12660900
12661100
12661300
12661600
12661900
12662200
12662400
12662600
12662900
12663200
12663500
12663700
12663900
12664200
12664500
12664800
12665000
12665200
12665500
12665800
12666100
12666300
12666700
12667000
12667300
12667500
12667700
12667900
12668200
12668500
12668700
12668900
12669100
12669400
12669700
12669900
12670100
12670400
12670700
12671000
12671200
12671400
12671700
12672000
12672200
12672400
12672700
12673000
12673300
12673500
12673700
12674000
12674300
12674500
12674700
12675000
12675300
12675600
12675900
12676200
12676400
12676600
12676900
12677200
12677500
12677700
12677900
12678200
12678500
12678800
12679000
12679200
12679500
12679800
12680100
12680300
12680500
12680800
12681100
12681400
12681600
12681800
12682100
12682400
12682600
12682800
12683100
12683400
12683700
12683900
12684100
12684400
12684700
12684900
12685100
12685300
12685600
12685900
12686100
12686300
12686600
12686900
12687100
12687300
12687600
12687900
12688200
12688500
12688700
12688900
12689200
12689500
12689700
12689900
12690200
12690500
12690800
12691000
12691200
12691500
12691800
12692100
12692300
12692500
12692800
12693100
12693400
12693600
12693800
12694100
12694400
12694600
12694800
12695000
12695300
12695600
12695800
12696000
12696300
12696600
12696900
12697100
12697300
12697600
12697900
12698100
12698300
12698500
12698800
12699100
12699300
12699500
12699800
12700000
12700300
12700600
12700800
12701000
12701300
12701600
12701900
12702100
12702300
12702600
12702900
12703100
12703300
12703500
12703800
12704100
12704300
12704500
12704700
12705000
12705300
12705600
12705800
12706000
12706300
12706600
12706800
12707000
12707200
12707500
12707800
12708100
12708400
12708700
12708900
12709100
12709400
12709700
12710000
12710200
12710400
12710700
12711000
12711200
12711400
12711700
12712000
12712300
12712500
12712700
12713000
12713300
12713500
12713700
12714000
12714300
12714600
12714800
12715000
12715300
12715600
12715800
12716000
12716300
12716600
12716900
12717100
12717300
12717600
12717900
12718100
12718300
12718500
12718800
12719100
12719300
12719500
12719800
12720100
12720400
12720600
12720800
12721000
12721300
12721600
12721900
12722100
12722300
12722600
12722900
12723100
12723300
12723500
12723800
12724100
12724300
12724500
12724800
12725100
12725400
12725600
12725800
12726100
12726400
12726600
12726800
12727100
12727400
12727700
12727900
12728100
12728400
12728700
12728900
12729100
12729400
12729700
12730000
12730200
12730400
12730700
12731000
12731200
12731400
12731600
12731900
12732200
12732400
12732600
12732900
12733200
12733500
12733700
12733900
12734200
12734500
12734800
12735000
12735200
12735500
12735800
12736100
12736300
12736500
12736800
12737100
12737300
12737500
12737700
12738000
12738300
12738600
12738800
12739000
12739300
12739600
12739800
12740000
12740300
12740600
12740900
12741100
12741300
12741600
12741900
12742200
12742400
12742600
12742900
12743200
12743400
12743600
12743800
12744100
12744400
12744700
12745000
12745300
12745500
12745700
12746000
12746300
12746600
12746800
12747000
12747300
12747600
12747900
12748100
12748300
12748600
12748900
12749100
12749300
12749600
12749900
12750200
12750400
12750600
12750900
12751200
12751400
12751600
12751900
12752200
12752500
12752700
12752900
12753200
12753500
12753800
12754000
12754200
12754500
12754800
12755100
12755300
12755500
12755800
12756100
12756400
12756600
12756800
12757100
12757400
12757700
12757900
12758100
12758400
12758700
12759000
12759200
12759400
12759700
12760000
12760200
12760400
12760700
12761000
12761300
12761500
12761700
12762000
12762300
12762600
12762800
12763000
12763300
12763600
12763800
12764000
12764300
12764600
12764900
12765100
12765300
12765600
12765900
12766100
12766300
12766500
12766800
12767100
12767300
12767500
12767800
12768100
12768400
12768600
12768800
12769100
12769400
12769700
12770100
12770400
12770700
12770900
12771100
12771300
12771600
12771900
12772100
12772300
12772500
12772800
12773100
12773300
12773500
12773800
12774000
12774200
12774500
12774800
12775100
12775300
12775500
12775800
12776100
12776300
12776500
12776800
12777100
12777400
12777600
12777800
12778100
12778400
12778700
12778900
12779100
12779400
12779600
12779800
12780000
12780200
12780500
12780800
12781100
12781400
12781600
12781900
12782200
12782400
12782600
12782800
12783100
12783400
12783700
12783900
12784100
12784400
12784700
12785000
12785200
12785400
12785600
12785900
12786200
12786400
12786700
12786900
12787200
12787400
12787700
12788000
12788300
12788500
12788700
12788900
12789200
12789500
12789700
12789900
12790100
12790400
12790700
12791000
12791200
12791400
12791700
12792000
12792300
12792600
12792800
12793100
12793500
12793800
12794000
12794200
12794500
12794800
12795000
12795200
12795400
12795700
12795900
12796200
12796500
12796800
12797200
12797500
12797800
12800300
12800600
12800900
12801200
12801400
12801600
12801900
12802200
12802500
12802700
12802900
12803200
12803500
12803800
12804000
12804200
12804500
12804700
12804900
12805200
12805500
12805700
12805900
12806200
12806500
12806700
12806900
12807100
12807400
12807700
12808000
12808200
12808400
12808700
12809000
12809200
12809400
12809600
12809900
12810200
12810500
12810700
12810900
12811200
12811500
12811800
12812000
12812200
12812500
12812800
12813100
12813400
12813600
12813800
12814000
12814300
12814600
12814800
12815000
12815200
12815500
12815800
12816000
12816200
12816500
12816800
12817100
12817400
12817600
12817800
12818100
12818400
12818600
12818800
12819100
12819400
12819700
12819900
12820100
12820400
12820700
12821000
12821300
12821600
12821800
12822000
12822300
12822600
12822800
12823000
12823300
12823600
12823900
12824200
12824400
12824600
12824900
12825200
12825500
12825700
12825900
12826200
12826500
12826800
12827000
12827200
12827400
12827700
12828000
12828200
12828400
12828600
12828900
12829200
12829400
12829600
12829900
12830200
12830500
12830800
12831000
12831200
12831500
12831800
12832000
12832200
12832500
12832800
12833100
12833300
12833500
12833800
12834100
12834400
12834600
12834800
12835100
12835400
12835600
12835800
12836000
12836300
12836600
12836900
12837100
12837300
12837600
12837900
12838200
12838400
12838600
12838900
12839200
12839500
12839700
12839900
12840100
12840400
12840700
12840900
12841100
12841300
12841600
12841900
12842100
12842300
12842600
12842900
12843200
12843500
12843700
12843900
12844200
12844500
12844700
12844900
12845100
12845400
12845700
12845900
12846100
12846400
12846700
12847000
12847200
12847400
12847700
12848000
12848300
12848500
12848700
12849000
12849300
12849500
12849700
12849900
12850200
12850500
12850800
12851000
12851200
12851500
12851800
12852100
12852300
12852500
12852800
12853100
12853400
12853600
12853800
12854000
12854300
12854600
12854800
12855000
12855200
12855500
12855800
12856000
12856200
12856400
12856700
12857000
12857300
12857600
12857900
12858100
12858300
12858600
12858900
12859100
12859300
12859600
12859900
12860200
12860400
12860600
12860800
12861100
12861400
12861600
12861800
12862100
12862400
12862600
12862800
12863000
12863300
12863600
12863800
12864000
12864200
12864500
12864800
12865000
12865200
12865500
12865700
12865900
12866200
12866500
12866800
12867000
12867200
12867400
12867700
12868000
12868200
12868400
12868600
12868900
12869200
12869400
12869600
12869800
12870100
12870400
12870700
12870900
12871100
12871400
12871700
12871900
12872100
12872300
12872600
12872900
12873100
12873400
12873700
12873900
12874100
12874400
12874700
12874900
12875100
12875300
12875600
12875900
12876100
12876300
12876600
12876900
12877200
12877500
12877700
12877900
12878200
12878500
12878800
12879000
12879200
12879500
12879800
12880100
12880300
12880500
12880700
12881000
12881300
12881500
12881700
12881900
12882200
12882500
12882700
12882900
12883100
12883400
12883700
12884000
12884200
12884400
12884700
12885000
12885200
12885400
12885600
12885900
12886200
12886400
12886600
12886800
12887100
12887400
12887600
12887800
12888100
12888400
12888700
12888900
12889100
12889400
12889700
12890000
12890200
12890400
12890700
12891000
12891300
12891500
12891700
12892000
12892300
12892600
12892800
12893000
12893200
12893500
12893800
12894000
12894200
12894400
12894700
12895000
12895200
12895400
12895600
12895900
12896200
12896500
12896700
12896900
12897200
12897500
12897800
12898000
12898200
12898500
12898800
12899000
12899200
12899500
12899800
12900100
12900300
12900500
12900700
12901000
12901300
12901500
12901700
12902000
12902300
12902600
12902800
12903000
12903300
12903600
12903900
12904100
12904300
12904600
12904900
12905200
12905400
12905700
12905900
12906100
12906300
12906600
12906900
12907200
12907400
12907600
12907900
12908200
12908500
12908700
12908900
12909200
12909500
12909800
12910000
12910200
12910500
12910800
12911100
12911300
12911500
12911800
12912100
12912400
12912600
12912800
12913100
12913400
12913700
12913900
12914100
12914400
12914700
12914900
12915100
12915300
12915600
12915900
12916100
12916300
12916500
12916800
12917100
12917300
12917500
12917700
12918000
12918300
12918500
12918700
12919000
12919300
12919600
12919900
12920100
12920300
12920600
12920900
12921200
12921400
12921600
12921900
12922200
12922500
12922700
12922900
12923100
12923400
12923700
12923900
12924100
12924300
12924600
12924900
12925100
12925300
12925600
12925900
12926200
12926400
12926600
12926800
12927100
12927400
12927600
12927800
12928100
12928400
12928700
12928900
12929100
12929400
12929700
12930000
12930200
12930400
12930700
12931000
12931300
12931500
12931700
12932000
12932300
12932500
12932700
12932900
12933200
12933500
12933800
12934000
12934200
12934500
12934800
12935100
12935300
12935500
12935800
12936100
12936400
12936700
12936900
12937100
12937400
12937700
12938000
12938300
12938600
12938800
12939000
12939300
12939600
12939900
12940100
12940300
12940600
12940900
12941100
12941300
12941500
12941800
12942100
12942300
12942500
12942700
12943000
12943300
12943500
12943700
12944000
12944300
12944600
12944800
12945000
12945300
12945600
12945900
12946100
12946400
12946600
12946800
12947000
12947300
12947600
12947800
12948000
12948200
12948500
12948800
12949000
12949200
12949400
12949700
12950000
12950300
12950500
12950700
12951000
12951300
12951600
12951800
12952000
12952300
12952600
12952900
12953100
12953300
12953600
12953900
12954200
12954400
12954600
12954900
12955200
12955400
12955600
12955800
12956100
12956400
12956700
12956900
12957100
12957400
12957700
12957900
12958100
12958400
12958700
12959000
12959300
12959500
12959700
12960000
12960300
12960600
12960800
12961000
12961300
12961600
12961900
12962100
12962300
12962500
12962800
12963100
12963300
12963500
12963700
12964000
12964300
12964500
12964700
12965000
12965300
12965600
12965900
12966100
12966300
12966600
12966900
12967100
12967300
12967600
12967900
12968200
12968400
12968600
12968900
12969200
12969500
12969700
12969900
12970200
12970500
12970800
12971100
12971400
12971600
12971800
12972100
12972400
12972600
12972800
12973000
12973300
12973600
12973900
12974100
12974300
12974600
12974900
12975200
12975400
12975600
12975900
12976200
12976500
12976800
12977000
12977200
12977500
12977800
12978000
12978200
12978400
12978700
12979000
12979300
12979600
12979800
12980000
12980300
12980600
12980900
12981100
12981300
12981600
12981900
12982200
12982400
12982600
12982900
12983200
12983400
12983600
12983800
12984100
12984400
12984600
12984800
12985000
12985300
12985600
12985800
12986000
12986200
12986500
12986800
12987100
12987400
12987700
12987900
12988100
12988400
12988700
12988900
12989100
12989300
12989600
12989900
12990100
12990300
12990600
12990900
12991200
12991400
12991600
12991900
12992200
12992400
12992600
12992900
12993200
12993500
12993700
12993900
12994200
12994500
12994700
12994900
12995200
12995500
12995800
12996000
12996200
12996500
12996800
12997100
12997300
12997500
12997800
12998100
12998400
12998600
12998800
12999100
12999400
12999700
12999900
13000100
13000400
13000700
13001000
13001200
13001400
13001700
13002000
13002300
13002500
13002700
13003000
13003300
13003500
13003700
13004000
13004300
13004600
13004800
13005000
13005300
13005600
13005800
13006000
13006200
13006500
13006800
13007000
13007200
13007500
13007800
13008100
13008300
13008500
13008800
13009100
13009300
13009500
13009800
13010100
13010400
13010600
13010800
13011100
13011400
13011700
13011900
13012100
13012400
13012700
13013000
13013200
13013400
13013700
13014000
13014300
13014500
13014700
13015000
13015300
13015600
13015800
13016000
13016300
13016600
13016900
13017100
13017300
13017600
13017900
13018100
13018300
13018600
13018900
13019200
13019500
13019800
13020000
13020200
13020500
13020800
13021100
13021300
13021500
13021800
13022100
13022300
13022500
13022800
13023100
13023400
13023600
13023800
13024100
13024400
13024700
13024900
13025100
13025300
13025500
13025700
13026000
13026300
13026600
13026900
13027200
13027500
13027700
13027900
13028200
13028500
13028800
13029000
13029200
13029400
13029700
13030000
13030300
13030500
13030700
13031000
13031300
13031500
13031700
13031900
13032100
13032400
13032600
13032800
13033000
13033200
13033500
13033800
13034100
13034300
13034500
13034700
13035000
13035300
13035600
13035800
13036000
13036300
13036600
13036900
13037300
13037600
13037900
13038300
13038600
13038900
13039200
13039500
13039800
13040000
13040200
13040500
13040700
13041000
13041300
13041600
13041900
13042200
13042500
13042800
13043000
13043200
13043500
13043800
13044100
13044300
13044500
13044800
13045100
13045400
13045700
13045900
13046100
13046400
13046700
13046900
13047100
13047400
13047700
13048000
13048200
13048400
13048700
13049000
13049300
13049500
13049700
13050000
13050300
13050600
13050800
13051000
13051300
13051600
13051900
13052200
13052400
13052600
13052900
13053200
13053500
13053700
13053900
13054200
13054500
13054800
13055000
13055200
13055400
13055700
13056000
13056300
13056500
13056700
13057000
13057300
13057500
13057700
13057900
13058200
13058500
13058800
13059000
13059200
13059500
13059800
13060100
13060300
13060500
13060800
13061100
13063400
13063700
13064000
13064300
13064500
13064700
13065000
13065300
13065600
13065800
13066000
13066300
13066600
13066800
13067000
13067200
13067500
13067800
13068100
13068300
13068500
13068800
13069100
13069400
13069600
13069800
13070100
13070400
13070700
13071000
13071200
13071400
13071700
13071900
13072200
13072500
13072800
13073000
13073200
13073500
13073800
13074100
13074300
13074500
13074800
13075100
13075400
13075600
13075800
13076100
13076400
13076600
13076800
13077000
13077300
13077600
13077800
13078000
13078200
13078500
13078800
13079000
13079200
13079500
13079800
13080100
13080400
13080600
13080800
13081100
13081400
13081600
13081800
13082000
13082300
13082600
13082900
13083100
13083300
13083500
13083800
13084100
13084300
13084500
13084700
13085000
13085300
13085500
13085700
13086000
13086300
13086600
13086900
13087100
13087300
13087600
13087900
13088200
13088500
13088700
13088900
13089200
13089500
13089800
13090000
13090200
13090500
13090800
13091000
13091200
13091500
13091800
13092100
13092300
13092500
13092700
13093000
13093300
13093500
13093700
13094000
13094300
13094600
13094800
13095000
13095300
13095600
13095900
13096200
13096400
13096600
13097000
13097300
13097500
13097800
13098100
13098300
13098500
13098800
13099100
13099300
13099500
13099800
13100100
13100400
13100600
13100800
13101100
13101400
13101700
13101900
13102100
13102400
13102700
13102900
13103100
13103400
13103700
13103900
13104100
13104400
13104700
13105000
13105200
13105400
13105700
13106000
13106300
13106500
13106700
13107000
13107300
13107500
13107700
13108000
13108300
13108600
13108800
13109000
13109200
13109500
13109800
13110000
13110200
13110500
13110800
13111100
13111300
13111500
13111800
13112100
13112400
13112600
13112800
13113100
13113400
13113700
13113900
13114100
13114400
13114700
13114900
13115100
13115400
13115700
13115900
13116100
13116300
13116600
13116900
13117100
13117300
13117600
13117900
13118200
13118400
13118600
13118900
13119200
13119400
13119600
13119800
13120100
13120400
13120600
13120800
13121100
13121400
13121700
13121900
13122100
13122400
13122700
13122900
13123100
13123300
13123600
13123900
13124200
13124400
13124600
13124900
13125200
13125500
13125700
13125900
13126200
13126500
13126800
13127000
13127200
13127500
13127800
13128000
13128200
13128500
13128800
13129100
13129400
13129600
13129800
13130100
13130400
13130700
13130900
13131100
13131400
13131700
13132000
13132200
13132400
13132700
13133000
13133200
13133400
13133700
13134000
13134300
13134500
13134700
13134900
13135200
13135500
13135700
13135900
13136200
13136500
13136800
13137000
13137300
13137500
13137700
13137900
13138200
13138500
13138700
13138900
13139200
13139500
13139800
13140000
13140200
13140500
13140800
13141100
13141300
13141500
13141800
13142100
13142400
13142600
13142800
13143100
13143400
13143600
13143800
13144100
13144400
13144700
13144900
13145100
13145400
13145700
13146000
13146200
13146400
13146700
13147000
13147200
13147400
13147700
13148000
13148300
13148500
13148700
13149000
13149300
13149600
13149800
13150000
13150300
13150600
13150900
13151100
13151300
13151600
13151900
13152200
13152400
13152600
13152900
13153200
13153500
13153700
13153900
13154200
13154500
13154800
13155000
13155200
13155500
13155800
13156100
13156300
13156500
13156800
13157100
13157300
13157500
13157800
13158100
13158300
13158500
13158800
13159100
13159400
13159600
13159800
13160100
13160400
13160700
13160900
13161100
13161400
13161700
13161900
13162100
13162400
13162700
13163000
13163200
13163400
13163600
13163900
13164200
13164400
13164600
13164900
13165200
13165500
13165700
13165900
13166200
13166500
13166800
13167000
13167200
13167500
13167800
13168100
13168300
13168500
13168800
13169100
13169300
13169500
13169800
13170000
13170300
13170600
13170900
13171100
13171300
13171600
13171900
13172100
13172300
13172600
13172900
13173200
13173400
13173600
13173900
13174200
13174500
13174700
13174900
13175200
13175500
13175700
13175900
13176200
13176500
13176800
13177000
13177200
13177500
13177800
13178100
13178300
13178500
13178800
13179100
13179400
13179600
13179800
13180100
13180400
13180700
13180900
13181100
13181400
13181700
13182000
13182200
13182400
13182700
13183000
13183200
13183400
13183700
13184000
13184300
13184500
13184700
13185000
13185300
13185500
13185700
13186000
13186300
13186500
13186700
13187000
13187300
13187600
13187800
13188000
13188300
13188600
13188800
13189000
13189300
13189600
13189800
13190000
13190200
13190500
13190800
13191000
13191200
13191500
13191800
13192100
13192300
13192500
13192800
13193100
13193400
13193600
13193800
13194100
13194400
13194600
13194800
13195100
13195400
13195700
13195900
13196100
13196400
13196700
13197000
13197200
13197400
13197700
13198000
13198200
13198400
13198700
13199000
13199200
13199400
13199700
13200000
13200300
13200500
13200700
13201000
13201300
13201500
13201700
13202000
13202300
13202500
13202800
13203100
13203300
13203500
13203800
13204100
13204400
13204600
13204800
13205100
13205400
13205700
13205900
13206100
13206400
13206700
13206900
13207100
13207300
13207600
13207900
13208200
13208400
13208600
13208900
13209200
13209400
13209600
13209900
13210200
13210400
13210600
13210900
13211200
13211500
13211700
13211900
13212200
13212500
13212800
13213000
13213200
13213500
13213800
13214000
13214200
13214500
13214800
13215000
13215200
13215500
13215800
13216000
13216200
13216400
13216700
13217000
13217200
13217400
13217600
13217800
13218100
13218400
13218600
13218900
13219100
13219300
13219600
13219900
13220200
13220400
13220600
13220900
13221200
13221400
13221600
13221900
13222200
13222400
13222600
13222900
13223200
13223400
13223600
13223900
13224200
13224400
13224600
13224900
13225200
13225500
13225700
13225900
13226200
13226500
13226700
13226900
13227200
13227500
13227800
13228000
13228200
13228500
13228800
13229000
13229200
13229400
13229700
13230000
13230200
13230400
13230700
13231000
13231300
13231500
13231700
13232000
13232300
13232500
13232700
13233000
13233300
13233500
13233700
13234000
13234300
13234600
13234900
13235100
13235300
13235600
13235900
13236100
13236300
13236600
13236900
13237100
13237300
13237600
13237900
13238100
13238300
13238600
13238900
13239200
13239400
13239600
13239900
13240200
13240500
13240700
13241000
13241300
13241500
13241700
13241900
13242200
13242500
13242700
13242900
13243100
13243300
13243600
13243900
13244200
13244500
13244700
13244900
13245200
13245500
13245700
13245900
13246100
13246400
13246700
13246900
13247100
13247400
13247700
13248000
13248200
13248400
13248700
13249000
13249300
13249500
13249700
13250000
13250300
13250600
13250800
13251100
13251300
13251500
13251800
13252100
13252300
13252600
13252900
13253200
13253400
13253600
13253900
13254200
13254500
13254700
13254900
13255200
13255500
13255800
13256000
13256200
13256600
13256800
13257100
13257400
13257700
13257900
13258200
13258500
13258700
13258900
13259200
13259500
13259800
13260000
13260200
13260500
13260800
13261000
13261200
13261400
13261600
13261900
13262100
13262400
13262700
13262900
13263200
13263400
13263600
13263800
13264100
13264300
13264500
13264800
13265100
13265400
13265700
13266000
13266200
13266500
13266800
13267100
13267400
13267600
13267800
13268100
13268400
13268600
13268800
13269000
13269300
13269600
13269800
13270000
13270200
13270400
13270700
13271000
13271200
13271400
13271700
13272000
13272300
13272500
13272700
13273000
13273300
13273500
13273700
13273900
13274200
13274500
13274800
13275000
13275200
13275500
13275800
13276000
13276200
13276500
13276800
13277000
13277200
13277400
13277700
13278000
13278200
13278400
13278700
13279000
13279300
13279500
13279700
13280000
13280300
13280500
13280700
13280900
13281100
13281400
13281700
13281900
13282100
13282400
13282700
13283000
13283200
13283400
13283700
13284000
13284300
13284600
13284800
13285000
13285300
13285600
13285800
13286000
13286300
13286600
13286900
13287100
13287300
13287600
13287900
13288200
13288400
13288600
13288900
13289200
13289400
13289600
13289900
13290200
13290500
13290700
13290900
13291200
13291500
13291800
13292000
13292200
13292500
13292800
13293000
13293200
13293400
13293700
13294000
13294200
13294400
13294700
13295000
13295300
13295600
13295800
13296000
13296300
13296600
13296800
13297000
13297300
13297600
13297900
13298100
13298300
13298600
13298900
13299200
13299500
13299700
13299900
13300200
13300500
13300700
13300900
13301200
13301500
13301800
13302000
13302200
13302500
13302800
13303100
13303300
13303500
13303800
13304100
13304300
13304500
13304800
13305100
13305300
13305500
13305700
13306000
13306300
13306600
13306800
13307000
13307300
13307600
13307800
13308000
13308300
13308600
13308900
13309100
13309300
13309500
13309800
13310100
13310400
13310600
13310800
13311100
13311400
13311600
13311800
13312000
13312300
13312600
13312800
13313000
13313200
13313500
13313800
13314100
13314300
13314500
13314800
13315100
13315300
13315500
13315800
13316100
13316300
13316500
13316700
13317000
13317300
13317600
13317800
13318000
13318300
13318600
13318800
13319000
13319300
13319600
13319800
13320000
13320200
13320500
13320800
13321100
13321300
13321500
13321800
13322100
13322300
13322500
13322700
13323000
13323300
13323600
13323800
13326200
13326500
13326800
13327100
13327400
13327600
13327800
13328000
13328300
13328600
13328800
13329000
13329300
13329600
13329900
13330100
13330300
13330600
13330900
13331200
13331400
13331600
13331900
13332200
13332400
13332600
13332900
13333200
13333500
13333700
13333900
13334200
13334500
13334700
13335000
13335300
13335500
13335700
13336000
13336300
13336600
13336800
13337000
13337300
13337600
13337900
13338100
13338300
13338600
13338900
13339200
13339400
13339600
13339900
13340200
13340500
13340700
13340900
13341200
13341500
13341800
13342000
13342200
13342500
13342800
13343100
13343300
13343500
13343800
13344100
13344300
13344500
13344800
13345100
13345400
13345600
13345800
13346100
13346400
13346700
13346900
13347100
13347400
13347700
13347900
13348100
13348400
13348700
13349000
13349200
13349400
13349700
13350000
13350300
13350500
13350700
13351000
13351200
13351500
13351800
13352000
13352200
13352400
13352700
13353000
13353300
13353500
13353700
13354000
13354300
13354600
13354800
13355000
13355300
13355600
13355900
13356100
13356300
13356600
13356900
13357100
13357300
13357600
13357900
13358200
13358400
13358600
13358900
13359200
13359500
13359700
13359900
13360200
13360500
13360700
13360900
13361200
13361500
13361800
13362000
13362200
13362500
13362800
13363100
13363300
13363500
13363800
13364100
13364400
13364600
13364800
13365100
13365400
13365600
13365800
13366000
13366300
13366600
13366900
13367100
13367300
13367600
13367900
13368200
13368400
13368600
13368900
13369200
13369400
13369600
13369900
13370200
13370500
13370700
13370900
13371200
13371500
13371800
13372000
13372200
13372500
13372800
13373000
13373200
13373500
13373800
13374100
13374300
13374500
13374800
13375100
13375400
13375600
13375900
13376100
13376300
13376600
13376900
13377100
13377300
13377500
13377800
13378100
13378300
13378500
13378700
13379000
13379300
13379500
13379700
13380000
13380300
13380600
13380900
13381100
13381300
13381600
13381900
13382100
13382300
13382500
13382800
13383100
13383300
13383500
13383700
13383900
13384100
13384400
13384700
13384900
13385100
13385300
13385600
13385900
13386200
13386400
13386600
13386900
13387100
13387400
13387700
13388000
13388200
13388400
13388700
13389000
13389300
13389500
13389700
13390000
13390300
13390500
13390700
13391000
13391300
13391600
13391900
13392200
13392400
13392600
13392900
13393200
13393400
13393600
13393800
13394100
13394400
13394600
13394800
13395000
13395300
13395600
13395900
13396100
13396300
13396600
13396900
13397100
13397300
13397600
13397900
13398200
13398500
13398800
13399100
13399300
13399500
13399800
13400100
13400400
13400600
13400800
13401100
13401400
13401600
13401800
13402100
13402400
13402700
13403000
13403200
13403400
13403700
13404000
13404200
13404400
13404700
13405000
13405200
13405400
13405700
13406000
13406300
13406500
13406700
13406900
13407200
13407500
13407700
13407900
13408100
13408300
13408500
13408700
13409000
13409300
13409600
13409800
13410000
13410200
13410400
13410700
13411000
13411200
13411400
13411700
13412000
13412300
13412500
13412700
13413000
13413300
13413500
13413700
13413900
13414200
13414700
13415000
13415300
13415500
13415700
13416000
13416200
13416500
13416800
13417000
13417200
13417500
13417800
13418100
13418300
13418500
13418700
13419000
13419300
13419500
13419700
13420000
13420300
13420600
13420800
13421000
13421200
13421500
13421800
13422000
13422200
13422500
13422800
13423100
13423300
13423500
13423800
13424100
13424400
13424700
13425000
13425200
13425400
13425700
13426000
13426200
13426400
13426700
13427000
13427200
13427400
13427700
13428000
13428300
13428500
13428700
13429000
13429300
13429600
13429800
13430000
13430300
13430600
13430800
13431000
13431300
13431600
13431900
13432100
13432300
13432500
13432700
13433000
13433300
13433600
13433800
13434000
13434300
13434600
13434900
13435100
13435300
13435500
13435800
13436100
13436300
13436500
13436800
13437100
13437400
13437600
13437800
13438100
13438400
13438600
13438800
13439000
13439300
13439600
13439800
13440000
13440300
13440600
13440800
13441000
13441300
13441600
13441800
13442000
13442200
13442500
13442800
13443000
13443200
13443500
13443800
13444000
13444200
13444500
13444800
13445100
13445300
13445500
13445800
13446100
13446400
13446600
13446800
13447100
13447400
13447700
13448000
13448200
13448400
13448700
13449000
13449300
13449500
13449700
13450000
13450300
13450500
13450700
13450900
13451100
13451400
13451700
13451900
13452100
13452400
13452700
13452900
13453100
13453400
13453700
13454000
13454200
13454400
13454700
13455000
13455200
13455400
13455700
13456000
13456300
13456500
13456700
13457000
13457300
13457600
13457800
13458000
13458300
13458600
13458800
13459000
13459200
13459500
13459800
13460000
13460200
13460500
13460800
13461100
13461300
13461600
13461800
13462100
13462400
13462700
13463100
13463300
13463500
13463800
13464100
13464400
13464700
13464900
13465200
13465400
13465600
13465900
13466200
13466400
13466700
13466900
13467100
13467400
13467700
13467900
13468200
13468500
13468800
13469100
13469400
13469700
13470000
13470300
13470600
13470900
13471100
13471300
13471600
13471900
13472200
13472500
13472800
13473000
13473200
13473500
13473800
13474100
13474400
13474600
13474900
13475200
13475400
13475600
13475900
13476100
13476300
13476500
13476800
13477100
13477400
13477700
13478000
13478300
13478700
13478900
13479200
13479400
13479600
13479900
13480200
13480500
13480700
13480900
13481200
13481500
13481700
13481900
13482200
13482500
13482800
13483100
13483300
13483500
13483700
13484000
13484300
13484500
13484700
13485000
13485300
13485600
13485800
13486000
13486300
13486600
13486900
13487200
13487400
13487600
13487800
13488100
13488400
13488600
13488800
13489100
13489400
13489700
13489900
13490100
13490400
13490600
13490800
13491100
13491400
13491600
13491800
13492100
13492400
13492700
13492900
13493100
13493400
13493700
13494000
13494300
13494500
13494700
13495000
13495300
13495500
13495700
13496000
13496300
13496600
13496800
13497000
13497300
13497600
13497900
13498200
13498400
13498600
13498900
13499200
13499500
13499700
13499900
13500200
13500500
13500800
13501000
13501200
13501400
13501700
13502000
13502300
13502500
13502700
13503000
13503300
13503500
13503700
13503900
13504200
13504500
13504800
13505000
13505200
13505500
13505800
13506100
13506300
13506500
13506800
13507100
13507300
13507500
13507800
13508100
13508400
13508700
13508900
13509100
13509400
13509700
13510000
13510200
13510400
13510700
13511000
13511200
13511400
13511700
13512000
13512300
13512600
13512900
13513100
13513300
13513600
13513900
13514200
13514400
13514600
13514900
13515100
13515400
13515700
13516000
13516300
13516500
13516700
13517000
13517300
13517600
13517800
13518000
13518300
13518600
13518800
13519000
13519200
13519400
13519700
13520000
13520200
13520400
13520700
13521000
13521200
13521400
13521700
13522000
13522300
13522500
13522700
13523000
13523300
13523600
13523900
13524200
13524500
13524700
13524900
13525200
13525500
13525700
13525900
13526100
13526700
13527600
13528200
13528400
13528600
13528900
13529200
13529500
13529700
13529900
13530200
13530500
13530800
13531000
13531200
13531500
13531800
13532000
13532200
13532400
13532700
13533000
13533200
13533400
13533700
13534000
13534300
13534500
13534700
13535000
13535300
13535500
13535700
13536000
13536300
13536500
13536700
13537000
13537300
13537600
13537800
13538000
13538300
13538600
13538800
13539000
13539300
13539600
13539900
13540100
13540300
13540600
13540900
13541200
13541400
13541600
13541900
13542200
13542400
13542600
13542900
13543200
13543500
13543700
13543900
13544200
13544500
13544700
13544900
13545200
13545500
13545800
13546000
13546200
13546500
13546800
13547000
13547200
13547500
13547800
13548000
13548200
13548500
13548800
13549000
13549200
13549500
13549800
13550100
13550300
13550500
13550800
13551100
13551300
13551500
13551800
13552100
13552400
13552600
13552800
13553100
13553400
13553600
13553800
13554000
13554300
13554600
13554800
13555000
13555300
13555600
13555900
13556100
13556300
13556600
13556900
13557100
13557300
13557500
13557800
13558100
13558300
13558500
13558700
13559000
13559300
13559500
13559700
13560000
13560300
13560500
13560700
13561000
13561300
13561600
13561800
13562000
13562300
13562600
13562800
13563000
13563300
13563600
13563800
13564000
13564200
13564500
13564800
13565100
13565300
13565500
13565800
13566100
13566300
13566500
13566700
13567000
13567300
13567600
13567800
13568000
13568300
13568600
13568900
13569100
13569300
13569600
13569900
13570200
13570400
13570600
13570900
13571200
13571400
13571600
13571900
13572200
13572500
13572700
13572900
13573200
13573500
13573700
13573900
13574200
13574500
13574700
13574900
13575200
13575500
13575700
13575900
13576200
13576500
13576800
13577000
13577200
13577500
13577800
13578000
13578200
13578500
13578800
13579100
13579300
13579500
13579800
13580100
13580300
13580500
13580800
13581100
13581400
13581600
13581800
13582100
13582400
13582700
13582900
13583100
13583400
13583700
13583900
13584100
13584400
13584700
13585000
13585200
13585400
13585700
13586000
13586200
13586400
13586600
13586900
13587200
13587400
13587600
13587900
13588200
13588500
13588700
13588900
13591700
13591900
13592100
13592400
13592700
13592900
13593100
13593300
13593600
13593900
13594100
13594300
13594600
13594900
13595200
13595400
13595600
13595900
13596200
13596500
13596700
13596900
13597200
13597500
13597700
13597900
13598100
13598400
13598700
13598900
13599100
13599400
13599700
13600000
13600200
13600400
13600700
13601000
13601300
13601500
13601700
13602000
13602300
13602600
13602800
13603000
13603300
13603600
13603800
13604100
13604400
13604600
13604800
13605100
13605400
13605700
13605900
13606100
13606400
13606700
13606900
13607100
13607400
13607700
13608000
13608200
13608400
13608700
13609000
13609300
13609500
13609700
13610000
13610300
13610500
13610700
13610900
13611200
13611500
13611700
13611900
13612100
13612300
13612600
13612900
13613200
13613400
13613600
13613900
13614200
13614400
13614600
13614900
13615200
13615400
13615600
13615800
13616100
13616400
13616600
13616800
13617100
13617400
13617600
13617800
13618100
13618400
13618700
13618900
13619100
13619400
13619700
13620000
13620200
13620400
13620700
13621000
13621300
13621500
13621700
13622000
13622300
13622500
13622700
13622900
13623200
13623500
13623700
13623900
13624100
13624300
13624600
13624900
13625200
13625400
13625600
13625900
13626200
13626500
13626700
13626900
13627200
13627500
13627800
13628000
13628200
13628500
13628800
13629000
13629200
13629500
13629800
13630100
13630300
13630500
13630800
13631100
13631400
13631600
13631800
13632100
13632400
13632600
13632800
13633100
13633400
13633700
13633900
13634100
13634400
13634700
13635000
13635200
13635400
13635700
13636000
13636200
13636400
13636700
13637000
13637300
13637500
13637700
13638000
13638300
13638600
13638900
13639100
13639300
13639600
13639900
13640200
13640400
13640600
13640900
13641200
13641400
13641600
13641900
13642200
13642500
13642700
13642900
13643200
13643500
13643700
13643900
13644200
13644500
13644700
13644900
13645200
13645500
13645800
13646000
13646200
13646500
13646800
13647000
13647200
13647400
13647700
13648000
13648300
13648500
13648700
13649000
13649300
13649500
13649700
13649900
13650200
13650500
13650700
13650900
13651100
13651400
13651700
13651900
13652100
13652400
13652700
13653000
13653300
13653500
13653700
13654000
13654300
13654500
13654700
13654900
13655200
13655500
13655700
13655900
13656200
13656500
13656800
13657100
13657300
13657500
13657800
13658100
13658400
13658600
13658800
13659100
13659400
13659700
13659900
13660100
13660400
13660700
13661000
13661200
13661400
13661700
13662000
13662200
13662400
13662700
13663000
13663300
13663500
13663700
13663900
13664200
13664500
13664800
13665000
13665200
13665500
13665800
13666100
13666300
13666500
13666800
13667100
13667300
13667500
13667800
13668100
13668400
13668600
13668800
13669100
13669400
13669700
13669900
13670100
13670400
13670700
13671000
13671200
13671400
13671600
13671900
13672200
13672400
13672600
13672900
13673200
13673400
13673600
13673800
13674100
13674400
13674600
13674800
13675100
13675400
13675700
13675900
13676100
13676400
13676700
13676900
13677100
13677300
13677600
13677900
13678200
13678400
13678600
13678900
13679200
13679500
13679700
13679900
13680200
13680500
13680800
13681000
13681300
13681500
13681700
13682000
13682300
13682600
13682800
13683000
13683300
13683600
13683900
13684200
13684500
13684800
13685000
13685200
13685400
13685700
13686000
13686300
13686500
13686700
13687000
13687300
13687500
13687700
13687900
13688200
13688500
13688700
13688900
13689200
13689400
13689700
13690000
13690200
13690400
13690600
13690900
13691200
13691400
13691600
13691900
13692200
13692400
13692600
13692900
13693200
13693500
13693700
13693900
13694200
13694500
13694700
13694900
13695200
13695500
13695700
13695900
13696200
13696500
13696700
13696900
13697200
13697500
13697800
13698000
13698200
13698500
13698800
13699000
13699200
13699500
13699800
13700000
13700200
13700400
13700700
13701000
13701200
13701400
13701700
13702000
13702300
13702500
13702700
13703000
13703300
13703500
13703700
13704000
13704300
13704600
13704800
13705000
13705300
13705500
13705800
13706100
13706300
13706500
13706800
13707100
13707400
13707600
13707800
13708100
13708400
13708700
13709000
13709300
13709500
13709700
13710000
13710300
13710500
13710700
13711000
13711300
13711500
13711700
13712000
13712300
13712500
13712800
13713100
13713400
13713600
13713800
13714100
13714400
13714600
13714800
13715100
13715400
13715700
13715900
13716100
13716400
13716700
13717000
13717200
13717400
13717700
13718100
13718300
13718500
13718800
13719100
13719400
13719700
13720000
13720300
13720600
13720900
13721200
13721400
13721600
13721800
13722000
13722300
13722600
13722800
13723000
13723300
13723600
13723800
13724000
13724300
13724600
13724900
13725100
13725300
13725600
13725900
13726200
13726500
13726800
13727100
13727300
13727500
13727700
13727900
13728200
13728500
13728700
13728900
13729200
13729500
13729800
13730000
13730200
13730400
13730600
13730800
13731100
13731400
13731600
13731900
13732200
13732500
13732800
13733100
13733400
13733700
13734000
13734300
13734500
13734700
13735000
13735400
13735700
13735900
13736100
13736400
13736700
13737000
13737200
13737400
13737700
13738000
13738200
13738400
13738700
13739000
13739300
13739500
13739700
13740000
13740300
13740500
13740700
13741000
13741300
13741600
13741800
13742000
13742300
13742600
13742800
13743000
13743300
13743600
13743900
13744100
13744300
13744600
13744900
13745100
13745300
13745500
13745800
13746100
13746300
13746500
13746800
13747000
13747300
13747600
13747800
13748000
13748300
13748600
13748800
13749000
13749300
13749600
13749800
13750000
13750300
13750600
13750900
13751100
13751300
13751600
13751900
13752100
13752300
13752600
13752900
13753100
13753300
13753600
13753900
13754200
13754400
13754600
13754900
13755100
13755400
13755700
13756000
13756200
13756400
13756700
13757000
13757200
13757400
13757700
13758000
13758300
13758500
13758700
13759000
13759300
13759500
13759700
13760000
13760300
13760600
13760800
13761000
13761300
13761600
13761800
13762000
13762300
13762600
13762800
13763000
13763300
13763600
13763900
13764100
13764300
13764600
13764900
13765100
13765300
13765600
13765900
13766100
13766300
13766600
13766900
13767200
13767400
13767600
13767900
13768200
13768400
13768600
13768900
13769200
13769500
13769700
13769900
13770200
13770500
13770800
13771000
13771200
13771500
13771800
13772000
13772200
13772500
13772800
13773100
13773300
13773500
13773800
13774100
13774300
13774500
13774800
13775100
13775300
13775500
13775800
13776100
13776400
13776600
13776800
13777100
13777400
13777600
13777800
13778100
13778400
13778600
13778800
13779100
13779400
13779600
13779900
13780200
13780400
13780600
13780900
13781200
13781400
13781600
13781900
13782200
13782500
13782700
13782900
13783200
13783500
13783700
13783900
13784100
13784400
13784700
13784900
13785100
13785400
13785700
13786000
13786200
13786400
13786700
13787000
13787200
13787400
13787600
13787800
13788100
13788400
13788600
13788800
13789100
13789400
13789600
13789800
13790100
13790400
13790600
13790800
13791100
13791400
13791700
13791900
13792100
13792400
13792700
13792900
13793100
13793400
13793700
13794000
13794200
13794400
13794700
13795000
13795200
13795400
13795700
13796000
13796300
13796500
13796700
13797000
13797300
13797600
13797800
13798000
13798300
13798600
13798800
13799000
13799200
13799500
13799800
13800000
13800200
13800500
13800800
13801100
13801300
13801500
13801800
13802100
13802300
13802500
13802800
13803100
13803300
13803500
13803800
13804100
13804400
13804600
13804800
13805100
13805400
13805600
13805800
13806100
13806400
13806600
13806800
13807100
13807400
13807700
13807900
13808100
13808400
13808700
13808900
13809100
13809400
13809700
13810000
13810200
13810400
13810700
13811000
13811200
13811400
13811700
13812000
13812300
13812500
13812700
13813000
13813300
13813500
13813700
13814000
13814300
13814600
13814800
13815000
13815300
13815600
13815800
13816000
13816300
13816600
13816800
13817000
13817300
13817600
13817900
13818100
13818300
13818600
13818900
13819100
13819300
13819600
13819900
13820100
13820300
13820600
13820900
13821200
13821400
13821600
13821900
13822200
13822400
13822600
13822900
13823200
13823500
13823700
13823900
13824200
13824500
13824700
13824900
13825100
13825400
13825700
13825900
13826100
13826400
13826700
13827000
13827200
13827400
13827700
13828000
13828200
13828400
13828700
13829000
13829300
13829500
13829700
13830000
13830300
13830500
13830700
13831000
13831300
13831500
13831700
13832000
13832300
13832500
13832700
13833000
13833300
13833600
13833800
13834000
13834300
13834600
13834800
13835000
13835300
13835600
13835900
13836100
13836300
13836600
13836900
13837100
13837300
13837500
13837800
13838100
13838300
13838500
13838800
13839100
13839400
13839600
13839800
13840100
13840400
13840600
13840800
13841100
13841400
13841700
13841900
13842100
13842400
13842700
13842900
13843100
13843400
13843700
13843900
13844100
13844400
13844700
13845000
13845200
13845400
13845700
13846000
13846200
13846400
13846700
13847000
13847200
13847400
13847700
13848000
13848200
13848400
13848700
13849000
13849300
13849500
13849700
13850000
13850300
13850500
13850700
13851000
13851300
13851600
13851800
13852000
13854300
13854600
13854900
13855200
13855400
13855600
13855900
13856200
13856400
13856600
13856900
13857200
13857500
13857700
13857900
13858200
13858500
13858700
13859000
13859300
13859600
13859800
13860000
13860300
13860600
13860800
13861000
13861300
13861600
13861800
13862000
13862300
13862600
13862800
13863100
13863400
13863600
13863800
13864000
13864300
13864600
13864800
13865000
13865300
13865600
13865800
13866000
13866200
13866500
13866800
13867000
13867200
13867500
13867800
13868100
13868300
13868500
13868800
13869100
13869300
13869500
13869800
13870100
13870400
13870600
13870900
13871100
13871300
13871600
13871900
13872100
13872300
13872600
13872900
13873100
13873300
13873600
13873900
13874200
13874400
13874600
13874900
13875200
13875400
13875600
13875900
13876200
13876400
13876600
13876900
13877200
13877500
13877700
13877900
13878200
13878500
13878700
13878900
13879200
13879500
13879800
13880000
13880200
13880500
13880800
13881000
13881200
13881400
13881700
13882000
13882200
13882400
13882600
13882900
13883200
13883400
13883600
13883900
13884200
13884400
13884600
13884900
13885200
13885500
13885700
13885900
13886200
13886500
13886700
13886900
13887200
13887500
13887700
13887900
13888200
13888500
13888800
13889000
13889200
13889500
13889800
13890000
13890200
13890500
13890800
13891000
13891200
13891500
13891800
13892100
13892300
13892500
13892800
13893100
13893300
13893500
13893700
13894000
13894300
13894500
13894700
13895000
13895200
13895400
13895700
13896000
13896200
13896400
13896700
13897000
13897300
13897500
13897700
13898000
13898300
13898500
13898700
13899000
13899300
13899500
13899700
13900000
13900300
13900600
13900800
13901000
13901300
13901600
13901800
13902000
13902300
13902600
13902800
13903100
13903300
13903500
13903800
13904100
13904300
13904500
13904700
13905000
13905300
13905500
13905700
13906000
13906300
13906600
13906800
13907000
13907300
13907600
13907800
13908000
13908300
13908600
13908900
13909100
13909300
13909600
13909900
13910100
13910300
13910500
13910800
13911100
13911300
13911500
13911800
13912100
13912300
13912500
13912800
13913100
13913400
13913600
13913800
13914100
13914400
13914600
13914800
13915100
13915400
13915700
13915900
13916100
13916400
13916700
13916900
13917100
13917500
13917800
13918000
13918200
13918500
13918800
13919100
13919400
13919700
13919900
13920100
13920400
13920700
13920900
13921100
13921400
13921700
13922000
13922200
13922400
13922700
13923000
13923200
13923400
13923700
13924000
13924300
13924500
13924700
13925000
13925300
13925500
13925700
13926000
13926300
13926500
13926700
13927000
13927300
13927600
13927800
13928000
13928300
13928600
13928800
13929000
13929200
13929500
13929800
13930000
13930200
13930500
13930800
13931100
13931300
13931500
13931800
13932100
13932400
13932600
13932800
13933100
13933400
13933700
13933900
13934100
13934400
13934700
13934900
13935100
13935400
13935700
13936000
13936200
13936400
13936700
13937000
13937200
13937400
13937700
13938000
13938300
13938500
13938700
13939000
13939300
13939500
13939700
13940000
13940300
13940500
13940700
13941000
13941300
13941600
13941800
13942000
13942300
13942600
13942800
13943000
13943200
13943500
13943700
13944000
13944300
13944600
13944800
13945000
13945300
13945600
13945800
13946000
13946300
13946600
13946900
13947100
13947300
13947600
13947900
13948200
13948400
13948600
13948900
13949200
13949400
13949600
13949900
13950200
13950400
13950600
13950900
13951200
13951500
13951800
13952000
13952200
13952500
13952700
13953000
13953200
13953400
13953700
13954000
13954300
13954500
13954700
13955000
13955300
13955500
13955700
13956000
13956300
13956500
13956800
13957100
13957300
13957500
13957800
13958100
13958400
13958800
13959200
13959500
13959900
13960200
13960400
13960700
13961000
13961300
13961500
13961700
13962000
13962300
13962500
13962800
13963100
13963300
13963600
13963800
13964000
13964300
13964600
13964900
13965200
13965400
13965600
13965900
13966200
13966500
13966700
13966900
13967200
13967500
13967700
13967900
13968200
13968500
13968800
13969100
13969400
13969700
13970000
13970200
13970500
13970700
13971000
13971300
13971600
13971800
13972000
13972200
13972500
13972800
13973000
13973200
13973400
13973600
13973900
13974200
13974400
13974700
13975000
13975300
13975500
13975700
13975900
13976100
13976400
13976600
13976900
13977200
13977500
13977700
13977900
13978100
13978300
13978500
13978800
13979100
13979400
13979700
13980000
13980200
13980400
13980700
13981000
13981300
13981500
13981700
13982000
13982300
13982600
13982800
13983000
13983200
13983500
13983800
13984100
13984300
13984500
13984800
13985100
13985400
13985700
13986000
13986200
13986400
13986600
13986900
13987200
13987500
13987700
13987900
13988200
13988500
13988800
13989000
13989200
13989500
13989800
13990100
13990400
13990600
13990800
13991100
13991400
13991600
13991800
13992100
13992400
13992700
13992900
13993100
13993300
13993600
13993900
13994100
13994300
13994600
13994900
13995200
13995400
13995600
13995900
13996200
13996500
13996800
13997000
13997200
13997500
13997800
13998100
13998300
13998500
13998800
13999100
13999400
13999600
13999900
14000100
14000300
14000600
14000900
14001200
14001400
14001600
14001800
14002000
14002300
14002600
14002900
14003100
14003300
14003600
14003900
14004100
14004300
14004600
14004900
14005100
14005300
14005600
14005900
14006200
14006400
14006600
14006900
14007200
14007400
14007600
14007900
14008200
14008500
14008700
14008900
14009200
14009500
14009700
14010000
14010200
14010400
14010700
14011000
14011300
14011500
14011700
14012000
14012300
14012600
14012800
14013000
14013300
14013600
14013800
14014000
14014200
14014500
14014800
14015000
14015200
14015500
14015800
14016100
14016300
14016500
14016800
14017100
14017300
14017500
14017800
14018100
14018400
14018600
14018800
14019100
14019400
14019600
14019800
14020100
14020400
14020600
14020800
14021000
14021300
14021600
14021800
14022000
14022300
14022600
14022800
14023000
14023200
14023500
14023800
14024000
14024200
14024500
14024800
14025100
14025300
14025500
14025800
14026100
14026400
14026600
14026800
14027100
14027400
14027600
14027800
14028000
14028300
14028600
14028800
14029000
14029300
14029600
14029900
14030100
14030300
14030600
14030900
14031100
14031300
14031600
14031900
14032200
14032400
14032600
14032900
14033200
14033500
14033700
14033900
14034200
14034500
14034700
14034900
14035100
14035400
14035700
14035900
14036100
14036300
14036600
14036900
14037200
14037400
14037600
14037900
14038200
14038500
14038700
14038900
14039200
14039500
14039800
14040100
14040300
14040500
14040700
14041000
14041300
14041500
14041700
14041900
14042100
14042400
14042600
14042900
14043200
14043500
14043700
14043900
14044200
14044500
14044800
14045000
14045200
14045500
14045800
14046000
14046200
14046500
14046800
14047000
14047200
14047500
14047800
14048100
14048300
14048500
14048800
14049100
14049300
14049500
14049800
14050100
14050400
14050700
14051000
14051200
14051400
14051700
14052000
14052200
14052400
14052700
14053000
14053300
14053500
14053700
14054000
14054300
14054600
14054800
14055000
14055300
14055600
14055900
14056100
14056300
14056600
14056900
14057100
14057300
14057600
14057900
14058200
14058400
14058600
14058900
14059200
14059400
14059600
14059900
14060200
14060400
14060600
14060900
14061200
14061500
14061700
14061900
14062200
14062500
14062700
14062900
14063200
14063500
14063800
14064000
14064200
14064500
14064800
14065000
14065200
14065400
14065700
14066000
14066200
14066400
14066700
14067000
14067300
14067500
14067700
14068000
14068300
14068600
14068800
14069000
14069300
14069600
14069800
14070000
14070200
14070500
14070800
14071000
14071200
14071500
14071800
14072100
14072300
14072500
14072800
14073100
14073300
14073500
14073800
14074100
14074300
14074500
14074800
14075100
14075400
14075600
14075800
14076100
14076400
14076600
14076800
14077100
14077400
14077700
14077900
14078100
14078400
14078700
14078900
14079100
14079300
14079600
14079900
14080100
14080300
14080500
14080800
14081100
14081300
14081500
14081800
14082100
14082400
14082600
14082800
14083100
14083400
14083700
14083900
14084100
14084400
14084700
14084900
14085100
14085400
14085700
14086000
14086200
14086400
14086700
14087000
14087200
14087400
14087700
14088000
14088200
14088400
14088700
14089000
14089300
14089500
14089700
14090000
14090300
14090500
14090700
14091000
14091300
14091600
14091800
14092000
14092300
14092600
14092800
14093000
14093200
14093500
14093800
14094000
14094200
14094500
14094800
14095100
14095300
14095500
14095800
14096100
14096400
14096600
14096800
14097100
14097400
14097700
14097900
14098100
14098400
14098700
14098900
14099100
14099400
14099700
14100000
14100200
14100400
14100700
14101000
14101200
14101400
14101700
14102000
14102200
14102400
14102700
14103000
14103300
14103500
14103700
14104000
14104300
14104500
14104700
14105000
14105300
14105600
14105800
14106000
14106300
14106600
14106900
14107100
14107300
14107600
14107900
14108100
14108300
14108500
14108800
14109100
14109300
14109500
14109700
14110000
14110300
14110500
14110700
14111000
14111300
14111600
14111800
14112000
14112300
14112600
14112800
14113000
14113200
14113500
14113800
14114100
14114300
14114500
14114800
14117300
14117600
14117800
14118000
14118200
14118500
14118800
14119000
14119200
14119400
14119700
14120000
14120200
14120400
14120600
14120800
14121100
14121400
14121700
14121900
14122100
14122400
14122700
14123000
14123200
14123400
14123700
14124000
14124300
14124600
14124800
14125000
14125300
14125600
14125900
14126100
14126300
14126500
14126800
14127100
14127400
14127600
14127800
14128000
14128300
14128600
14128800
14129000
14129300
14129600
14129900
14130100
14130300
14130500
14130800
14131100
14131300
14131500
14131800
14132100
14132400
14132600
14132800
14133100
14133400
14133700
14134000
14134300
14134500
14134700
14135000
14135300
14135600
14135800
14136000
14136300
14136600
14136900
14137200
14137400
14137600
14137900
14138200
14138500
14138700
14138900
14139200
14139500
14139800
14140000
14140200
14140400
14140700
14141000
14141300
14141500
14141700
14142000
14142300
14142500
14142700
14142900
14143200
14143500
14143800
14144000
14144200
14144500
14144800
14145100
14145300
14145500
14145800
14146100
14146400
14146700
14146900
14147100
14147400
14147700
14148000
14148200
14148400
14148700
14149000
14149300
14149500
14149700
14149900
14150200
14150500
14150800
14151000
14151200
14151500
14151800
14152100
14152300
14152500
14152800
14153100
14153300
14153500
14153700
14154000
14154300
14154600
14154800
14155000
14155300
14155600
14155800
14156000
14156300
14156600
14156800
14157000
14157200
14157400
14157700
14158000
14158300
14158600
14158800
14159000
14159300
14159600
14159900
14160100
14160300
14160500
14160800
14161100
14161300
14161500
14161700
14162000
14162300
14162500
14162700
14163000
14163300
14163600
14163900
14164100
14164300
14164600
14164900
14165100
14165300
14165600
14165900
14166100
14166300
14166600
14166900
14167200
14167500
14167700
14167900
14168200
14168500
14168700
14168900
14169200
14169500
14169700
14169900
14170100
14170400
14170700
14171000
14171200
14171400
14171700
14172000
14172300
14172500
14172700
14173000
14173300
14173600
14173800
14174000
14174200
14174400
14174600
14174900
14175200
14175500
14175700
14175900
14176200
14176500
14176700
14177000
14177300
14177600
14177800
14178000
14178300
14178600
14178800
14179000
14179300
14179600
14179800
14180000
14180300
14180500
14180700
14180900
14181200
14181500
14181700
14181900
14182200
14182400
14182700
14183000
14183300
14183500
14183700
14184000
14184300
14184600
14184800
14185000
14185300
14185600
14185900
14186100
14186400
14186800
14187100
14187400
14187700
14188000
14188200
14188400
14188700
14188900
14189200
14189500
14189700
14189900
14190100
14190400
14190700
14190900
14191200
14191500
14191700
14191900
14192200
14192500
14192800
14193000
14193300
14193500
14193800
14194000
14194300
14194500
14194700
14195000
14195300
14195500
14195700
14196000
14196300
14196600
14196900
14197100
14197300
14197600
14197900
14198200
14198500
14198800
14199100
14199300
14199600
14199900
14200100
14200300
14200500
14200700
14200900
14201100
14201400
14201700
14202000
14202300
14202600
14202900
14203200
14203500
14203700
14203900
14204200
14204500
14204700
14204900
14205200
14205500
14205800
14206100
14206300
14206500
14206800
14207100
14207300
14207500
14207800
14208100
14208300
14208500
14208800
14209100
14209400
14209700
14209900
14210100
14210400
14210700
14210900
14211100
14211400
14211700
14212000
14212200
14212400
14212600
14212900
14213200
14213400
14213600
14213800
14214100
14214400
14214600
14214800
14215100
14215400
14215700
14216000
14216200
14216400
14216700
14217000
14217300
14217500
14217700
14218000
14218300
14218500
14218700
14218900
14219200
14219500
14219700
14219900
14220100
14220400
14220700
14220900
14221100
14221400
14221700
14221900
14222100
14222300
14222600
14222900
14223100
14223300
14223500
14223700
14223900
14224200
14224500
14224700
14224900
14225100
14225400
14225700
14226000
14226200
14226400
14226700
14227000
14227200
14227400
14227600
14227900
14228200
14228500
14228700
14228900
14229200
14229500
14229800
14230000
14230200
14230500
14230800
14231000
14231200
14231400
14231600
14231800
14232100
14232400
14232700
14232900
14233100
14233400
14233700
14233900
14234100
14234400
14234700
14234900
14235100
14235400
14235700
14236000
14236200
14236400
14236700
14237000
14237200
14237400
14237700
14238000
14238200
14238400
14238600
14238900
14239200
14239400
14239600
14239900
14240200
14240500
14240700
14240900
14241200
14241500
14241700
14241900
14242100
14242400
14242700
14242900
14243100
14243400
14243700
14243900
14244100
14244300
14244600
14244900
14245100
14245300
14245600
14245900
14246100
14246300
14246600
14246900
14247100
14247300
14247600
14247900
14248200
14248400
14248600
14248900
14249200
14249400
14249600
14249900
14250200
14250400
14250600
14250900
14251200
14251500
14251700
14251900
14252200
14252500
14252700
14252900
14253100
14253400
14253700
14253900
14254100
14254400
14254700
14255000
14255200
14255500
14255700
14255900
14256200
14256500
14256700
14256900
14257200
14257500
14257800
14258000
14258200
14258500
14258800
14259000
14259200
14259500
14259800
14260100
14260300
14260500
14260800
14261100
14261300
14261500
14261800
14262100
14262300
14262500
14262800
14263100
14263300
14263600
14263800
14264000
14264300
14264600
14264900
14265200
14265400
14265600
14265900
14266200
14266400
14266600
14266900
14267200
14267500
14267700
14267900
14268200
14268500
14268800
14269000
14269200
14269500
14269800
14270000
14270200
14270500
14270800
14271100
14271300
14271500
14271800
14272100
14272300
14272500
14272800
14273100
14273400
14273600
14273800
14274100
14274400
14274600
14274800
14275100
14275400
14275600
14275800
14276100
14276400
14276600
14276800
14277100
14277400
14277700
14277900
14278100
14278400
14278700
14278900
14279100
14279400
14279700
14280000
14280200
14280400
14280700
14281000
14281300
14281500
14281700
14282000
14282300
14282500
14282700
14283000
14283300
14283600
14283800
14284000
14284300
14284600
14284800
14285000
14285300
14285600
14285900
14286100
14286300
14286600
14286900
14287100
14287300
14287600
14287900
14288100
14288300
14288600
14288900
14289200
14289400
14289600
14289900
14290200
14290400
14290600
14290900
14291200
14291400
14291600
14291900
14292200
14292500
14292700
14292900
14293200
14293500
14293700
14293900
14294200
14294500
14294800
14295000
14295200
14295500
14295800
14296100
14296400
14296600
14296800
14297000
14297300
14297600
14297800
14298000
14298300
14298600
14298800
14299000
14299200
14299500
14299800
14300000
14300200
14300500
14300800
14301000
14301200
14301400
14301700
14302000
14302200
14302400
14302700
14303000
14303200
14303400
14303700
14304000
14304300
14304500
14304700
14305000
14305300
14305500
14305700
14306000
14306300
14306600
14306800
14307000
14307300
14307600
14307800
14308000
14308300
14308600
14308900
14309100
14309300
14309600
14309900
14310100
14310300
14310600
14310900
14311200
14311400
14311600
14311900
14312200
14312400
14312600
14312900
14313200
14313400
14313600
14313800
14314100
14314400
14314600
14314800
14315100
14315400
14315600
14315800
14316100
14316400
14316600
14316800
14317100
14317400
14317600
14317800
14318100
14318400
14318700
14318900
14319100
14319400
14319700
14319900
14320100
14320400
14320700
14320900
14321100
14321300
14321600
14321900
14322100
14322300
14322600
14322900
14323200
14323400
14323600
14323900
14324200
14324400
14324600
14324900
14325200
14325500
14325700
14325900
14326200
14326500
14326700
14326900
14327200
14327500
14327700
14327900
14328200
14328500
14328800
14329000
14329200
14329500
14329800
14330000
14330200
14330500
14330800
14331000
14331200
14331500
14331800
14332000
14332200
14332500
14332800
14333100
14333300
14333500
14333800
14334100
14334300
14334500
14334800
14335100
14335400
14335600
14335800
14336100
14336400
14336600
14336800
14337100
14337400
14337700
14337900
14338100
14338400
14338700
14338900
14339100
14339400
14339700
14340000
14340200
14340400
14340700
14341000
14341200
14341400
14341700
14342000
14342200
14342400
14342700
14343000
14343300
14343500
14343800
14344100
14344400
14344600
14344800
14345100
14345400
14345600
14345800
14346100
14346400
14346600
14346800
14347100
14347400
14347700
14347900
14348100
14348400
14348700
14348900
14349100
14349400
14349700
14350000
14350200
14350400
14350700
14351000
14351300
14351500
14351700
14352000
14352300
14352500
14352700
14353000
14353300
14353500
14353700
14354000
14354300
14354600
14354800
14355000
14355300
14355600
14355800
14356000
14356300
14356600
14356800
14357000
14357300
14357600
14357900
14358100
14358300
14358600
14358900
14359100
14359300
14359600
14359900
14360100
14360300
14360600
14360900
14361200
14361400
14361600
14361900
14362200
14362400
14362600
14362900
14363200
14363500
14363700
14363900
14364200
14364500
14364800
14365000
14365200
14365500
14365800
14366000
14366200
14366500
14366800
14367100
14367300
14367500
14367800
14368100
14368300
14368500
14368800
14369100
14369300
14369500
14369800
14370100
14370300
14370500
14370700
14371000
14371300
14371500
14371700
14372000
14372300
14372500
14372700
14373000
14373300
14373500
14373700
14373900
14374200
14374500
14374700
14374900
14375200
14375500
14375700
14375900
14376200
14376500
14376800
14379200
14379400
14379600
14379900
14380200
14380500
14380700
14380900
14381200
14381500
14381700
14381900
14382200
14382400
14382600
14382900
14383200
14383400
14383600
14383800
14384100
14384400
14384600
14384900
14385200
14385500
14385800
14386000
14386200
14386500
14386800
14387100
14387300
14387600
14387800
14388000
14388500
14388900
14389200
14389500
14389800
14390000
14390200
14390400
14390600
14390900
14391200
14391500
14391800
14392000
14392200
14392500
14392800
14393100
14393300
14393500
14393800
14394100
14394300
14394500
14394800
14395100
14395400
14395600
14395800
14396000
14396300
14396600
14396800
14397000
14397300
14397600
14397800
14398000
14398200
14398500
14398800
14399100
14399300
14399500
14399800
14400100
14400400
14400600
14400800
14401100
14401400
14401700
14401900
14402100
14402400
14402700
14403000
14403200
14403400
14403600
14403900
14404100
14404400
14404700
14404900
14405100
14405400
14405700
14406000
14406200
14406400
14406700
14407000
14407300
14407500
14407700
14408000
14408300
14408500
14408700
14409000
14409300
14409600
14409800
14410000
14410300
14410600
14410900
14411100
14411300
14411500
14411800
14412100
14412300
14412500
14412800
14413100
14413300
14413600
14413900
14414100
14414300
14414600
14414900
14415200
14415500
14415800
14416000
14416300
14416600
14416900
14417200
14417500
14417800
14418100
14418400
14418600
14418800
14419000
14419200
14419500
14419800
14420000
14420200
14420400
14420700
14421000
14421300
14421500
14421700
14422000
14422300
14422500
14422700
14423000
14423200
14423500
14423700
14424000
14424200
14424400
14424700
14425000
14425300
14425600
14425800
14426000
14426300
14426600
14426900
14427200
14427400
14427600
14427900
14428200
14428500
14428700
14428900
14429100
14429300
14429500
14429700
14429900
14430100
14430300
14430500
14430800
14431100
14431400
14431700
14432000
14432200
14432500
14432700
14433000
14433200
14433400
14433700
14434000
14434200
14434400
14434700
14435000
14435300
14435500
14435700
14436000
14436300
14436600
14436800
14437000
14437300
14437600
14437900
14438100
14438300
14438600
14438900
14439100
14439300
14439500
14439800
14440100
14440400
14440600
14440800
14441100
14441400
14441700
14441900
14442100
14442400
14442700
14443000
14443300
14443500
14443700
14444000
14444300
14444500
14444700
14444900
14445100
14445400
14445700
14446000
14446200
14446400
14446700
14447000
14447300
14447500
14447700
14448000
14448300
14448500
14448700
14449000
14449300
14449600
14449800
14450000
14450300
14450600
14450800
14451000
14451200
14451500
14451800
14452100
14452300
14452500
14452800
14453000
14453300
14453600
14453900
14454100
14454300
14454600
14454900
14455200
14455400
14455600
14455800
14456100
14456400
14456600
14456800
14457000
14457300
14457600
14457800
14458000
14458300
14458600
14458900
14459200
14459400
14459600
14459900
14460200
14460500
14460700
14460900
14461200
14461500
14461700
14461900
14462200
14462500
14462700
14462900
14463100
14463400
14463700
14464000
14464200
14464400
14464700
14465000
14465200
14465400
14465700
14466000
14466300
14466500
14466700
14467000
14467300
14467600
14467800
14468000
14468200
14468500
14468800
14469000
14469200
14469500
14469800
14470100
14470300
14470500
14470800
14471100
14471400
14471700
14471900
14472100
14472400
14472700
14472900
14473100
14473400
14473700
14474000
14474200
14474400
14474700
14475000
14475200
14475400
14475600
14475900
14476200
14476500
14476700
14476900
14477200
14477400
14477700
14478000
14478200
14478400
14478700
14479000
14479300
14479600
14479800
14480000
14480300
14480600
14480800
14481000
14481200
14481500
14481800
14482000
14482200
14482500
14482800
14483100
14483400
14483600
14483800
14484100
14484400
14484700
14484900
14485100
14485400
14485600
14485900
14486200
14486500
14486700
14486900
14487200
14487500
14487800
14488000
14488200
14488500
14488800
14489000
14489200
14489400
14489700
14490000
14490200
14490400
14490700
14491000
14491200
14491400
14491600
14491900
14492200
14492500
14492700
14492900
14493200
14493500
14493800
14494100
14494300
14494500
14494800
14495100
14495400
14495700
14495900
14496100
14496400
14496700
14497000
14497200
14497400
14497700
14498000
14498300
14498500
14498700
14499000
14499300
14499600
14499800
14500000
14500200
14500500
14500800
14501000
14501200
14501500
14501800
14502000
14502200
14502400
14502700
14503000
14503200
14503400
14503700
14504000
14504300
14504500
14504700
14505000
14505300
14505600
14505800
14506000
14506300
14506600
14506800
14507000
14507300
14507600
14507900
14508200
14508400
14508600
14508900
14509200
14509500
14509700
14509900
14510200
14510500
14510700
14510900
14511100
14511400
14511700
14512000
14512200
14512400
14512700
14513000
14513300
14513500
14513700
14514000
14514300
14514500
14514700
14514900
14515200
14515500
14515700
14515900
14516100
14516400
14516700
14516900
14517100
14517400
14517700
14518000
14518300
14518500
14518700
14519000
14519300
14519600
14519900
14520100
14520300
14520600
14520900
14521100
14521300
14521500
14521800
14522100
14522300
14522500
14522800
14523100
14523400
14523700
14523900
14524100
14524400
14524700
14525000
14525200
14525400
14525700
14526000
14526300
14526600
14526900
14527100
14527300
14527600
14527900
14528200
14528400
14528600
14528900
14529200
14529400
14529600
14529800
14530100
14530400
14530600
14530800
14531100
14531400
14531600
14531800
14532000
14532300
14532600
14532900
14533100
14533300
14533600
14533900
14534100
14534300
14534600
14534900
14535200
14535400
14535600
14535800
14536100
14536400
14536700
14536900
14537100
14537400
14537700
14537900
14538100
14538300
14538600
14538900
14539100
14539300
14539500
14539800
14540100
14540400
14540600
14540800
14541100
14541400
14541600
14541800
14542000
14542300
14542600
14542800
14543000
14543200
14543500
14543800
14544000
14544200
14544500
14544800
14545100
14545300
14545500
14545800
14546100
14546300
14546500
14546700
14547000
14547300
14547500
14547700
14547900
14548200
14548500
14548700
14548900
14549200
14549500
14549800
14550000
14550200
14550400
14550600
14550800
14551100
14551400
14551700
14551900
14552100
14552400
14552700
14553000
14553200
14553400
14553700
14554000
14554200
14554400
14554600
14554900
14555200
14555500
14555700
14555900
14556200
14556500
14556700
14556900
14557200
14557500
14557700
14557900
14558200
14558400
14558700
14559000
14559300
14559500
14559700
14560000
14560300
14560600
14560800
14561000
14561300
14561600
14561900
14562100
14562300
14562600
14562900
14563100
14563300
14563500
14563800
14564100
14564400
14564600
14564800
14565100
14565400
14565700
14565900
14566100
14566400
14566700
14567000
14567200
14567400
14567600
14567900
14568200
14568400
14568600
14568900
14569200
14569500
14569700
14569900
14570200
14570500
14570700
14570900
14571200
14571500
14571700
14571900
14572100
14572400
14572700
14573000
14573200
14573400
14573700
14574000
14574200
14574400
14574700
14575000
14575300
14575500
14575700
14575900
14576200
14576500
14576800
14577000
14577200
14577500
14577800
14578100
14578300
14578500
14578800
14579100
14579300
14579500
14579700
14580000
14580300
14580500
14580700
14580900
14581200
14581500
14581800
14582000
14582200
14582500
14582800
14583000
14583200
14583500
14583800
14584000
14584200
14584400
14584700
14585000
14585300
14585500
14585700
14586000
14586300
14586500
14586700
14587000
14587300
14587600
14587800
14588000
14588300
14588600
14588900
14589100
14589300
14589600
14589900
14590200
14590400
14590600
14590900
14591200
14591500
14591700
14591900
14592200
14592500
14592800
14593100
14593300
14593500
14593800
14594100
14594300
14594500
14594800
14595100
14595400
14595600
14595800
14596100
14596400
14596600
14596800
14597100
14597400
14597700
14598000
14598200
14598400
14598700
14599000
14599200
14599400
14599700
14600000
14600200
14600400
14600700
14601000
14601300
14601600
14601800
14602000
14602300
14602600
14602900
14603100
14603300
14603600
14603900
14604100
14604300
14604600
14604900
14605200
14605400
14605600
14605800
14606100
14606400
14606700
14606900
14607100
14607400
14607700
14608000
14608200
14608400
14608700
14609000
14609200
14609400
14609600
14609900
14610200
14610500
14610700
14610900
14611200
14611500
14611700
14611900
14612200
14612500
14612700
14612900
14613100
14613400
14613700
14614000
14614200
14614400
14614700
14615000
14615200
14615400
14615700
14616000
14616300
14616600
14616800
14617000
14617300
14617600
14617900
14618200
14618500
14618700
14618900
14619200
14619500
14619800
14620000
14620200
14620500
14620800
14621100
14621300
14621500
14621800
14622100
14622300
14622500
14622800
14623100
14623300
14623500
14623700
14624000
14624300
14624500
14624700
14625000
14625300
14625600
14625800
14626000
14626300
14626600
14626900
14627100
14627300
14627600
14627900
14628200
14628400
14628600
14628900
14629200
14629500
14629700
14629900
14630200
14630500
14630700
14630900
14631100
14631400
14631700
14631900
14632100
14632400
14632700
14633000
14633200
14633400
14633700
14634000
14634300
14634500
14634700
14635000
14635300
14635500
14635700
14636000
14636300
14636600
14636800
14637000
14637300
14637600
14637800
14638000
14638200
14638500
14638800
14639000
14639200
14639500
14641900
14642100
14642300
14642600
14642900
14643200
14643400
14643700
14644000
14644300
14644500
14644700
14645000
14645300
14645600
14645800
14646000
14646300
14646600
14646900
14647200
14647500
14647700
14647900
14648200
14648500
14648800
14649000
14649200
14649500
14649800
14650000
14650200
14650400
14650700
14651000
14651200
14651400
14651700
14652000
14652300
14652500
14652800
14653000
14653300
14653600
14653900
14654200
14654500
14654700
14654900
14655100
14655300
14655600
14655900
14656200
14656400
14656600
14656900
14657200
14657400
14657600
14657800
14658100
14658400
14658700
14659000
14659300
14659500
14659800
14660100
14660300
14660600
14660900
14661100
14661400
14661700
14662000
14662200
14662400
14662700
14663000
14663200
14663400
14663700
14664000
14664300
14664600
14664900
14665200
14665500
14665700
14666000
14666300
14666600
14666900
14667100
14667400
14667700
14667900
14668100
14668300
14668600
14668900
14669100
14669300
14669500
14669800
14670000
14670200
14670500
14670800
14671100
14671300
14671500
14671800
14672100
14672400
14672600
14672800
14673100
14673400
14673600
14673800
14674100
14674400
14674700
14674900
14675100
14675300
14675500
14675800
14676100
14676300
14676500
14676800
14677100
14677300
14677500
14677800
14678100
14678300
14678500
14678700
14679000
14679300
14679500
14679700
14680000
14680300
14680600
14680800
14681000
14681300
14681600
14681800
14682000
14682200
14682500
14682800
14683000
14683200
14683500
14683800
14684100
14684300
14684500
14684800
14685100
14685400
14685600
14685800
14686100
14686400
14686600
14686800
14687100
14687400
14687700
14687900
14688100
14688400
14688700
14688900
14689100
14689400
14689700
14690000
14690200
14690400
14690700
14691000
14691200
14691400
14691700
14692000
14692200
14692400
14692700
14693000
14693300
14693500
14693700
14694000
14694300
14694500
14694700
14695000
14695300
14695600
14695800
14696000
14696300
14696600
14696800
14697000
14697200
14697500
14697800
14698000
14698200
14698400
14698700
14699000
14699300
14699600
14699900
14700100
14700300
14700600
14700900
14701100
14701300
14701600
14701900
14702200
14702500
14702700
14702900
14703100
14703300
14703600
14703900
14704100
14704300
14704500
14704800
14705100
14705400
14705700
14705900
14706100
14706300
14706500
14706800
14707100
14707400
14707700
14708000
14708200
14708400
14708600
14708900
14709200
14709500
14709800
14710000
14710200
14710400
14710600
14710900
14711200
14711500
14711800
14712000
14712200
14712400
14712700
14713000
14713300
14713600
14713800
14714000
14714300
14714600
14714900
14715200
14715400
14715600
14715800
14716100
14716400
14716700
14717000
14717200
14717400
14717600
14717900
14718200
14718500
14718800
14719000
14719200
14719500
14719800
14720100
14720400
14720600
14720800
14721000
14721300
14721600
14721900
14722200
14722400
14722600
14722800
14723100
14723400
14723700
14724000
14724200
14724400
14724700
14724900
14725200
14725500
14725700
14726000
14726200
14726400
14726700
14727000
14727300
14727600
14727800
14728000
14728200
14728500
14728800
14729100
14729400
14729600
14729800
14730000
14730200
14730500
14730800
14731100
14731300
14731500
14731800
14732100
14732400
14732700
14732900
14733100
14733300
14733600
14733900
14734200
14734500
14734700
14734900
14735100
14735400
14735700
14735900
14736200
14736400
14736600
14736900
14737200
14737500
14737800
14738000
14738200
14738400
14738700
14739000
14739300
14739600
14739800
14740000
14740200
14740500
14740700
14740900
14741100
14741400
14741700
14742000
14742300
14742500
14742700
14743000
14743300
14743600
14743900
14744100
14744300
14744500
14744800
14745100
14745400
14745700
14745900
14746100
14746300
14746600
14746900
14747100
14747300
14747500
14747700
14748000
14748300
14748500
14748800
14749100
14749400
14749700
14749900
14750100
14750300
14750600
14750900
14751200
14751500
14751700
14751900
14752200
14752500
14752800
14753100
14753300
14753500
14753700
14753900
14754200
14754500
14754800
14755100
14755300
14755500
14755700
14756000
14756300
14756600
14756900
14757200
14757500
14757800
14758000
14758200
14758500
14758800
14759100
14759300
14759500
14759700
14759900
14760200
14760500
14760800
14761000
14761200
14761500
14761800
14762100
14762400
14762600
14762800
14763000
14763300
14763600
14763900
14764200
14764400
14764600
14764800
14765000
14765300
14765600
14765900
14766200
14766400
14766600
14766800
14767000
14767300
14767600
14767900
14768100
14768300
14768500
14768700
14769000
14769300
14769500
14769700
14769900
14770100
14770400
14770700
14771000
14771200
14771400
14771600
14771900
14772200
14772500
14772800
14773000
14773200
14773500
14773800
14774100
14774400
14774600
14774800
14775000
14775300
14775600
14775900
14776200
14776400
14776600
14776800
14777100
14777400
14777700
14778000
14778200
14778400
14778700
14779000
14779300
14779600
14779800
14780000
14780200
14780400
14780700
14781000
14781300
14781600
14781800
14782000
14782200
14782500
14782800
14783100
14783400
14783600
14783800
14784000
14784300
14784600
14784900
14785200
14785400
14785600
14785900
14786200
14786500
14786700
14786900
14787100
14787400
14787700
14788000
14788300
14788500
14788700
14789000
14789300
14789500
14789800
14790100
14790400
14790700
14790900
14791100
14791300
14791500
14791800
14792100
14792400
14792700
14792900
14793100
14793300
14793600
14793900
14794200
14794500
14794700
14794900
14795200
14795500
14795800
14796100
14796300
14796500
14796700
14796900
14797200
14797500
14797700
14798000
14798300
14798600
14798900
14799100
14799300
14799500
14799800
14800100
14800300
14800500
14800700
14801000
14801300
14801600
14801900
14802100
14802300
14802500
14802800
14803100
14803400
14803700
14803900
14804100
14804400
14804700
14805000
14805300
14805500
14805700
14805900
14806100
14806400
14806700
14807000
14807300
14807500
14807700
14807900
14808200
14808500
14808800
14809100
14809300
14809500
14809700
14810000
14810300
14810600
14810900
14811100
14811300
14811600
14811900
14812200
14812500
14812700
14812900
14813100
14813400
14813700
14814000
14814300
14814500
14814700
14814900
14815200
14815500
14815700
14816000
14816200
14816400
14816700
14817000
14817300
14817500
14817700
14817900
14818100
14818400
14818700
14819000
14819300
14819500
14819700
14819900
14820200
14820900
14821300
14821600
14821800
14822100
14822400
14822700
14823000
14823300
14823600
14823800
14824000
14824300
14824600
14824900
14825100
14825300
14825600
14825900
14826100
14826400
14826600
14826800
14827100
14827400
14827600
14827800
14828000
14828300
14828600
14828800
14829000
14829300
14829600
14829900
14830100
14830300
14830600
14830900
14831100
14831300
14831500
14831800
14832100
14832300
14832500
14832800
14833100
14833400
14833600
14833800
14834100
14834400
14834700
14834900
14835100
14835400
14835700
14836000
14836200
14836400
14836700
14837000
14837300
14837500
14837700
14838000
14838300
14838500
14838700
14839000
14839300
14839600
14839800
14840000
14840300
14840600
14840800
14841000
14841300
14841600
14841900
14842100
14842300
14842600
14842900
14843200
14843500
14843700
14843900
14844200
14844500
14844800
14845000
14845200
14845500
14845800
14846100
14846300
14846500
14846800
14847000
14847300
14847600
14847800
14848000
14848300
14848600
14848900
14849100
14849300
14849600
14849900
14850200
14850500
14850800
14851000
14851200
14851500
14851800
14852000
14852200
14852600
14852900
14853100
14853300
14853600
14853900
14854200
14854400
14854600
14854900
14855200
14855500
14855700
14855900
14856200
14856500
14856800
14857000
14857200
14857500
14857800
14858100
14858300
14858500
14858800
14859100
14859400
14859600
14859800
14860100
14860400
14860600
14860800
14861000
14861300
14861600
14861800
14862000
14862300
14862600
14862900
14863100
14863300
14863600
14863900
14864100
14864300
14864600
14864900
14865200
14865400
14865600
14865900
14866200
14866400
14866600
14866900
14867200
14867500
14867700
14867900
14868200
14868500
14868700
14868900
14869100
14869400
14869700
14869900
14870100
14870400
14870700
14871000
14871200
14871400
14871600
14871900
14872200
14872400
14872600
14872900
14873200
14873500
14873700
14873900
14874200
14874500
14874800
14875000
14875200
14875500
14875800
14876000
14876200
14876400
14876700
14877000
14877200
14877400
14877700
14878000
14878300
14878500
14878700
14879000
14879300
14879500
14879700
14880000
14880300
14880600
14880800
14881000
14881400
14881600
14881800
14882100
14882400
14882600
14882800
14883000
14883300
14883600
14883800
14884000
14884200
14884500
14884800
14885000
14885200
14885400
14885700
14886000
14886300
14886500
14886700
14886900
14887300
14887500
14887700
14888000
14888300
14888600
14888900
14889200
14889400
14889600
14889900
14890200
14890500
14890700
14890900
14891200
14891500
14891700
14891900
14892100
14892400
14892700
14892900
14893100
14893400
14893700
14894100
14894400
14894700
14895000
14895300
14895600
14895800
14896000
14896200
14896500
14896800
14897100
14897300
14897500
14897800
14898100
14898400
14898700
14899000
14899300
14899600
14899900
14900200
14900400
14900600
14900800
14901000
14901200
14901400
14901600
14901900
14902200
14902400
14902700
14903000
14903300
14903500
14903800
14904100
14904300
14904500
14907100
14907300
14907600
14907900
14908100
14908300
14908600
14908900
14909200
14909400
14909600
14909900
14910200
14910400
14910600
14910800
14911100
14911400
14911700
14912000
14912200
14912400
14912700
14913000
14913300
14913500
14913700
14914000
14914300
14914600
14914800
14915000
14915200
14915400
14915600
14915900
14916200
14916500
14916700
14916900
14917200
14917500
14917700
14917900
14918200
14918500
14918800
14919000
14919200
14919500
14919800
14920000
14920200
14920500
14920800
14921100
14921300
14921500
14921800
14922100
14922400
14922600
14922800
14923100
14923400
14923700
14923900
14924100
14924400
14924700
14924900
14925100
14925300
14925600
14925900
14926100
14926300
14926600
14926900
14927200
14927400
14927600
14927900
14928200
14928500
14928700
14928900
14929200
14929500
14929800
14930000
14930200
14930500
14930800
14931000
14931200
14931400
14931600
14931800
14932100
14932400
14932600
14932800
14933100
14933400
14933600
14933800
14934000
14934300
14934600
14934900
14935100
14935300
14935600
14935900
14936100
14936300
14936600
14936900
14937200
14937400
14937600
14937900
14938200
14938500
14938700
14938900
14939200
14939500
14939700
14940000
14940300
14940600
14940800
14941000
14941300
14941600
14941900
14942100
14942300
14942500
14942800
14943100
14943400
14943600
14943800
14944100
14944400
14944700
14944900
14945100
14945400
14945700
14946000
14946200
14946400
14946700
14947000
14947300
14947500
14947700
14948000
14948300
14948600
14948800
14949000
14949300
14949600
14949900
14950100
14950300
14950500
14950800
14951100
14951400
14951600
14951800
14952100
14952400
14952700
14952900
14953100
14953400
14953700
14954000
14954300
14954500
14954700
14955000
14955300
14955600
14955800
14956000
14956200
14956500
14956800
14957100
14957300
14957500
14957800
14958100
14958400
14958600
14958800
14959100
14959400
14959700
14959900
14960100
14960400
14960700
14961000
14961200
14961400
14961700
14962000
14962300
14962500
14962700
14963000
14963300
14963600
14963800
14964000
14964300
14964500
14964700
14965000
14965300
14965600
14965800
14966000
14966300
14966600
14966900
14967100
14967300
14967500
14967800
14968100
14968400
14968600
14968800
14969100
14969400
14969700
14970000
14970200
14970400
14970600
14970900
14971200
14971400
14971600
14971800
14972100
14972400
14972700
14973000
14973300
14973500
14973700
14973900
14974200
14974500
14974800
14975000
14975200
14975500
14975800
14976100
14976300
14976500
14976800
14977100
14977400
14977600
14977800
14978100
14978400
14978700
14978900
14979100
14979300
14979600
14979900
14980200
14980400
14980600
14980900
14981200
14981500
14981700
14981900
14982100
14982400
14982700
14983000
14983200
14983400
14983700
14984000
14984300
14984600
14984800
14985000
14985300
14985600
14985900
14986100
14986300
14986600
14986900
14987200
14987400
14987600
14987900
14988200
14988500
14988700
14988900
14989200
14989500
14989800
14990000
14990200
14990500
14990800
14991100
14991300
14991500
14991700
14992000
14992300
14992600
14992800
14993000
14993300
14993600
14993900
14994100
14994300
14994500
14994800
14995100
14995400
14995600
14995800
14996100
14996400
14996700
14996900
14997100
14997300
14997600
14997900
14998200
14998400
14998600
14998900
14999200
14999500
14999700
14999900
15000200
15000500
15000800
15001000
15001200
15001500
15001800
15002100
15002300
15002500
15002800
15003100
15003400
15003600
15003800
15004100
15004400
15004700
15004900
15005100
15005300
15005600
15005800
15006000
15006300
15006600
15006900
15007100
15007300
15007500
15007800
15008100
15008400
15008600
15008800
15009100
15009400
15009700
15009900
15010100
15010300
15010600
15010900
15011200
15011400
15011600
15011900
15012200
15012500
15012700
15012900
15013200
15013500
15013700
15014000
15014300
15014600
15014800
15015000
15015300
15015600
15015900
15016100
15016300
15016600
15016900
15017200
15017400
15017600
15017900
15018200
15018500
15018700
15018900
15019200
15019500
15019800
15020000
15020200
15020400
15020700
15021000
15021300
15021500
15021700
15022000
15022300
15022600
15022800
15023000
15023200
15023500
15023800
15024100
15024300
15024500
15024800
15025100
15025400
15025600
15025800
15026000
15026300
15026600
15026900
15027100
15027300
15027600
15027900
15028200
15028400
15028600
15028900
15029200
15029500
15029700
15029900
15030200
15030500
15030800
15031000
15031200
15031500
15031800
15032100
15032300
15032500
15032800
15033100
15033400
15033600
15033800
15034000
15034300
15034600
15034900
15035100
15035300
15035600
15035900
15036200
15036400
15036600
15036800
15037100
15037400
15037700
15037900
15038100
15038400
15038700
15039000
15039200
15039400
15039600
15039900
15040200
15040500
15040700
15040900
15041200
15041500
15041800
15042000
15042200
15042500
15042800
15043100
15043300
15043500
15043800
15044100
15044400
15044600
15044800
15045100
15045400
15045700
15045900
15046100
15046400
15046600
15046900
15047200
15047500
15047700
15047900
15048100
15048400
15048700
15049000
15049200
15049400
15049700
15050000
15050300
15050500
15050700
15050900
15051200
15051500
15051800
15052000
15052200
15052500
15052800
15053100
15053300
15053500
15053700
15054000
15054300
15054600
15054900
15055100
15055300
15055500
15055800
15056100
15056300
15056500
15056800
15057100
15057300
15057500
15057800
15058100
15058400
15058600
15058800
15059100
15059400
15059600
15059800
15060000
15060300
15060600
15060800
15061000
15061300
15061600
15061900
15062100
15062300
15062600
15062900
15063200
15063400
15063600
15063900
15064200
15064500
15064700
15064900
15065200
15065500
15065800
15066000
15066200
15066500
15066800
15067000
15067200
15067400
15067700
15068000
15068200
15068400
15068700
15069000
15069300
15069500
15069700
15070000
15070300
15070500
15070700
15071000
15071300
15071500
15071700
15071900
15072200
15072500
15072700
15072900
15073200
15073500
15073800
15074000
15074200
15074500
15074800
15075000
15075200
15075400
15075700
15076000
15076200
15076400
15076700
15077000
15077300
15077500
15077700
15078000
15078300
15078600
15078800
15079100
15079300
15079500
15079800
15080100
15080400
15080700
15080900
15081100
15081400
15081700
15081900
15082100
15082400
15082700
15083000
15083200
15083400
15083700
15084000
15084200
15084400
15084700
15085000
15085200
15085400
15085600
15085900
15086200
15086500
15086700
15086900
15087100
15087500
15087800
15088100
15088300
15088500
15088700
15089000
15089300
15089600
15089800
15090000
15090300
15090600
15090800
15091000
15091300
15091600
15091900
15092100
15092300
15092600
15092900
15093100
15093300
15093600
15093900
15094200
15094400
15094600
15094900
15095200
15095500
15095800
15096000
15096200
15096500
15096800
15097100
15097300
15097500
15097800
15098100
15098400
15098600
15098800
15099100
15099400
15099600
15099800
15100000
15100300
15100600
15100800
15101000
15101200
15101500
15101800
15102000
15102200
15102400
15102700
15103000
15103200
15103500
15103700
15103900
15104200
15104500
15104700
15104900
15105100
15105300
15105600
15105900
15106200
15106400
15106600
15106900
15107200
15107400
15107600
15107900
15108200
15108500
15108700
15108900
15109200
15109500
15109700
15109900
15110200
15110500
15110800
15111000
15111200
15111500
15111800
15112100
15112300
15112500
15112800
15113100
15113400
15113600
15113800
15114100
15114400
15114600
15114900
15115200
15115500
15115700
15115900
15116200
15116500
15116700
15116900
15117100
15117400
15117700
15117900
15118200
15118500
15118700
15118900
15119200
15119500
15119700
15119900
15120200
15120500
15120800
15121000
15121200
15121500
15121800
15122100
15122400
15122600
15122800
15123100
15123400
15123700
15124000
15124300
15124600
15124800
15125100
15125400
15125700
15126000
15126200
15126500
15126700
15126900
15127200
15127500
15127800
15128000
15128200
15128500
15128800
15129100
15129300
15129500
15129800
15130100
15130400
15130700
15131000
15131300
15131600
15131900
15132200
15132500
15132800
15133100
15133300
15133500
15133800
15134100
15134400
15134600
15134800
15135100
15135400
15135600
15135800
15136000
15136300
15136500
15136900
15137200
15137500
15137800
15138000
15138300
15138600
15138900
15139200
15139500
15139800
15140000
15140200
15140500
15140700
15141000
15141300
15141600
15141900
15142200
15142400
15142600
15142900
15143200
15143500
15143700
15143900
15144200
15144500
15144800
15145000
15145200
15145500
15145800
15146100
15146300
15146500
15146800
15147100
15147300
15147500
15147800
15148100
15148400
15148600
15148800
15149100
15149400
15149600
15149800
15150100
15150400
15150700
15150900
15151100
15151400
15151700
15151900
15152100
15152400
15152700
15153000
15153200
15153400
15153700
15154000
15154300
15154500
15154700
15155000
15155300
15155600
15155900
15156200
15156400
15156600
15156900
15157200
15157400
15157600
15157800
15158100
15158400
15158600
15158800
15159100
15159400
15159700
15159900
15160100
15160400
15160700
15161000
15161200
15161400
15161700
15162000
15162200
15162400
15162700
15163000
15163300
15163500
15163700
15164000
15164300
15164500
15164700
15165000
15165300
15165600
15165800
15166000
15166300
15166600
15166800
15167000
15167300
15167600
15167900
15168100
15168400
15168600
15168800
15169100
15169400
15169700
15172000
15172200
15172400
15172700
15173000
15173300
15173500
15173700
15174000
15174300
15174600
15174800
15175000
15175300
15175600
15175900
15176100
15176300
15176600
15176900
15177100
15177300
15177600
15177900
15178200
15178400
15178600
15178900
15179200
15179400
15179600
15179800
15180100
15180300
15180600
15180900
15181100
15181300
15181500
15181800
15182100
15182300
15182500
15182700
15183000
15183300
15183500
15183700
15184000
15184300
15184600
15184800
15185000
15185200
15185500
15185800
15186000
15186200
15186500
15186800
15187100
15187300
15187500
15187800
15188100
15188400
15188600
15188800
15189100
15189400
15189700
15189900
15190100
15190400
15190700
15190900
15191100
15191400
15191700
15192000
15192200
15192400
15192700
15193000
15193200
15193400
15193700
15194000
15194300
15194500
15194700
15195000
15195300
15195600
15195800
15196000
15196300
15196500
15196800
15197100
15197400
15197600
15197800
15198100
15198400
15198700
15198900
15199100
15199400
15199700
15200000
15200200
15200400
15200700
15201000
15201300
15201500
15201700
15202000
15202300
15202500
15202700
15202900
15203200
15203500
15203700
15203900
15204100
15204400
15204600
15204900
15205200
15205400
15205600
15205900
15206200
15206500
15206700
15206900
15207100
15207400
15207700
15207900
15208100
15208300
15208600
15208900
15209100
15209300
15209500
15209800
15210100
15210300
15210500
15210800
15211100
15211400
15211600
15211800
15212000
15212300
15212600
15212800
15213000
15213200
15213500
15213800
15214000
15214200
15214500
15214800
15215100
15215300
15215500
15215800
15216100
15216400
15216600
15216800
15217100
15217400
15217600
15217800
15218000
15218300
15218600
15218800
15219000
15219300
15219600
15219900
15220100
15220300
15220600
15220900
15221100
15221300
15221600
15221900
15222200
15222400
15222600
15222900
15223200
15223500
15223700
15223900
15224200
15224500
15224800
15225000
15225200
15225500
15225800
15226100
15226300
15226500
15226800
15227100
15227400
15227600
15227800
15228100
15228400
15228700
15229000
15229300
15229500
15229700
15230000
15230300
15230500
15230700
15230900
15231200
15231500
15231700
15231900
15232200
15232500
15232800
15233000
15233200
15233500
15233800
15234000
15234200
15234500
15234800
15235100
15235300
15235500
15235800
15236100
15236400
15236600
15236800
15237000
15237200
15237500
15237800
15238100
15238300
15238500
15238800
15239100
15239400
15239600
15239800
15240100
15240400
15240700
15240900
15241100
15241400
15241700
15242000
15242200
15242400
15242700
15243000
15243200
15243400
15243600
15243900
15244200
15244400
15244600
15244900
15245200
15245500
15245700
15245900
15246200
15246500
15246700
15246900
15247200
15247500
15247800
15248000
15248200
15248500
15248800
15249100
15249300
15249500
15249800
15250100
15250400
15250600
15250800
15251100
15251400
15251600
15251800
15252000
15252300
15252800
15253100
15253400
15253700
15253900
15254200
15254500
15254800
15255000
15255200
15255500
15255800
15256000
15256200
15256400
15256700
15257000
15257200
15257400
15257700
15258000
15258200
15258400
15258700
15259000
15259300
15259500
15259700
15260000
15260300
15260500
15260700
15261000
15261300
15261500
15261700
15262000
15262300
15262500
15262700
15262900
15263200
15263500
15263700
15263900
15264200
15264500
15264800
15265000
15265200
15265500
15265800
15266000
15266200
15266500
15266800
15267100
15267300
15267500
15267800
15268100
15268300
15268500
15268800
15269100
15269400
15269600
15269800
15270100
15270400
15270600
15270800
15271100
15271400
15271600
15271800
15272100
15272400
15272700
15272900
15273100
15273400
15273700
15273900
15274100
15274400
15274700
15274900
15275100
15275400
15275700
15275900
15276100
15276400
15276700
15277000
15277200
15277400
15277700
15277900
15278200
15278500
15278700
15278900
15279200
15279500
15279800
15280000
15280200
15280500
15280800
15281000
15281200
15281400
15281700
15282000
15282200
15282400
15282700
15283000
15283200
15283400
15283700
15284000
15284300
15284500
15284700
15285000
15285300
15285500
15285700
15285900
15286100
15286400
15286700
15286900
15287100
15287400
15287700
15287900
15288100
15288400
15288700
15289000
15289200
15289400
15289700
15290000
15290200
15290400
15290700
15291000
15291300
15291500
15291700
15292000
15292300
15292500
15292700
15292900
15293200
15293500
15293700
15293900
15294200
15294500
15294800
15295000
15295200
15295500
15295800
15296000
15296200
15296500
15296800
15297000
15297200
15297500
15297800
15298100
15298300
15298500
15298800
15299100
15299300
15299500
15299800
15300100
15300300
15300500
15300800
15301100
15301300
15301500
15301800
15302100
15302400
15302600
15302800
15303100
15303400
15303600
15303800
15304100
15304400
15304700
15304900
15305100
15305400
15305700
15305900
15306100
15306400
15306700
15307000
15307200
15307400
15307700
15308000
15308200
15308400
15308700
15309000
15309300
15309500
15309700
15310000
15310200
15310500
15310800
15311000
15311200
15311500
15311800
15312000
15312200
15312500
15312800
15313000
15313200
15313400
15313700
15314000
15314200
15314400
15314700
15315000
15315300
15315500
15315700
15316000
15316300
15316500
15316700
15317000
15317300
15317600
15317800
15318000
15318200
15318400
15318700
15319000
15319200
15319400
15319700
15320000
15320300
15320500
15320700
15320900
15321200
15321500
15321700
15321900
15322200
15322400
15322700
15323000
15323200
15323400
15323600
15323900
15324200
15324400
15324600
15324900
15325200
15325500
15325700
15325900
15326200
15326500
15326700
15326900
15327200
15327500
15327700
15327900
15328200
15328500
15328800
15329000
15329200
15329500
15329800
15330100
15330300
15330500
15330800
15331100
15331300
15331500
15331800
15332100
15332400
15332600
15332800
15333100
15333400
15333600
15333800
15334100
15334400
15334700
15334900
15335100
15335400
15335700
15335900
15336100
15336400
15336700
15336900
15337100
15337400
15337700
15338000
15338200
15338400
15338700
15339000
15339200
15339400
15339700
15340000
15340300
15340500
15340700
15341000
15341300
15341500
15341700
15342000
15342300
15342600
15342800
15343000
15343300
15343600
15343900
15344100
15344300
15344600
15344900
15345100
15345300
15345600
15345900
15346200
15346400
15346600
15346900
15347200
15347400
15347600
15347900
15348200
15348500
15348700
15348900
15349200
15349500
15349700
15349900
15350200
15350500
15350700
15350900
15351200
15351500
15351800
15352000
15352200
15352500
15352800
15353000
15353200
15353500
15353800
15354100
15354300
15354500
15354800
15355100
15355300
15355500
15355800
15356100
15356400
15356700
15356900
15357100
15357400
15357700
15357900
15358200
15358500
15358700
15359000
15359200
15359400
15359600
15359900
15360200
15360400
15360600
15360900
15361200
15361500
15361700
15361900
15362200
15362500
15362700
15362900
15363200
15363500
15363700
15363900
15364100
15364400
15364700
15364900
15365200
15365500
15365800
15366000
15366300
15366600
15366900
15367200
15367400
15367700
15368000
15368200
15368400
15368600
15368900
15369200
15369400
15369600
15369900
15370200
15370500
15370700
15370900
15371200
15371500
15371700
15372000
15372300
15372600
15372900
15373100
15373400
15373600
15373800
15374100
15374400
15374600
15374800
15375000
15375300
15375600
15375800
15376000
15376300
15376600
15376800
15377000
15377200
15377500
15377800
15378000
15378200
15378500
15378800
15379100
15379400
15379700
15380000
15380300
15380500
15380800
15381000
15381300
15381700
15382000
15382300
15382600
15382900
15383200
15383400
15383600
15383900
15384200
15384500
15384700
15384900
15385200
15385500
15385800
15386000
15386200
15386500
15386800
15387100
15387300
15387500
15387800
15388100
15388300
15388500
15388800
15389100
15389400
15389600
15389800
15390100
15390400
15390600
15390800
15391100
15391400
15391600
15391800
15392100
15392400
15392700
15392900
15393100
15393400
15393700
15393900
15394100
15394400
15394700
15394900
15395100
15395300
15395600
15395900
15396100
15396300
15396600
15396900
15397200
15397400
15397600
15397900
15398200
15398500
15398700
15398900
15399200
15399500
15399700
15399900
15400100
15400400
15400700
15400900
15401100
15401400
15401700
15402000
15402200
15402400
15402700
15403000
15403300
15403500
15403700
15404000
15404300
15404500
15404700
15405000
15405300
15405600
15405800
15406000
15406300
15406600
15406800
15407000
15407300
15407600
15407800
15408000
15408300
15408600
15408900
15409100
15409300
15409600
15409900
15410100
15410300
15410500
15410800
15411100
15411300
15411500
15411800
15412100
15412400
15412600
15412800
15413100
15413400
15413700
15413900
15414100
15414400
15414700
15414900
15415100
15415300
15415600
15415900
15416100
15416300
15416600
15416900
15417100
15417300
15417600
15417900
15418200
15418400
15418600
15418900
15419200
15419400
15419600
15419900
15420200
15420400
15420600
15420900
15421200
15421500
15421700
15421900
15422200
15422500
15422700
15422900
15423200
15423500
15423800
15424000
15424200
15424500
15424800
15425100
15425300
15425500
15425800
15426100
15426400
15426600
15426800
15427100
15427400
15427600
15427800
15428100
15428400
15428700
15428900
15429100
15429400
15429700
15429900
15430100
15430400
15430700
15431000
15431200
15431400
15431700
15432000
15432200
15434800
15435000
15435200
15435400
15435700
15436000
15436200
15436400
15436600
15436900
15437200
15437400
15437600
15437900
15438200
15438500
15438700
15439000
15439300
15439500
15439800
15440100
15440300
15440500
15440800
15441100
15441400
15441600
15441800
15442100
15442400
15442700
15442900
15443100
15443300
15443600
15443900
15444100
15444300
15444600
15444900
15445200
15445400
15445600
15445900
15446200
15446400
15446600
15446800
15447100
15447400
15447600
15447800
15448000
15448300
15448600
15448800
15449000
15449300
15449600
15449900
15450100
15450300
15450600
15450800
15451000
15451200
15451500
15451800
15452100
15452300
15452500
15452800
15453100
15453400
15453600
15453800
15454000
15454300
15454600
15454900
15455200
15455500
15455700
15455900
15456200
15456500
15456800
15457000
15457200
15457500
15457800
15458000
15458200
15458400
15458700
15459000
15459200
15459500
15459800
15460000
15460200
15460500
15460800
15461000
15461200
15461500
15461800
15462100
15462400
15462600
15462800
15463100
15463400
15463600
15463800
15464100
15464400
15464700
15464900
15465100
15465300
15465600
15465900
15466200
15466500
15466700
15466900
15467200
15467500
15467800
15468000
15468200
15468500
15468800
15469100
15469300
15469500
15469800
15470000
15470200
15470500
15470800
15471100
15471300
15471500
15471800
15472100
15472400
15472600
15472800
15473100
15473400
15473700
15473900
15474100
15474400
15474700
15474900
15475100
15475400
15475700
15476000
15476200
15476400
15476700
15477000
15477300
15477500
15477700
15477900
15478100
15478400
15478700
15478900
15479100
15479400
15479700
15480000
15480200
15480400
15480700
15481000
15481300
15481600
15481800
15482100
15482300
15482500
15482700
15483000
15483300
15483500
15483700
15484000
15484300
15484600
15484800
15485000
15485200
15485500
15485800
15486000
15486200
15486500
15486800
15487100
15487300
15487500
15487800
15488100
15488300
15488500
15488700
15489000
15489300
15489500
15489700
15489900
15490200
15490500
15490700
15490900
15491200
15491500
15491700
15492000
15492300
15492500
15492700
15493000
15493300
15493600
15493800
15494000
15494300
15494600
15494900
15495200
15495400
15495600
15495900
15496100
15496400
15496700
15496900
15497100
15497300
15497600
15497900
15498100
15498300
15498600
15498900
15499200
15499400
15499600
15499800
15500100
15500400
15500600
15500800
15501100
15501400
15501600
15501800
15502100
15502400
15502700
15502900
15503100
15503300
15503600
15503900
15504100
15504300
15504600
15504900
15505200
15505400
15505600
15505900
15506200
15506500
15506700
15506900
15507100
15507400
15507700
15507900
15508100
15508300
15508600
15508900
15509100
15509300
15509600
15509900
15510200
15510500
15510700
15510900
15511200
15511500
15511800
15512000
15512200
15512500
15512800
15513000
15513200
15513400
15513700
15514000
15514300
15514500
15514700
15515000
15515300
15515500
15515700
15516000
15516300
15516600
15516800
15517000
15517300
15517600
15517900
15518100
15518300
15518600
15518900
15519200
15519400
15519600
15519900
15520200
15520500
15520700
15521000
15521200
15521400
15521700
15522000
15522300
15522500
15522700
15523000
15523300
15523600
15523800
15524000
15524300
15524600
15524800
15525000
15525300
15525600
15525800
15526000
15526200
15526500
15526800
15527000
15527200
15527500
15527800
15528000
15528200
15528500
15528800
15529000
15529200
15529500
15529800
15530100
15530300
15530500
15530800
15531100
15531300
15531500
15531800
15532100
15532400
15532700
15533000
15533200
15533400
15533700
15534000
15534200
15534400
15534700
15535000
15535300
15535500
15535700
15536000
15536300
15536600
15536800
15537000
15537300
15537600
15537800
15538000
15538300
15538600
15538900
15539100
15539300
15539600
15539900
15540100
15540300
15540600
15540900
15541200
15541400
15541600
15541900
15542200
15542400
15542600
15542900
15543200
15543400
15543600
15543900
15544200
15544400
15544600
15544900
15545200
15545500
15545700
15545900
15546200
15546500
15546700
15546900
15547200
15547500
15547800
15548000
15548200
15548500
15548800
15549000
15549200
15549500
15549800
15550100
15550300
15550500
15550800
15551100
15551400
15551600
15551800
15552100
15552400
15552600
15552800
15553100
15553400
15553700
15553900
15554100
15554400
15554700
15554900
15555100
15555300
15555600
15555900
15556100
15556400
15556600
15556800
15557100
15557400
15557700
15557900
15558100
15558400
15558700
15559000
15559200
15559400
15559700
15560000
15560200
15560400
15560600
15560900
15561200
15561400
15561600
15561900
15562200
15562500
15562700
15562900
15563200
15563500
15563700
15563900
15564200
15564500
15564700
15564900
15565100
15565400
15565700
15565900
15566100
15566400
15566700
15566900
15567100
15567400
15567700
15567900
15568100
15568300
15568600
15568900
15569100
15569300
15569600
15569900
15570100
15570300
15570500
15570800
15571100
15571300
15571500
15571800
15572100
15572400
15572600
15572900
15573100
15573300
15573600
15573900
15574100
15574300
15574500
15574800
15575100
15575300
15575500
15575800
15576100
15576400
15576600
15576800
15577100
15577400
15577600
15577800
15578100
15578400
15578600
15578800
15579100
15579400
15579700
15579900
15580100
15580400
15580700
15580900
15581200
15581400
15581600
15581900
15582200
15582500
15582700
15582900
15583200
15583500
15583700
15583900
15584200
15584500
15584800
15585100
15585400
15585700
15585900
15586100
15586400
15586700
15587000
15587200
15587400
15587700
15588000
15588300
15588500
15588700
15588900
15589200
15589400
15589600
15589900
15590200
15590500
15590700
15590900
15591200
15591500
15591800
15592100
15592300
15592500
15592800
15593100
15593300
15593500
15593800
15594100
15594400
15594700
15595000
15595300
15595600
15595900
15596200
15596500
15596700
15596900
15597200
15597400
15597700
15598000
15598200
15598400
15598700
15599000
15599300
15599500
15599700
15600000
15600300
15600600
15600800
15601000
15601200
15601400
15601600
15601800
15602000
15602200
15602500
15602800
15603000
15603300
15603600
15604000
15604300
15604600
15604900
15605200
15605400
15605600
15605800
15606000
15606300
15606600
15606900
15607100
15607300
15607600
15607900
15608100
15608300
15608600
15608900
15609100
15609300
15609600
15609900
15610200
15610400
15610600
15610900
15611200
15611400
15611600
15611900
15612200
15612500
15612700
15612900
15613200
15613500
15613800
15614000
15614200
15614500
15614800
15615000
15615200
15615500
15615800
15616100
15616400
15616700
15616900
15617100
15617400
15617700
15617900
15618100
15618400
15618700
15619000
15619200
15619400
15619700
15620000
15620200
15620400
15620700
15621000
15621200
15621400
15621700
15622000
15622300
15622600
15622900
15623100
15623300
15623600
15623900
15624100
15624300
15624600
15624900
15625100
15625300
15625500
15625800
15626100
15626300
15626500
15626800
15627100
15627400
15627600
15627800
15628100
15628400
15628600
15628800
15629000
15629300
15629600
15629800
15630000
15630300
15630600
15630800
15631000
15631200
15631500
15631800
15632000
15632200
15632500
15632800
15633000
15633200
15633500
15633800
15634000
15634200
15634500
15634800
15635100
15635300
15635500
15635800
15636100
15636300
15636500
15636800
15637100
15637300
15637500
15637800
15638100
15638400
15638600
15638800
15639100
15639400
15639600
15639800
15640000
15640300
15640600
15640800
15641000
15641300
15641600
15641900
15642100
15642300
15642600
15642900
15643100
15643300
15643500
15643800
15644100
15644300
15644500
15644800
15645100
15645300
15645500
15645800
15646100
15646400
15646600
15646800
15647100
15647400
15647600
15647800
15648100
15648400
15648600
15648800
15649100
15649400
15649600
15649800
15650100
15650400
15650700
15650900
15651100
15651400
15651700
15651900
15652100
15652400
15652700
15653000
15653200
15653400
15653700
15654000
15654300
15654500
15654700
15655000
15655300
15655500
15655700
15656000
15656300
15656600
15656800
15657000
15657300
15657600
15657800
15658000
15658300
15658600
15658900
15659100
15659300
15659600
15659900
15660100
15660300
15660600
15660900
15661200
15661400
15661600
15661900
15662200
15662400
15662600
15662900
15663200
15663400
15663600
15663900
15664200
15664500
15664800
15665000
15665200
15665500
15665800
15666100
15666300
15666500
15666800
15667100
15667300
15667500
15667800
15668100
15668400
15668600
15668900
15669100
15669300
15669600
15669900
15670200
15670400
15670600
15670900
15671200
15671400
15671600
15671800
15672100
15672400
15672600
15672800
15673100
15673400
15673600
15673800
15674100
15674400
15674700
15675000
15675200
15675400
15675600
15675900
15676200
15676400
15676600
15676900
15677200
15677400
15677600
15677900
15678200
15678500
15678700
15678900
15679200
15679500
15679700
15679900
15680200
15680500
15680800
15681000
15681200
15681500
15681800
15682100
15682500
15682800
15683100
15683300
15683600
15683900
15684200
15684400
15684700
15684900
15685200
15685400
15685600
15685900
15686200
15686400
15686600
15686900
15687200
15687500
15687700
15687900
15688200
15688500
15688700
15688900
15689100
15689400
15689700
15689900
15690100
15690400
15690700
15690900
15691100
15691400
15691700
15692000
15692200
15692400
15692700
15693000
15693300
15693500
15693700
15694000
15694300
15694600
15694800
15695000
15697400
15697700
15698000
15698300
15698500
15698700
15698900
15699200
15699500
15699700
15699900
15700100
15700400
15700700
15701000
15701200
15701400
15701600
15701800
15702100
15702400
15702700
15702900
15703100
15703400
15703700
15704000
15704200
15704400
15704700
15705000
15705300
15705500
15705700
15706000
15706300
15706600
15706800
15707000
15707300
15707600
15707900
15708200
15708400
15708600
15708900
15709200
15709500
15709700
15709900
15710100
15710400
15710700
15710900
15711100
15711300
15711600
15711900
15712200
15712400
15712600
15712800
15713100
15713400
15713600
15713900
15714200
15714400
15714600
15714900
15715200
15715500
15715700
15715900
15716100
15716400
15716700
15716900
15717100
15717400
15717700
15718000
15718200
15718400
15718600
15718900
15719200
15719400
15719600
15719800
15720100
15720400
15720600
15720800
15721000
15721300
15721600
15721900
15722200
15722500
15722800
15723000
15723200
15723500
15723800
15724100
15724300
15724500
15724800
15725100
15725400
15725600
15725800
15726000
15726300
15726600
15726900
15727100
15727300
15727600
15727900
15728200
15728400
15728600
15728900
15729200
15729500
15729700
15729900
15730100
15730400
15730700
15730900
15731100
15731400
15731700
15732000
15732200
15732400
15732700
15733000
15733300
15733500
15733700
15733900
15734200
15734400
15734600
15734900
15735200
15735500
15735700
15735900
15736200
15736500
15736800
15737100
15737300
15737500
15737800
15738100
15738400
15738600
15738800
15739000
15739300
15739600
15739800
15740000
15740200
15740500
15740800
15741100
15741300
15741500
15741800
15742100
15742400
15742600
15742800
15743100
15743400
15743700
15743900
15744100
15744400
15744700
15745000
15745200
15745400
15745700
15746000
15746300
15746500
15746700
15747000
15747300
15747600
15747800
15748000
15748200
15748500
15748800
15749000
15749200
15749400
15749700
15750000
15750300
15750500
15750700
15750900
15751200
15751500
15751800
15752000
15752200
15752500
15752800
15753100
15753300
15753500
15753800
15754100
15754400
15754700
15755000
15755300
15755500
15755700
15756000
15756300
15756500
15756700
15756900
15757200
15757500
15757700
15757900
15758100
15758400
15758700
15758900
15759100
15759400
15759700
15760000
15760200
15760400
15760700
15761000
15761300
15761500
15761700
15761900
15762200
15762500
15762700
15762900
15763100
15763400
15763700
15764000
15764200
15764400
15764700
15765000
15765300
15765500
15765700
15765900
15766200
15766500
15766700
15766900
15767100
15767400
15767700
15767900
15768100
15768300
15768600
15768900
15769200
15769400
15769600
15769900
15770200
15770500
15770700
15770900
15771200
15771500
15771700
15771900
15772100
15772400
15772700
15772900
15773100
15773300
15773600
15773900
15774200
15774400
15774600
15774900
15775200
15775500
15775800
15776000
15776200
15776500
15776800
15777100
15777300
15777500
15777700
15778000
15778300
15778500
15778700
15778900
15779200
15779500
15779800
15780000
15780200
15780500
15780800
15781100
15781300
15781500
15781800
15782100
15782400
15782700
15782900
15783100
15783400
15783700
15783900
15784100
15784400
15784700
15785000
15785200
15785400
15785700
15786000
15786300
15786500
15786700
15786900
15787100
15787400
15787700
15788000
15788200
15788400
15788700
15789000
15789300
15789600
15789800
15790000
15790300
15790600
15790900
15791100
15791300
15791500
15791800
15792100
15792300
15792500
15792800
15793100
15793400
15793600
15793800
15794100
15794400
15794600
15794800
15795100
15795400
15795600
15795800
15796100
15796400
15796700
15796900
15797100
15797400
15797700
15797900
15798100
15798400
15798700
15799000
15799200
15799400
15799700
15800000
15800200
15800400
15800700
15801000
15801300
15801500
15801700
15802000
15802300
15802600
15802800
15803000
15803200
15803400
15803700
15804000
15804200
15804400
15804700
15805000
15805300
15805500
15805700
15806000
15806300
15806500
15806700
15807000
15807300
15807500
15807700
15807900
15808200
15808500
15808700
15808900
15809200
15809500
15809700
15809900
15810200
15810500
15810800
15811000
15811200
15811500
15811800
15812000
15812200
15812500
15812800
15813100
15813300
15813500
15813800
15814100
15814300
15814500
15814700
15815000
15815300
15815600
15815800
15816000
15816300
15816600
15816800
15817000
15817200
15817500
15817800
15818000
15818200
15818500
15818800
15819000
15819300
15819600
15819800
15820000
15820300
15820600
15820800
15821000
15821200
15821500
15821800
15822000
15822200
15822500
15822800
15823000
15823200
15823500
15823800
15824100
15824400
15824600
15824800
15825100
15825400
15825700
15825900
15826100
15826300
15826700
15827000
15827300
15827600
15827800
15828000
15828200
15828400
15828700
15829000
15829300
15829500
15829700
15830000
15830300
15830600
15830800
15831000
15831300
15831600
15831800
15832000
15832300
15832600
15832800
15833100
15833300
15833600
15833800
15834100
15834300
15834600
15834900
15835100
15835300
15835600
15835800
15836000
15836300
15836600
15836800
15837000
15837300
15837600
15837900
15838200
15838500
15838800
15839100
15839400
15839700
15840000
15840200
15840400
15840600
15840800
15841000
15841300
15841600
15841900
15842200
15842500
15842800
15843100
15843400
15843700
15843900
15844200
15844400
15844600
15844900
15845200
15845500
15845700
15845900
15846200
15846500
15846700
15846900
15847100
15847400
15847700
15847900
15848100
15848400
15848700
15848900
15849100
15849400
15849700
15849900
15850100
15850400
15850700
15851000
15851200
15851400
15851700
15852000
15852200
15852400
15852700
15853000
15853300
15853500
15853700
15854000
15854300
15854500
15854700
15854900
15855200
15855500
15855700
15855900
15856200
15856500
15856800
15857000
15857200
15857500
15857800
15858000
15858200
15858400
15858700
15859000
15859200
15859400
15859700
15860000
15860200
15860400
15860700
15861000
15861300
15861500
15861700
15862000
15862300
15862500
15862700
15863000
15863300
15863500
15863700
15864000
15864300
15864600
15864800
15865000
15865300
15865600
15865800
15866000
15866300
15866600
15866900
15867100
15867300
15867600
15867900
15868100
15868300
15868500
15868800
15869100
15869300
15869500
15869700
15870000
15870300
15870600
15870800
15871000
15871300
15871600
15871900
15872100
15872300
15872600
15872900
15873200
15873400
15873600
15873800
15874100
15874400
15874600
15874800
15875100
15875400
15875700
15875900
15876100
15876300
15876500
15876800
15877100
15877400
15877600
15877800
15878100
15878400
15878700
15878900
15879100
15879400
15879700
15879900
15880100
15880400
15880700
15881000
15881300
15881500
15881700
15882000
15882300
15882600
15882800
15883000
15883300
15883600
15883900
15884100
15884300
15884600
15884800
15885000
15885300
15885600
15885900
15886100
15886300
15886600
15886900
15887200
15887400
15887600
15887900
15888200
15888500
15888700
15888900
15889200
15889500
15889800
15890000
15890200
15890500
15890800
15891000
15891200
15891400
15891700
15892000
15892300
15892500
15892700
15893000
15893300
15893500
15893700
15893900
15894200
15894500
15894700
15894900
15895100
15895300
15895600
15895900
15896100
15896300
15896500
15896800
15897100
15897300
15897500
15897800
15898100
15898400
15898600
15898800
15899000
15899300
15899600
15899900
15900100
15900300
15900600
15900900
15901100
15901300
15901600
15901900
15902200
15902500
15902700
15902900
15903200
15903500
15903700
15903900
15904200
15904500
15904800
15905000
15905200
15905500
15905800
15906100
15906300
15906500
15906800
15907100
15907400
15907600
15907800
15908100
15908400
15908700
15908900
15909100
15909400
15909700
15910000
15910300
15910500
15910700
15911000
15911300
15911600
15911800
15912000
15912300
15912600
15912900
15913100
15913300
15913500
15913800
15914100
15914300
15914500
15914800
15915100
15915400
15915600
15915800
15916100
15916400
15916600
15916800
15917000
15917300
15917600
15917900
15918100
15918300
15918600
15918900
15919100
15919300
15919600
15919900
15920200
15920500
15920700
15920900
15921200
15921500
15921800
15922000
15922200
15922500
15922800
15923100
15923300
15923500
15923800
15924100
15924400
15924700
15924900
15925100
15925400
15925700
15926000
15926200
15926400
15926700
15927000
15927200
15927400
15927600
15927800
15928100
15928400
15928600
15928800
15929100
15929400
15929700
15929900
15930100
15930400
15930700
15930900
15931100
15931300
15931600
15931900
15932200
15932400
15932600
15932900
15933200
15933400
15933600
15933900
15934200
15934500
15934800
15935000
15935200
15935500
15935800
15936100
15936300
15936500
15936800
15937100
15937400
15937600
15937800
15938100
15938400
15938700
15939000
15939200
15939400
15939700
15940000
15940300
15940500
15940700
15941000
15941300
15941500
15941700
15941900
15942200
15942500
15942800
15943000
15943200
15943500
15943800
15944000
15944200
15944500
15944800
15945100
15945300
15945500
15945700
15946000
15946300
15946500
15946700
15947000
15947300
15947600
15947800
15948000
15948300
15948600
15948900
15949200
15949400
15949600
15949900
15950200
15950500
15950700
15950900
15951200
15951500
15951800
15952000
15952200
15952500
15952800
15953100
15953400
15953600
15953800
15954100
15954400
15954600
15954800
15955000
15955300
15955600
15955800
15956000
15956200
15956500
15956800
15957100
15957300
15957500
15959900
15960100
15960300
15960600
15960900
15961200
15961400
15961600
15961900
15962200
15962400
15962600
15962800
15963100
15963400
15963700
15963900
15964100
15964400
15964700
15965000
15965200
15965400
15965600
15965900
15966200
15966400
15966600
15966800
15967100
15967400
15967600
15967800
15968000
15968200
15968500
15968800
15969000
15969200
15969400
15969700
15970000
15970200
15970400
15970700
15971000
15971200
15971400
15971700
15972000
15972200
15972400
15972700
15973000
15973300
15973500
15973700
15974000
15974300
15974500
15974700
15975000
15975300
15975500
15975700
15975900
15976200
15976500
15976700
15976900
15977200
15977500
15977800
15978000
15978200
15978500
15978800
15979000
15979200
15979500
15979800
15980100
15980300
15980500
15980800
15981100
15981400
15981600
15981800
15982100
15982400
15982600
15982800
15983100
15983400
15983700
15983900
15984100
15984400
15984700
15984900
15985100
15985400
15985700
15985900
15986100
15986400
15986700
15987000
15987200
15987400
15987700
15988000
15988300
15988500
15988700
15989000
15989300
15989500
15989700
15990000
15990300
15990600
15990800
15991000
15991300
15991600
15991800
15992000
15992200
15992400
15992600
15992900
15993200
15993400
15993600
15993900
15994200
15994500
15994700
15994900
15995200
15995500
15995700
15995900
15996200
15996500
15996800
15997000
15997200
15997500
15997800
15998000
15998200
15998500
15998800
15999100
15999300
15999500
15999800
16000100
16000400
16000700
16000900
16001100
16001400
16001700
16002000
16002200
16002400
16002700
16003000
16003200
16003400
16003600
16003900
16004200
16004400
16004600
16004900
16005200
16005500
16005700
16005900
16006200
16006500
16006700
16006900
16007100
16007400
16007700
16007900
16008100
16008400
16008700
16009000
16009200
16009400
16009700
16010000
16010200
16010400
16010700
16011000
16011300
16011500
16011700
16012000
16012300
16012500
16012700
16013000
16013300
16013500
16013700
16014000
16014300
16014500
16014700
16015000
16015300
16015600
16015800
16016000
16016200
16016500
16016800
16017000
16017200
16017500
16017800
16018100
16018300
16018500
16018800
16019100
16019400
16019600
16019800
16020100
16020400
16020600
16020800
16021000
16021300
16021600
16021900
16022100
16022300
16022600
16022900
16023200
16023700
16024000
16024300
16024500
16024700
16024900
16025200
16025500
16025800
16026000
16026200
16026500
16026800
16027100
16027300
16027500
16027800
16028100
16028400
16028600
16028800
16029000
16029300
16029600
16029800
16030000
16030200
16030500
16030800
16031000
16031200
16031500
16031800
16032100
16032300
16032500
16032800
16033100
16033300
16033500
16033700
16034000
16034300
16034500
16034700
16035000
16035300
16035500
16035700
16036000
16036300
16036600
16036800
16037000
16037300
16037600
16037800
16038000
16038300
16038600
16038900
16039100
16039300
16039600
16039900
16040200
16040400
16040600
16040900
16041100
16041400
16041700
16042000
16042200
16042400
16042700
16043000
16043300
16043500
16043700
16044000
16044300
16044500
16044700
16044900
16045200
16045500
16045700
16045900
16046200
16046500
16046800
16047100
16047300
16047500
16047800
16048100
16048300
16048500
16048800
16049100
16049300
16049600
16049900
16050100
16050300
16050600
16050900
16051200
16051500
16051700
16051900
16052200
16052500
16052800
16053000
16053200
16053500
16053800
16054000
16054200
16054500
16054800
16055000
16055300
16055600
16055800
16056000
16056300
16056600
16056900
16057100
16057300
16057600
16057900
16058200
16058500
16058700
16058900
16059200
16059500
16059800
16060000
16060200
16060500
16060800
16061100
16061300
16061500
16061700
16062000
16062200
16062500
16062800
16063100
16063300
16063500
16063800
16064000
16064300
16064600
16064800
16065000
16065300
16065600
16065800
16066000
16066300
16066600
16066900
16067100
16067300
16067600
16067900
16068100
16068300
16068500
16068700
16069000
16069200
16069500
16069700
16069900
16070200
16070500
16070800
16071000
16071200
16071500
16071800
16072100
16072300
16072500
16072800
16073100
16073400
16073700
16074000
16074200
16074500
16074800
16075100
16075300
16075500
16075800
16076000
16076200
16076500
16076800
16077000
16077300
16077600
16077900
16078100
16078300
16078600
16078900
16079100
16079300
16079600
16079900
16080200
16080400
16080600
16080900
16081200
16081400
16081600
16081900
16082100
16082300
16082600
16082900
16083200
16083400
16083600
16083800
16084100
16084400
16084600
16084800
16085100
16085400
16085700
16085900
16086100
16086400
16086700
16087000
16087200
16087400
16087700
16088000
16088200
16088400
16088700
16089000
16089300
16089500
16089700
16090000
16090200
16090500
16090800
16091000
16091200
16091500
16091800
16092000
16092200
16092500
16092800
16093100
16093300
16093500
16093800
16094100
16094300
16094500
16094800
16095100
16095400
16095600
16095800
16096100
16096400
16096600
16096800
16097100
16097400
16097700
16097900
16098100
16098300
16098500
16098800
16099100
16099400
16099600
16099800
16100100
16100400
16100600
16100800
16101100
16101400
16101700
16101900
16102100
16102400
16102700
16102900
16103100
16103400
16103700
16103900
16104100
16104400
16104700
16105000
16105200
16105400
16105700
16106000
16106200
16106400
16106700
16107000
16107200
16107400
16107700
16108000
16108300
16108500
16108700
16109000
16109300
16109500
16109700
16110000
16110300
16110600
16110800
16111000
16111300
16111600
16112000
16112400
16112700
16113000
16113200
16113400
16113700
16114000
16114300
16114500
16114700
16114900
16115100
16115400
16115700
16115900
16116100
16116400
16116700
16116900
16117100
16117300
16117600
16117900
16118100
16118300
16118600
16118900
16119200
16119400
16119600
16119900
16120200
16120400
16120600
16120900
16121200
16121500
16121700
16121900
16122200
16122500
16122800
16123000
16123200
16123500
16123800
16124000
16124200
16124400
16124700
16125000
16125200
16125400
16125600
16125900
16126200
16126500
16126700
16126900
16127200
16127500
16127700
16127900
16128200
16128500
16128800
16129000
16129200
16129500
16129800
16130100
16130300
16130500
16130800
16131100
16131300
16131500
16131800
16132100
16132300
16132500
16132800
16133100
16133400
16133700
16133900
16134100
16134400
16134700
16134900
16135100
16135400
16135700
16135900
16136100
16136300
16136600
16136900
16137200
16137400
16137600
16137900
16138200
16138500
16138700
16138900
16139100
16139300
16139600
16139900
16140100
16140300
16140600
16140900
16141200
16141500
16141700
16141900
16142200
16142500
16142700
16142900
16143200
16143500
16143800
16144000
16144200
16144500
16144800
16145100
16145300
16145500
16145800
16146100
16146300
16146500
16146800
16147100
16147400
16147700
16147900
16148100
16148400
16148700
16149000
16149200
16149400
16149700
16150000
16150300
16150500
16150700
16151000
16151300
16151500
16151700
16151900
16152200
16152500
16152700
16152900
16153100
16153400
16153700
16154000
16154200
16154400
16154700
16155000
16155200
16155400
16155700
16156000
16156200
16156400
16156600
16156900
16157200
16157500
16157700
16157900
16158200
16158500
16158700
16158900
16159200
16159500
16159700
16159900
16160200
16160500
16160700
16160900
16161200
16161500
16161800
16162100
16162300
16162500
16162800
16163100
16163300
16163500
16163800
16164100
16164400
16164600
16164800
16165100
16165400
16165700
16165900
16166100
16166300
16166600
16166900
16167100
16167300
16167600
16167900
16168200
16168400
16168600
16168900
16169200
16169500
16169700
16169900
16170200
16170500
16170700
16170900
16171200
16171500
16171800
16172000
16172200
16172500
16172800
16173000
16173200
16173400
16173700
16174000
16174200
16174400
16174700
16175000
16175200
16175400
16175700
16176000
16176300
16176500
16176700
16177000
16177300
16177600
16177800
16178000
16178300
16178600
16178900
16179100
16179300
16179600
16179900
16180200
16180400
16180600
16180900
16181200
16181500
16181700
16181900
16182200
16182500
16182800
16183000
16183200
16183500
16183800
16184000
16184200
16184500
16184800
16185100
16185300
16185500
16185800
16186100
16186400
16186600
16186800
16187100
16187400
16187600
16187800
16188100
16188400
16188600
16188800
16189000
16189300
16189600
16189800
16190000
16190300
16190600
16190900
16191100
16191300
16191600
16191900
16192100
16192300
16192500
16192700
16193000
16193300
16193500
16193700
16194000
16194300
16194600
16194800
16195000
16195300
16195600
16195800
16196000
16196300
16196600
16196900
16197200
16197400
16197600
16197900
16198200
16198400
16198600
16198900
16199200
16199400
16199600
16199900
16200200
16200400
16200600
16200800
16201100
16201400
16201700
16201900
16202100
16202400
16202700
16202900
16203100
16203400
16203700
16203900
16204100
16204300
16204500
16204800
16205100
16205300
16205500
16205800
16206100
16206400
16206600
16206800
16207100
16207400
16207600
16207800
16208000
16208300
16208600
16208900
16209100
16209300
16209600
16209900
16210100
16210300
16210600
16210900
16211200
16211400
16211600
16211900
16212200
16212500
16212700
16212900
16213200
16213500
16213700
16213900
16214200
16214500
16214700
16214900
16215200
16215500
16215800
16216100
16216300
16216500
16216800
16217100
16217300
16217500
16217800
16218100
16218400
16218600
16218800
16219100
16219400
16219700
16219900
16222700
16223000
16223200
16223400
16223600
16223900
16224200
16224400
16224600
16224900
16225200
16225500
16225700
16225900
16226200
16226500
16226800
16227000
16227200
16227500
16227800
16228100
16228300
16228500
16228800
16229100
16229300
16229500
16229800
16230100
16230300
16230500
16230700
16230900
16231100
16231400
16231700
16231900
16232100
16232400
16232700
16233000
16233200
16233400
16233700
16234000
16234300
16234500
16234700
16234900
16235200
16235500
16235700
16235900
16236100
16236400
16236700
16236900
16237100
16237400
16237700
16238000
16238200
16238400
16238600
16238900
16239200
16239400
16239600
16239900
16240200
16240500
16240700
16240900
16241200
16241500
16241700
16241900
16242200
16242500
16242800
16243000
16243200
16243500
16243800
16244000
16244200
16244500
16244800
16245100
16245300
16245500
16245800
16246100
16246300
16246500
16246700
16247000
16247300
16247600
16247800
16248000
16248300
16248600
16248900
16249100
16249300
16249600
16249900
16250100
16250300
16250500
16250800
16251100
16251400
16251600
16251800
16252100
16252400
16252600
16252800
16253000
16253300
16253600
16253900
16254100
16254300
16254600
16254900
16255200
16255500
16255700
16255900
16256200
16256500
16256700
16256900
16257100
16257400
16257700
16258000
16258300
16258500
16258700
16258900
16259200
16259500
16259700
16259900
16260100
16260400
16260700
16260900
16261100
16261300
16261600
16261900
16262200
16262400
16262600
16262900
16263100
16263400
16263700
16263900
16264100
16264400
16264700
16265000
16265200
16265400
16265700
16266000
16266200
16266400
16266700
16267000
16267300
16267500
16267700
16268000
16268300
16268600
16268800
16269000
16269300
16269600
16269800
16270000
16270200
16270500
16270800
16271000
16271300
16271500
16271700
16271900
16272200
16272500
16272800
16273000
16273200
16273500
16273800
16274000
16274200
16274400
16274700
16275000
16275300
16275500
16275700
16276000
16276300
16276500
16276700
16277000
16277300
16277600
16277800
16278000
16278300
16278600
16278900
16279100
16279400
16279600
16279800
16280100
16280400
16280600
16280800
16281100
16281400
16281700
16281900
16282100
16282400
16282700
16283000
16283200
16283400
16283700
16284000
16284300
16284500
16284700
16285000
16285300
16285500
16285700
16285900
16286200
16286500
16286800
16287000
16287200
16287500
16287800
16288100
16288300
16288500
16288800
16289100
16289300
16289500
16289800
16290100
16290400
16290700
16290900
16291100
16291400
16291700
16291900
16292100
16292400
16292700
16293000
16293300
16293500
16293700
16294000
16294300
16294500
16294700
16295000
16295300
16295600
16295800
16296000
16296300
16296600
16296800
16297100
16297400
16297700
16297900
16298100
16298400
16298700
16298900
16299100
16299300
16299600
16299900
16300200
16300400
16300600
16300900
16301200
16301500
16301700
16301900
16302200
16302400
16302700
16302900
16303200
16303500
16303800
16304100
16304300
16304600
16304900
16305100
16305300
16305600
16305900
16306100
16306300
16306500
16306800
16307100
16307300
16307500
16307800
16308100
16308400
16308800
16309100
16309400
16309700
16309900
16310100
16310300
16310500
16310700
16311000
16311300
16311500
16311700
16311900
16312200
16312500
16312800
16313000
16313200
16313500
16313800
16314100
16314400
16314700
16314900
16315200
16315500
16315800
16316000
16316200
16316500
16316800
16317000
16317200
16317600
16317800
16318100
16318400
16318700
16318900
16319200
16319400
16319600
16319900
16320200
16320400
16320700
16320900
16321100
16321400
16321700
16322000
16322200
16322400
16322700
16323000
16323300
16323500
16323700
16324000
16324300
16324500
16324700
16325000
16325300
16325600
16325900
16326100
16326300
16326600
16326900
16327100
16327300
16327500
16327800
16328100
16328300
16328500
16328800
16329000
16329200
16329500
16329800
16330000
16330200
16330500
16330800
16331100
16331300
16331500
16331800
16332100
16332300
16332500
16332700
16333000
16333300
16333500
16333700
16334000
16334300
16334500
16334700
16335000
16335300
16335600
16335800
16336000
16336200
16336500
16336800
16337000
16337200
16337500
16337800
16338100
16338300
16338500
16338800
16339100
16339300
16339500
16339700
16339900
16340200
16340500
16340700
16340900
16341200
16341500
16341800
16342000
16342200
16342500
16342800
16343000
16343200
16343400
16343700
16344000
16344300
16344500
16344700
16345000
16345300
16345500
16345700
16346000
16346300
16346500
16346700
16346900
16347200
16347500
16347800
16348000
16348200
16348500
16348800
16349000
16349200
16349500
16349800
16350000
16350200
16350400
16350700
16351000
16351300
16351500
16351700
16352000
16352300
16352500
16352700
16352900
16353200
16353500
16353800
16354000
16354200
16354500
16354800
16355100
16355300
16355500
16355800
16356100
16356300
16356500
16356800
16357100
16357400
16357700
16357900
16358100
16358400
16358700
16358900
16359100
16359400
16359700
16359900
16360100
16360400
16360700
16360900
16361200
16361500
16361700
16361900
16362200
16362500
16362800
16363000
16363200
16363500
16363800
16364000
16364200
16364400
16364700
16365000
16365300
16365500
16365700
16366000
16366300
16366500
16366700
16366900
16367200
16367500
16367700
16367900
16368100
16368400
16368700
16369000
16369200
16369400
16369700
16370000
16370200
16370400
16370700
16371000
16371300
16371600
16371800
16372000
16372300
16372600
16372800
16373000
16373300
16373600
16373800
16374000
16374300
16374600
16374900
16375100
16375300
16375600
16375900
16376200
16376400
16376600
16376900
16377200
16377400
16377600
16377900
16378200
16378500
16378800
16379000
16379200
16379500
16379800
16380000
16380200
16380500
16380800
16381100
16381300
16381500
16381700
16382000
16382300
16382600
16382800
16383000
16383300
16383600
16383800
16384000
16384300
16384600
16384900
16385100
16385300
16385500
16385800
16386100
16386300
16386500
16386800
16387100
16387300
16387500
16387800
16388100
16388300
16388500
16388700
16389000
16389300
16389600
16389800
16390000
16390300
16390600
16390800
16391000
16391300
16391600
16391900
16392100
16392300
16392500
16392800
16393100
16393400
16393700
16393900
16394100
16394400
16394700
16395000
16395200
16395400
16395700
16396000
16396300
16396500
16396700
16397000
16397300
16397600
16397800
16398000
16398300
16398600
16398800
16399000
16399300
16399600
16399900
16400200
16400400
16400600
16400900
16401200
16401400
16401600
16401900
16402200
16402400
16402600
16402900
16403200
16403500
16403700
16403900
16404200
16404500
16404800
16405000
16405200
16405500
16405800
16406000
16406200
16406500
16406800
16407100
16407400
16407600
16407800
16408100
16408400
16408700
16408900
16409100
16409400
16409700
16409900
16410100
16410300
16410600
16410900
16411200
16411400
16411600
16411900
16412200
16412400
16412600
16412900
16413200
16413500
16413700
16413900
16414200
16414500
16414800
16415000
16415200
16415500
16415800
16416000
16416200
16416500
16416800
16417000
16417200
16417400
16417700
16418000
16418300
16418500
16418700
16419000
16419300
16419500
16419700
16420000
16420300
16420600
16420800
16421000
16421200
16421500
16421800
16422100
16422300
16422500
16422800
16423100
16423300
16423500
16423800
16424100
16424400
16424700
16424900
16425100
16425400
16425700
16425900
16426100
16426400
16426700
16427000
16427200
16427400
16427700
16428000
16428300
16428500
16428700
16429000
16429300
16429500
16429700
16430000
16430300
16430500
16430700
16430900
16431200
16431500
16431800
16432000
16432200
16432500
16432800
16433000
16433200
16433500
16433800
16434100
16434300
16434500
16434800
16435100
16435400
16435600
16435800
16436000
16436300
16436600
16436800
16437000
16437300
16437600
16437900
16438100
16438300
16438600
16438900
16439200
16439400
16439600
16439900
16440200
16440500
16440700
16440900
16441200
16441500
16441700
16441900
16442200
16442500
16442800
16443000
16443200
16443500
16443800
16444000
16444200
16444500
16444800
16445100
16445300
16445500
16445800
16446100
16446400
16446600
16446800
16447100
16447400
16447700
16447900
16448100
16448400
16448700
16449000
16449200
16449400
16449700
16450000
16450300
16450500
16450700
16451000
16451300
16451600
16451800
16452000
16452300
16452600
16452800
16453000
16453200
16453500
16453800
16454100
16454300
16454500
16454800
16455100
16455300
16455500
16455800
16456100
16456300
16456500
16456700
16457000
16457300
16457600
16457800
16458000
16458300
16458600
16458800
16459000
16459300
16459600
16459800
16460000
16460200
16460500
16460800
16461100
16461300
16461500
16461800
16462100
16462300
16462500
16462700
16463000
16463300
16463500
16463700
16463900
16464200
16464500
16464800
16465000
16465200
16465500
16465800
16466000
16466200
16466400
16466700
16467000
16467300
16467500
16467700
16468000
16468300
16468500
16468700
16469000
16469300
16469600
16469800
16470000
16470300
16470600
16470800
16471000
16471300
16471600
16471900
16472100
16472300
16472600
16472900
16473100
16473300
16473500
16473800
16474100
16474300
16474500
16474700
16475000
16475300
16475500
16475700
16475900
16476200
16476500
16476700
16476900
16477100
16477400
16477700
16477900
16478100
16478300
16478600
16478900
16479200
16479400
16479600
16479900
16480200
16480400
16480600
16480900
16481200
16481500
16481700
16481900
16482200
16484600
16484800
16485000
16485300
16485600
16485800
16486000
16486300
16486600
16486900
16487100
16487300
16487600
16487900
16488100
16488300
16488500
16488800
16489100
16489300
16489500
16489800
16490100
16490400
16490600
16490900
16491100
16491400
16491700
16492000
16492300
16492600
16492800
16493000
16493200
16493500
16493800
16494000
16494200
16494500
16494800
16495100
16495300
16495500
16495700
16496000
16496300
16496500
16496700
16496900
16497100
16497400
16497700
16498000
16498200
16498400
16498700
16499000
16499200
16499400
16499600
16499900
16500200
16500400
16500600
16500900
16501200
16501400
16501600
16501800
16502100
16502400
16502600
16502800
16503000
16503300
16503600
16503800
16504000
16504200
16504500
16504800
16505000
16505200
16505500
16505800
16506100
16506400
16506600
16506800
16507100
16507400
16507600
16507800
16508000
16508300
16508600
16508800
16509000
16509300
16509600
16509900
16510100
16510300
16510600
16510900
16511200
16511400
16511600
16511900
16512200
16512400
16512600
16512900
16513200
16513500
16513700
16513900
16514200
16514500
16514800
16515000
16515300
16515500
16515700
16516000
16516300
16516600
16516800
16517100
16517400
16517700
16518000
16518300
16518500
16518700
16519000
16519300
16519500
16519700
16519900
16520200
16520500
16520800
16521000
16521200
16521400
16521700
16522000
16522300
16522600
16522800
16523100
16523400
16523700
16523900
16524100
16524400
16524600
16524900
16525200
16525500
16525800
16526000
16526200
16526500
16526800
16527100
16527300
16527500
16527800
16528100
16528400
16528700
16529000
16529200
16529400
16529700
16529900
16530200
16530400
16530700
16531000
16531200
16531400
16531600
16531900
16532200
16532500
16532700
16532900
16533200
16533500
16533900
16534400
16534700
16535000
16535300
16535600
16535800
16536100
16536400
16536700
16537000
16537300
16537600
16537900
16538100
16538300
16538500
16538700
16539000
16539300
16539500
16539800
16540000
16540300
16540600
16540800
16541000
16541300
16541600
16541900
16542100
16542300
16542600
16542900
16543100
16543300
16543600
16543900
16544200
16544400
16544600
16544900
16545200
16545400
16545600
16545800
16546100
16546400
16546600
16546800
16547100
16547400
16547700
16547900
16548100
16548400
16548700
16549000
16549200
16549400
16549700
16550000
16550200
16550400
16550600
16550800
16551100
16551400
16551700
16551900
16552100
16552400
16552700
16552900
16553100
16553400
16553700
16553900
16554100
16554400
16554700
16555000
16555200
16555400
16555700
16556000
16556200
16556400
16556700
16557000
16557300
16557500
16557700
16558000
16558300
16558500
16558700
16559000
16559300
16559600
16559800
16560000
16560300
16560600
16560900
16561100
16561300
16561600
16561900
16562100
16562300
16562500
16562800
16563100
16563400
16563600
16563800
16564100
16564400
16564600
16564800
16565100
16565400
16565700
16566000
16566200
16566400
16566700
16567000
16567200
16567400
16567700
16568000
16568200
16568400
16568600
16568900
16569200
16569400
16569600
16569900
16570200
16570400
16570600
16570900
16571200
16571500
16571700
16571900
16572200
16572500
16572800
16573000
16573200
16573500
16573800
16574000
16574200
16574400
16574600
16574800
16575000
16575300
16575600
16575800
16576000
16576300
16576600
16576900
16577100
16577300
16577600
16577900
16578100
16578300
16578600
16578900
16579200
16579400
16579600
16579900
16580200
16580400
16580600
16580900
16581200
16581400
16581600
16581900
16582200
16582400
16582600
16582900
16583100
16583300
16583600
16583900
16584100
16584300
16584600
16584900
16585100
16585300
16585500
16585800
16586100
16586300
16586500
16586800
16587100
16587400
16587600
16587800
16588100
16588400
16588600
16588800
16589000
16589300
16589600
16589800
16590000
16590300
16590600
16590800
16591000
16591300
16591600
16591900
16592100
16592300
16592600
16592900
16593100
16593300
16593600
16593900
16594100
16594300
16594600
16594900
16595200
16595400
16595600
16595900
16596200
16596400
16596600
16596900
16597200
16597400
16597600
16597900
16598200
16598500
16598700
16598900
16599200
16599500
16599800
16600000
16600200
16600400
16600700
16601000
16601200
16601400
16601600
16601900
16602200
16602400
16602600
16602900
16603200
16603500
16603700
16603900
16604200
16604500
16604800
16605000
16605200
16605500
16605800
16606100
16606300
16606500
16606800
16607000
16607300
16607600
16607900
16608200
16608500
16608700
16608900
16609200
16609500
16609700
16609900
16610200
16610500
16610800
16611000
16611200
16611500
16611800
16612000
16612200
16612400
16612700
16613000
16613200
16613400
16613700
16614000
16614300
16614500
16614700
16615000
16615200
16615400
16615700
16616000
16616300
16616500
16616700
16617000
16617300
16617500
16617700
16617900
16618200
16618500
16618700
16618900
16619200
16619500
16619700
16619900
16620200
16620500
16620700
16620900
16621200
16621500
16621800
16622000
16622200
16622500
16622800
16623000
16623200
16623500
16623800
16624000
16624200
16624400
16624700
16625000
16625200
16625400
16625700
16626000
16626200
16626400
16626600
16626900
16627200
16627500
16627700
16627900
16628200
16628500
16628800
16629000
16629200
16629500
16629800
16630100
16630300
16630500
16630800
16631100
16631400
16631600
16631800
16632100
16632400
16632600
16632800
16633100
16633400
16633600
16633800
16634100
16634400
16634600
16634800
16635100
16635400
16635700
16635900
16636100
16636400
16636700
16636900
16637100
16637400
16637700
16637900
16638100
16638300
16638600
16638900
16639100
16639300
16639600
16639900
16640200
16640400
16640600
16640900
16641200
16641400
16641600
16641900
16642200
16642500
16642700
16642900
16643200
16643500
16643800
16644000
16644200
16644500
16644800
16645000
16645200
16645500
16645800
16646000
16646200
16646400
16646700
16647000
16647200
16647500
16647700
16647900
16648200
16648500
16648700
16648900
16649200
16649500
16649700
16649900
16650200
16650500
16650700
16650900
16651200
16651500
16651800
16652000
16652200
16652500
16652800
16653000
16653200
16653400
16653700
16654000
16654200
16654400
16654700
16655000
16655300
16655500
16655700
16656000
16656300
16656500
16656700
16656900
16657200
16657500
16657700
16657900
16658200
16658500
16658700
16658900
16659100
16659400
16659700
16659900
16660100
16660400
16660700
16660900
16661100
16661400
16661700
16661900
16662100
16662400
16662700
16663000
16663200
16663400
16663700
16664000
16664200
16664400
16664700
16665000
16665200
16665400
16665600
16665900
16666200
16666400
16666600
16666900
16667200
16667500
16667700
16667900
16668200
16668500
16668700
16668900
16669200
16669500
16669800
16670000
16670200
16670500
16670800
16671100
16671300
16671500
16671700
16672000
16672300
16672600
16672800
16673000
16673300
16673600
16673800
16674000
16674300
16674600
16674800
16675000
16675300
16675600
16675900
16676100
16676300
16676600
16676900
16677100
16677300
16677600
16677900
16678100
16678300
16678600
16678900
16679200
16679400
16679600
16679800
16680000
16680200
16680500
16680800
16681000
16681200
16681500
16681800
16682100
16682300
16682500
16682800
16683100
16683400
16683600
16683800
16684100
16684400
16684600
16684800
16685000
16685300
16685600
16685800
16686000
16686300
16686600
16686800
16687000
16687300
16687600
16687900
16688100
16688300
16688600
16688900
16689200
16689400
16689600
16689900
16690200
16690400
16690600
16690900
16691200
16691500
16691700
16691900
16692200
16692500
16692700
16692900
16693200
16693500
16693800
16694000
16694200
16694500
16694800
16695100
16695300
16695500
16695800
16696100
16696300
16696500
16696800
16697100
16697400
16697600
16697800
16698100
16698400
16698600
16698800
16699000
16699300
16699600
16699800
16700000
16700300
16700600
16700800
16701000
16701300
16701600
16701800
16702000
16702200
16702500
16702800
16703000
16703200
16703500
16703800
16704000
16704200
16704500
16704800
16705000
16705200
16705500
16705800
16706100
16706300
16706500
16706800
16707100
16707300
16707500
16707800
16708100
16708400
16708600
16708800
16709100
16709400
16709700
16709900
16710100
16710400
16710700
16710900
16711100
16711300
16711600
16711900
16712100
16712300
16712600
16712900
16713100
16713300
16713500
16713800
16714100
16714400
16714600
16714800
16715100
16715400
16715600
16715800
16716100
16716400
16716700
16716900
16717100
16717400
16717700
16717900
16718100
16718400
16718700
16718900
16719100
16719300
16719500
16719800
16720100
16720300
16720500
16720800
16721100
16721400
16721700
16721900
16722200
16722500
16722800
16723000
16723200
16723500
16723800
16724100
16724400
16724700
16724900
16725100
16725300
16725600
16725900
16726200
16726400
16726600
16726900
16727200
16727400
16727600
16727900
16728200
16728500
16728700
16728900
16729100
16729400
16729700
16729900
16730100
16730400
16730700
16731000
16731200
16731400
16731700
16732000
16732300
16732600
16732800
16733000
16733300
16733600
16733900
16734100
16734300
16734600
16734900
16735200
16735400
16735600
16735900
16736200
16736500
16736800
16737000
16737200
16737500
16737800
16738000
16738200
16738500
16738800
16739100
16739300
16739500
16739800
16740100
16740400
16740600
16740800
16741100
16741400
16741700
16741900
16742100
16742400
16742700
16742900
16743100
16743300
16743500
16743800
16744100
16747200
16747500
16747800
16748000
16748300
16748600
16748900
16749100
16749300
16749600
16749900
16750200
16750400
16750600
16750900
16751200
16751500
16751700
16752000
16752300
16752600
16752900
16753100
16753300
16753600
16753900
16754100
16754300
16754600
16754900
16755200
16755500
16755700
16756000
16756200
16756400
16756700
16757000
16757200
16757400
16757700
16758000
16758300
16758500
16758700
16758900
16759200
16759500
16759700
16759900
16760200
16760500
16760800
16761000
16761200
16761500
16761800
16762100
16762400
16762600
16762800
16763100
16763400
16763700
16763900
16764100
16764400
16764700
16764900
16765100
16765300
16765600
16765900
16766200
16766400
16766600
16766900
16767200
16767400
16767600
16767800
16768100
16768400
16768600
16768800
16769000
16769300
16769600
16769800
16770000
16770300
16770600
16770900
16771100
16771300
16771500
16771800
16772100
16772400
16772700
16772900
16773100
16773400
16773700
16774000
16774200
16774400
16774700
16775000
16775300
16775500
16775700
16775900
16776200
16776500
16776700
16776900
16777200
16777500
16777800
16778000
16778200
16778500
16778800
16779100
16779400
16779600
16779800
16780100
16780400
16780700
16780900
16781200
16781400
16781700
16782000
16782300
16782500
16782700
16783000
16783300
16783600
16783800
16784000
16784200
16784500
16784800
16785100
16785400
16785700
16785900
16786100
16786400
16786700
16787000
16787200
16787400
16787700
16788000
16788200
16788400
16788700
16789000
16789200
16789400
16789700
16790000
16790300
16790500
16790700
16791000
16791300
16791500
16791700
16791900
16792200
16792500
16792800
16793000
16793200
16793500
16793800
16794000
16794200
16794400
16794600
16794800
16795100
16795300
16795500
16795800
16796100
16796300
16796500
16796800
16797100
16797400
16797600
16797800
16798100
16798400
16798600
16798800
16799100
16799400
16799700
16800000
16800200
16800400
16800700
16801000
16801200
16801400
16801700
16802000
16802200
16802500
16802800
16803100
16803400
16803600
16803800
16804100
16804400
16804700
16804900
16805100
16805400
16805700
16805900
16806200
16806500
16806800
16807100
16807400
16807700
16808100
16808400
16808800
16809200
16809600
16809900
16810300
16810600
16810900
16811300
16811600
16811900
16812200
16812500
16812900
16813200
16813500
16813800
16814200
16814600
16814900
16815200
16815500
16815800
16816200
16816600
16816900
16817200
16817500
16817900
16818200
16818600
16819000
16819300
16819600
16819800
16820100
16820300
16820600
16820900
16821300
16821600
16821900
16822100
16822300
16822500
16822700
16823000
16823300
16823600
16823900
16824100
16824300
16824500
16824800
16825100
16825300
16825500
16825800
16826100
16826400
16826600
16826800
16827000
16827300
16827600
16827800
16828000
16828200
16828500
16828800
16829000
16829200
16829400
16829700
16830000
16830300
16830500
16830700
16831000
16831300
16831600
16831800
16832000
16832300
16832600
16832900
16833300
16833600
16833900
16834200
16834500
16834900
16835200
16835500
16836000
16836300
16836600
16836800
16837000
16837200
16837500
16837800
16838000
16838200
16838500
16838800
16839000
16839200
16839400
16839700
16840000
16840200
16840400
16840700
16841000
16841300
16841500
16841700
16842000
16842300
16842500
16842700
16843000
16843300
16843600
16843900
16844100
16844300
16844600
16844900
16845100
16845300
16845500
16845800
16846100
16846300
16846500
16846700
16847000
16847300
16847500
16847700
16847900
16848200
16848500
16848700
16848900
16849200
16849500
16849700
16849900
16850200
16850500
16850800
16851000
16851200
16851500
16851800
16852000
16852200
16852500
16852800
16853100
16853300
16853500
16853800
16854100
16854300
16854500
16854800
16855100
16855400
16855700
16855900
16856100
16856400
16856700
16856900
16857100
16857400
16857700
16858000
16858200
16858400
16858700
16859000
16859300
16859500
16859700
16860000
16860300
16860500
16860700
16861000
16861300
16861600
16861800
16862000
16862300
16862600
16862800
16863000
16863300
16863600
16863800
16864000
16864300
16864600
16864800
16865000
16865300
16865600
16865900
16866100
16866300
16866500
16866800
16867100
16867300
16867500
16867800
16868100
16868300
16868500
16868700
16869000
16869300
16869500
16869700
16870000
16870300
16870600
16870800
16871000
16871300
16871600
16871900
16872100
16872300
16872600
16872900
16873100
16873300
16873600
16873800
16874100
16874400
16874700
16874900
16875100
16875400
16875700
16875900
16876100
16876400
16876700
16876900
16877100
16877400
16877700
16878000
16878300
16878500
16878700
16879000
16879300
16879600
16879800
16880000
16880200
16880500
16880800
16881000
16881200
16881500
16881800
16882000
16882200
16882400
16882700
16883000
16883200
16883400
16883700
16884000
16884300
16884500
16884700
16885000
16885300
16885600
16885800
16886000
16886300
16886600
16886800
16887000
16887300
16887600
16887900
16888100
16888300
16888600
16888900
16889200
16889400
16889600
16889900
16890100
16890400
16890700
16891000
16891200
16891400
16891700
16892000
16892200
16892400
16892700
16893000
16893200
16893400
16893700
16894000
16894300
16894500
16894700
16895000
16895300
16895500
16895700
16896000
16896300
16896600
16896800
16897000
16897300
16897600
16897900
16898100
16898300
16898600
16898900
16899100
16899300
16899500
16899800
16900100
16900300
16900500
16900800
16901100
16901400
16901600
16901800
16902100
16902400
16902600
16902800
16903100
16903400
16903600
16903800
16904000
16904300
16904600
16904800
16905000
16905300
16905600
16905900
16906100
16906300
16906600
16906900
16907100
16907300
16907600
16907900
16908200
16908400
16908600
16908900
16909200
16909400
16909600
16909900
16910200
16910500
16910800
16911100
16911300
16911500
16911800
16912100
16912300
16912500
16912700
16913000
16913300
16913500
16913700
16914000
16914300
16914600
16914800
16915000
16915300
16915600
16915800
16916000
16916300
16916600
16916800
16917000
16917300
16917600
16917900
16918100
16918300
16918600
16918900
16919100
16919300
16919600
16919900
16920100
16920300
16920600
16920900
16921200
16921400
16921600
16921900
16922200
16922400
16922700
16923000
16923200
16923400
16923700
16924000
16924300
16924600
16924800
16925000
16925300
16925600
16925800
16926000
16926300
16926600
16926900
16927100
16927300
16927600
16927900
16928100
16928300
16928500
16928800
16929100
16929300
16929500
16929800
16930100
16930300
16930500
16930800
16931100
16931400
16931600
16931800
16932100
16932400
16932600
16932800
16933100
16933400
16933600
16933800
16934100
16934400
16934700
16934900
16935100
16935400
16935700
16935900
16936100
16936400
16936700
16937000
16937200
16937400
16937700
16938000
16938200
16938400
16938600
16938900
16939200
16939400
16939600
16939900
16940200
16940500
16940700
16940900
16941200
16941500
16941700
16941900
16942200
16942500
16942800
16943100
16943400
16943600
16943800
16944100
16944400
16944600
16944800
16945100
16945400
16945700
16945900
16946100
16946400
16946700
16946900
16947100
16947400
16947700
16947900
16948100
16948400
16948700
16949000
16949200
16949400
16949700
16950000
16950200
16950400
16950700
16951000
16951300
16951500
16951700
16952000
16952300
16952600
16952800
16953000
16953300
16953600
16953900
16954100
16954300
16954600
16954900
16955200
16955500
16955800
16956000
16956200
16956500
16956800
16957000
16957200
16957500
16957800
16958000
16958200
16958500
16958800
16959100
16959300
16959500
16959800
16960100
16960400
16960600
16960900
16961200
16961500
16961800
16962700
16963100
16963400
16963600
16963800
16964000
16964200
16964500
16964800
16965100
16965300
16965500
16965800
16966100
16966400
16966600
16966800
16967100
16967400
16967600
16967800
16968000
16968300
16968600
16968800
16969000
16969300
16969600
16969900
16970100
16970300
16970600
16970900
16971200
16971400
16971600
16971900
16972200
16972500
16972700
16972900
16973200
16973500
16973800
16974000
16974200
16974500
16974800
16975100
16975300
16975500
16975800
16976100
16976400
16976600
16976800
16977100
16977400
16977700
16977900
16978100
16978300
16978600
16978900
16979200
16979400
16979600
16979900
16980200
16980400
16980600
16980800
16981100
16981400
16981600
16981800
16982000
16982300
16982600
16982800
16983000
16983300
16983600
16983900
16984100
16984300
16984600
16984900
16985100
16985300
16985500
16985700
16986000
16986300
16986600
16986800
16987000
16987300
16987600
16987900
16988100
16988300
16988600
16988900
16989200
16989400
16989700
16990000
16990200
16990400
16990700
16991000
16991300
16991600
16991800
16992000
16992400
16992600
16992900
16993100
16993400
16993700
16994000
16994300
16994600
16994800
16995000
16995200
16995500
16995800
16996000
16996200
16996500
16996800
16997100
16997300
16997500
16997800
16998100
16998400
16998600
16998800
16999100
16999300
16999600
16999900
17000200
17000400
17000700
17000900
17001100
17001300
17001600
17001900
17002200
17002400
17002600
17002900
17003200
17003500
17003800
17004000
17004200
17004500
17004800
17005100
17005400
17005700
17005900
17006100
17006300
17006600
17006800
17007000
17007300
17007600
17007900
17008200
17008500
17008800
17009100
17009300
17009600
17009900
17010200
17010400
17010600
17010900
17011200
17011500
17011700
17011900
17012200
17012500
17012800
17013000
17013200
17013500
17013800
17014000
17014300
17014600
17014900
17015100
17015300
17015600
17015900
17016200
17016400
17016600
17016800
17017100
17017400
17017600
17017800
17018000
17018300
17018600
17018900
17019100
17019300
17019600
17019900
17020100
17020300
17020500
17020800
17021100
17021300
17021500
17021700
17022000
17022300
17022500
17022700
17023000
17023300
17023600
17023800
17024000
17024300
17024600
17024900
17025100
17025300
17025600
17025900
17026100
17026300
17026600
17026900
17027100
17027300
17027500
17027800
17028100
17028300
17028500
17028700
17029000
17029300
17029600
17029800
17030000
17030300
17030600
17030900
17031100
17031300
17031600
17031900
17032200
17032400
17032600
17032800
17033100
17033400
17033600
17033800
17034100
17034300
17034500
17034800
17035100
17035400
17035600
17035800
17036100
17036400
17036600
17036800
17037000
17037300
17037600
17037800
17038000
17038300
17038600
17038900
17039100
17039300
17039600
17039900
17040200
17040400
17040600
17040900
17041200
17041500
17041700
17041900
17042200
17042500
17042800
17043100
17043300
17043500
17043800
17044100
17044400
17044600
17044800
17045100
17045400
17045700
17045900
17046100
17046400
17046700
17047000
17047200
17047400
17047700
17048000
17048300
17048500
17048700
17049000
17049300
17049600
17049800
17050000
17050300
17050600
17050900
17051100
17051300
17051600
17051900
17052100
17052300
17052500
17052800
17053100
17053400
17053600
17053800
17054100
17054400
17054600
17054800
17055000
17055300
17055600
17055900
17056100
17056300
17056600
17056900
17057200
17057400
17057600
17057900
17058200
17058500
17058700
17058900
17059100
17059400
17059700
17059900
17060100
17060300
17060600
17060900
17061100
17061300
17061500
17061800
17062100
17062400
17062600
17062800
17063100
17063400
17063600
17063800
17064100
17064400
17064700
17064900
17065100
17065400
17065700
17066000
17066200
17066400
17066700
17067000
17067300
17067500
17067700
17068000
17068300
17068600
17068800
17069000
17069300
17069600
17069900
17070100
17070300
17070500
17070800
17071100
17071300
17071500
17071700
17072000
17072300
17072600
17072800
17073000
17073300
17073600
17073900
17074100
17074300
17074600
17074900
17075200
17075400
17075600
17075900
17076200
17076500
17076700
17076900
17077200
17077500
17077700
17077900
17078100
17078400
17078700
17079000
17079300
17079500
17079700
17079900
17080200
17080500
17080800
17081000
17081200
17081500
17081800
17082100
17082300
17082500
17082800
17083100
17083400
17083600
17083800
17084100
17084400
17084700
17084900
17085100
17085400
17085700
17086000
17086200
17086400
17086600
17086900
17087100
17087400
17087700
17088000
17088200
17088400
17088700
17089000
17089300
17089500
17089700
17090000
17090300
17090600
17090800
17091000
17091300
17091600
17091800
17092000
17092300
17092600
17092900
17093100
17093300
17093600
17093900
17094200
17094400
17094600
17094900
17095200
17095500
17095700
17095900
17096100
17096400
17096700
17097000
17097200
17097400
17097700
17098000
17098300
17098500
17098700
17099000
17099300
17099600
17099800
17100000
17100300
17100600
17100900
17101100
17101300
17101600
17101900
17102200
17102400
17102600
17102800
17103100
17103400
17103600
17103800
17104100
17104400
17104700
17104900
17105100
17105400
17105700
17106000
17106200
17106400
17106700
17107000
17107300
17107500
17107700
17108000
17108300
17108500
17108700
17108900
17109200
17109500
17109800
17110000
17110200
17110500
17110800
17111100
17111300
17111500
17111700
17111900
17112100
17112400
17112700
17113000
17113200
17113400
17113700
17114000
17114300
17114500
17114700
17115000
17115300
17115600
17115800
17116000
17116300
17116600
17116900
17117100
17117300
17117600
17117900
17118200
17118400
17118600
17118900
17119200
17119400
17119600
17119800
17120000
17120300
17120600
17120900
17121100
17121300
17121600
17121900
17122200
17122400
17122600
17122900
17123200
17123500
17123700
17123900
17124100
17124400
17124700
17125000
17125200
17125400
17125700
17126000
17126300
17126500
17126700
17127000
17127300
17127600
17127800
17128000
17128200
17128500
17128800
17129000
17129200
17129500
17129800
17130100
17130300
17130500
17130700
17131000
17131300
17131500
17131700
17132000
17132300
17132600
17132800
17133000
17133300
17133600
17133900
17134100
17134300
17134600
17134900
17135200
17135400
17135600
17135900
17136200
17136500
17136700
17136900
17137200
17137500
17137800
17138000
17138200
17138500
17138800
17139100
17139300
17139500
17139800
17140100
17140400
17140700
17140900
17141100
17141400
17141700
17142000
17142200
17142400
17142700
17143000
17143300
17143500
17143700
17144000
17144300
17144600
17144800
17145000
17145300
17145600
17145800
17146000
17146200
17146500
17146800
17147000
17147200
17147400
17147700
17148000
17148200
17148400
17148700
17149000
17149300
17149500
17149700
17150000
17150300
17150600
17150800
17151000
17151300
17151600
17151900
17152100
17152300
17152500
17152700
17152900
17153200
17153500
17153800
17154000
17154200
17154500
17154800
17155100
17155300
17155500
17155800
17156100
17156400
17156600
17156800
17157100
17157400
17157700
17157900
17158100
17158400
17158700
17159000
17159200
17406600
17406900
17407200
17407400
17407600
17407900
17408200
17408500
17408700
17408900
17409200
17409500
17409800
17410100
17410300
17410500
17410700
17411000
17411300
17411500
17411700
17412000
17412300
17412600
17412800
17413000
17413300
17413600
17413900
17414100
17414300
17414600
17414900
17415200
17415400
17415600
17415900
17416200
17416500
17416700
17416900
17417200
17417500
17417800
17418000
17418200
17418500
17418800
17419100
17419300
17419500
17419800
17420100
17420300
17420500
17420800
17421100
17421400
17421600
17421800
17422100
17422400
17422600
17422800
17423100
17423400
17423700
17423900
17424100
17424400
17424700
17424900
17425100
17425400
17425700
17426000
17426200
17426400
17426700
17427000
17427300
17427500
17427700
17428000
17428300
17428600
17428800
17429000
17429300
17429600
17429900
17430100
17430300
17430600
17430900
17431100
17431300
17431500
17431800
17432100
17432300
17432500
17432800
17433100
17433400
17433600
17433800
17434100
17434400
17434600
17434800
17435100
17435400
17435700
17435900
17436100
17436400
17436700
17436900
17437100
17437400
17437700
17438000
17438200
17438400
17438700
17439000
17439300
17439500
17439700
17439900
17440200
17440500
17440700
17440900
17441100
17441400
17441700
17441900
17442100
17442400
17442700
17443000
17443200
17443400
17443700
17444000
17444300
17444600
17444900
17445100
17445300
17445600
17445900
17446200
17446400
17446600
17446900
17447200
17447400
17447600
17447900
17448100
17448400
17448600
17448900
17449200
17449500
17449700
17449900
17450200
17450500
17450800
17451000
17451200
17451500
17451800
17452100
17452400
17452700
17452900
17453100
17453300
17453600
17453900
17454100
17454300
17454500
17454800
17455100
17455300
17455600
17455800
17456000
17456300
17456600
17456900
17457100
17457300
17457600
17457900
17458100
17458300
17458500
17458800
17459100
17459400
17459700
17459900
17460100
17460400
17460700
17461000
17461200
17461400
17461700
17462000
17462300
17462500
17462800
17463000
17463200
17463500
17463800
17464100
17464300
17464500
17464800
17465100
17465400
17465600
17465800
17466100
17466300
17466600
17466900
17467200
17467400
17467600
17467900
17468200
17468500
17468700
17468900
17469200
17469500
17469800
17470100
17470400
17470600
17470800
17471100
17471400
17471600
17471800
17472100
17472400
17472700
17472900
17473100
17473400
17473600
17473900
17474200
17474500
17474700
17475000
17475200
17475400
17475700
17476000
17476300
17476500
17476700
17477000
17477200
17477500
17477800
17478100
17478300
17478500
17478800
17479000
17479200
17479400
17479700
17480000
17480200
17480400
17480600
17480800
17481000
17481300
17481600
17481800
17482000
17482200
17482500
17482800
17483000
17483200
17483400
17483600
17483800
17484000
17484300
17484600
17484900
17485100
17485300
17485600
17485900
17486200
17486500
17486800
17487100
17487400
17487700
17488000
17488300
17488500
17488700
17488900
17489100
17489400
17489700
17489900
17490100
17490300
17490600
17490900
17491200
17491500
17491700
17491900
17492100
17492400
17492700
17493000
17493300
17493600
17493900
17494100
17494400
17494600
17494900
17495100
17495300
17495600
17495900
17496200
17496400
17496600
17496900
17497200
17497500
17497700
17497900
17498200
17498400
17498600
17498800
17499000
17499200
17499400
17499700
17500000
17500300
17500600
17500800
17501000
17501300
17501600
17501900
17502200
17502500
17502800
17503100
17503400
17503600
17503800
17504100
17504400
17504700
17504900
17505100
17505400
17505600
17505900
17506200
17506500
17506700
17506900
17507200
17507500
17507800
17508000
17508200
17508500
17508800
17509100
17509400
17509700
17509900
17510100
17510400
17510700
17511000
17511200
17511400
17511700
17512000
17512200
17512400
17512600
17512800
17513100
17513400
17513700
17513900
17514100
17514400
17514700
17515000
17515200
17515400
17515700
17516000
17516300
17516600
17516900
17517100
17517300
17517600
17517900
17518200
17518400
17518600
17518900
17519200
17519500
17519700
17519900
17520100
17520300
17520600
17520900
17521200
17521400
17521600
17521900
17522200
17522500
17522700
17522900
17523200
17523500
17523800
17524100
17524400
17524600
17524800
17525100
17525400
17525600
17525800
17526100
17526400
17526700
17526900
17527100
17527300
17527500
17527800
17528100
17528300
17528500
17528700
17529000
17529300
17529500
17529700
17530000
17530300
17530600
17530900
17531200
17531400
17531600
17531900
17532200
17532500
17532700
17532900
17533200
17533500
17534400
17534700
17535000
17535300
17535600
17536000
17536300
17536600
17536900
17538100
17538500
17538800
17539200
17539600
17539900
17540300
17540700
17541100
17541400
17541700
17542000
17542300
17542600
17542800
17543100
17543400
17543700
17544000
17544300
17544600
17545000
17545300
17545700
17546000
17546300
17546600
17546800
17547000
17547300
17547600
17547900
17548100
17548400
17548600
17548800
17549000
17549300
17549600
17549900
17550100
17550300
17550600
17550900
17551200
17551400
17551600
17551800
17552100
17552400
17552700
17552900
17553100
17553400
17553700
17554000
17554200
17554400
17554700
17555000
17555300
17555500
17555700
17556000
17556300
17556500
17556700
17556900
17557100
17557400
17557700
17557900
17558100
17558400
17558700
17559000
17559200
17559400
17559700
17560000
17560200
17560400
17560700
17561000
17561300
17561500
17561700
17562000
17562300
17562500
17562700
17563000
17563300
17563600
17563800
17564000
17564300
17564600
17564900
17565100
17565300
17565500
17565800
17566100
17566300
17566500
17566700
17567000
17567300
17567600
17567800
17568000
17568200
17568500
17568800
17569100
17569300
17569500
17569800
17570100
17570300
17570500
17570700
17571000
17571300
17571600
17571800
17572000
17572300
17572600
17572900
17573100
17573300
17573600
17573900
17574100
17574300
17574600
17574900
17575200
17575500
17575700
17575900
17576200
17576500
17576800
17577000
17577200
17577500
17577800
17578000
17578200
17578400
17578600
17578900
17579200
17579400
17579600
17579800
17580100
17580400
17580600
17580800
17581000
17581200
17581500
17581800
17582100
17582300
17582500
17582800
17583100
17583400
17583600
17583800
17584100
17584400
17584700
17584900
17585100
17585300
17585600
17585900
17586100
17586300
17586600
17586900
17587200
17587400
17587600
17587900
17588200
17588500
17588700
17588900
17589200
17589500
17589800
17590000
17590200
17590500
17590800
17591100
17591400
17591600
17591800
17592100
17592400
17592700
17592900
17593100
17593400
17593700
17594000
17594200
17594400
17594600
17594900
17595200
17595500
17595700
17595900
17596200
17596500
17596800
17597000
17597200
17597500
17597800
17598100
17598400
17598600
17598800
17599100
17599400
17599600
17599800
17600000
17600300
17600600
17600800
17601000
17601200
17601500
17601800
17602100
17602300
17602500
17602800
17603100
17603300
17603500
17603800
17604100
17604400
17604700
17604900
17605100
17605400
17605700
17606000
17606200
17606400
17606700
17607000
17607300
17607500
17607700
17607900
17608200
17608500
17608800
17609000
17609200
17609500
17609800
17610100
17610300
17610500
17610800
17611100
17611400
17611700
17611900
17612100
17612400
17612700
17613000
17613200
17613400
17613700
17614000
17614200
17614400
17614700
17615000
17615300
17615600
17615800
17616000
17616300
17616600
17616800
17617000
17617300
17617600
17617900
17618100
17618300
17618500
17618800
17619100
17619400
17619600
17619800
17620100
17620400
17620700
17620900
17621100
17621400
17621700
17622000
17622300
17622500
17622700
17623000
17623300
17623600
17623800
17624000
17624300
17624600
17624900
17625100
17625300
17625500
17625800
17626100
17626400
17626600
17626800
17627100
17627400
17627600
17627800
17628000
17628300
17628600
17628900
17629100
17629300
17629600
17629900
17630100
17630300
17630500
17630800
17631100
17631300
17631500
17631700
17632000
17632300
17632600
17632800
17633000
17633300
17633600
17633900
17634100
17634300
17634600
17634900
17635200
17635500
17635700
17635900
17636200
17636500
17636800
17637000
17637200
17637500
17637800
17638100
17638300
17638500
17638700
17639000
17639300
17639600
17639800
17640000
17640300
17640600
17640900
17641100
17641300
17641600
17641900
17642200
17642400
17642600
17642900
17643200
17643500
17643700
17643900
17644200
17644500
17644800
17645000
17645200
17645500
17645800
17646100
17646400
17646600
17646800
17647100
17647400
17647600
17647800
17648000
17648300
17648600
17648800
17649000
17649200
17649400
17649700
17650000
17650200
17650400
17650600
17650900
17651200
17651500
17651700
17651900
17652200
17652500
17652800
17653000
17653200
17653400
17653700
17654000
17654200
17654400
17654700
17655000
17655300
17655500
17655700
17655900
17656200
17656500
17656700
17656900
17657200
17657500
17657800
17658000
17658200
17658500
17658800
17659100
17659400
17659600
17659800
17660100
17660400
17660600
17660800
17661000
17661300
17661600
17661800
17662000
17662200
17662500
17662800
17663100
17663300
17663500
17663700
17664000
17664300
17664600
17664800
17665000
17665300
17665600
17665900
17666200
17666400
17666600
17666900
17667200
17667400
17667600
17667800
17668100
17668400
17668600
17668800
17669100
17669400
17669700
17669900
17670100
17670300
17670600
17675300
17675500
17675800
17676100
17676300
17676500
17676700
17677000
17677300
17677500
17677700
17677900
17678200
17678500
17678800
17679000
17679200
17679400
17679600
17679900
17680200
17680500
17680700
17680900
17681200
17681500
17681800
17682000
17682300
17682500
17682700
17683000
17683300
17683600
17683800
17684000
17684300
17684600
17684900
17685100
17685300
17685600
17685900
17686200
17686400
17686600
17686900
17687200
17687500
17687700
17687900
17688200
17688500
17688800
17689000
17689200
17689500
17689800
17690100
17690300
17690500
17690800
17691100
17691300
17691500
17691800
17692100
17692400
17692600
17692800
17693100
17693400
17693600
17693800
17694100
17694400
17694700
17694900
17695100
17695400
17695700
17695900
17696100
17696400
17696700
17697000
17697200
17697400
17697700
17698000
17698300
17698500
17698700
17699000
17699300
17699600
17699800
17700000
17700300
17700600
17700800
17701000
17701200
17701500
17701800
17702000
17702200
17702400
17702700
17703000
17703200
17703400
17703600
17703900
17704200
17704400
17704600
17704900
17705200
17705500
17705700
17705900
17706200
17706500
17706700
17707000
17707200
17707400
17707700
17708000
17708300
17708500
17708700
17709000
17709300
17709500
17709700
17709900
17710200
17710500
17710800
17711100
17711400
17711600
17711800
17712100
17712400
17712700
17713000
17713300
17713500
17713700
17714000
17714200
17714400
17714600
17714800
17715100
17715400
17715700
17716000
17716200
17716400
17716600
17716900
17717200
17717500
17717700
17717900
17718200
17718500
17718700
17718900
17719100
17719400
17719600
17719900
17720100
17720400
17720700
17720900
17721200
17721400
17721600
17721900
17722200
17722400
17722600
17722900
17723200
17723500
17723800
17724000
17724200
17724500
17724800
17725000
17725400
17725700
17726000
17726300
17726500
17726800
17727100
17727400
17727600
17727900
17728200
17728500
17728800
17729100
17729400
17729600
17729900
17730200
17730500
17730800
17731100
17731400
17731600
17731800
17732100
17732400
17732700
17732900
17733100
17733400
17733700
17733900
17734100
17734400
17734700
17735000
17735300
17735500
17735700
17736000
17736300
17736500
17736700
17737000
17737300
17737600
17737800
17738000
17738300
17738600
17738900
17739200
17739400
17739600
17739900
17740200
17740500
17740700
17740900
17741200
17741500
17741700
17741900
17742100
17742300
17742600
17742900
17743200
17743400
17743600
17743900
17744200
17744500
17744700
17744900
17745200
17745500
17745800
17746000
17746200
17746400
17746700
17747000
17747200
17747400
17747700
17748000
17748200
17748400
17748700
17749000
17749300
17749600
17749800
17750000
17750300
17750600
17750900
17751100
17751300
17751600
17751900
17752100
17752300
17752600
17752900
17753200
17753500
17753700
17753900
17754100
17754400
17754700
17755000
17755200
17755400
17755700
17756000
17756300
17756600
17756800
17757000
17757300
17757600
17757900
17758100
17758300
17758600
17758900
17759100
17759300
17759500
17759800
17760100
17760400
17760600
17760800
17761100
17761400
17761700
17761900
17762100
17762400
17762700
17762900
17763100
17763400
17763700
17764000
17764300
17764500
17764700
17765000
17765300
17765600
17765800
17766000
17766300
17766600
17766800
17767000
17767200
17767400
17767700
17768000
17768300
17768500
17768700
17769000
17769300
17769600
17769800
17770000
17770300
17770600
17770900
17771200
17771400
17771600
17771900
17772200
17772400
17772600
17772800
17773100
17773400
17773600
17773800
17774100
17774400
17774700
17775000
17775200
17775400
17775700
17776000
17776200
17776400
17776700
17777000
17777300
17777500
17777700
17778000
17778300
17778600
17778900
17779100
17779300
17779600
17779900
17780100
17780300
17780600
17780900
17781200
17781400
17781600
17781800
17782100
17782400
17782700
17782900
17783100
17783400
17783700
17784000
17784200
17784400
17784700
17785000
17785300
17785600
17785800
17786000
17786300
17786600
17786900
17787100
17787300
17787600
17787900
17788200
17788400
17788600
17788900
17789200
17789500
17789700
17789900
17790200
17790500
17790800
17791000
17791200
17791500
17791800
17792000
17792200
17792500
17792800
17793100
17793400
17793600
17793800
17794100
17794400
17794700
17794900
17795100
17795400
17795700
17796000
17796300
17796500
17796700
17797000
17797300
17797600
17797800
17798000
17798300
17798600
17798900
17799100
17799300
17799500
17799700
17800000
17800300
17800500
17800700
17801000
17801300
17801600
17801800
17802000
17802300
17802600
17802900
17803200
17803400
17803600
17803900
17804200
17804400
17804600
17804900
17805200
17805500
17805700
17805900
17806200
17806500
17806800
17807000
17807200
17807500
17807800
17808100
17808300
17808500
17808800
17809100
17809400
17809600
17809800
17810000
17810300
17810600
17810900
17811100
17811300
17811600
17811900
17812200
17812400
17812600
17812900
17813200
17813500
17813800
17814000
17814200
17814500
17814800
17815100
17815300
17815500
17815800
17816100
17816300
17816500
17816800
17817100
17817400
17817700
17817900
17818100
17818400
17818700
17818900
17819100
17819300
17819600
17819900
17820100
17820300
17820600
17820900
17821200
17821500
17821700
17821900
17822200
17822500
17822800
17823000
17823200
17823500
17823800
17824100
17824300
17824500
17824700
17825000
17825300
17825600
17825800
17826000
17826300
17826600
17826900
17827100
17827300
17827600
17827800
17828100
17828400
17828700
17828900
17829100
17829400
17829700
17830000
17830200
17830400
17830700
17831000
17831200
17831400
17831600
17831800
17832100
17832400
17832600
17832800
17833100
17833400
17833700
17833900
17834100
17834400
17834700
17835000
17835200
17835400
17835600
17835900
17836200
17836400
17836600
17836900
17837200
17837500
17837700
17837900
17838100
17838300
17838600
17838900
17839100
17839300
17839500
17839800
17840100
17840300
17840500
17840700
17841000
17841300
17841600
17841800
17842000
17842300
17842600
17842900
17843100
17843300
17843600
17843900
17844100
17844300
17844600
17844900
17845200
17845500
17845700
17845900
17846200
17846500
17846800
17847000
17847200
17847500
17847800
17848000
17848200
17848500
17848800
17849100
17849400
17849600
17849800
17850100
17850400
17850700
17850900
17851100
17851400
17851700
17852000
17852200
17852400
17852600
17852900
17853200
17853500
17853700
17853900
17854200
17854500
17854800
17855000
17855200
17855500
17855800
17856100
17856400
17856600
17856800
17857100
17857400
17857600
17857800
17858100
17858400
17858700
17858900
17859100
17859400
17859700
17860000
17860200
17860500
17860700
17860900
17861200
17861500
17861700
17861900
17862100
17862400
17862700
17862900
17863100
17863300
17863500
17863800
17864100
17864300
17864500
17864700
17865000
17865300
17865500
17865700
17866000
17866300
17866600
17866900
17867100
17867300
17867500
17867800
17868100
17868300
17868500
17868800
17869100
17869400
17869600
17869800
17870000
17870300
17870600
17870900
17871100
17871300
17871600
17871900
17872100
17872300
17872600
17872900
17873200
17873500
17873700
17873900
17874200
17874500
17874800
17875000
17875200
17875500
17875800
17876000
17876200
17876400
17876700
17877000
17877300
17877500
17877700
17877900
17878200
17878500
17878700
17878900
17879100
17879400
17879700
17879900
17880200
17880500
17880800
17881000
17881200
17881500
17881800
17882100
17882300
17882500
17882800
17883100
17883300
17883500
17883700
17884000
17884300
17884600
17884800
17885000
17885300
17885600
17885800
17886000
17886300
17886600
17886900
17887100
17887300
17887500
17887800
17888100
17888400
17888600
17888800
17889100
17889400
17889600
17889800
17890100
17890400
17890700
17891000
17891200
17891400
17891600
17891900
17892200
17892400
17892600
17892800
17893100
17893400
17893600
17893800
17894100
17894400
17894700
17895000
17895200
17895400
17895600
17895900
17896200
17896400
17896600
17896900
17897200
17897500
17897700
17897900
17898100
17898400
17898700
17898900
17899100
17899400
17899700
17900000
17900200
17900400
17900700
17901000
17901200
17901400
17901600
17901800
17902100
17902400
17902600
17902800
17903100
17903400
17903700
17903900
17904100
17904400
17904700
17905000
17905300
17905500
17905700
17906000
17906300
17906600
17906800
17907000
17907300
17907600
17907900
17908100
17908300
17908600
17908900
17909200
17909500
17909700
17909900
17910200
17910500
17910800
17911000
17911200
17911500
17911800
17912000
17912200
17912500
17912800
17913100
17913400
17913700
17914000
17914200
17914400
17914700
17915000
17915200
17915500
17915800
17916100
17916400
17916600
17916800
17917000
17917300
17917600
17917900
17918200
17918400
17918700
17918900
17919100
17919300
17919600
17919900
17920200
17920500
17920700
17921000
17921200
17921400
17921700
17922000
17922300
17922500
17922700
17923000
17923300
17923600
17923900
17924100
17924300
17924600
17924900
17925200
17925400
17925600
17925900
17926200
17926500
17926800
17927000
17927200
17927400
17927700
17928000
17928200
17928400
17928700
17929000
17929300
17929500
17929700
17930000
17930300
17930600
17930800
17931000
17931300
17931600
17931900
17932100
17932300
17932600
17932900
17933200
17933400
17933600
17933900
17934200
17934400
17934600
17934900
17935200
17935500
17935700
17935900
17936200
17936500
17936700
17936900
17937200
17937500
17940300
17940500
17940800
17941100
17941400
17941600
17941800
17942200
17942400
17942600
17942900
17943200
17943500
17943700
17943900
17944200
17944500
17944700
17945000
17945300
17945500
17945700
17946000
17946200
17946400
17946700
17947000
17947300
17947600
17947900
17948200
17948400
17948600
17948900
17949100
17949400
17949700
17950000
17950300
17950500
17950700
17950900
17951100
17951400
17951700
17951900
17952100
17952400
17952700
17953000
17953200
17953400
17953700
17954000
17954200
17954400
17954700
17955000
17955200
17955500
17955800
17956100
17956400
17956700
17957000
17957300
17957500
17957700
17958000
17958300
17958600
17958800
17959000
17959300
17959600
17959900
17960100
17960300
17960500
17960800
17961000
17961300
17961600
17961900
17962200
17962500
17962800
17963100
17963400
17963600
17963800
17964200
17964400
17964700
17965000
17965300
17965600
17965900
17966200
17966400
17966600
17966900
17967200
17967500
17967700
17967900
17968200
17968500
17968700
17968900
17969200
17969500
17969800
17970000
17970200
17970500
17970800
17971100
17971300
17971500
17971800
17972100
17972300
17972500
17972700
17973000
17973300
17973500
17973700
17973900
17974100
17974400
17974700
17975000
17975200
17975400
17975700
17976000
17976200
17976400
17976700
17977000
17977300
17977500
17977700
17978300
17978700
17979100
17979500
17979800
17990100
17990300
17990600
17990900
17991200
17991400
17991600
17991800
17992000
17992300
17992600
17992900
17993100
17993300
17993600
17993900
17994200
17994400
17994600
17994800
17995100
17995400
17995700
17995900
17996100
17996400
17996700
17996900
17997100
17997400
17997700
17997900
17998100
17998400
17998700
17999000
17999200
17999400
17999700
18000000
18000200
18000400
18000700
18001000
18001200
18001400
18001600
18001900
18002200
18002400
18002600
18002900
18003200
18003500
18003700
18003900
18004200
18004500
18004700
18004900
18005100
18005400
18005700
18006000
18006300
18006500
18006700
18007000
18007300
18007500
18007700
18008000
18008300
18008600
18008800
18009000
18009200
18009500
18009800
18010000
18010200
18010500
18010800
18011000
18011200
18011500
18011800
18012000
18012200
18012400
18012700
18013000
18013300
18013500
18013700
18014000
18014300
18014500
18014700
18015000
18015300
18015600
18015800
18016000
18016300
18016600
18016900
18017100
18017300
18017600
18017900
18018200
18018400
18018600
18018900
18019200
18019500
18019700
18019900
18020100
18020400
18020700
18020900
18021100
18021300
18021600
18021900
18022100
18022300
18022600
18022900
18023100
18023300
18023600
18023900
18024200
18024500
18024700
18024900
18025200
18025500
18025700
18025900
18026200
18026500
18026700
18026900
18027200
18027500
18027800
18028000
18028200
18028500
18028800
18029100
18029300
18029500
18029800
18030100
18030400
18030600
18030800
18031100
18031400
18031700
18032000
18032200
18032400
18032700
18033000
18033200
18033400
18033600
18033900
18034200
18034400
18034600
18034900
18035200
18035500
18035800
18036000
18036200
18036500
18036800
18037000
18037200
18037500
18037800
18038000
18038200
18038500
18038800
18039100
18039400
18039600
18039800
18040100
18040400
18040600
18040800
18041100
18041400
18041600
18041800
18042100
18042400
18042700
18042900
18043100
18043300
18043600
18043900
18044100
18044300
18044600
18044900
18045200
18045400
18045600
18045900
18046200
18046500
18046700
18046900
18047200
18047500
18047800
18048000
18048200
18048400
18048700
18049000
18049200
18049400
18049700
18050000
18050200
18050400
18050600
18050900
18051200
18051400
18051600
18051800
18052100
18052400
18052600
18052800
18053100
18053400
18053600
18053800
18054100
18054400
18054700
18054900
18055100
18055400
18055700
18056000
18056200
18056400
18056700
18057000
18057300
18057500
18057700
18058000
18058300
18058500
18058700
18059000
18059300
18059600
18059900
18060100
18060300
18060600
18060900
18061200
18061400
18061600
18061800
18062100
18062400
18062600
18062800
18063000
18063300
18063600
18063900
18064100
18064300
18064600
18064900
18065100
18065300
18065600
18065900
18066100
18066300
18066600
18066900
18067200
18067500
18067700
18067900
18068200
18068500
18068700
18068900
18069200
18069500
18069700
18069900
18070200
18070500
18070800
18071100
18071300
18071500
18071800
18072100
18072300
18072500
18072700
18073000
18073300
18073500
18073700
18074000
18074300
18074600
18074900
18075100
18075300
18075600
18075900
18076200
18076400
18076600
18076900
18077200
18077400
18077600
18077900
18078200
18078400
18078600
18078800
18079100
18079400
18079700
18079900
18080100
18080400
18080700
18080900
18081100
18081400
18081700
18081900
18082100
18082300
18082500
18082800
18083100
18083300
18083500
18083800
18084100
18084400
18084600
18084800
18085100
18085400
18085600
18085800
18086000
18086200
18086500
18086800
18087000
18087200
18087500
18087800
18088100
18088300
18088500
18088800
18089100
18089300
18089500
18089700
18089900
18090200
18090500
18090700
18090900
18091200
18091500
18091700
18091900
18092200
18092500
18092800
18093000
18093200
18093500
18093800
18094100
18094300
18094500
18094800
18095100
18095300
18095500
18095800
18096100
18096400
18096600
18096800
18097100
18097400
18097700
18097900
18098100
18098400
18098700
18099000
18099200
18099400
18099700
18100000
18100200
18100400
18100600
18100900
18101200
18101500
18101700
18101900
18102200
18102500
18102800
18103000
18103200
18103500
18103800
18104000
18104200
18104500
18104800
18105100
18105400
18105600
18105800
18106100
18106400
18106600
18106800
18107100
18107400
18107600
18107800
18108100
18108400
18108700
18108900
18109100
18109300
18109600
18109900
18110100
18110300
18110600
18110900
18111100
18111300
18111600
18111900
18112200
18112400
18112600
18112800
18113100
18113400
18113700
18113900
18114100
18114400
18114700
18114900
18115100
18115300
18115600
18115900
18116100
18116300
18116500
18116800
18117100
18117400
18117600
18117800
18118100
18118400
18118600
18118800
18119100
18119400
18119600
18119800
18120100
18120400
18120700
18121000
18121200
18121400
18121700
18122000
18122200
18122400
18122700
18123000
18123200
18123400
18123700
18124000
18124300
18124600
18124800
18125000
18125300
18125600
18125800
18126000
18126300
18126600
18126900
18127100
18127300
18127600
18127900
18128200
18128500
18128700
18128900
18129200
18129500
18129700
18129900
18130200
18130500
18130800
18131000
18131200
18131500
18131800
18132000
18132200
18132400
18132700
18133000
18133300
18133500
18133700
18134000
18134300
18134500
18134700
18135000
18135300
18135500
18135700
18135900
18136200
18136500
18136800
18137000
18137200
18137500
18137800
18138000
18138200
18138500
18138800
18139000
18139200
18139400
18139700
18140000
18140300
18140500
18140700
18141000
18141300
18141600
18141800
18142000
18142300
18142600
18142900
18143100
18143300
18143600
18143900
18144200
18144400
18144600
18144900
18145200
18145500
18145700
18145900
18146200
18146500
18146700
18146900
18147200
18147500
18147800
18148000
18148200
18148500
18148800
18149100
18149300
18149500
18149800
18150100
18150300
18150500
18150800
18151100
18151400
18151600
18151800
18152100
18152400
18152700
18152900
18153100
18153400
18153700
18153900
18154100
18154400
18154700
18155000
18155300
18155500
18155700
18156000
18156300
18156600
18156800
18157000
18157300
18157600
18157800
18158000
18158200
18158500
18158800
18159100
18159300
18159500
18159800
18160100
18160300
18160500
18160700
18161000
18161200
18161500
18161800
18162100
18162300
18162500
18162700
18163000
18163300
18163600
18163800
18164000
18164300
18164600
18164900
18165100
18165300
18165600
18165900
18166200
18166400
18166600
18166900
18167200
18167500
18167700
18167900
18168200
18168500
18168700
18168900
18169100
18169400
18169700
18169900
18170100
18170400
18170700
18171000
18171200
18171400
18171700
18172000
18172200
18172400
18172700
18173000
18173300
18173500
18173700
18174000
18174300
18174600
18174800
18175000
18175300
18175600
18175800
18176000
18176200
18176500
18176800
18177000
18177200
18177400
18177700
18178000
18178300
18178500
18178700
18179000
18179300
18179600
18179800
18180000
18180300
18180600
18180900
18181100
18181300
18181600
18181900
18182100
18182300
18182500
18182800
18183100
18183300
18183500
18183800
18184100
18184400
18184600
18184800
18185100
18185400
18185600
18185800
18186000
18186300
18186600
18186900
18187100
18187300
18187600
18187900
18188200
18188400
18188600
18188900
18189200
18189400
18189600
18189900
18190100
18190300
18190500
18190800
18191100
18191300
18191500
18191700
18192000
18192300
18192600
18192800
18193000
18193300
18193600
18193900
18194100
18194300
18194600
18194900
18195200
18195500
18195800
18196000
18196200
18196400
18196700
18197000
18197200
18197500
18197700
18197900
18198200
18198500
18198700
18198900
18199200
18199500
18199800
18200000
18200200
18200500
18200800
18201100
18201300
18201600
18201900
18202200
18202500
18202800
18203100
18203300
18203500
18203800
18204100
18204400
18204600
18204800
18205000
18205300
18205600
18205900
18206100
18206300
18206600
18206900
18207200
18207500
18207800
18208000
18208200
18208500
18208700
18208900
18209200
18209500
18209700
18210000
18210300
18210600
18210900
18211200
18211500
18211700
18212000
18214800
18215100
18215300
18215500
18215800
18216100
18216400
18216600
18216800
18217100
18217400
18217700
18217900
18218100
18218300
18218600
18218900
18219200
18219500
18219800
18220000
18220200
18220400
18220700
18221000
18221200
18221400
18221600
18221800
18222100
18222400
18222600
18222800
18223100
18223400
18223700
18223900
18224100
18224400
18224700
18225000
18225200
18225400
18225600
18225900
18226200
18226400
18226600
18226900
18227200
18227400
18227600
18227800
18228100
18228400
18228600
18228800
18229000
18229300
18229600
18229800
18230000
18230300
18230600
18230900
18231200
18231500
18231700
18231900
18232200
18232500
18232800
18233000
18233200
18233400
18233700
18234000
18234200
18234400
18234600
18234900
18235200
18235400
18235600
18235800
18236100
18236400
18236700
18236900
18237100
18237400
18237700
18238000
18238200
18238400
18238700
18239000
18239200
18239400
18239600
18239900
18240200
18240400
18240600
18240800
18241100
18241400
18241600
18241800
18242100
18242400
18242600
18242800
18243000
18243300
18243600
18243900
18244100
18244300
18244600
18244900
18245100
18245300
18245500
18245800
18246100
18246400
18246600
18246800
18247100
18247400
18247700
18247900
18248100
18248400
18248700
18249000
18249200
18249400
18249700
18250000
18250300
18250600
18250800
18251000
18251300
18251600
18251800
18252000
18252300
18252600
18252900
18253100
18253300
18253500
18253800
18254100
18254300
18254500
18254800
18255100
18255400
18255600
18255800
18256100
18256400
18256600
18256800
18257000
18257300
18257600
18257800
18258000
18258200
18258500
18258800
18259000
18259200
18259400
18259700
18260000
18260200
18260400
18260600
18260900
18261200
18261500
18261700
18261900
18262200
18262500
18262800
18263000
18263200
18263500
18263800
18264100
18264300
18264500
18264800
18265100
18265400
18265600
18265800
18266100
18266400
18266700
18266900
18267100
18267400
18267700
18268000
18268200
18268400
18268700
18269000
18269200
18269400
18269700
18270000
18270300
18270500
18270700
18271000
18271300
18271600
18271800
18272000
18272300
18272600
18272900
18273100
18273300
18273600
18273900
18274200
18274400
18274600
18274800
18275100
18275400
18275700
18275900
18276100
18276400
18276700
18277000
18277200
18277400
18277700
18278000
18278200
18278400
18278600
18278900
18279200
18279500
18279700
18279900
18280200
18280500
18280700
18280900
18281100
18281400
18281700
18281900
18282100
18282300
18282600
18282900
18283100
18283300
18283600
18283900
18284200
18284400
18284600
18284900
18285200
18285500
18285700
18285900
18286200
18286500
18286800
18287000
18287200
18287500
18287800
18288100
18288300
18288500
18288800
18289100
18289400
18289600
18289800
18290000
18290300
18290600
18290800
18291000
18291200
18291500
18291800
18292000
18292200
18292400
18292700
18293000
18293300
18293500
18293700
18294000
18294300
18294500
18294700
18294900
18295200
18295500
18295700
18295900
18296100
18296400
18296700
18296900
18297100
18297400
18297700
18298000
18298200
18298400
18298700
18299000
18299200
18299400
18299600
18299900
18300200
18300500
18300700
18300900
18301200
18301500
18301800
18302000
18302200
18302500
18302800
18303100
18303400
18303600
18303800
18304100
18304400
18304600
18304800
18305000
18305300
18305600
18305800
18306000
18306300
18306600
18306900
18307200
18307400
18307600
18307900
18308200
18308400
18308600
18308900
18309200
18309500
18309700
18309900
18310200
18310500
18310800
18311000
18311200
18311500
18311800
18312000
18312200
18312500
18312800
18313100
18313300
18313500
18313700
18314000
18314300
18314600
18314800
18315000
18315300
18315600
18315900
18316100
18316300
18316600
18316900
18317200
18317400
18317600
18317800
18318100
18318400
18318600
18318800
18319100
18319400
18319700
18319900
18320100
18320400
18320700
18321000
18321200
18321400
18321700
18322000
18322300
18322500
18322700
18323000
18323300
18323500
18323700
18324000
18324300
18324600
18324800
18325000
18325300
18325600
18325900
18326100
18326300
18326600
18326900
18327200
18327400
18327600
18327900
18328200
18328500
18328700
18328900
18329100
18329400
18329700
18329900
18330100
18330300
18330600
18330900
18331100
18331300
18331500
18331800
18332100
18332400
18332600
18332800
18333100
18333400
18333700
18333900
18334100
18334400
18334700
18334900
18335100
18335300
18335600
18335900
18336100
18336300
18336600
18336900
18337200
18337400
18337600
18337900
18338200
18338400
18338600
18338800
18339100
18339400
18339700
18339900
18340100
18340400
18340700
18340900
18341100
18341300
18341600
18341900
18342200
18342400
18342600
18342900
18343200
18343500
18343700
18343900
18344200
18344500
18344800
18345000
18345200
18345500
18345800
18346100
18346300
18346500
18346700
18347000
18347300
18347500
18347700
18348000
18348300
18348600
18348800
18349000
18349200
18349500
18349800
18350000
18350200
18350500
18350800
18351000
18351200
18351400
18351700
18352000
18352200
18352400
18352700
18353000
18353300
18353500
18353700
18353900
18354200
18354500
18354700
18354900
18355200
18355500
18355800
18356000
18356200
18356500
18356800
18357100
18357400
18357600
18357800
18358100
18358400
18358700
18358900
18359100
18359400
18359700
18360000
18360200
18360400
18360700
18361000
18361300
18361500
18361700
18362000
18362300
18362500
18362700
18362900
18363200
18363500
18363700
18363900
18364100
18364400
18364700
18364900
18365100
18365400
18365700
18366000
18366200
18366400
18366700
18367000
18367200
18367400
18367600
18367900
18368200
18368500
18368700
18368900
18369200
18369500
18369800
18370000
18370200
18370500
18370800
18371100
18371400
18371600
18371800
18372100
18372400
18372600
18372800
18373000
18373300
18373600
18373800
18374000
18374300
18374600
18374900
18375200
18375400
18375600
18375900
18376200
18376400
18376600
18376900
18377200
18377500
18377700
18377900
18378200
18378500
18378800
18379000
18379200
18379500
18379800
18380000
18380200
18380400
18380700
18381000
18381200
18381400
18381600
18381900
18382200
18382500
18382700
18382900
18383200
18383500
18383700
18383900
18384100
18384400
18384700
18384900
18385100
18385300
18385600
18385900
18386200
18386400
18386600
18386900
18387200
18387500
18387700
18387900
18388200
18388500
18388800
18389000
18389200
18389500
18389800
18390100
18390300
18390500
18390800
18391100
18391300
18391500
18391800
18392100
18392400
18392600
18392800
18393000
18393300
18393600
18393800
18394000
18394300
18394700
18394900
18395100
18395400
18395700
18395900
18396100
18396300
18396600
18396900
18397100
18397300
18397500
18397800
18398100
18398400
18398600
18398800
18399100
18399400
18399700
18399900
18400100
18400400
18400700
18400900
18401100
18401300
18401600
18401900
18402200
18402400
18402600
18402900
18403200
18403500
18403700
18403900
18404200
18404500
18404700
18404900
18405100
18405400
18405700
18406000
18406200
18406400
18406600
18406900
18407200
18407400
18407600
18407800
18408100
18408400
18408700
18409000
18409200
18409400
18409700
18410000
18410300
18410500
18410700
18411000
18411300
18411500
18411700
18411900
18412200
18412500
18412800
18413000
18413600
18413900
18414200
18414600
18414900
18415200
18415500
18415900
18416200
18416500
18416700
18417000
18417300
18417700
18418000
18418200
18418500
18418800
18419500
18419800
18420100
18420400
18420700
18421000
18421300
18421500
18421800
18422000
18422300
18422600
18422800
18423100
18423300
18423600
18423900
18424100
18424400
18424700
18424900
18425200
18425500
18425800
18426100
18426400
18426600
18426900
18427100
18427500
18427700
18428000
18428300
18428500
18428700
18428900
18429200
18429500
18429800
18430100
18430400
18430700
18431000
18431200
18431500
18431800
18432000
18432300
18432600
18432900
18433200
18433500
18433800
18434200
18434500
18434800
18435200
18435500
18435700
18436000
18436300
18436600
18436900
18437200
18437500
18437800
18438100
18438400
18438700
18439000
18439300
18439600
18439900
18440200
18440500
18440800
18441100
18441400
18441600
18441900
18442200
18442500
18442900
18443200
18443400
18443700
18444000
18444300
18444600
18444800
18445100
18445400
18445600
18445900
18446200
18446500
18446800
18447100
18447400
18447700
18448000
18448300
18448600
18448900
18449200
18449500
18449800
18450100
18450400
18450700
18451000
18451400
18451800
18452100
18452400
18452600
18452900
18453200
18453500
18453900
18454200
18454500
18454800
18455000
18455300
18455600
18455900
18456200
18456500
18456800
18457100
18457400
18457700
18458000
18458300
18458700
18459000
18459300
18459600
18459900
18460200
18460500
18460800
18461100
18461400
18461700
18462000
18462300
18462600
18462900
18463200
18463400
18463700
18464000
18464300
18464500
18464800
18465200
18465500
18465800
18466200
18466400
18466700
18467000
18467200
18467500
18467800
18468000
18468400
18468700
18469000
18469300
18469700
18470100
18470500
18470900
18471300
18471600
18471900
18472300
18472600
18472900
18473200
18473400
18473600
18473800
18474100
18474400
18474700
18475000
18475300
18475500
18475700
18475900
18476200
18476400
18476600
18476900
18477200
18477500
18477800
18478100
18478400
18478800
18479100
18479400
18479700
18480000
18480300
18480500
18480800
18481100
18481300
18481500
18481800
18482100
18482300
18482500
18482800
18483100
18483300
18487100
18487400
18487600
18487800
18488100
18488400
18488700
18488900
18489100
18489400
18489700
18490000
18490200
18490400
18490600
18490900
18491200
18491500
18491700
18491900
18492200
18492500
18492800
18493000
18493200
18493500
18493800
18494000
18494200
18494400
18494700
18495000
18495200
18495400
18495700
18496000
18496300
18496500
18496700
18497000
18497300
18497600
18497800
18498000
18498300
18498600
18498800
18499000
18499300
18499600
18499900
18500100
18500300
18500600
18500900
18501200
18501400
18501600
18501900
18502200
18502500
18502700
18502900
18503200
18503500
18503700
18503900
18504100
18504400
18504700
18504900
18505100
18505300
18505600
18505900
18506100
18506300
18506600
18506900
18507200
18507400
18507600
18507900
18508200
18508500
18508800
18509000
18509200
18509500
18509800
18510100
18510300
18510500
18510800
18511100
18511300
18511500
18511800
18512100
18512400
18512600
18512800
18513100
18513400
18513600
18513800
18514100
18514400
18514700
18514900
18515100
18515400
18515700
18516000
18516300
18516500
18516700
18517000
18517300
18517600
18517900
18518100
18518300
18518600
18518900
18519200
18519400
18519600
18519900
18520200
18520500
18520800
18521000
18521200
18521400
18521700
18522000
18522200
18522400
18522600
18522900
18523200
18523400
18523600
18523800
18524100
18524300
18524600
18524900
18525200
18525400
18525600
18525900
18526200
18526400
18526600
18526900
18527200
18527500
18527800
18528000
18528300
18528500
18528800
18529100
18529400
18530000
18530400
18530800
18531200
18531500
18531800
18532200
18532600
18533000
18533300
18533800
18534100
18534400
18534700
18535000
18535600
18535900
18536200
18536500
18536800
18537100
18537300
18537600
18537900
18538200
18538500
18538700
18538900
18539200
18539500
18539800
18540200
18540500
18540800
18541100
18541500
18541800
18542100
18542300
18542600
18542900
18543200
18543400
18543700
18544000
18544300
18544600
18544900
18545200
18545500
18545800
18546100
18546400
18546700
18546900
18547200
18547500
18547800
18548100
18548400
18548700
18549000
18549300
18549600
18550000
18550200
18550500
18550800
18551000
18551300
18551600
18551900
18552100
18552400
18552700
18553100
18553400
18553700
18554000
18554300
18554600
18554900
18555200
18555500
18555900
18556200
18556600
18556900
18557200
18557600
18558000
18558300
18558700
18559000
18559200
18559400
18559700
18560000
18560200
18560400
18560600
18560900
18561200
18561400
18561600
18561800
18562000
18562300
18562500
18562700
18563000
18563300
18563600
18563800
18564000
18564200
18564400
18564700
18565000
18565200
18565400
18565600
18565800
18566000
18566300
18566500
18566800
18567100
18567400
18567700
18568000
18568200
18568400
18568700
18569000
18569300
18569500
18569700
18570000
18570300
18570600
18570800
18571000
18571300
18571700
18572000
18572200
18572400
18572600
18573200
18573600
18573900
18574200
18574500
18574800
18575200
18575500
18575800
18576200
18576500
18576800
18577100
18577400
18577700
18578000
18578300
18578600
18578900
18579200
18579600
18579900
18580200
18580600
18581000
18581300
18581600
18581900
18582300
18582600
18582900
18583200
18583500
18583800
18584100
18584400
18584700
18585000
18585400
18585700
18586100
18586400
18586700
18587000
18587400
18587800
18588200
18588500
18589000
18589200
18589400
18589700
18590000
18590300
18590600
18590800
18591000
18591300
18591600
18591900
18592100
18592300
18592600
18592900
18593200
18593400
18593600
18593800
18594000
18594200
18594500
18594800
18595100
18595300
18595500
18595800
18596100
18596300
18596500
18596700
18597000
18597300
18597600
18597900
18598200
18598400
18598600
18598800
18599000
18599200
18599500
18599700
18599900
18600100
18600300
18600500
18600800
18601100
18601300
18601500
18601700
18602000
18602300
18602500
18602700
18603000
18603300
18603600
18603900
18604100
18604300
18604600
18604900
18605100
18605300
18605600
18605900
18606200
18606500
18606800
18607100
18607400
18607700
18607900
18608100
18608300
18608600
18608900
18609200
18609500
18609700
18610000
18610300
18610500
18610700
18611000
18611400
18611700
18612100
18612400
18612700
18613000
18613300
18613600
18614000
18614300
18614600
18614900
18615200
18615500
18615800
18616100
18616400
18616700
18617000
18617400
18617700
18618000
18618300
18618600
18618900
18619200
18619500
18619800
18620100
18620400
18620700
18621000
18621300
18621700
18622000
18622300
18622700
18623100
18623400
18623800
18624100
18624500
18624900
18625400
18625600
18625800
18626100
18626400
18626600
18626800
18627100
18627400
18627700
18627900
18628100
18628300
18628600
18628900
18629100
18629300
18629500
18629800
18630100
18630400
18630600
18630800
18631100
18631400
18631600
18631800
18632100
18632400
18632700
18632900
18633100
18633400
18633700
18634000
18634300
18634600
18634900
18635200
18635400
18635700
18635900
18636100
18636400
18636600
18636900
18637200
18637400
18637600
18637800
18638100
18638400
18638600
18638800
18639000
18639200
18639500
18639800
18640100
18640300
18640500
18640700
18641000
18641300
18641500
18641700
18642000
18642200
18642500
18642800
18643000
18643200
18643400
18643700
18644000
18644200
18644400
18644700
18645000
18645200
18645400
18645600
18645800
18646100
18646400
18646700
18647000
18647400
18647700
18648000
18648200
18648700
18649000
18649400
18649800
18650100
18650400
18650700
18651000
18651300
18652000
18652300
18652600
18652900
18653300
18653600
18653900
18654200
18654400
18654700
18654900
18655200
18655500
18655800
18656100
18656400
18656600
18656900
18657200
18657600
18658000
18658300
18658600
18659000
18659300
18659700
18660100
18660400
18660700
18661000
18661400
18661700
18662100
18662500
18662800
18663100
18663400
18663700
18664000
18664300
18664700
18665000
18665300
18665700
18666000
18666300
18666700
18667100
18667400
18667800
18668200
18668700
18668900
18669200
18669400
18669600
18669900
18670200
18670500
18670700
18670900
18671100
18671400
18671700
18671900
18672100
18672300
18672600
18672900
18673100
18673300
18673500
18673800
18674100
18674300
18674600
18674800
18675100
18675300
18675600
18675800
18676000
18676200
18676400
18676700
18677000
18677200
18677400
18677700
18678000
18678300
18678500
18678700
18679000
18679300
18679500
18679700
18679900
18680100
18680400
18680600
18680900
18681200
18681400
18681700
18682000
18682200
18682400
18682800
18683100
18683400
18683700
18684000
18684300
18684600
18684900
18685200
18685600
18685800
18686000
18686200
18686500
18686800
18687100
18687300
18687500
18687700
18688000
18688300
18688600
18688900
18689100
18689300
18689700
18690000
18690300
18690600
18690900
18691200
18691500
18692000
18692400
18692700
18693000
18693400
18693700
18694000
18694300
18694600
18694900
18695200
18695600
18695900
18696300
18696600
18697000
18697300
18697600
18697900
18698100
18698400
18698600
18698900
18699200
18699500
18699800
18700000
18700200
18700400
18700700
18701000
18701300
18701500
18701700
18701900
18702200
18702500
18702700
18702900
18703200
18703500
18703700
18703900
18704200
18704500
18704800
18705000
18705200
18705500
18705800
18706100
18706400
18706700
18706900
18707100
18707400
18707700
18708000
18708200
18708400
18708700
18709000
18709300
18709500
18709700
18710000
18710300
18710600
18710800
18711000
18711300
18711600
18711900
18712100
18712300
18712600
18712900
18713200
18713400
18713600
18713900
18714200
18714400
18714600
18714900
18715200
18715500
18715700
18715900
18716200
18716500
18716700
18716900
18717200
18717500
18717800
18718000
18718200
18718500
18718700
18719000
18719300
18719600
18719800
18720000
18720300
18720600
18720800
18721000
18721200
18721500
18721800
18722000
18722200
18722500
18722800
18723100
18723300
18723500
18723700
18724000
18724300
18724500
18724700
18725000
18725300
18725600
18725800
18726000
18726300
18726600
18726900
18727100
18727300
18727600
18727900
18728200
18728400
18728600
18728900
18729200
18729400
18729600
18729900
18730200
18730400
18730600
18730900
18731100
18731300
18731600
18731900
18732100
18732300
18732600
18732900
18733200
18733400
18733600
18733900
18734200
18734500
18734700
18734900
18735200
18735500
18735800
18736000
18736200
18736500
18736800
18737000
18737200
18737400
18737700
18738000
18738300
18738500
18738700
18739000
18739300
18739500
18739700
18740000
18740300
18740600
18740800
18741000
18741300
18741600
18741900
18742100
18742300
18742600
18742900
18743100
18743300
18743600
18743900
18744200
18744400
18744600
18744900
18745200
18745400
18745600
18745800
18746100
18746400
18746600
18746800
18747100
18747400
18747700
18747900
18748100
18748400
18748700
18749000
18749200
18749400
18749700
18750000
18750300
18750500
18750700
18751000
18751300
18751500
18751700
18751900
18752200
18752500
18752800
18753000
18753200
18753500
18753800
18754000
18754200
18754500
18754800
18755100
18755300
18755500
18755800
18756100
18756400
18756600
18756800
18757100
18757400
18757600
18757800
18758100
18758400
18758600
18758800
18759000
18759300
18759600
18759800
18760000
18760300
18760600
18760900
18761100
18761300
18761600
18761900
18762200
18762400
18762600
18762900
18763200
18763500
18763700
18763900
18764200
18764500
18764800
18765000
18765200
18765500
18765800
18766100
18766300
18766500
18766800
18767100
18771400
18771600
18771800
18772000
18772300
18772600
18772800
18773000
18773200
18773500
18773800
18774100
18774300
18774500
18774800
18775100
18775300
18775500
18775800
18776100
18776400
18776600
18776800
18777100
18777400
18777700
18777900
18778100
18778400
18778700
18779000
18779200
18779400
18779700
18780000
18780300
18780500
18780700
18781000
18781300
18781600
18781800
18782000
18782300
18782600
18782900
18783100
18783300
18783600
18783900
18784200
18784400
18784600
18784900
18785200
18785500
18785700
18785900
18786200
18786500
18786700
18786900
18787200
18787500
18787800
18788100
18788300
18788500
18788700
18789000
18789300
18789500
18789700
18790000
18790300
18790600
18790800
18791000
18791300
18791600
18791800
18792100
18792400
18792600
18792800
18793100
18793400
18793700
18793900
18794100
18794400
18794700
18795000
18795200
18795400
18795600
18795900
18796200
18796400
18796600
18796900
18797200
18797500
18797700
18797900
18798200
18798500
18798700
18798900
18799100
18799400
18799700
18800000
18800200
18800400
18800700
18801000
18801200
18801400
18801700
18802000
18802200
18802400
18802600
18802900
18803200
18803400
18803600
18803800
18804000
18804200
18804500
18804800
18805000
18805200
18805500
18805800
18806100
18806400
18806600
18806800
18807100
18807400
18807700
18807900
18808100
18808300
18808600
18808900
18809200
18809400
18809600
18809800
18810100
18810400
18810600
18810800
18811000
18811300
18811600
18811800
18812000
18812300
18812600
18812800
18813000
18813200
18813500
18813800
18814000
18814200
18814500
18814800
18815100
18815300
18815500
18815800
18816100
18816300
18816500
18816700
18817000
18817300
18817500
18817700
18817900
18818200
18818500
18818700
18818900
18819200
18819500
18819800
18820100
18820400
18820700
18820900
18821100
18821400
18821700
18822000
18822200
18822400
18822700
18823000
18823200
18823400
18823600
18823900
18824200
18824500
18824700
18824900
18825200
18825500
18825700
18825900
18826200
18826500
18826800
18827000
18827200
18827500
18827800
18828100
18828400
18828700
18828900
18829100
18829400
18829700
18829900
18830100
18830400
18830700
18831000
18831200
18831400
18831700
18832000
18832300
18832500
18832700
18833000
18833300
18833600
18833800
18834000
18834300
18834600
18834900
18835100
18835300
18835600
18835900
18836200
18836400
18836600
18836900
18837200
18837500
18837700
18837900
18838100
18838400
18838700
18838900
18839100
18839400
18839700
18840000
18840200
18840400
18840800
18841200
18841700
18842000
18842300
18842600
18842800
18843000
18843200
18843500
18843800
18844100
18844300
18844500
18844800
18845100
18845400
18845600
18845800
18846100
18846400
18846700
18847000
18847200
18847400
18847700
18848000
18848300
18848500
18848700
18849000
18849300
18849500
18849800
18850100
18850400
18850700
18850900
18851100
18851400
18851700
18852000
18852200
18852400
18852700
18853000
18853200
18853400
18853600
18853800
18854100
18854400
18854600
18854800
18855100
18855400
18855700
18855900
18856100
18856400
18856700
18857000
18857200
18857400
18857700
18857900
18858100
18858400
18858700
18859000
18859200
18859400
18859700
18860000
18860300
18860600
18860800
18861000
18861300
18861600
18861900
18862100
18862300
18862600
18862900
18863200
18863500
18863700
18863900
18864100
18864400
18864700
18865000
18865200
18865400
18865700
18866000
18866300
18866500
18866700
18866900
18867200
18867500
18867800
18868000
18868200
18868500
18868800
18869100
18869300
18869500
18869800
18870100
18870400
18870700
18870900
18871100
18871400
18871700
18872000
18872200
18872400
18872700
18873000
18873300
18873600
18873800
18874000
18874300
18874600
18874900
18875100
18875300
18875500
18875800
18876100
18876400
18876600
18876800
18877000
18877300
18877600
18877900
18878100
18878300
18878500
18878800
18879100
18879400
18879600
18879800
18880000
18880300
18880600
18880900
18881100
18881300
18881600
18881900
18882200
18882400
18882600
18882900
18883200
18883500
18883800
18884000
18884200
18884500
18884800
18885100
18885300
18885500
18885800
18886100
18886400
18886600
18886800
18887000
18887300
18887600
18887900
18888100
18888300
18888500
18888800
18889100
18889400
18889600
18889800
18890000
18890300
18890500
18890700
18891000
18891300
18891600
18891800
18892000
18892300
18892600
18892900
18893100
18893300
18893500
18893800
18894100
18894400
18894600
18894800
18895100
18895300
18895600
18895800
18896000
18896300
18896600
18896900
18897100
18897300
18897500
18897800
18898100
18898300
18898500
18898700
18899000
18899300
18899500
18899700
18899900
18900200
18900500
18900700
18900900
18901200
18901500
18901800
18902000
18902200
18902500
18902800
18903000
18903200
18903500
18903800
18904100
18904300
18904500
18904800
18905100
18905300
18905500
18905800
18906100
18906400
18906600
18906800
18907100
18907400
18907700
18907900
18908100
18908400
18908700
18909000
18909200
18909400
18909700
18910000
18910200
18910400
18910600
18910900
18911200
18911400
18911600
18911800
18912100
18912400
18912600
18912800
18913000
18913300
18913600
18913800
18914000
18914300
18914600
18914900
18915200
18915400
18915600
18915900
18916200
18916500
18916700
18916900
18917200
18917500
18917800
18918000
18918200
18918500
18918800
18919000
18919200
18919400
18919700
18920000
18920200
18920500
18920800
18921100
18921400
18921600
18921800
18922100
18922400
18922700
18922900
18923100
18923400
18923700
18924000
18924300
18924600
18924900
18925200
18925400
18925600
18925900
18926200
18926500
18926700
18926900
18927200
18927500
18927800
18928100
18928300
18928500
18928800
18929100
18929300
18929600
18929800
18930000
18930300
18930600
18930900
18931200
18931400
18931600
18931900
18932200
18932500
18932800
18933100
18933300
18933500
18933700
18934000
18934300
18934600
18934900
18935100
18935300
18935600
18935900
18936100
18936300
18936500
18936800
18937100
18937300
18937500
18937700
18938000
18938300
18938700
18939000
18939300
18939600
18939900
18940200
18940500
18940800
18941100
18941300
18941500
18941800
18942100
18942400
18942600
18942800
18943100
18943400
18943700
18943900
18944100
18944300
18944500
18944800
18945100
18945400
18945600
18945900
18946200
18946400
18946600
18946900
18947100
18947300
18947600
18947900
18948200
18948500
18948800
18949100
18949400
18949600
18949900
18950200
18950400
18950600
18950900
18951200
18951500
18951700
18951900
18952200
18952500
18952800
18953000
18953200
18953500
18953800
18954100
18954400
18954600
18954800
18955100
18955400
18955700
18955900
18956100
18956400
18956600
18956900
18957200
18957400
18957600
18957800
18958100
18958400
18958700
18958900
18959100
18959400
18959700
18959900
18960100
18960400
18960700
18961000
18961300
18961500
18961700
18962000
18962300
18962500
18962700
18963000
18963500
18963800
18964100
18964400
18964600
18964800
18965100
18965400
18965700
18965900
18966100
18966400
18966700
18967000
18967300
18967500
18967700
18968000
18968300
18968500
18968700
18968900
18969200
18969500
18969700
18969900
18970100
18970400
18970700
18971000
18971200
18971400
18971700
18972000
18972200
18972400
18972600
18972900
18973200
18973500
18973700
18973900
18974200
18974500
18974700
18974900
18975200
18975500
18975800
18976000
18976200
18976400
18976700
18977000
18977300
18977600
18977800
18978000
18978300
18978600
18978900
18979400
18979700
18979900
18980100
18980300
18980600
18980900
18981100
18981300
18981500
18981700
18981900
18982200
18982500
18982800
18983000
18983200
18983500
18983800
18984100
18984300
18984500
18984800
18985100
18985300
18985600
18985900
18986100
18986300
18986500
18986800
18987100
18987300
18987500
18987800
18988100
18988300
18988500
18988700
18988900
18989200
18989500
18989700
18989900
18990200
18990500
18990800
18991000
18991200
18991400
18991700
18992000
18992300
18992500
18992700
18993000
18993300
18993600
18993800
18994000
18994300
18994600
18994900
18995200
18995400
18995600
18995900
18996200
18996400
18996600
18996800
18997100
18997400
18997700
18998000
18998200
18998400
18998700
18999000
18999200
18999400
18999700
19000000
19000300
19000500
19000700
19000900
19001200
19001500
19001700
19001900
19002200
19002500
19002800
19003000
19003200
19003500
19003800
19004100
19004400
19004600
19004800
19005100
19005400
19005700
19006000
19006300
19006500
19006700
19006900
19007200
19007500
19007800
19008000
19008200
19008500
19008800
19009100
19009300
19009500
19009800
19010100
19010400
19010600
19010800
19011100
19011400
19011700
19011900
19012100
19012400
19012700
19013000
19013200
19013400
19013700
19014000
19014300
19014500
19014700
19015000
19015300
19015600
19015800
19016000
19016300
19016600
19016800
19017000
19017200
19017400
19017700
19018000
19018200
19018400
19018700
19019000
19019300
19019500
19019700
19020000
19020300
19020600
19020900
19021100
19021300
19021600
19021900
19022200
19022400
19022600
19022900
19023200
19023500
19023700
19023900
19024100
19024400
19024700
19025000
19025200
19025400
19025700
19026000
19026200
19026500
19026700
19026900
19027100
19027400
19027700
19027900
19028100
19028400
19028700
19029000
19029200
19029400
19029700
19030000
19030300
19030500
19030700
19031000
19031300
19031600
19031800
19032000
19032300
19032600
19032900
19033200
19033400
19033600
19033900
19034200
19037400
19037600
19037900
19038200
19038500
19038700
19038900
19039100
19039400
19039700
19039900
19040100
19040400
19040700
19041000
19041200
19041400
19041600
19041900
19042200
19042400
19042600
19042800
19043100
19043400
19043700
19043900
19044100
19044400
19044700
19045000
19045200
19045400
19045700
19046000
19046300
19046600
19046800
19047000
19047300
19047600
19047900
19048100
19048300
19048500
19048800
19049100
19049400
19049700
19049900
19050100
19050400
19050700
19051000
19051200
19051400
19051700
19052000
19052300
19052500
19052700
19052900
19053200
19053500
19053800
19054100
19054400
19054700
19054900
19055100
19055400
19055700
19056000
19056200
19056400
19056700
19057000
19057300
19057600
19057800
19058000
19058300
19058600
19058900
19059100
19059300
19059600
19059900
19060200
19060400
19060600
19060900
19061200
19061500
19061800
19062000
19062200
19062500
19062800
19063100
19063300
19063500
19063700
19064000
19064300
19064600
19064800
19065000
19065300
19065600
19065900
19066200
19066400
19066600
19066900
19067200
19067500
19067700
19067900
19068200
19068500
19068800
19069000
19069200
19069400
19069700
19070000
19070300
19070500
19070700
19071000
19071300
19071600
19071800
19072000
19072200
19072500
19072800
19073000
19073200
19073400
19073700
19074000
19074300
19074500
19074700
19075000
19075300
19075600
19075800
19076000
19076200
19076500
19076800
19077100
19077300
19077500
19077700
19078000
19078300
19078600
19078800
19079000
19079300
19079600
19079900
19080100
19080300
19080600
19080900
19081200
19081500
19081700
19081900
19082200
19082500
19082800
19083000
19083200
19083500
19083800
19084100
19084300
19084500
19084700
19085000
19085300
19085600
19085800
19086000
19086300
19086600
19086900
19087200
19087500
19087700
19087900
19088100
19088400
19088700
19089000
19089200
19089400
19089700
19090000
19090300
19090600
19090800
19091000
19091300
19091600
19091900
19092100
19092300
19092500
19092800
19093100
19093400
19093600
19093800
19094000
19094300
19094600
19094800
19095000
19095300
19095500
19095700
19095900
19096200
19096500
19096700
19096900
19097100
19097400
19097700
19097900
19098100
19098300
19098600
19098900
19099100
19099300
19099500
19099800
19100100
19100400
19100600
19100800
19101100
19101400
19101700
19101900
19102100
19102300
19102600
19102900
19103200
19103500
19103700
19103900
19104200
19104500
19104800
19105000
19105200
19105400
19105700
19106000
19106300
19106500
19106700
19107000
19107300
19107600
19107900
19108100
19108300
19108600
19108900
19109200
19109400
19109600
19109900
19110200
19110500
19110700
19110900
19111200
19111500
19111800
19112000
19112200
19112400
19112700
19113000
19113200
19113400
19113600
19113900
19114200
19114400
19114600
19114800
19115100
19115400
19115700
19115900
19116100
19116300
19116600
19116900
19117200
19117400
19117600
19117900
19118200
19118500
19118800
19119000
19119200
19119400
19119700
19120000
19120300
19120500
19120700
19121000
19121300
19121600
19121800
19122000
19122300
19122600
19122900
19123200
19123400
19123600
19123900
19124200
19124500
19124700
19124900
19125200
19125500
19125800
19126000
19126200
19126500
19126800
19127100
19127400
19127600
19127900
19128100
19128300
19128600
19128900
19129200
19129400
19129600
19129800
19130100
19130400
19130700
19130900
19131100
19131300
19131600
19131900
19132300
19132500
19132700
19133000
19133200
19133500
19133800
19134000
19134200
19134400
19134700
19135000
19135200
19135400
19135700
19136000
19136300
19136500
19136700
19136900
19137200
19137500
19137800
19138000
19138200
19138500
19138800
19139000
19139200
19139400
19139700
19140000
19140300
19140600
19140800
19141000
19141300
19141600
19141900
19142100
19142300
19142600
19142900
19143200
19143500
19143700
19143900
19144100
19144300
19144500
19144800
19145100
19145300
19145500
19145800
19146100
19146400
19146700
19146900
19147100
19147400
19147700
19147900
19148100
19148300
19148600
19148900
19149100
19149300
19149600
19149900
19150200
19150500
19150700
19150900
19151200
19151500
19151700
19151900
19152200
19152400
19152600
19152900
19153100
19153400
19153700
19153900
19154100
19154400
19154700
19155000
19155200
19155400
19155600
19155900
19156200
19156500
19156800
19157000
19157200
19157500
19157800
19158000
19158200
19158500
19158800
19159100
19159300
19159500
19159700
19160000
19160300
19160600
19160900
19161100
19161300
19161600
19161900
19162100
19162300
19162600
19162900
19163200
19163400
19163600
19163900
19164300
19164600
19164800
19165000
19165200
19165500
19165800
19166000
19166200
19166500
19166800
19167100
19167300
19167500
19167800
19168100
19168400
19168600
19168800
19169100
19169400
19169700
19169900
19170100
19170400
19170700
19170900
19171200
19171500
19171800
19172100
19172300
19172500
19172700
19173000
19173300
19173600
19173900
19174100
19174300
19174600
19174900
19175200
19175500
19175700
19175900
19176200
19176500
19176700
19176900
19177200
19177500
19177800
19178000
19178300
19178600
19178900
19179100
19179300
19179600
19179800
19180000
19180300
19180600
19180900
19181100
19181300
19181500
19181800
19182100
19182400
19182600
19182800
19183000
19183200
19183500
19183700
19183900
19184300
19184500
19184700
19184900
19185100
19185300
19185600
19185900
19186200
19186500
19186900
19187100
19187400
19187700
19188000
19188300
19188500
19188700
19189000
19189300
19189600
19189800
19190000
19190300
19190600
19190900
19191200
19191400
19191600
19191900
19192200
19192400
19192600
19192900
19193200
19193500
19193700
19193900
19194100
19194400
19194700
19195000
19195200
19195400
19195700
19196000
19196300
19196500
19196700
19197000
19197300
19197600
19197900
19198100
19198300
19198600
19198900
19199200
19199400
19199600
19199900
19200200
19200500
19200700
19200900
19201100
19201400
19201700
19201900
19202100
19202400
19202700
19203000
19203200
19203400
19203600
19203900
19204200
19204400
19204600
19204900
19205200
19205500
19205700
19205900
19206200
19206500
19206700
19206900
19207100
19207400
19207700
19208000
19208200
19208400
19208600
19208900
19209200
19209400
19209600
19209800
19210100
19210400
19210700
19210900
19211100
19211300
19211600
19211900
19212100
19212300
19212600
19212900
19213200
19213500
19213700
19213900
19214200
19214500
19214700
19214900
19215100
19215400
19215700
19215900
19216100
19216300
19216600
19216900
19217100
19217300
19217500
19217800
19218100
19218300
19218500
19218800
19219100
19219400
19219700
19219900
19220100
19220400
19220700
19221000
19221200
19221400
19221700
19222000
19222300
19222600
19222800
19223000
19223300
19223600
19223900
19224100
19224300
19224600
19224900
19225200
19225400
19225600
19225900
19226100
19226300
19226600
19226900
19227200
19227400
19227600
19227900
19228200
19228400
19228600
19228800
19229000
19229300
19229600
19229800
19230000
19230300
19230600
19230800
19231000
19231200
19231500
19231800
19232100
19232300
19232500
19232800
19233100
19233400
19233600
19233900
19234100
19234300
19234500
19234800
19235100
19235400
19235600
19235800
19236100
19236400
19236700
19236900
19237100
19237400
19237700
19238000
19238300
19238500
19238700
19239000
19239300
19239600
19239800
19240000
19240300
19240600
19240900
19241200
19241400
19241600
19241900
19242200
19242400
19242600
19242900
19243200
19243500
19243700
19243900
19244200
19244500
19244700
19244900
19245100
19245400
19245700
19246000
19246200
19246400
19246700
19247000
19247300
19247500
19247700
19248000
19248300
19248500
19248700
19248900
19249100
19249400
19249700
19249900
19250100
19250300
19250600
19250900
19251100
19251300
19251500
19251800
19252100
19252400
19252600
19252800
19253000
19253300
19253600
19253800
19254000
19254300
19254600
19254900
19255100
19255300
19255500
19255800
19256100
19256300
19256500
19256800
19257100
19257400
19257600
19257800
19258100
19258400
19258700
19258900
19259100
19259300
19259600
19259900
19260100
19260300
19260600
19260900
19261200
19261500
19261700
19261900
19262200
19262500
19262800
19263000
19263200
19263500
19263800
19264100
19264300
19264500
19264700
19265000
19265300
19265600
19265800
19266000
19266300
19266600
19266900
19267100
19267300
19267500
19267800
19268100
19268400
19268600
19268800
19269100
19269600
19270000
19270300
19270500
19270800
19271000
19271200
19271500
19271800
19272000
19272200
19272500
19272800
19273000
19273200
19273400
19273700
19274000
19274200
19274400
19274700
19275000
19275200
19275400
19275600
19275900
19276200
19276400
19276600
19276900
19277200
19277500
19277700
19277900
19278200
19278500
19278700
19278900
19279200
19279500
19279800
19280000
19280200
19280500
19280800
19281000
19281200
19281500
19281800
19282100
19282300
19282500
19282800
19283100
19283300
19283500
19283800
19284100
19284300
19284500
19284800
19285100
19285300
19285500
19285800
19286100
19286300
19286500
19286700
19287000
19287300
19287500
19287700
19288000
19288300
19288500
19288700
19289000
19289300
19289600
19289900
19290100
19290300
19290600
19290900
19291200
19291400
19291600
19291900
19292200
19292400
19292600
19292900
19293200
19293500
19293700
19293900
19294200
19294500
19294700
19294900
19295200
19295500
19295800
19296000
19296200
19296500
19296800
19297000
19297200
19297500
19297800
19298000
19298200
19298500
19301400
19301600
19301800
19302000
19302300
19302600
19302900
19303100
19303300
19303600
19303900
19304200
19304400
19304600
19304900
19305200
19305500
19305700
19305900
19306200
19306500
19306700
19306900
19307100
19307400
19307700
19307900
19308100
19308400
19308700
19309000
19309200
19309400
19309700
19310000
19310200
19310400
19310700
19311000
19311200
19311400
19311700
19312000
19312300
19312500
19312700
19313000
19313300
19313500
19313700
19314000
19314300
19314500
19314700
19314900
19315200
19315500
19315700
19315900
19316200
19316500
19316700
19316900
19317100
19317400
19317700
19318000
19318200
19318400
19318700
19319000
19319300
19319500
19319700
19320000
19320300
19320600
19320800
19321000
19321300
19321600
19321800
19322100
19322400
19322600
19322800
19323100
19323400
19323600
19323800
19324000
19324300
19324600
19324800
19325000
19325300
19325600
19325800
19326000
19326300
19326600
19326900
19327100
19327300
19327600
19327900
19328100
19328300
19328600
19328900
19329100
19329300
19329600
19329900
19330200
19330400
19330600
19330900
19331200
19331500
19331700
19331900
19332100
19332400
19332700
19332900
19333100
19333300
19333600
19333900
19334100
19334300
19334600
19334900
19335200
19335500
19335700
19335900
19336200
19336500
19336800
19337000
19337200
19337500
19337800
19338000
19338200
19338500
19338800
19339100
19339300
19339500
19339800
19340100
19340300
19340500
19340800
19341100
19341300
19341500
19341700
19342000
19342300
19342500
19342700
19343000
19343300
19343500
19343700
19343900
19344200
19344500
19344700
19344900
19345200
19345500
19345800
19346000
19346200
19346500
19346800
19347100
19347300
19347500
19347800
19348100
19348400
19348600
19348800
19349100
19349400
19349600
19349800
19350100
19350400
19350700
19350900
19351100
19351400
19351700
19351900
19352100
19352400
19352700
19353000
19353200
19353400
19353700
19354000
19354200
19354400
19354700
19355000
19355200
19355400
19355700
19356000
19356300
19356500
19356700
19357000
19357300
19357500
19357700
19358000
19358300
19358600
19358800
19359000
19359300
19359600
19359900
19360100
19360300
19360600
19360900
19361200
19361400
19361600
19361900
19362200
19362400
19362600
19362900
19363200
19363500
19363800
19364000
19364200
19364500
19364800
19365000
19365200
19365500
19365800
19366100
19366300
19366600
19366900
19367200
19367400
19367600
19367900
19368200
19368500
19368700
19368900
19369200
19369500
19369800
19370000
19370200
19370400
19370700
19371000
19371200
19371400
19371700
19372000
19372300
19372500
19372700
19373000
19373300
19373500
19373700
19374000
19374300
19374600
19374800
19375000
19375300
19375600
19375800
19376000
19376300
19376600
19376900
19377100
19377300
19377600
19377900
19378100
19378300
19378600
19378900
19379200
19379400
19379600
19379900
19380200
19380400
19380600
19380800
19381100
19381400
19381600
19381800
19382100
19382400
19382700
19383000
19383300
19383500
19383700
19384000
19384300
19384600
19384800
19385000
19385300
19385600
19385900
19386100
19386300
19386600
19386900
19387100
19387300
19387500
19387800
19388100
19388400
19388600
19388800
19389100
19389400
19389600
19389800
19390100
19390400
19390700
19391000
19391300
19391600
19391800
19392000
19392200
19392500
19392800
19393000
19393200
19393500
19393800
19394100
19394400
19394600
19394800
19395100
19395400
19395600
19395800
19396100
19396300
19396500
19396800
19397100
19397400
19397700
19397900
19398100
19398400
19398700
19399000
19399200
19399500
19399700
19399900
19400200
19400500
19400800
19401100
19401400
19401700
19401900
19402100
19402400
19402700
19402900
19403100
19403400
19403700
19404000
19404200
19404500
19404700
19405000
19405300
19405500
19405700
19405900
19406200
19406500
19406800
19407100
19407300
19407500
19407700
19407900
19408200
19408500
19408700
19408900
19409200
19409500
19409800
19410000
19410200
19410500
19410800
19411100
19411400
19411700
19412000
19412300
19412600
19412900
19413200
19413400
19413600
19413900
19414200
19414500
19414800
19415000
19415200
19415500
19415800
19416000
19416300
19416600
19416900
19417100
19417400
19417700
19418000
19418300
19418600
19418900
19419200
19419500
19419700
19419900
19420200
19420500
19420800
19421100
19421400
19421600
19421900
19422200
19422400
19422600
19422900
19423200
19423400
19423600
19423800
19424100
19424400
19424600
19424800
19425000
19425200
19425500
19425800
19426000
19426200
19426500
19426800
19427100
19427300
19427500
19427800
19428100
19428400
19428700
19428900
19429100
19429400
19429700
19429900
19430100
19430400
19430700
19431000
19431200
19431400
19431700
19432000
19432300
19432500
19432700
19432900
19433100
19433400
19433700
19433900
19434100
19434400
19434700
19435000
19435300
19435500
19435700
19436000
19436300
19436500
19436700
19436900
19437200
19437500
19437700
19437900
19438100
19438400
19438700
19439000
19439200
19439400
19439700
19440000
19440300
19440500
19440700
19440900
19441100
19441300
19441600
19441900
19442200
19442400
19442600
19442900
19443200
19443400
19443600
19443900
19444200
19444500
19444800
19445000
19445200
19445500
19445800
19446000
19446200
19446500
19446800
19447100
19447300
19447500
19447800
19448100
19448400
19448600
19448800
19449100
19449400
19449700
19449900
19450100
19450400
19450700
19451000
19451200
19451400
19451600
19451900
19452200
19452500
19452700
19452900
19453200
19453500
19453800
19454000
19454200
19454500
19454800
19455100
19455300
19455500
19455700
19456000
19456300
19456500
19456700
19457000
19457300
19457600
19457800
19458000
19458200
19458500
19458800
19459000
19459200
19459500
19459800
19460100
19460300
19460500
19460800
19461100
19461300
19461500
19461700
19462000
19462300
19462500
19462700
19462900
19463200
19463500
19463700
19463900
19464200
19464500
19464800
19465100
19465300
19465500
19465800
19466100
19466400
19466600
19466800
19467100
19467400
19467700
19467900
19468100
19468300
19468600
19468900
19469100
19469300
19469500
19469800
19470100
19470300
19470500
19470800
19471100
19471400
19471600
19471800
19472000
19472300
19472600
19472800
19473000
19473300
19473600
19473800
19474000
19474300
19474600
19474900
19475200
19475400
19475600
19475900
19476200
19476400
19476600
19476800
19477100
19477400
19477600
19477800
19478000
19478300
19478600
19478900
19479100
19479300
19479600
19479900
19480200
19480400
19480600
19480900
19481200
19481500
19481800
19482000
19482200
19482500
19482800
19483000
19483200
19483500
19483800
19484100
19484300
19484500
19484800
19485100
19485400
19485600
19485800
19486100
19486400
19486700
19486900
19487100
19487400
19487700
19487900
19488100
19488300
19488600
19488900
19489200
19489400
19489600
19489900
19490200
19490400
19490600
19490800
19491100
19491400
19491700
19491900
19492100
19492400
19492700
19493000
19493200
19493400
19493700
19494000
19494300
19494500
19494700
19494900
19495200
19495500
19495800
19496000
19496200
19496500
19496800
19497000
19497200
19497500
19497800
19498100
19498400
19498600
19498800
19499100
19499400
19499600
19499800
19500100
19500400
19500600
19500800
19501000
19501300
19501600
19501900
19502100
19502300
19502600
19502900
19503100
19503300
19503500
19503800
19504100
19504300
19504500
19504700
19505000
19505300
19505600
19505800
19506000
19506300
19506600
19506900
19507100
19507300
19507600
19507900
19508200
19508500
19508700
19508900
19509200
19509500
19509700
19509900
19510100
19510400
19510700
19510900
19511100
19511300
19511600
19511900
19512100
19512300
19512600
19512900
19513200
19513400
19513600
19513900
19514200
19514400
19514600
19514800
19515100
19515400
19515700
19515900
19516100
19516400
19516700
19516900
19517100
19517300
19517600
19517900
19518200
19518400
19518600
19518800
19519100
19519400
19519600
19519800
19520100
19520400
19520700
19520900
19521100
19521300
19521600
19521900
19522200
19522400
19522600
19522900
19523200
19523500
19523700
19523900
19524200
19524500
19524800
19525000
19525200
19525500
19525800
19526100
19526300
19526500
19526800
19527100
19527300
19527500
19527700
19528000
19528300
19528500
19528700
19529000
19529300
19529600
19529800
19530000
19530300
19530600
19530800
19531000
19531200
19531400
19531700
19532000
19532200
19532400
19532700
19533000
19533300
19533500
19533700
19534000
19534300
19534600
19534900
19535100
19535300
19535600
19535900
19536200
19536400
19536600
19536900
19537200
19537400
19537600
19537800
19538100
19538400
19538700
19538900
19539100
19539400
19539700
19539900
19540100
19540400
19540700
19541000
19541300
19541500
19541700
19542000
19542300
19542500
19542700
19543000
19543300
19543600
19543800
19544000
19544300
19544600
19544900
19545100
19545300
19545600
19545900
19546200
19546400
19546600
19546900
19547200
19547500
19547800
19548000
19548200
19548500
19548800
19549100
19549300
19549500
19549800
19550100
19550300
19550500
19550700
19551000
19551300
19551600
19551800
19552000
19552300
19552600
19552900
19553100
19553300
19553600
19553900
19554100
19554300
19554500
19554800
19555100
19555300
19555500
19555700
19556000
19556300
19556500
19556700
19557000
19557300
19557600
19557900
19558100
19558300
19558600
19558900
19559100
19559300
19559600
19559900
19560200
19560400
19560600
19560800
19561100
19561400
19561700
19561900
19562100
19564500
19564700
19564900
19565200
19565500
19565700
19565900
19566200
19566500
19566800
19567000
19567200
19567500
19567800
19568000
19568200
19568400
19568700
19569000
19569200
19569400
19569700
19570000
19570200
19570400
19570700
19571000
19571300
19571500
19571700
19571900
19572200
19572500
19572800
19573100
19573300
19573500
19573800
19574100
19574400
19574600
19574800
19575000
19575300
19575600
19575900
19576100
19576300
19576600
19576900
19577100
19577300
19577500
19577800
19578100
19578400
19578600
19578800
19579100
19579400
19579700
19579900
19580100
19580400
19580700
19580900
19581100
19581300
19581600
19581900
19582100
19582300
19582600
19582900
19583100
19583300
19583600
19583900
19584200
19584400
19584600
19584800
19585100
19585400
19585600
19585800
19586100
19586400
19586700
19586900
19587100
19587400
19587700
19588000
19588200
19588400
19588700
19588900
19589100
19589400
19589700
19589900
19590100
19590300
19590600
19590900
19591200
19591400
19591600
19591900
19592200
19592500
19592700
19592900
19593200
19593500
19593700
19593900
19594200
19594500
19594800
19595000
19595200
19595500
19595800
19596100
19596300
19596500
19596800
19597000
19597300
19597600
19597900
19598100
19598300
19598600
19598900
19599200
19599400
19599600
19599900
19600200
19600400
19600600
19600900
19601200
19601500
19601700
19601900
19602200
19602500
19602800
19603000
19603200
19603500
19603800
19604000
19604200
19604500
19604800
19605100
19605400
19605600
19605800
19606100
19606400
19606700
19606900
19607100
19607400
19607700
19607900
19608100
19608400
19608700
19608900
19609100
19609300
19609600
19609900
19610100
19610300
19610600
19610900
19611200
19611400
19611600
19611900
19612200
19612400
19612600
19612900
19613200
19613500
19613700
19613900
19614200
19614500
19614800
19615000
19615200
19615500
19615800
19616000
19616200
19616500
19616800
19617100
19617300
19617500
19617800
19618100
19618300
19618500
19618800
19619100
19619300
19619500
19619800
19620100
19620400
19620600
19620800
19621100
19621400
19621600
19621800
19622100
19622400
19622600
19622800
19623100
19623400
19623700
19623900
19624100
19624400
19624700
19624900
19625100
19625400
19625700
19626000
19626200
19626400
19626800
19627000
19627200
19627500
19627800
19628100
19628400
19628600
19628800
19629000
19629200
19629500
19629700
19630000
19630300
19630600
19630800
19631000
19631300
19631600
19631800
19632100
19632300
19632500
19632800
19633100
19633400
19633700
19634000
19634300
19634600
19634800
19635000
19635300
19635600
19635900
19636200
19636400
19636600
19636900
19637200
19637400
19637600
19637900
19638200
19638400
19638600
19638900
19639200
19639400
19639700
19640000
19640300
19640600
19640900
19641200
19641500
19641800
19642000
19642200
19642400
19642700
19643000
19643300
19643500
19643800
19644100
19644400
19644600
19644800
19645000
19645300
19645600
19645800
19646000
19646300
19646600
19646900
19647100
19647300
19647600
19647900
19648100
19648300
19648600
19648900
19649300
19649600
19649900
19650200
19650500
19650800
19651000
19651200
19651500
19651800
19652000
19652200
19652400
19652700
19653000
19653300
19653600
19653800
19654000
19654300
19654600
19654900
19655200
19655500
19655700
19655900
19656200
19656500
19656800
19657100
19657300
19657500
19657800
19658100
19658300
19658500
19658800
19659100
19659400
19659600
19659800
19660100
19660400
19660600
19660800
19661100
19661400
19661700
19661900
19662100
19662400
19662700
19663000
19663200
19663400
19663700
19664000
19664200
19664400
19664700
19665000
19665300
19665500
19665700
19665900
19666200
19666500
19666800
19667000
19667200
19667500
19667800
19668100
19668300
19668500
19668800
19669100
19669300
19669500
19669800
19670100
19670400
19670700
19670900
19671100
19671400
19671700
19672000
19672200
19672400
19672700
19673000
19673200
19673400
19673700
19674000
19674200
19674400
19674700
19675000
19675300
19675600
19675800
19676000
19676300
19676600
19676800
19677000
19677300
19677600
19677900
19678100
19678300
19678600
19678900
19679100
19679300
19679600
19679800
19680000
19680200
19680500
19680800
19681000
19681200
19681500
19681800
19682100
19682300
19682500
19682800
19683100
19683400
19683600
19683800
19684100
19684400
19684700
19684900
19685100
19685300
19685600
19685900
19686100
19686300
19686600
19686900
19687100
19687300
19687600
19687800
19688100
19688400
19688600
19688900
19689100
19689300
19689600
19689900
19690100
19690300
19690600
19690900
19691100
19691300
19691600
19691900
19692200
19692400
19692600
19692900
19693200
19693500
19693800
19694000
19694200
19694500
19694800
19695100
19695300
19695500
19695800
19696100
19696300
19696500
19696800
19697100
19697400
19697600
19697800
19698000
19698300
19698600
19698900
19699100
19699300
19699600
19699900
19700100
19700300
19700600
19700900
19701200
19701500
19701700
19701900
19702100
19702400
19702700
19702900
19703100
19703300
19703600
19703900
19704100
19704300
19704600
19704900
19705100
19705300
19705500
19705800
19706100
19706300
19706500
19706800
19707100
19707400
19707600
19707800
19708100
19708400
19708600
19708800
19709000
19709300
19709600
19709800
19710000
19710200
19710500
19710800
19711100
19711300
19711500
19711800
19712100
19712300
19712500
19712800
19713100
19713300
19713500
19713800
19714100
19714400
19714700
19714900
19715100
19715400
19715700
19715900
19716100
19716400
19716700
19716900
19717100
19717400
19717700
19718000
19718300
19718500
19718700
19719000
19719300
19719500
19719700
19719900
19720200
19720500
19720700
19720900
19721200
19721500
19721800
19722100
19722300
19722500
19722800
19723100
19723400
19723600
19723800
19724100
19724400
19724600
19724800
19725100
19725400
19725700
19726000
19726200
19726400
19726700
19727000
19727200
19727400
19727700
19728000
19728200
19728400
19728700
19729000
19729300
19729500
19729700
19730000
19730300
19730600
19730800
19731000
19731300
19731600
19731800
19732000
19732200
19732500
19732800
19733000
19733200
19733500
19733800
19734100
19734400
19734600
19734800
19735100
19735400
19735600
19735800
19736000
19736300
19736600
19736800
19737000
19737300
19737600
19737900
19738200
19738400
19738600
19738900
19739200
19739400
19739600
19739900
19740200
19740500
19740700
19740900
19741200
19741500
19741700
19741900
19742100
19742400
19742700
19742900
19743100
19743400
19743700
19744000
19744200
19744400
19744700
19745000
19745200
19745400
19745600
19745900
19746200
19746500
19746700
19746900
19747200
19747500
19747700
19747900
19748100
19748400
19748700
19749000
19749200
19749400
19749600
19749900
19750200
19750400
19750600
19750900
19751200
19751500
19751700
19751900
19752200
19752500
19752800
19753000
19753200
19753500
19753800
19754000
19754200
19754400
19754700
19755000
19755200
19755400
19755700
19756000
19756200
19756400
19756600
19756900
19757200
19757400
19757600
19757800
19758100
19758400
19758600
19758800
19759100
19759400
19759700
19759900
19760100
19760400
19760600
19760900
19761200
19761500
19761700
19761900
19762200
19762500
19762800
19763000
19763200
19763500
19763800
19764100
19764300
19764500
19764700
19765000
19765300
19765500
19765700
19766000
19766300
19766500
19766700
19766900
19767200
19767500
19767800
19768000
19768200
19768500
19768800
19769000
19769200
19769500
19769800
19770100
19770300
19770500
19770800
19771100
19771400
19771600
19771800
19772100
19772400
19772600
19772800
19773100
19773400
19773700
19773900
19774100
19774400
19774700
19775000
19775200
19775400
19775600
19775900
19776200
19776400
19776600
19776800
19777100
19777400
19777600
19777800
19778100
19778400
19778700
19778900
19779100
19779300
19779600
19779900
19780100
19780300
19780600
19780900
19781200
19781400
19781600
19781900
19782200
19782500
19782700
19782900
19783200
19783500
19783700
19783900
19784200
19784500
19784800
19785000
19785200
19785500
19785800
19786000
19786200
19786400
19786700
19787000
19787300
19787500
19787700
19788000
19788300
19788500
19788700
19789000
19789200
19789400
19789700
19790000
19790300
19790600
19790800
19791000
19791300
19791600
19791800
19792000
19792300
19792600
19792900
19793100
19793300
19793600
19793900
19794200
19794400
19794600
19794900
19795200
19795500
19795700
19795900
19796200
19796500
19796700
19796900
19797200
19797500
19797700
19797900
19798100
19798400
19798700
19799000
19799200
19799400
19799700
19800000
19800200
19800400
19800700
19801000
19801300
19801500
19801700
19801900
19802200
19802500
19802700
19802900
19803100
19803400
19803700
19803900
19804100
19804400
19804700
19805000
19805200
19805400
19805700
19806000
19806300
19806600
19806800
19807000
19807300
19807600
19807800
19808000
19808300
19808600
19808900
19809100
19809300
19809600
19809900
19810200
19810400
19810600
19810900
19811200
19811400
19811600
19811900
19812200
19812500
19812700
19812900
19813200
19813500
19813700
19813900
19814100
19814400
19814700
19815000
19815200
19815400
19815700
19816000
19816200
19816400
19816600
19816900
19817200
19817400
19817600
19817900
19818200
19818500
19818800
19819000
19819200
19819500
19819800
19820100
19820300
19820500
19820800
19821100
19821300
19821500
19821700
19822000
19822300
19822500
19822700
19823000
19823300
19823600
19823800
19824000
19824300
19824600
19824800
19825000
19827500
19827800
19828000
19828200
19828400
19828700
19829000
19829200
19829400
19829700
19830000
19830300
19830500
19830700
19831000
19831300
19831600
19831800
19832000
19832300
19832600
19832900
19833100
19833300
19833500
19833800
19834100
19834300
19834500
19834800
19835000
19835200
19835400
19835700
19836000
19836300
19836500
19836700
19837000
19837300
19837500
19837700
19837900
19838200
19838500
19838700
19838900
19839200
19839500
19839800
19840000
19840200
19840500
19840800
19841000
19841200
19841400
19841700
19842000
19842200
19842400
19842700
19843000
19843300
19843500
19843700
19844000
19844300
19844500
19844700
19845000
19845300
19845600
19845800
19846000
19846300
19846600
19846800
19847000
19847300
19847600
19847900
19848100
19848300
19848600
19848900
19849100
19849300
19849600
19849900
19850100
19850300
19850600
19850900
19851200
19851400
19851600
19851900
19852200
19852400
19852600
19852800
19853100
19853400
19853600
19853800
19854100
19854400
19854700
19854900
19855100
19855400
19855700
19856000
19856200
19856400
19856700
19857000
19857200
19857400
19857700
19858000
19858300
19858500
19858700
19859000
19859300
19859500
19859700
19859900
19860100
19860400
19860700
19860900
19861100
19861400
19861700
19862000
19862200
19862400
19862700
19863000
19863200
19863400
19863600
19863800
19864100
19864400
19864700
19864900
19865100
19865400
19865700
19865900
19866100
19866400
19866700
19867000
19867300
19867600
19867900
19868200
19868500
19868700
19869000
19869300
19869500
19869700
19869900
19870200
19870500
19870800
19871100
19871300
19871500
19871800
19872100
19872400
19872600
19872800
19873000
19873300
19873600
19873800
19874000
19874300
19874600
19874800
19875100
19875300
19875500
19875800
19876000
19876300
19876600
19876800
19877000
19877200
19877500
19877800
19878000
19878200
19878400
19878700
19879000
19879300
19879500
19879700
19879900
19880100
19880400
19880600
19880900
19881100
19881300
19881500
19881800
19882100
19882400
19882700
19883000
19883200
19883400
19883600
19883900
19884200
19884500
19884700
19885000
19885200
19885400
19885700
19886000
19886200
19886400
19886700
19887000
19887300
19887600
19887800
19888000
19888300
19888600
19888800
19889000
19889300
19889600
19889800
19890000
19890300
19890600
19890900
19891200
19891400
19891600
19891900
19892200
19892400
19892600
19892800
19893100
19893400
19893600
19893800
19894000
19894300
19894600
19894900
19895100
19895300
19895600
19895900
19896200
19896400
19896600
19896900
19897200
19897500
19897700
19897900
19898100
19898400
19898700
19898900
19899100
19899400
19899700
19899900
19900100
19900400
19900700
19901000
19901300
19901500
19901700
19902000
19902300
19902500
19902700
19903000
19903300
19903500
19903700
19903900
19904100
19904400
19904700
19904900
19905100
19905400
19905700
19906000
19906200
19906400
19906700
19907000
19907300
19907600
19907800
19908000
19908300
19908500
19908800
19909100
19909400
19909600
19909800
19910100
19910400
19910700
19911000
19911200
19911400
19911700
19912000
19912200
19912400
19912700
19913000
19913300
19913500
19913700
19914000
19914300
19914600
19914800
19915000
19915300
19915600
19915800
19916000
19916300
19916600
19916900
19917200
19917500
19917800
19918000
19918200
19918500
19918800
19919000
19919200
19919500
19919800
19920100
19920300
19920500
19920800
19921100
19921400
19921700
19921900
19922100
19922400
19922700
19922900
19923100
19923300
19923600
19923900
19924100
19924300
19924500
19924800
19925000
19925300
19925600
19925800
19926000
19926200
19926500
19926800
19927000
19927200
19927400
19927700
19928000
19928200
19928400
19928700
19929000
19929300
19929500
19929700
19930000
19930300
19930500
19930700
19930900
19931200
19931500
19931700
19931900
19932200
19932500
19932800
19933000
19933200
19933500
19933800
19934100
19934400
19934600
19934800
19935100
19935400
19935600
19935800
19936000
19936300
19936600
19936800
19937000
19937300
19937600
19937900
19938200
19938400
19938600
19938900
19939200
19939400
19939600
19939800
19940100
19940400
19940600
19940800
19941000
19941300
19941600
19941800
19942000
19942300
19942600
19942900
19943100
19943300
19943600
19943900
19944100
19944300
19944500
19944800
19945100
19945300
19945500
19945800
19946100
19946400
19946600
19946800
19947100
19947400
19947700
19947900
19948100
19948300
19948600
19948900
19949200
19949500
19949700
19949900
19950100
19950400
19950700
19950900
19951100
19951400
19951700
19952000
19952300
19952500
19952700
19953000
19953300
19953500
19953700
19954000
19954300
19954600
19954800
19955000
19955200
19955500
19955800
19956000
19956200
19956500
19956800
19957000
19957300
19957500
19957700
19958000
19958300
19958600
19958900
19959100
19959300
19959600
19959900
19960100
19960300
19960600
19960900
19961200
19961400
19961600
19961800
19962100
19962400
19962700
19962900
19963100
19963400
19963700
19963900
19964100
19964300
19964600
19964900
19965200
19965400
19965600
19965900
19966200
19966500
19966700
19966900
19967200
19967500
19967700
19967900
19968100
19968400
19968700
19969000
19969200
19969400
19969700
19970000
19970200
19970400
19970700
19971000
19971200
19971400
19971600
19971900
19972200
19972500
19972700
19972900
19973200
19973500
19973700
19973900
19974200
19974500
19974800
19975100
19975300
19975500
19975800
19976100
19976400
19976600
19976800
19977100
19977400
19977700
19977900
19978100
19978300
19978600
19978900
19979100
19979300
19979600
19979900
19980200
19980400
19980600
19980900
19981200
19981500
19981700
19981900
19982200
19982500
19982800
19983000
19983200
19983500
19983800
19984000
19984200
19984500
19984800
19985100
19985300
19985500
19985800
19986100
19986400
19986600
19986800
19987100
19987400
19987600
19987800
19988000
19988200
19988500
19988800
19989000
19989200
19989500
19989700
19989900
19990200
19990500
19990700
19990900
19991100
19991300
19991600
19991900
19992100
19992300
19992600
19992900
19993200
19993400
19993600
19993900
19994200
19994500
19994700
19994900
19995200
19995500
19995800
19996000
19996200
19996500
19996800
19997000
19997200
19997500
19997800
19998100
19998300
19998500
19998800
19999100
19999400
19999600
19999800
20000100
20000400
20000600
20000800
20001000
20001300
20001600
20001900
20002100
20002300
20002600
20002900
20003200
20003400
20003600
20003900
20004200
20004500
20004800
20005000
20005200
20005500
20005800
20006000
20006200
20006500
20006800
20007100
20007300
20007500
20007700
20008000
20008300
20008500
20008700
20009000
20009300
20009600
20009800
20010000
20010300
20010600
20010800
20011000
20011200
20011500
20011800
20012000
20012200
20012400
20012700
20013000
20013200
20013400
20013700
20014000
20014300
20014600
20014800
20015000
20015300
20015600
20015800
20016000
20016300
20016600
20016900
20017100
20017300
20017500
20017800
20018100
20018400
20018600
20018800
20019100
20019400
20019700
20019900
20020100
20020400
20020700
20021000
20021200
20021400
20021700
20022000
20022300
20022600
20022800
20023000
20023300
20023600
20023900
20024100
20024300
20024600
20024900
20025200
20025400
20025600
20025900
20026200
20026400
20026600
20026900
20027200
20027500
20027700
20027900
20028100
20028400
20028700
20028900
20029100
20029300
20029600
20029900
20030100
20030300
20030600
20030900
20031200
20031500
20031700
20031900
20032200
20032500
20032800
20033000
20033200
20033500
20033800
20034000
20034200
20034400
20034600
20034900
20035200
20035400
20035600
20035900
20036200
20036400
20036600
20036900
20037200
20037500
20037800
20038000
20038200
20038500
20038800
20039000
20039200
20039500
20039800
20040100
20040300
20040500
20040800
20041100
20041400
20041600
20041800
20042100
20042400
20042700
20042900
20043100
20043400
20043700
20044000
20044200
20044400
20044600
20044900
20045200
20045400
20045600
20045800
20046100
20046400
20046600
20046800
20047100
20047400
20047700
20048000
20048200
20048400
20048700
20049000
20049200
20049400
20049700
20050000
20050300
20050500
20050700
20051000
20051300
20051600
20051800
20052000
20052300
20052600
20052800
20053000
20053200
20053500
20053800
20054000
20054200
20054400
20054700
20055000
20055200
20055400
20055600
20055900
20056200
20056400
20056600
20056900
20057200
20057500
20057800
20058000
20058200
20058500
20058800
20059100
20059300
20059500
20059800
20060100
20060300
20060500
20060700
20061000
20061300
20061600
20061800
20062000
20062300
20062600
20062800
20063000
20063200
20063500
20063800
20064100
20064300
20064500
20064800
20065100
20065300
20065600
20065800
20066000
20066400
20066600
20066800
20067100
20067400
20067600
20067900
20068100
20068300
20068600
20068800
20069100
20069400
20069700
20070000
20070300
20070500
20070700
20071000
20071200
20071500
20071800
20072100
20072400
20072700
20072900
20073100
20073400
20073700
20074000
20074300
20074600
20074900
20075200
20075500
20075700
20075900
20076100
20076400
20076700
20077000
20077300
20077600
20077800
20078000
20078300
20078500
20078800
20079100
20079300
20079600
20079900
20080200
20080500
20080800
20081000
20081200
20081400
20081600
20081900
20082200
20082500
20082800
20083100
20083400
20083600
20083800
20084100
20084300
20084500
20084700
20085000
20085300
20085600
20085900
20086200
20086400
20086600
20086800
20087000
20087300
20089700
20089900
20090100
20090300
20090600
20090900
20091200
20091500
20091800
20092000
20092300
20092600
20092900
20093200
20093400
20093600
20093900
20094200
20094500
20094800
20095000
20095200
20095400
20095700
20096000
20096300
20096600
20096900
20097100
20097300
20097500
20097700
20098000
20098300
20098600
20098800
20099100
20099300
20099500
20099700
20099900
20100200
20100500
20100800
20101100
20101300
20101600
20101900
20102200
20102500
20102800
20103100
20103400
20103700
20104000
20104200
20104400
20104600
20104900
20105200
20105500
20105800
20106000
20106200
20106400
20106600
20106800
20107000
20107300
20107600
20107900
20108200
20108500
20108700
20108900
20109200
20109500
20109800
20110100
20110400
20110600
20110800
20111000
20111200
20111400
20111700
20112000
20112300
20112600
20112800
20113000
20113400
20113600
20113800
20114100
20114400
20114700
20114900
20115100
20115400
20115600
20115800
20116000
20116200
20116500
20116800
20117100
20117400
20117600
20117800
20118100
20118300
20118600
20118900
20119200
20119400
20119600
20119800
20120000
20120300
20120500
20120800
20121100
20121400
20121700
20121900
20122100
20122300
20122600
20122800
20123100
20123400
20123700
20124000
20124200
20124400
20124600
20124900
20125100
20125400
20125700
20126000
20126200
20126400
20126600
20126800
20127100
20127400
20127700
20127900
20128100
20128300
20128800
20129100
20130000
20130500
20130800
20131000
20131200
20131500
20131800
20132000
20132300
20132600
20132900
20133100
20133300
20133600
20133900
20134100
20134300
20134600
20134900
20135100
20135300
20135500
20135800
20136100
20136400
20136600
20136800
20137100
20137400
20137600
20137800
20138000
20138300
20138600
20138900
20139100
20139300
20139600
20139900
20140200
20140500
20140700
20140900
20141200
20141500
20141700
20141900
20142100
20142400
20142700
20142900
20143100
20143400
20143700
20144000
20144200
20144500
20144800
20145100
20145300
20145500
20145800
20146100
20146400
20146600
20146800
20147100
20147400
20147600
20147800
20148100
20148400
20148700
20148900
20149100
20149300
20149600
20149900
20150100
20150300
20150600
20150900
20151200
20151400
20151600
20151900
20152200
20152400
20152600
20152800
20153100
20153400
20153700
20153900
20154100
20154400
20154700
20154900
20155100
20155400
20155700
20156000
20156200
20156500
20156700
20156900
20157200
20157500
20157800
20158000
20158200
20158500
20158800
20159000
20159200
20159500
20159800
20160100
20160300
20160500
20160800
20161100
20161300
20161500
20161700
20162000
20162300
20162500
20162700
20163000
20163300
20163600
20163800
20164000
20164200
20164500
20164800
20165000
20165200
20165500
20165800
20166100
20166300
20166500
20166800
20167100
20167400
20167600
20167800
20168100
20168400
20168700
20168900
20169100
20169400
20169700
20169900
20170100
20170400
20170700
20171000
20171200
20171400
20171700
20172000
20172300
20172500
20172700
20172900
20173200
20173500
20173800
20174000
20174200
20174400
20174700
20175000
20175200
20175400
20175700
20176000
20176300
20176500
20176700
20177000
20177300
20177600
20177800
20178000
20178300
20178600
20178900
20179100
20179300
20179600
20179900
20180200
20180400
20180600
20180900
20181200
20181500
20181700
20181900
20182200
20182500
20182700
20182900
20183200
20183500
20183800
20184000
20184200
20184500
20184800
20185000
20185200
20185500
20185800
20186100
20186300
20186500
20186800
20187100
20187300
20187500
20187800
20188100
20188400
20188600
20188800
20189000
20189300
20189600
20189800
20190000
20190300
20190600
20190900
20191100
20191300
20191600
20191900
20192200
20192400
20192600
20192800
20193100
20193400
20193600
20193800
20194100
20194400
20194700
20194900
20195100
20195400
20195700
20196000
20196200
20196400
20196700
20197000
20197200
20197400
20197700
20198000
20198300
20198500
20198700
20199000
20199300
20199600
20199800
20200000
20200300
20200600
20200800
20201000
20201300
20201600
20201800
20202000
20202200
20202500
20202800
20203100
20203300
20203500
20203800
20204100
20204300
20204500
20204800
20205100
20205300
20205600
20205900
20206100
20206300
20206500
20206800
20207100
20207300
20207500
20207800
20208100
20208400
20208600
20208800
20209100
20209400
20209600
20209800
20210000
20210300
20210600
20210800
20211000
20211300
20211600
20211900
20212100
20212300
20212600
20212900
20213100
20213400
20213700
20213900
20214100
20214400
20214700
20214900
20215100
20215400
20215700
20216000
20216200
20216400
20216700
20217000
20217300
20217500
20217700
20218000
20218300
20218600
20218800
20219000
20219300
20219600
20219900
20220100
20220300
20220600
20220900
20221200
20221400
20221600
20221900
20222200
20222400
20222600
20222900
20223200
20223500
20223700
20223900
20224200
20224500
20224800
20225000
20225200
20225500
20225800
20226000
20226200
20226500
20226800
20227000
20227200
20227500
20227800
20228100
20228300
20228500
20228700
20229000
20229300
20229500
20229700
20230000
20230300
20230600
20230800
20231000
20231300
20231600
20231900
20232100
20232300
20232600
20232900
20233200
20233400
20233600
20233900
20234200
20234400
20234600
20234800
20235100
20235400
20235700
20235900
20236100
20236400
20236700
20236900
20237100
20237400
20237700
20238000
20238300
20238600
20238800
20239000
20239300
20239600
20239900
20240100
20240300
20240600
20240900
20241100
20241300
20241600
20241900
20242100
20242300
20242500
20242800
20243100
20243300
20243500
20243700
20244000
20244300
20244500
20244700
20245000
20245300
20245600
20245800
20246100
20246300
20246500
20246700
20247000
20247300
20247500
20247700
20248000
20248300
20248600
20248800
20249000
20249200
20249500
20249800
20250000
20250200
20250500
20250800
20251000
20251200
20251500
20251800
20252100
20252300
20252500
20252800
20253100
20253400
20253600
20253800
20254100
20254400
20254600
20254800
20255100
20255400
20255600
20255800
20256000
20256300
20256600
20256900
20257100
20257300
20257600
20257900
20258100
20258300
20258600
20258900
20259200
20259400
20259600
20259800
20260100
20260400
20260600
20260800
20261000
20261300
20261600
20261800
20262000
20262300
20262600
20262900
20263100
20263300
20263600
20263900
20264200
20264400
20264600
20264900
20265200
20265400
20265600
20265900
20266200
20266500
20266700
20266900
20267200
20267500
20267700
20267900
20268100
20268400
20268700
20268900
20269100
20269400
20269700
20269900
20270200
20270400
20270600
20270800
20271100
20271400
20271700
20271900
20272100
20272400
20272700
20272900
20273100
20273400
20273700
20274000
20274200
20274400
20274700
20275000
20275200
20275400
20275600
20275900
20276200
20276400
20276600
20276900
20277200
20277400
20277600
20277900
20278100
20278400
20278700
20279000
20279200
20279400
20279700
20280000
20280200
20280400
20280700
20281000
20281200
20281400
20281700
20282000
20282200
20282400
20282700
20283000
20283300
20283500
20283700
20284000
20284300
20284500
20284700
20285000
20285300
20285600
20285800
20286000
20286200
20286400
20286700
20287000
20287200
20287400
20287600
20287900
20288200
20288400
20288600
20288900
20289200
20289400
20289600
20289800
20290100
20290400
20290600
20290800
20291100
20291400
20291600
20291800
20292100
20292400
20292600
20292800
20293100
20293400
20293700
20293900
20294100
20294400
20294700
20294900
20295100
20295400
20295700
20296000
20296200
20296400
20296700
20297000
20297200
20297400
20297700
20298000
20298300
20298500
20298700
20299000
20299300
20299600
20299800
20300000
20300300
20300600
20300800
20301100
20301400
20301600
20301800
20302100
20302400
20302700
20302900
20303100
20303400
20303700
20303900
20304100
20304400
20304700
20305000
20305200
20305400
20305700
20306000
20306200
20306400
20306700
20307000
20307300
20307500
20307700
20308000
20308300
20308500
20308700
20308900
20309200
20309500
20309700
20309900
20310200
20310500
20310800
20311000
20311200
20311500
20311800
20312100
20312300
20312500
20312800
20313100
20313300
20313500
20313800
20314100
20314400
20314600
20314800
20315100
20315400
20315600
20315800
20316100
20316400
20316700
20316900
20317100
20317400
20317700
20317900
20318100
20318400
20318700
20319000
20319200
20319400
20319700
20320000
20320200
20320400
20320700
20321000
20321300
20321500
20321700
20322000
20322300
20322500
20322700
20322900
20323200
20323500
20323700
20323900
20324200
20324500
20324800
20325000
20325200
20325500
20325800
20326100
20326300
20326600
20326900
20327100
20327300
20327600
20327900
20328200
20328400
20328600
20328900
20329200
20329400
20329600
20329900
20330100
20330300
20330600
20330900
20331100
20331300
20331600
20331900
20332200
20332400
20332600
20332900
20333200
20333400
20333600
20333900
20334100
20334400
20334700
20335000
20335300
20335600
20335900
20336100
20336300
20336600
20336900
20337200
20337500
20337800
20338000
20338200
20338500
20338800
20339100
20339300
20339500
20339800
20340100
20340400
20340600
20340800
20341100
20341400
20341600
20341800
20342000
20342300
20342600
20343000
20343300
20343600
20343900
20344200
20344400
20344600
20344800
20345100
20345400
20345700
20345900
20346100
20346400
20346700
20346900
20347100
20347400
20347600
20347900
20348100
20348400
20348600
20348800
20349000
20349300
20349500
20349800
20350100
20350400
20350700
20351000
20351300
20354500
20354800
20355000
20355200
20355500
20355800
20356100
20356300
20356500
20356800
20357100
20357300
20357500
20357800
20358100
20358400
20358700
20359000
20359300
20359500
20359700
20360000
20360300
20360500
20360700
20361000
20361300
20361600
20361800
20362000
20362300
20362600
20362900
20363200
20363500
20363700
20363900
20364100
20364400
20364700
20365000
20365200
20365400
20365700
20366000
20366300
20366500
20366700
20367000
20367300
20367600
20367800
20368000
20368200
20368500
20368800
20369100
20369300
20369500
20369800
20370100
20370300
20370500
20370800
20371100
20371400
20371700
20371900
20372100
20372400
20372700
20372900
20373100
20373400
20373700
20374000
20374200
20374400
20374700
20375000
20375300
20375500
20375700
20376000
20376300
20376600
20376800
20377000
20377300
20377600
20377800
20378000
20378200
20378500
20378800
20379100
20379300
20379500
20379800
20380100
20380400
20380600
20380800
20381100
20381400
20381700
20382000
20382200
20382400
20382700
20383000
20383300
20383500
20383700
20384000
20384300
20384500
20384700
20384900
20385200
20385500
20385800
20386000
20386200
20386500
20386800
20387000
20387200
20387500
20387700
20387900
20388100
20388400
20388700
20388900
20389100
20389300
20389600
20389900
20390100
20390300
20390600
20390900
20391200
20391400
20391600
20391800
20392100
20392400
20392600
20392800
20393000
20393300
20393600
20393800
20394000
20394200
20394500
20394800
20395100
20395300
20395600
20395800
20396000
20396300
20396600
20396900
20397100
20397300
20397600
20397900
20398200
20398400
20398600
20398900
20399200
20399500
20399700
20399900
20400200
20400500
20400800
20401000
20401200
20401400
20401700
20402000
20402200
20402400
20402600
20402900
20403200
20403400
20403600
20403900
20404200
20404500
20404800
20405000
20405200
20405500
20405800
20406100
20406300
20406500
20406800
20407100
20407400
20407700
20407900
20408100
20408300
20408600
20408900
20409200
20409400
20409600
20409900
20410200
20410500
20410700
20410900
20411100
20411400
20411700
20411900
20412100
20412400
20412700
20413000
20413200
20413400
20413700
20413900
20414100
20414400
20414700
20415000
20415200
20415400
20415700
20416000
20416200
20416400
20416600
20416900
20417200
20417500
20417800
20418100
20418300
20418500
20418800
20419100
20419400
20419600
20419800
20420100
20420400
20420700
20420900
20421100
20421300
20421600
20421900
20422200
20422400
20422600
20422900
20423200
20423500
20423700
20423900
20424200
20424500
20424800
20425000
20425200
20425500
20425800
20426100
20426300
20426500
20426800
20427100
20427300
20427500
20427700
20428000
20428300
20428500
20428700
20428900
20429200
20429500
20429700
20429900
20430200
20430500
20430800
20431000
20431200
20431500
20431800
20432100
20432300
20432500
20432800
20433100
20433400
20433600
20433800
20434000
20434300
20434600
20434900
20435100
20435300
20435600
20435900
20436200
20436500
20436800
20437000
20437200
20437500
20437800
20438100
20438300
20438500
20438700
20439000
20439300
20439500
20439700
20440000
20440300
20440600
20440800
20441000
20441300
20441600
20441900
20442100
20442300
20442600
20442900
20443100
20443300
20443600
20443900
20444200
20444400
20444600
20444800
20445100
20445400
20445600
20445800
20446100
20446400
20446700
20446900
20447100
20447400
20447700
20448000
20448300
20448500
20448700
20449000
20449300
20449600
20449800
20450000
20450300
20450600
20450900
20451100
20451300
20451600
20451900
20452200
20452400
20452600
20452900
20453200
20453500
20453700
20453900
20454200
20454500
20454700
20454900
20455100
20455400
20455700
20455900
20456100
20456400
20456700
20457000
20457200
20457400
20457700
20458000
20458200
20458400
20458600
20458900
20459200
20459500
20459700
20459900
20460200
20460500
20460800
20461100
20461400
20461600
20461800
20462000
20462300
20462600
20462900
20463100
20463300
20463600
20463900
20464200
20464400
20464600
20464900
20465200
20465500
20465700
20465900
20466100
20466400
20466700
20466900
20467100
20467400
20467700
20468000
20468200
20468400
20468700
20469000
20469200
20469500
20469800
20470000
20470200
20470500
20470800
20471100
20471300
20471500
20471700
20472000
20472300
20472500
20472700
20473000
20473300
20473600
20473800
20474000
20474300
20474600
20474900
20475200
20475400
20475600
20475900
20476200
20476500
20476700
20476900
20477200
20477500
20477800
20478000
20478200
20478400
20478700
20479000
20479200
20479400
20479700
20480000
20480300
20480500
20480700
20481000
20481300
20481500
20481700
20481900
20482200
20482500
20482800
20483000
20483200
20483500
20483800
20484000
20484200
20484500
20484800
20485100
20485400
20485600
20485800
20486100
20486400
20486600
20486800
20487100
20487400
20487700
20487900
20488100
20488300
20488600
20488900
20489200
20489400
20489600
20489900
20490200
20490500
20490700
20490900
20491200
20491500
20491800
20492000
20492200
20492400
20492700
20493000
20493200
20493400
20493700
20494000
20494300
20494500
20494700
20495000
20495300
20495600
20495800
20496000
20496300
20496600
20496800
20497000
20497200
20497500
20497800
20498000
20498200
20498400
20498700
20499000
20499200
20499400
20499700
20500000
20500300
20500500
20500700
20501000
20501300
20501600
20501900
20502200
20502500
20502700
20502900
20503200
20503500
20503800
20504000
20504200
20504500
20504800
20505100
20505400
20505600
20505800
20506100
20506400
20506600
20506800
20507000
20507300
20507600
20507800
20508000
20508300
20508600
20508900
20509100
20509300
20509600
20509900
20510200
20510500
20510800
20511000
20511200
20511500
20511800
20512100
20512300
20512500
20512800
20513100
20513400
20513600
20513800
20514100
20514400
20514600
20514800
20515000
20515300
20515600
20515900
20516100
20516300
20516600
20516900
20517200
20517400
20517600
20517900
20518200
20518500
20518800
20519000
20519200
20519500
20519800
20520000
20520200
20520400
20520700
20521000
20521200
20521400
20521700
20522000
20522300
20522500
20522700
20522900
20523200
20523500
20523700
20523900
20524200
20524500
20524700
20524900
20525100
20525400
20525700
20526000
20526200
20526400
20526700
20527000
20527300
20527500
20527700
20528000
20528300
20528600
20528800
20529000
20529300
20529600
20529900
20530100
20530300
20530600
20530900
20531200
20531400
20531600
20531800
20532100
20532400
20532600
20532800
20533000
20533300
20533600
20533800
20534000
20534300
20534500
20534700
20535000
20535300
20535600
20535800
20536000
20536300
20536500
20536800
20537000
20537200
20537500
20537800
20538100
20538300
20538500
20538800
20539100
20539400
20539600
20539800
20540100
20540400
20540700
20540900
20541100
20541400
20541700
20541900
20542100
20542400
20542600
20542800
20543100
20543400
20543600
20543800
20544100
20544400
20544600
20544800
20545000
20545300
20545600
20545800
20546000
20546300
20546600
20546800
20547000
20547300
20547600
20547800
20548000
20548300
20548600
20548900
20549100
20549300
20549600
20549900
20550100
20550300
20550500
20550700
20550900
20551200
20551500
20551700
20551900
20552200
20552500
20552800
20553000
20553200
20553500
20553800
20554100
20554300
20554500
20554800
20555100
20555300
20555500
20555800
20556100
20556400
20556600
20556800
20557100
20557400
20557600
20557800
20558000
20558300
20558600
20558800
20559000
20559300
20560300
20560700
20561000
20561200
20561400
20561600
20561800
20562100
20562400
20562600
20562800
20563100
20563400
20563700
20563900
20564100
20564400
20564700
20565000
20565200
20565400
20565600
20565900
20566200
20566500
20566700
20566900
20567100
20567300
20567600
20567900
20568200
20568600
20568900
20569100
20569300
20569500
20569800
20570100
20570400
20570700
20570900
20571100
20571300
20571600
20571900
20572100
20572300
20572500
20572800
20573100
20573300
20573500
20573800
20574100
20574400
20574600
20575000
20575300
20575600
20575900
20576200
20576500
20576800
20577100
20577400
20577600
20577800
20578100
20578400
20578700
20578900
20579100
20579400
20579700
20580000
20580300
20580500
20580800
20581100
20581300
20581600
20581900
20582200
20582500
20582800
20583100
20583400
20583600
20583800
20584000
20584200
20584600
20585000
20585300
20585500
20585800
20586100
20586300
20586500
20586800
20587100
20587300
20587500
20587700
20588000
20588300
20588500
20588700
20589000
20589300
20589600
20589800
20590000
20590300
20590600
20590800
20591000
20591200
20591500
20591800
20592000
20592200
20592400
20592700
20593000
20593200
20593400
20593700
20594000
20594300
20594500
20594700
20595000
20595300
20595600
20595800
20596000
20596300
20596600
20596900
20597100
20597300
20597600
20597900
20598200
20598400
20598600
20598900
20599200
20599500
20599700
20599900
20600200
20600500
20600700
20600900
20601200
20601500
20601800
20602000
20602200
20602500
20602800
20603100
20603300
20603500
20603800
20604100
20604300
20604500
20604800
20605100
20605400
20605600
20605800
20606100
20606400
20606700
20606900
20607100
20607400
20607700
20608000
20608200
20608400
20608700
20609000
20609300
20609500
20609700
20610000
20610300
20610600
20610800
20611000
20611300
20611600
20611900
20612100
20612300
20612600
20612900
20613200
20613400
20613600
20613900
20614200
20614400
20614600
20614900
20615200
20615500
20615700
20615900
20616200
20616500
20616700
20616900
20619800
20620100
20620400
20620600
20620800
20621100
20621400
20621700
20621900
20622100
20622300
20622600
20622900
20623100
20623300
20623500
20623800
20624000
20624200
20624500
20624800
20625100
20625300
20625500
20625800
20626100
20626400
20626600
20626800
20627100
20627400
20627600
20627800
20628000
20628300
20628600
20628900
20629100
20629300
20629600
20629900
20630100
20630300
20630600
20630900
20631200
20631500
20631700
20631900
20632200
20632500
20632700
20632900
20633200
20633500
20633800
20634000
20634200
20634400
20634700
20635000
20635200
20635400
20635600
20635900
20636200
20636400
20636600
20636800
20637100
20637400
20637700
20637900
20638100
20638400
20638700
20639000
20639200
20639400
20639700
20640000
20640300
20640500
20640700
20640900
20641200
20641500
20641700
20641900
20642200
20642500
20642800
20643000
20643200
20643500
20643800
20644000
20644200
20644400
20644700
20645000
20645300
20645500
20645700
20646000
20646300
20646500
20646700
20647000
20647300
20647600
20647900
20648100
20648300
20648600
20648900
20649100
20649300
20649500
20649800
20650100
20650300
20650500
20650700
20651000
20651300
20651600
20651800
20652000
20652300
20652600
20652900
20653100
20653300
20653600
20653900
20654200
20654500
20654700
20654900
20655200
20655500
20655700
20655900
20656100
20656300
20656500
20656800
20657100
20657300
20657500
20657700
20658000
20658300
20658500
20658700
20658900
20659200
20659500
20659700
20659900
20660200
20660500
20660800
20661000
20661200
20661400
20661700
20662000
20662200
20662400
20662600
20662900
20663200
20663400
20663600
20663800
20664100
20664400
20664700
20664900
20665100
20665400
20665700
20666000
20666200
20666400
20666700
20667000
20667300
20667600
20667800
20668000
20668200
20668400
20668700
20669000
20669300
20669500
20669700
20670000
20670300
20670500
20670700
20670900
20671200
20671500
20671700
20671900
20672100
20672400
20672700
20672900
20673100
20673400
20673700
20674000
20674200
20674400
20674600
20674900
20675200
20675400
20675600
20675800
20676000
20676300
20676600
20676900
20677200
20677400
20677600
20677900
20678200
20678500
20678700
20678900
20679200
20679500
20679800
20680000
20680200
20680500
20680800
20681100
20681300
20681500
20681700
20682000
20682300
20682500
20682700
20683000
20683300
20683600
20683800
20684000
20684300
20684600
20684900
20685100
20685300
20685600
20685900
20686100
20686300
20686500
20686800
20687100
20687400
20687600
20687800
20688100
20688400
20688600
20688800
20689000
20689300
20689600
20689800
20690000
20690200
20690500
20690800
20691100
20691300
20691500
20691800
20692100
20692400
20692600
20692800
20693100
20693400
20693700
20694000
20694200
20694400
20694700
20695000
20695200
20695400
20695600
20695900
20696200
20696400
20696600
20696900
20697200
20697500
20697800
20698000
20698200
20698500
20698800
20699000
20699200
20699500
20699800
20700100
20700300
20700600
20700900
20701100
20701300
20701600
20701900
20702200
20702400
20702600
20702900
20703200
20703500
20703700
20703900
20704100
20704400
20704700
20704900
20705100
20705300
20705600
20705900
20706100
20706300
20706500
20706800
20707100
20707400
20707600
20707800
20708100
20708400
20708700
20709000
20709300
20709500
20709700
20710000
20710300
20710600
20710800
20711000
20711300
20711600
20711900
20712100
20712300
20712600
20712900
20713100
20713300
20713600
20713900
20714200
20714500
20714700
20714900
20715200
20715500
20715700
20715900
20716100
20716400
20716700
20717000
20717300
20717600
20717800
20718000
20718200
20718500
20718800
20719000
20719200
20719400
20719700
20720000
20720200
20720400
20720600
20720900
20721200
20721500
20721700
20721900
20722200
20722500
20722800
20723000
20723200
20723500
20723800
20724100
20724300
20724500
20724800
20725100
20725300
20725500
20725700
20726000
20726300
20726500
20726700
20727000
20727300
20727600
20727800
20728000
20728200
20728500
20728800
20729000
20729200
20729500
20729800
20730100
20730300
20730500
20730700
20731000
20731300
20731600
20731800
20732000
20732300
20732600
20732900
20733100
20733300
20733600
20733900
20734200
20734400
20734600
20734900
20735200
20735500
20735700
20735900
20736200
20736500
20736800
20737000
20737200
20737400
20737700
20738000
20738200
20738400
20738700
20739000
20739300
20739500
20739700
20740000
20740300
20740500
20740700
20740900
20741200
20741500
20741800
20742000
20742200
20742500
20742800
20743100
20743300
20743500
20743800
20744100
20744400
20744600
20744800
20745000
20745300
20745600
20745800
20746000
20746200
20746500
20746800
20747000
20747200
20747400
20747700
20748000
20748300
20748500
20748700
20749000
20749200
20749500
20749800
20750100
20750300
20750500
20750700
20751000
20751300
20751500
20751700
20752000
20752300
20752600
20752800
20753000
20753300
20753600
20753800
20754000
20754200
20754500
20754800
20755100
20755300
20755500
20755800
20756100
20756400
20756600
20756800
20757100
20757400
20757700
20757900
20758100
20758300
20758600
20758900
20759100
20759300
20759500
20759800
20760100
20760300
20760500
20760700
20761000
20761300
20761600
20761800
20762000
20762300
20762600
20762900
20763100
20763300
20763600
20763900
20764200
20764400
20764600
20764900
20765200
20765500
20765700
20765900
20766200
20766500
20766700
20766900
20767100
20767400
20767700
20768000
20768200
20768400
20768700
20769000
20769200
20769400
20769600
20769900
20770200
20770400
20770600
20770800
20771100
20771300
20771500
20771800
20772100
20772400
20772700
20773000
20773300
20773500
20773700
20774000
20774300
20774500
20774800
20775100
20775400
20775700
20776000
20776200
20776400
20776700
20777000
20777300
20777600
20777800
20778000
20778300
20778600
20778900
20779200
20779400
20779600
20779900
20780200
20780500
20780700
20780900
20781100
20781300
20781600
20781900
20782100
20782300
20782500
20782800
20783000
20783200
20783500
20783800
20784100
20784300
20784500
20784700
20784900
20785200
20785500
20785800
20786100
20786300
20786500
20786800
20787100
20787300
20787500
20787700
20787900
20788200
20788500
20788800
20789000
20789200
20789500
20789700
20790000
20790300
20790600
20790900
20791100
20791300
20791600
20791900
20792200
20792500
20792700
20792900
20793200
20793500
20793800
20794000
20794300
20794500
20794700
20795000
20795300
20795600
20795800
20796000
20796300
20796500
20796700
20797000
20797300
20797600
20797800
20798100
20798400
20798700
20798900
20799100
20799400
20799700
20800000
20800300
20800500
20800700
20801000
20801300
20801500
20801800
20802000
20802200
20802500
20802800
20803000
20803200
20803400
20803600
20803900
20804200
20804500
20804700
20804900
20805200
20805500
20805700
20805900
20806100
20806300
20806500
20806800
20807100
20807400
20807700
20808000
20808300
20808500
20808700
20808900
20809200
20809500
20809800
20810100
20810300
20810500
20810800
20811100
20811400
20811600
20811800
20812100
20812400
20812600
20812800
20813100
20813400
20813700
20814000
20814300
20814500
20814700
20815000
20815300
20815500
20815800
20816000
20816200
20816500
20816800
20817000
20817300
20817500
20817800
20818100
20818400
20818700
20819000
20819200
20819400
20819700
20820000
20820300
20820500
20820700
20821000
20821300
20821600
20821900
20822100
20822300
20822500
20822800
20823100
20823400
20823700
20824000
20824300
20824600
20824900
20825200
20825500
20825800
20826100
20826400
20826600
20826800
20827100
20827300
20827600
20827900
20828200
20828500
20828700
20828900
20829200
20829500
20829800
20830100
20830500
20830800
20831100
20831400
20831600
20831800
20832100
20832500
20832800
20833100
20833400
20833600
20833900
20834200
20834500
20834800
20835200
20835500
20835800
20836000
20836200
20836400
20836700
20837000
20837200
20837500
20837800
20838100
20838300
20838600
20838800
20839000
20839300
20839600
20839900
20840100
20840300
20840600
20840800
20841100
20841400
20841700
20841900
20842100
20842400
20842600
20842800
20843100
20843400
20843600
20843800
20844100
20844300
20844600
20844900
20845100
20845300
20845600
20845900
20846200
20846500
20846700
20846900
20847200
20847400
20847600
20847900
20848200
20848500
20848800
20849100
20849300
20849500
20849800
20850100
20850400
20850600
20850800
20851100
20851400
20851700
20852000
20852200
20852400
20852700
20853000
20853300
20853500
20853800
20854000
20854200
20854500
20854800
20855000
20855200
20855400
20855600
20855900
20856200
20856500
20856700
20856900
20857200
20857500
20857800
20858100
20858300
20858500
20858800
20859100
20859300
20859500
20859800
20860000
20860200
20860500
20860800
20861100
20861300
20861500
20861700
20861900
20862200
20862500
20862700
20863000
20863200
20863400
20863700
20864000
20864300
20864600
20864900
20865200
20865400
20865600
20865800
20866000
20866300
20866600
20866900
20867100
20867300
20867500
20867800
20868100
20868400
20868600
20868800
20869100
20869400
20869700
20870000
20870200
20870400
20870700
20871000
20871200
20871500
20871800
20872000
20872300
20872500
20872700
20873000
20873300
20873500
20873700
20873900
20874100
20874400
20874700
20875000
20875200
20875400
20875700
20876000
20876300
20876600
20876800
20877000
20877200
20877500
20877800
20878100
20878400
20878600
20878800
20879100
20879400
20879700
20880000
20880300
20880500
20880700
20881000
20883400
20883700
20884000
20884300
20884500
20884700
20885000
20885300
20885600
20885900
20886100
20886300
20886600
20886900
20887100
20887300
20887500
20887800
20888100
20888400
20888700
20888900
20889100
20889400
20889700
20890000
20890200
20890400
20890700
20891000
20891300
20891500
20891700
20891900
20892100
20892300
20892500
20892800
20893100
20893300
20893500
20893700
20893900
20894100
20894400
20894700
20895000
20895200
20895400
20895600
20895900
20896200
20896500
20896700
20896900
20897200
20897500
20897700
20898000
20898200
20898400
20898700
20899000
20899200
20899400
20899700
20900000
20900300
20900600
20900800
20901000
20901300
20901600
20901800
20902000
20902200
20902400
20902700
20903000
20903200
20903400
20903700
20904000
20904300
20904500
20904700
20904900
20905200
20905500
20905800
20906100
20906300
20906500
20906800
20907100
20907400
20907600
20907800
20908000
20908200
20908500
20908800
20909000
20909200
20909500
20909700
20910000
20910300
20910500
20910700
20911000
20911300
20911600
20911900
20912200
20912400
20912600
20912900
20913200
20913400
20913600
20913800
20914000
20914300
20914600
20914800
20915000
20915300
20915600
20915900
20916200
20916500
20916800
20917000
20917200
20917500
20917800
20918000
20918200
20918400
20918600
20918900
20919200
20919400
20919600
20919900
20920200
20920500
20920800
20921000
20921200
20921400
20921700
20922000
20922300
20922500
20922700
20922900
20923100
20923300
20923600
20923800
20924100
20924400
20924700
20924900
20925100
20925400
20925700
20926000
20926200
20926400
20926600
20926900
20927200
20927400
20927600
20927800
20928000
20928300
20928600
20928800
20929000
20929300
20929600
20929900
20930100
20930300
20930600
20930800
20931100
20931400
20931700
20931900
20932100
20932300
20932600
20932900
20933200
20933400
20933600
20933900
20934200
20934500
20934800
20935000
20935200
20935500
20935800
20936100
20936300
20936500
20936800
20937100
20937400
20937700
20937900
20938100
20938300
20938600
20938900
20939100
20939300
20939600
20939900
20940200
20940500
20940700
20940900
20941200
20941500
20941700
20941900
20942200
20942500
20942800
20943000
20943200
20943400
20943700
20944000
20944300
20944500
20944700
20944900
20945200
20945500
20945800
20946000
20946200
20946400
20946700
20946900
20947200
20947500
20947700
20947900
20948200
20948400
20948600
20948900
20949200
20949500
20949800
20950000
20950200
20950500
20950800
20951100
20951400
20951600
20951800
20952100
20952400
20952600
20952800
20953000
20953300
20953600
20953900
20954100
20954300
20954600
20954900
20955200
20955400
20955600
20955800
20956100
20956300
20956600
20956900
20957200
20957400
20957600
20957800
20958100
20958400
20958700
20959000
20959200
20959400
20959600
20959900
20960200
20960400
20960600
20960800
20961000
20961300
20961600
20961900
20962100
20962300
20962600
20962900
20963200
20963500
20963700
20963900
20964200
20964400
20964700
20965000
20965300
20965500
20965700
20966000
20966300
20966600
20966800
20967000
20967300
20967600
20967900
20968200
20968400
20968600
20968800
20969100
20969400
20969600
20969800
20970000
20970300
20970600
20970900
20971100
20971300
20971600
20971900
20972200
20972500
20972700
20972900
20973200
20973500
20973800
20974000
20974200
20974500
20974800
20975100
20975400
20975700
20975900
20976100
20976300
20976600
20976900
20977200
20977500
20977700
20977900
20978200
20978500
20978800
20979000
20979200
20979500
20979800
20980000
20980200
20980500
20980800
20981100
20981400
20981600
20981800
20982000
20982300
20982600
20982800
20983000
20983300
20983600
20983900
20984200
20984400
20984600
20984900
20985200
20985400
20985600
20985800
20986000
20986200
20986500
20986800
20987000
20987200
20987400
20987600
20987900
20988200
20988500
20988700
20988900
20989200
20989500
20989700
20990000
20990200
20990400
20990700
20991000
20991300
20991500
20991700
20991900
20992200
20992500
20992800
20993000
20993200
20993500
20993900
20994800
20995300
20995600
20995900
20996100
20996300
20996600
20996900
20997200
20997500
20997700
20997900
20998100
20998300
20998600
20998900
20999100
20999300
20999600
20999900
21000200
21000400
21000600
21000900
21001200
21001400
21001600
21001800
21002100
21002400
21002700
21002900
21003100
21003400
21003700
21003900
21004100
21004300
21004600
21004900
21005200
21005400
21005600
21005900
21006200
21006400
21006600
21006900
21007200
21007500
21007800
21008000
21008200
21008500
21008800
21009100
21009300
21009500
21009800
21010100
21010400
21010600
21010800
21011100
21011400
21011700
21011900
21012100
21012400
21012700
21012900
21013100
21013400
21013700
21014000
21014200
21014400
21014700
21015000
21015300
21015500
21015700
21016000
21016300
21016500
21016700
21017000
21017300
21017500
21017700
21017900
21018200
21018500
21018700
21018900
21019200
21019500
21019700
21019900
21020200
21020500
21020700
21020900
21021100
21021400
21021700
21021900
21022100
21022300
21022500
21022800
21023100
21023400
21023600
21023800
21024100
21024400
21024700
21024900
21025100
21025400
21025700
21026000
21026200
21026400
21026700
21027000
21027200
21027400
21027600
21027900
21028200
21028400
21028600
21028900
21029200
21029500
21029700
21029900
21030200
21030400
21030700
21031000
21031300
21031500
21031700
21032000
21032300
21032500
21032700
21033000
21033300
21033600
21033800
21034000
21034300
21034600
21034800
21035100
21035400
21035600
21035800
21036100
21036400
21036700
21036900
21037100
21037400
21037700
21038000
21038200
21038400
21038600
21038800
21039000
21039300
21039600
21039900
21040100
21040400
21040700
21041000
21041200
21041500
21041800
21042100
21042300
21042500
21042800
21043000
21043300
21043600
21043800
21044000
21044300
21044600
21044900
21045100
21045300
21045600
21045900
21046100
21046300
21046600
21046900
21047100
21047400
21047600
21047900
21048100
21048300
21048500
21048800
21049100
21049400
21049600
21049800
21050100
21050400
21050700
21050900
21051100
21051400
21051700
21052000
21052300
21052600
21052900
21053200
21053500
21053800
21054100
21054300
21054500
21054700
21054900
21055100
21055400
21055700
21056000
21056300
21056600
21056900
21057200
21057400
21057600
21057800
21058100
21058400
21058600
21058800
21059100
21059400
21059700
21059900
21060100
21060400
21060700
21060900
21061100
21061400
21061700
21062000
21062200
21062400
21062700
21063000
21063200
21063500
21063800
21064000
21064200
21064500
21064800
21065100
21065300
21065500
21065800
21066100
21066400
21066600
21066800
21067100
21067400
21067700
21067900
21068100
21068400
21068700
21068900
21069100
21069300
21069600
21069900
21070100
21070300
21070600
21070900
21071200
21071400
21071600
21071900
21072200
21072400
21072600
21072900
21073200
21073400
21073600
21073800
21074100
21074400
21074600
21074800
21075100
21075400
21075700
21075900
21076100
21076400
21076700
21077000
21077200
21077400
21077700
21078000
21078200
21078400
21078600
21078900
21079200
21079400
21079700
21079900
21080100
21080300
21080600
21080900
21081200
21081400
21081600
21081900
21082200
21082400
21082600
21082900
21083200
21083500
21083700
21083900
21084200
21084500
21084700
21084900
21085100
21085400
21085700
21085900
21086100
21086400
21086700
21087000
21087200
21087400
21087700
21088000
21088200
21088400
21088700
21089000
21089200
21089400
21089600
21089900
21090200
21090400
21090600
21090800
21091100
21091400
21091600
21091800
21092100
21092400
21092700
21092900
21093100
21093400
21093700
21094000
21094200
21094400
21094700
21095000
21095200
21095400
21095700
21096000
21096300
21096500
21096700
21097000
21097300
21097500
21097700
21098000
21098300
21098500
21098700
21099000
21099300
21099600
21099800
21100000
21100300
21100600
21100800
21101000
21101300
21101600
21101800
21102000
21102300
21102600
21102900
21103100
21103300
21103600
21103900
21104100
21104300
21104600
21104900
21105200
21105400
21105600
21105900
21106200
21106500
21106700
21106900
21107200
21107500
21107700
21107900
21108200
21108500
21108800
21109000
21109200
21109500
21109800
21110100
21110300
21110500
21110800
21111100
21111300
21111500
21111800
21112100
21112300
21112500
21112800
21113100
21113400
21113600
21113800
21114100
21114400
21114600
21114800
21115100
21115400
21115600
21115800
21116100
21116400
21116700
21116900
21117100
21117400
21117700
21117900
21118100
21118400
21118700
21119000
21119200
21119400
21119700
21120000
21120200
21120400
21120600
21120900
21121200
21121400
21121600
21121800
21122100
21122400
21122600
21122800
21123100
21123400
21123600
21123800
21124100
21124400
21124700
21124900
21125100
21125400
21125700
21125900
21126100
21126400
21126700
21126900
21127100
21127400
21127700
21128000
21128200
21128400
21128700
21129000
21129200
21129400
21129700
21130000
21130200
21130400
21130700
21131000
21131300
21131500
21131700
21132000
21132300
21132500
21132700
21133000
21133300
21133600
21133800
21134000
21134300
21134600
21134800
21135000
21135200
21135500
21135800
21136000
21136200
21136500
21136800
21137000
21137200
21137400
21137700
21138000
21138200
21138400
21138700
21139000
21139200
21139400
21139700
21140000
21140200
21140400
21140700
21141000
21141300
21141500
21141700
21142000
21142300
21142500
21142700
21143000
21143300
21143500
21143700
21146200
21146500
21146800
21147000
21147200
21147500
21147800
21148100
21148300
21148500
21148800
21149100
21149400
21149600
21149800
21150100
21150400
21150700
21150900
21151100
21151400
21151700
21151900
21152100
21152400
21152700
21153000
21153200
21153400
21153700
21154000
21154200
21154400
21154600
21154800
21155100
21155400
21155700
21155900
21156100
21156400
21156700
21156900
21157100
21157400
21157700
21157900
21158100
21158300
21158600
21158900
21159100
21159300
21159600
21159900
21160200
21160400
21160600
21160900
21161200
21161400
21161600
21161800
21162100
21162400
21162700
21163000
21163200
21163400
21163600
21163900
21164200
21164400
21164600
21164900
21165200
21165500
21165700
21165900
21166200
21166500
21166700
21166900
21167200
21167500
21167800
21168000
21168200
21168500
21168800
21169000
21169200
21169500
21169800
21170000
21170200
21170500
21170700
21170900
21171200
21171500
21171700
21171900
21172200
21172500
21172800
21173000
21173200
21173500
21173800
21174000
21174200
21174400
21174700
21175000
21175200
21175400
21175700
21176000
21176300
21176500
21176700
21177000
21177300
21177600
21177800
21178000
21178300
21178600
21178800
21179000
21179200
21179500
21179800
21180000
21180200
21180500
21180800
21181000
21181200
21181500
21181800
21182100
21182300
21182500
21182800
21183100
21183300
21183500
21183800
21184100
21184400
21184600
21184800
21185100
21185400
21185600
21185800
21186100
21186400
21186700
21187000
21187300
21187500
21187700
21188000
21188300
21188600
21188800
21189000
21189300
21189600
21189900
21190100
21190300
21190600
21190900
21191100
21191300
21191500
21191800
21192100
21192300
21192500
21192800
21193100
21193400
21193600
21193800
21194100
21194400
21194600
21194800
21195000
21195200
21195500
21195800
21196100
21196300
21196500
21196800
21197100
21197300
21197600
21197800
21198000
21198200
21198500
21198800
21199000
21199200
21199500
21199800
21200100
21200300
21200500
21200800
21201100
21201300
21201500
21201800
21202100
21202400
21202600
21202800
21203100
21203400
21203700
21203900
21204100
21204400
21204700
21205000
21205200
21205400
21205700
21206000
21206200
21206400
21206600
21206900
21207200
21207400
21207600
21207900
21208200
21208400
21208600
21208900
21209200
21209500
21209700
21209900
21210200
21210500
21210700
21210900
21211200
21211500
21211800
21212000
21212200
21212500
21212800
21213000
21213200
21213500
21213800
21214100
21214300
21214500
21214800
21215100
21215300
21215500
21215700
21216000
21216300
21216500
21216700
21217000
21217300
21217600
21217800
21218000
21218300
21218600
21218900
21219100
21219300
21219600
21219900
21220100
21220300
21220500
21220800
21221100
21221300
21221500
21221800
21222100
21222300
21222500
21222800
21223100
21223400
21223600
21223800
21224100
21224400
21224600
21224800
21225000
21225300
21225600
21225800
21226000
21226300
21226600
21226800
21227000
21227200
21227500
21227800
21228100
21228300
21228500
21228800
21229100
21229400
21229600
21229800
21230100
21230400
21230600
21230800
21231000
21231300
21231600
21231800
21232000
21232300
21232600
21232900
21233100
21233300
21233600
21233900
21234100
21234300
21234600
21234900
21235200
21235400
21235600
21235900
21236200
21236400
21236600
21236900
21237200
21237500
21237700
21237900
21238200
21238500
21238700
21238900
21239200
21239500
21239800
21240000
21240200
21240600
21241000
21241400
21241700
21242100
21242500
21242800
21243100
21243400
21243700
21244000
21244400
21244800
21245200
21245600
21245900
21246300
21246700
21247100
21247500
21247900
21248200
21248600
21248900
21249300
21249700
21250000
21250300
21250600
21251000
21251300
21251600
21251900
21252300
21252700
21253000
21253400
21253700
21254000
21254400
21254800
21255100
21255500
21255900
21256200
21256600
21257000
21257300
21257500
21257800
21258100
21258500
21258800
21259000
21259200
21259400
21259600
21259900
21260200
21260400
21260600
21260900
21261200
21261400
21261600
21261800
21262000
21262300
21262600
21262900
21263100
21263300
21263600
21263900
21264200
21264400
21264600
21264900
21265200
21265500
21265700
21265900
21266200
21266500
21266800
21267000
21267200
21267500
21267800
21268100
21268300
21268500
21268800
21269100
21269400
21269600
21269800
21270100
21270400
21270700
21270900
21271100
21271400
21271700
21271900
21272100
21272300
21272600
21272900
21273100
21273300
21273600
21273900
21274100
21274300
21274500
21274800
21275100
21275300
21275500
21275800
21276100
21276400
21276900
21277200
21277500
21277800
21278100
21278400
21278700
21279000
21279400
21279700
21280000
21280200
21280500
21280800
21281100
21281400
21281700
21281900
21282100
21282300
21282600
21282900
21283200
21283400
21283600
21283800
21284100
21284400
21284600
21284800
21285100
21285400
21285600
21285800
21286000
21286300
21286600
21286800
21287000
21287300
21287600
21287900
21288100
21288300
21288500
21288800
21289100
21289300
21289500
21289700
21290000
21290300
21290500
21290700
21290900
21291200
21291500
21291700
21291900
21292100
21292400
21292700
21293000
21293200
21293400
21293700
21294000
21294300
21294500
21294700
21295000
21295300
21295600
21295800
21296000
21296300
21296600
21296900
21297100
21297300
21297600
21297900
21298100
21298300
21298500
21298800
21299100
21299300
21299500
21299700
21300000
21300300
21300500
21300700
21301000
21301300
21301500
21301700
21301900
21302200
21302500
21302700
21302900
21303100
21303400
21303700
21303900
21304100
21304400
21304700
21305000
21305200
21305400
21305700
21305900
21306100
21306300
21306600
21306900
21307100
21307300
21307500
21307800
21308100
21308300
21308500
21308800
21309100
21309400
21309600
21309800
21310000
21310300
21310600
21310800
21311000
21311300
21311600
21311900
21312100
21312300
21312600
21312900
21313200
21313400
21313600
21313900
21314200
21314400
21314600
21314900
21315200
21315500
21315700
21315900
21316200
21316500
21316800
21317000
21317200
21317500
21317700
21317900
21318200
21318500
21318700
21318900
21319100
21319300
21319500
21319800
21320100
21320400
21320600
21320800
21321100
21321400
21321700
21321900
21322100
21322400
21322700
21323000
21323200
21323400
21323700
21324000
21324200
21324400
21324600
21324900
21325200
21325400
21325600
21325900
21326200
21326500
21326700
21326900
21327200
21327500
21327700
21327900
21328200
21328500
21328800
21329000
21329200
21329500
21329800
21330100
21330300
21330500
21330800
21331100
21331400
21331600
21331800
21332100
21332400
21332700
21332900
21333100
21333400
21333700
21334000
21334200
21334400
21334700
21335000
21335300
21335500
21335700
21335900
21336200
21336500
21336700
21336900
21337200
21337500
21337800
21338100
21338300
21338500
21338800
21339100
21339400
21339600
21339800
21340100
21340400
21340600
21340800
21341100
21341400
21341700
21341900
21342100
21342400
21342700
21343000
21343200
21343400
21343700
21344200
21344500
21344800
21345200
21345500
21345800
21346100
21346400
21346700
21347000
21347300
21347600
21347900
21348400
21348700
21349600
21349900
21350200
21350500
21350800
21351300
21351600
21351900
21352200
21352500
21352800
21353000
21353300
21353600
21353800
21354100
21354400
21354700
21355000
21355400
21355600
21355900
21356200
21356500
21356800
21357100
21357300
21357600
21357900
21358300
21358600
21359000
21359300
21359600
21359900
21360200
21360500
21360900
21361100
21361400
21361700
21362000
21362200
21362500
21362900
21363200
21363500
21363800
21364100
21364400
21364700
21365000
21365300
21365600
21365900
21366200
21366500
21366900
21367200
21367500
21367800
21368100
21368400
21368700
21369000
21369300
21369600
21369800
21370000
21370300
21370600
21370900
21371100
21371300
21371500
21371700
21371900
21372200
21372500
21372700
21372900
21373100
21373400
21373700
21374000
21374200
21374400
21374600
21374800
21375000
21375300
21375600
21375800
21376000
21376200
21376400
21376700
21377000
21377200
21377400
21377700
21378000
21378300
21378500
21378800
21379100
21379400
21379600
21379800
21380000
21380300
21380600
21380800
21381000
21381300
21381600
21381900
21382100
21382300
21382800
21383000
21383300
21383600
21384000
21384300
21384600
21384900
21385200
21385500
21385800
21386100
21386400
21386600
21386900
21387200
21387500
21387800
21388100
21388400
21388700
21389000
21389300
21389600
21389900
21390200
21390500
21390800
21391100
21391500
21391800
21392100
21392400
21392700
21393000
21393300
21393500
21393800
21394200
21394600
21394900
21395200
21395600
21395900
21396200
21396600
21396900
21397200
21397500
21397800
21398100
21398400
21398700
21399100
21399400
21399700
21400000
21400300
21400600
21400900
21401200
21401500
21401800
21402100
21402400
21402700
21403000
21403300
21403600
21403900
21404200
21404500
21404800
21405100
21405500
21405800
21406100
21406500
21406800
21407100
21407400
21407700
21408100
21408400
21408700
21409000
21409300
21409700
21410100
21410500
21410900
21411300
21411600
21412000
21412300
21412700
21413100
21413400
21413700
21414100
21414400
21414700
21415000
21415300
21415700
21416100
21416400
21416800
21417200
21417600
21418000
21418300
21418600
21419000
21419300
21419600
21420000
21420300
21420600
21420900
21421200
21421600
21421900
21422300
21422600
21422900
21423200
21423500
21423800
21424200
21431000
21431400
21431700
21432000
21432400
21432700
21433000
21433400
21433700
21434000
21434400
21434700
21435000
21435300
21435600
21435900
21436300
21436600
21436900
21437300
21437700
21438000
21438300
21438700
21439000
21439300
21439700
21440100
21440400
21440800
21441100
21441500
21441900
21442300
21442600
21442900
21443200
21443600
21443900
21444200
21444500
21444800
21445100
21445500
21445800
21446100
21446500
21446800
21447100
21447500
21447800
21448200
21448500
21448900
21449200
21449600
21450000
21450300
21450700
21451000
21451300
21451700
21452100
21452400
21452700
21453100
21453400
21453800
21454100
21454400
21454700
21455000
21455400
21455700
21456100
21456400
21456700
21457100
21457400
21457800
21458100
21458500
21458800
21459200
21459600
21459900
21460300
21460700
21461000
21461400
21461700
21462000
21462400
21462700
21463000
21463400
21463800
21464100
21464500
21464900
21465200
21465500
21465800
21466200
21466500
21466900
21467200
21467500
21467900
21468300
21468700
21469000
21469300
21469700
21470000
21470300
21470700
21471100
21471500
21471800
21472200
21472600
21472900
21473200
21473600
21473900
21474300
21474600
21474900
21475300
21475600
21476000
21476400
21476700
21476900
21477200
21477500
21477900
21478300
21478600
21479000
21479400
21479700
21480100
21480400
21480700
21481100
21481400
21481700
21482000
21482400
21482700
21483000
21483400
21483700
21484000
21484300
21484700
21485000
21485300
21485600
21486000
21486300
21486600
21487000
21487300
21487600
21488000
21488400
21488700
21489200
21489600
21490000
21490400
21490800
21491200
21491500
21491800
21492200
21492500
21492900
21493300
21493700
21494000
21494300
21494700
21495100
21495400
21495800
21496200
21496600
21497000
21497300
21497600
21498000
21498400
21498700
21499100
21499500
21499800
21500100
21500500
21500800
21501200
21501500
21501800
21502100
21502400
21502800
21503100
21503400
21503800
21504100
21504500
21504800
21505100
21505400
21505800
21506100
21506400
21506800
21507100
21507400
21507700
21508000
21508400
21508800
21509000
21509400
21509800
21510200
21510600
21510900
21511200
21511500
21511900
21512200
21512600
21513000
21513300
21513600
21514000
21514300
21514700
21515100
21515500
21515800
21516200
21516600
21516900
21517300
21517600
21518000
21518300
21518700
21519100
21519400
21519700
21520100
21520500
21520800
21521200
21521500
21521900
21522300
21522700
21523000
21523300
21523600
21524000
21524300
21524700
21525100
21525500
21525800
21526100
21526500
21526800
21527100
21527400
21527800
21528200
21528500
21528900
21529200
21529600
21530000
21530300
21530700
21531100
21531500
21531900
21532200
21532500
21532800
21533100
21533500
21533900
21534200
21534500
21534800
21535100
21535500
21535900
21536300
21536600
21536900
21537200
21537500
21537900
21538200
21538500
21538800
21539100
21539500
21539900
21540200
21540600
21540900
21541200
21541600
21542000
21542400
21542800
21543200
21543600
21543900
21544300
21544600
21545000
21545400
21545800
21546100
21546500
21546900
21547200
21547600
21547900
21548200
21548500
21548800
21549200
21549600
21550000
21550300
21550700
21551100
21551400
21551800
21552200
21552500
21552900
21553300
21553600
21553900
21554300
21554600
21554900
21555300
21555700
21556100
21556400
21556700
21557000
21557400
21557700
21558000
21558400
21558700
21559100
21559400
21559800
21560100
21560500
21560900
21561200
21561500
21561900
21562300
21562700
21563000
21563300
21563700
21564000
21564400
21564700
21565000
21565300
21565700
21566100
21566400
21566700
21567100
21567400
21567800
21568200
21568600
21569000
21569400
21569800
21570100
21570400
21570800
21571100
21571400
21571700
21572100
21572500
21572900
21573200
21573600
21574000
21574300
21574700
21575100
21575500
21575900
21576300
21576700
21577100
21577500
21577900
21578300
21578600
21579000
21579400
21579700
21580000
21580400
21580700
21581100
21581400
21581700
21582000
21582400
21582800
21583100
21583400
21583800
21584200
21584500
21584800
21585200
21585600
21586000
21586300
21586700
21587000
21587400
21587700
21588100
21588500
21588900
21589200
21589600
21589900
21590200
21590600
21590900
21591200
21591600
21591900
21592300
21592700
21593000
21593300
21593600
21593900
21594300
21594600
21594900
21595200
21595500
21595800
21596200
21596500
21596900
21597200
21597500
21597800
21598100
21598500
21598800
21599100
21599400
21599700
21600100
21600400
21600700
21601000
21601400
21601700
21602000
21602300
21602700
21603100
21603500
21603800
21604200
21604600
21604900
21605300
21605700
21606100
21606500
21606900
21607200
21607600
21607900
21608200
21608600
21608900
21609300
21609600
21610000
21610400
21610700
21611100
21611500
21611800
21612200
21612500
21612800
21613200
21613500
21613900
21614200
21614600
21614900
21615300
21615600
21616000
21616400
21616800
21617100
21617500
21617800
21618100
21618400
21618800
21619100
21619500
21619900
21620200
21620600
21620900
21621200
21621600
21622000
21622400
21622800
21623100
21623400
21623700
21624100
21624400
21624700
21625100
21625500
21625900
21626200
21626600
21626900
21627300
21627600
21627900
21628300
21628600
21628900
21629200
21629600
21629900
21630300
21630700
21631000
21631400
21631700
21632000
21632400
21632700
21633000
21633400
21633700
21634100
21634500
21634900
21635200
21635500
21635900
21636300
21636600
21637000
21637300
21637600
21638000
21638300
21638600
21639000
21639300
21639600
21640000
21640300
21640600
21641000
21641300
21641600
21642000
21642400
21642700
21643100
21643500
21643800
21644200
21644600
21644900
21645300
21645600
21645900
21646200
21646500
21646900
21647300
21647600
21648000
21648300
21648600
21649000
21649300
21649700
21650000
21650400
21650700
21651100
21651500
21651800
21652200
21652500
21652800
21653200
21653500
21653900
21654300
21654700
21655100
21655400
21655800
21656200
21656600
21656900
21657300
21657700
21658000
21658300
21658700
21659100
21659400
21659800
21660100
21660400
21660800
21661200
21661600
21662000
21662300
21662600
21663000
21663400
21663700
21664100
21664400
21664700
21665100
21665400
21665700
21666100
21666400
21666700
21667100
21667400
21667800
21668200
21668600
21668900
21669300
21669700
21670000
21670400
21670700
21671000
21671400
21671700
21672100
21672400
21672800
21673200
21673600
21673900
21674200
21674600
21675000
21675400
21675800
21676200
21676500
21676800
21677200
21677500
21677800
21678200
21678600
21678900
21679300
21679600
21680000
21680400
21680700
21681000
21681400
21681700
21682100
21682500
21682800
21683100
21683500
21683900
21684200
21684600
21685000
21685300
21685600
21686000
21686400
21686700
21687100
21687500
21687800
21688100
21688400
21688800
21689100
21689400
21689700
21690000
21690300
21690600
21690900
21691200
21691500
21691800
21692200
21692600
21693000
21693400
21693800
21694200
21694600
21695000
21695400
21695700
21696000
21696400
21696800
21697200
21697500
21697900
21698200
21698600
21698900
21699200
21699600
21699900
21700200
21700600
21700900
21701200
21701600
21701900
21702200
21702600
21702900
21703200
21703600
21704000
21704300
21704600
21704900
21705300
21705700
21706100
21706500
21706900
21707200
21707600
21708000
21708400
21708700
21709100
21709400
21709800
21710200
21710500
21710800
21711100
21711400
21711800
21712200
21712600
21712900
21713300
21713600
21714000
21714400
21714800
21715100
21715500
21715800
21716200
21716500
21716900
21717200
21717500
21717900
21718300
21718600
21718900
21719200
21719500
21719900
21720200
21720600
21721000
21721400
21721700
21722100
21722500
21722900
21723200
21723600
21724000
21724300
21724600
21725000
21725400
21725700
21726000
21726400
21726800
21727200
21727600
21727900
21728300
21728600
21729000
21729400
21729700
21730100
21730500
21730900
21731200
21731600
21732000
21732300
21732600
21733000
21733300
21733700
21734100
21734400
21734700
21735100
21735400
21735700
21736000
21736400
21736700
21737100
21737500
21737800
21738200
21738600
21738900
21739200
21739500
21739800
21740100
21740400
21740700
21741000
21741400
21741800
21742200
21742600
21743000
21743300
21743600
21744000
21744400
21744800
21745200
21745500
21745900
21746200
21746500
21746900
21747200
21747600
21748000
21748400
21748700
21749000
21749400
21749800
21750100
21750500
21750900
21751200
21751600
21751900
21752200
21752600
21753000
21753400
21753800
21754200
21754500
21754800
21755100
21755400
21755800
21756100
21756400
21756700
21757100
21757400
21757700
21758100
21758500
21758900
21759300
21759700
21760100
21760400
21760700
21761100
21761400
21761800
21762200
21762600
21762900
21763200
21763500
21763900
21764300
21764600
21764900
21765300
21765600
21766000
21766400
21766800
21767100
21767500
21767800
21768100
21768500
21768900
21769200
21769500
21769900
21770200
21770600
21771000
21771300
21771700
21772100
21772400
21772800
21773100
21773400
21773700
21774100
21774400
21774800
21775200
21775500
21775800
21776200
21776600
21776900
21777300
21777600
21777900
21778300
21778700
21779100
21779400
21779700
21780100
21780400
21780700
21781100
21781400
21781700
21782100
21782400
21782800
21783100
21783500
21783900
21784200
21784500
21784800
21785100
21785500
21785800
21786100
21786400
21786800
21787200
21787600
21787900
21788300
21788700
21789100
21793500
21793800
21794200
21794600
21795000
21795300
21795600
21795900
21796300
21796600
21796900
21797300
21797700
21798100
21798400
21798800
21799100
21799400
21799800
21800200
21800600
21801000
21801300
21801700
21802000
21802400
21802800
21803100
21803400
21803800
21804100
21804500
21804900
21805300
21805800
21806200
21806500
21806900
21807200
21807500
21807900
21808200
21808600
21808900
21809300
21809600
21809900
21810300
21810700
21811100
21811400
21811800
21812200
21812600
21813000
21813300
21813600
21814000
21814300
21814600
21815000
21815300
21815600
21815900
21816300
21816600
21817000
21817300
21817700
21818100
21818400
21818700
21819100
21819400
21819800
21820200
21820500
21820800
21821200
21821600
21821900
21822200
21822500
21822800
21823200
21823600
21823900
21824300
21824700
21825000
21825400
21825800
21826100
21826400
21826800
21827100
21827400
21827800
21828200
21828500
21828900
21829200
21829500
21829900
21830300
21830600
21831000
21831500
21831800
21832200
21832600
21833000
21833400
21833800
21834100
21834400
21834700
21835100
21835500
21835800
21836200
21836500
21836800
21837100
21837400
21837700
21838100
21838500
21838800
21839200
21839500
21839800
21840200
21840500
21840900
21841300
21841500
21842400
21842700
21843100
21843400
21843800
21844200
21844600
21845000
21845300
21845600
21846000
21846400
21846800
21847100
21847500
21847900
21848300
21848700
21849100
21849500
21849800
21850200
21850600
21851000
21851400
21851700
21852100
21852400
21852800
21853100
21853400
21853700
21854000
21854300
21854600
21855000
21855300
21855600
21855900
21856200
21856500
21856800
21857100
21857400
21857800
21858100
21858400
21858700
21859100
21859500
21859900
21860200
21860600
21860900
21861200
21861500
21861900
21862300
21862600
21863000
21863400
21863700
21864000
21864300
21864600
21864900
21865300
21865800
21866100
21866400
21866700
21867100
21867400
21867800
21868200
21868600
21868900
21869200
21869500
21869800
21870100
21870400
21870700
21871000
21871300
21871600
21871900
21872300
21872600
21872900
21873200
21873600
21874000
21874400
21874800
21875200
21875600
21876000
21876300
21876700
21877100
21877400
21877800
21878100
21878500
21878800
21879200
21879500
21879800
21880200
21880600
21881000
21881400
21881800
21882100
21882400
21882800
21883100
21883500
21883800
21884100
21884400
21884700
21885100
21885400
21885800
21886200
21886600
21886900
21887300
21887700
21888000
21888400
21888800
21889100
21889500
21889800
21890100
21890500
21890900
21891300
21891700
21892100
21892400
21892800
21893200
21893600
21894000
21894400
21894800
21895300
21895600
21896000
21896300
21896600
21896900
21897300
21897700
21898000
21898300
21898600
21898900
21899200
21899600
21899900
21900200
21900500
21900900
21901200
21901500
21901800
21902100
21902500
21902800
21903100
21903500
21903900
21904200
21904600
21904900
21905300
21905700
21906100
21906400
21906700
21907000
21907400
21907700
21908000
21908300
21908600
21908900
21909200
21909500
21909900
21910200
21910600
21911000
21911400
21911800
21912200
21912600
21913300
21913700
21914100
21914500
21914800
21915100
21915400
21915700
21916000
21916400
21916700
21917000
21917300
21917600
21918000
21918300
21918700
21919100
21919400
21919800
21920100
21920400
21920800
21921200
21921600
21921900
21922200
21922600
21922900
21923200
21923600
21924000
21924300
21924600
21925000
21925300
21925700
21926100
21926400
21926700
21927100
21927500
21927800
21928200
21928500
21928800
21929200
21929600
21929900
21930200
21930600
21930900
21931300
21931700
21932000
21932300
21932700
21933100
21933400
21933800
21934200
21934500
21934900
21935300
21935700
21936100
21936500
21936900
21937300
21937600
21938000
21938400
21938800
21939100
21939500
21939900
21940300
21940600
21941000
21941300
21941700
21942100
21942500
21942800
21943100
21943400
21943800
21944200
21944500
21944800
21945200
21945600
21946000
21946400
21946700
21947100
21947500
21947900
21948200
21948600
21949000
21949300
21949600
21950000
21950400
21950700
21951100
21951500
21951900
21952200
21952600
21952900
21953300
21953600
21954000
21954400
21954700
21955100
21955400
21955700
21956000
21956400
21956700
21957000
21957400
21957700
21958100
21958400
21958900
21959200
21959600
21959900
21960300
21960700
21961100
21961400
21961800
21962100
21962500
21962800
21963100
21963500
21963900
21964300
21964700
21965000
21965400
21965700
21966100
21966500
21966800
21967100
21967400
21967800
21968200
21968500
21968900
21969300
21969700
21970100
21970500
21970900
21971200
21971500
21971800
21972100
21972400
21972700
21973100
21973500
21973900
21974200
21974600
21974900
21975200
21975600
21976000
21976300
21976700
21977100
21977400
21977700
21978000
21978400
21978700
21979100
21979400
21979700
21980100
21980400
21980800
21981100
21981500
21981800
21982100
21982400
21982700
21983000
21983400
21983800
21984100
21984400
21984700
21985000
21985400
21985700
21986100
21986400
21986800
21987200
21987600
21987900
21988300
21988700
21989100
21989400
21989700
21990000
21990400
21990700
21991000
21991300
21991600
21991900
21992300
21992600
21992900
21993200
21993500
21993800
21994100
21994400
21994800
21995200
21995500
21995800
21996100
21996500
21996800
21997100
21997400
21997700
21998100
21998500
21998900
21999300
21999600
21999900
22000200
22000600
22000900
22001200
22001500
22001800
22002100
22002400
22002700
22003000
22003300
22003700
22004000
22004400
22004700
22005000
22005400
22005700
22006000
22006300
22006700
22007100
22007400
22007800
22008200
22008500
22008800
22009200
22009600
22010000
22010400
22010700
22011100
22011500
22011900
22012300
22012700
22013100
22013500
22013900
22014300
22014600
22015000
22015400
22015800
22016200
22016600
22017000
22017300
22017600
22017900
22018200
22018600
22018900
22019200
22019600
22019900
22020200
22020500
22020800
22021100
22021400
22021800
22022100
22022400
22022800
22023200
22023600
22024000
22024300
22024600
22025000
22025300
22025700
22026100
22026400
22026700
22027000
22027300
22027600
22028000
22028400
22028800
22029200
22029500
22029800
22030200
22030600
22030900
22031200
22031600
22032000
22032400
22032800
22033100
22033400
22033800
22034100
22034500
22034900
22035300
22035600
22035900
22036300
22036700
22037000
22037400
22037700
22038000
22038300
22038700
22039100
22039500
22039900
22040300
22040600
22041000
22041300
22041700
22042100
22042400
22042800
22043100
22043400
22043700
22044000
22044400
22044800
22045200
22045600
22046000
22046300
22046700
22047100
22047500
22047900
22048200
22048500
22048800
22049200
22049600
22049900
22050300
22050600
22051000
22051400
22051800
22052200
22052500
22052800
22053100
22053500
22053800
22054200
22054500
22054800
22055100
22055500
22055800
22056200
22056600
22057000
22057300
22057700
22058000
22058400
22058700
22059100
22059500
22059900
22060200
22060600
22060900
22061200
22061500
22061900
22062300
22062600
22063000
22063400
22063700
22064100
22064400
22064800
22065100
22065400
22065700
22066100
22066500
22066900
22067300
22067600
22067900
22068300
22068600
22068900
22069300
22069700
22070000
22070400
22070800
22071100
22071400
22071800
22072100
22072400
22072800
22073200
22073600
22074000
22074400
22074700
22075000
22075300
22075700
22076000
22076400
22076700
22077000
22077300
22077700
22078000
22078400
22078800
22079200
22079500
22079900
22080300
22080700
22081100
22081500
22081800
22082200
22082600
22083000
22083300
22083700
22084100
22084400
22084700
22085000
22085300
22085600
22086000
22086300
22086700
22087100
22087400
22087700
22088000
22088400
22088700
22089100
22089500
22089800
22090200
22090500
22090800
22091100
22091400
22091700
22092100
22092500
22093000
22093300
22093700
22094000
22094300
22094600
22095000
22095400
22095700
22096100
22096500
22096800
22097200
22097600
22098000
22098400
22098800
22099100
22099400
22099700
22100100
22100400
22100700
22101000
22101400
22101700
22102100
22102400
22102800
22103200
22103500
22103800
22104200
22104500
22104800
22105100
22105400
22105800
22106200
22106500
22106900
22107300
22107700
22108100
22108500
22108800
22109100
22109500
22109800
22110100
22110400
22110800
22111100
22111400
22111800
22112100
22112500
22112800
22113100
22113400
22113700
22114100
22114400
22114800
22115100
22115500
22115900
22116300
22116600
22117000
22117400
22117700
22118000
22118400
22118700
22119000
22119300
22119600
22120000
22120300
22120600
22121000
22121300
22121700
22122000
22122400
22122700
22123000
22123300
22123700
22124000
22124400
22124800
22125200
22125600
22126000
22126300
22126700
22127100
22127500
22127900
22128300
22128600
22128900
22129300
22129600
22129900
22130300
22130700
22131000
22131300
22131600
22132000
22132400
22132700
22133100
22133500
22133900
22134300
22134600
22135000
22135400
22135700
22136100
22136400
22136700
22137100
22137500
22137900
22138200
22138600
22139000
22139300
22139600
22139900
22140200
22140500
22140800
22141100
22141400
22141700
22142000
22142300
22142600
22143000
22143300
22143600
22143900
22144200
22144500
22144800
22145100
22145400
22145800
22146100
22146500
22146800
22147100
22147400
22147800
22148100
22148500
22148800
22149100
22149400
22149700
22150100
22150400
22150700
22151000
22151300
22151700
22152100
22152500
22157500
22157900
22158300
22158700
22159000
22159300
22159600
22159900
22160300
22160600
22161000
22161300
22161700
22162000
22162300
22162600
22162900
22163300
22163700
22164000
22164400
22164800
22165200
22165600
22165900
22166300
22166600
22166900
22167300
22167600
22168000
22168300
22168700
22169100
22169500
22169900
22170200
22170600
22170900
22171200
22171500
22171800
22172200
22172600
22172900
22173300
22173700
22174000
22174300
22174600
22175000
22175400
22175700
22176100
22176500
22176800
22177200
22177600
22177900
22178300
22178600
22179000
22179400
22179800
22180100
22180500
22180800
22181200
22181600
22181900
22182300
22182600
22182900
22183300
22183600
22183900
22184300
22184700
22185000
22185300
22185700
22186000
22186300
22186700
22187000
22187300
22187700
22188000
22188300
22188600
22189000
22189300
22189700
22190000
22190300
22190700
22191100
22191500
22191900
22192200
22192600
22192900
22193300
22193600
22194000
22194400
22194700
22195100
22195500
22195900
22196200
22196600
22197000
22197300
22197600
22198000
22198400
22198700
22199000
22199400
22199700
22200000
22200400
22200700
22201000
22201400
22201800
22202100
22202500
22202800
22203100
22203500
22203900
22204200
22204600
22204900
22205200
22205600
22206000
22206300
22206700
22207100
22207500
22207800
22208100
22208400
22208700
22209000
22209300
22209700
22210000
22210400
22210700
22211000
22211300
22211600
22212000
22212300
22212600
22212900
22213300
22213700
22214100
22214400
22214700
22215000
22215400
22215800
22216100
22216400
22216800
22217100
22217400
22217800
22218100
22218400
22218800
22219200
22219500
22219900
22220300
22220700
22221100
22221500
22221900
22222300
22222700
22223100
22223400
22223700
22224100
22224500
22224800
22225200
22225600
22226000
22226400
22226800
22227200
22227500
22227800
22228200
22228500
22228900
22229200
22229600
22229900
22230300
22230800
22231100
22231400
22231700
22232100
22232400
22232800
22233100
22233500
22233800
22234200
22234600
22234900
22235200
22235500
22235800
22236200
22236600
22236900
22237200
22237500
22237900
22238300
22238700
22239000
22239400
22239800
22240100
22240500
22240900
22241200
22241600
22241900
22242200
22242500
22242900
22243200
22243600
22244000
22244300
22244700
22245000
22245400
22245700
22246000
22246300
22246700
22247000
22247400
22247800
22248200
22248500
22248800
22249200
22249600
22250000
22250300
22250700
22251100
22251400
22251700
22252000
22252400
22252700
22253100
22253400
22253800
22254100
22254400
22254800
22255100
22255500
22255800
22256200
22256500
22256800
22257200
22257600
22257900
22258300
22258700
22259000
22259400
22259800
22260200
22260600
22260900
22261300
22261600
22261900
22262300
22262700
22263000
22263300
22263700
22264000
22264400
22264800
22265100
22265400
22265800
22266200
22266600
22266900
22267200
22267600
22268000
22268300
22268600
22269000
22269300
22269700
22270000
22270400
22270800
22271200
22271500
22271900
22272200
22272500
22272900
22273300
22273700
22274000
22274400
22274700
22275100
22275500
22275900
22276300
22276700
22277100
22277500
22277800
22278200
22278600
22279000
22279400
22279800
22280100
22280500
22280800
22281200
22281500
22281900
22282200
22282500
22282900
22283300
22283600
22283900
22284300
22284600
22284900
22285100
22285400
22285700
22286000
22286400
22286700
22287000
22287300
22287600
22287900
22288300
22288600
22288900
22289200
22289600
22289900
22290200
22290500
22290800
22291200
22291600
22292000
22292300
22292700
22293100
22293400
22293700
22294000
22294300
22294700
22295000
22295300
22295600
22296000
22296400
22296700
22297000
22297300
22297700
22298100
22298400
22298700
22299000
22299400
22299800
22300100
22300400
22300800
22301200
22301600
22302000
22302400
22302800
22303100
22303400
22303800
22304200
22304500
22304900
22305300
22305600
22305900
22306300
22306700
22307100
22307500
22307900
22308200
22308500
22308800
22309200
22309500
22309900
22310200
22310600
22310900
22311300
22311600
22311900
22312200
22312500
22312900
22313200
22313500
22313800
22314200
22314500
22314900
22315300
22315700
22316100
22316400
22316700
22317000
22317400
22317700
22318100
22318500
22318800
22319200
22319600
22319900
22320200
22320600
22321000
22321300
22321600
22321900
22322200
22322500
22322800
22323100
22323400
22323700
22324000
22324400
22324700
22325100
22325400
22325700
22326100
22326400
22326700
22327100
22327500
22327800
22328100
22328400
22328800
22329100
22329500
22329900
22330200
22330600
22331000
22331300
22331600
22332000
22332400
22332700
22333100
22333500
22333900
22334300
22334600
22335000
22335300
22335600
22336000
22336300
22336600
22337000
22337400
22337800
22338100
22338500
22338800
22339100
22339400
22339800
22340100
22340500
22340800
22341200
22341600
22342000
22342400
22342800
22343100
22343500
22343800
22344200
22344500
22344800
22345100
22345500
22345900
22346200
22346500
22346800
22347200
22347500
22347800
22348200
22348500
22348800
22349200
22349500
22349800
22350100
22350500
22350800
22351100
22351400
22351800
22352200
22352500
22352900
22353300
22353700
22354000
22354400
22354700
22355100
22355500
22355900
22356300
22356600
22357000
22357300
22357600
22358000
22358300
22358600
22359000
22359400
22359700
22360100
22360400
22360800
22361200
22361500
22361800
22362200
22362500
22362800
22363100
22363500
22363800
22364200
22364500
22364800
22365200
22365500
22365900
22366200
22366500
22366800
22367200
22367600
22367900
22368300
22368700
22369000
22369400
22369800
22370200
22370600
22370900
22371300
22371600
22371900
22372200
22372600
22372900
22373300
22373600
22373900
22374200
22374600
22374900
22375300
22375600
22376000
22376400
22376700
22377000
22377400
22377700
22378000
22378400
22378700
22379100
22379500
22379900
22380300
22380600
22381000
22381400
22381700
22382100
22382400
22382800
22383200
22383600
22384000
22384400
22384700
22385100
22385400
22385800
22386100
22386400
22386800
22387100
22387400
22387700
22388000
22388400
22388700
22389000
22389300
22389600
22389900
22390200
22390500
22390900
22391200
22391600
22392000
22392400
22392800
22393100
22393500
22393800
22394200
22394600
22395000
22395400
22395700
22396100
22396500
22396900
22397200
22397600
22397900
22398300
22398600
22399000
22399300
22399700
22400100
22400400
22400800
22401100
22401400
22401800
22402100
22402400
22402800
22403100
22403400
22403800
22404100
22404400
22404800
22405100
22405400
22405700
22406000
22406400
22406800
22407100
22407400
22407800
22408100
22408500
22408800
22409100
22409500
22409800
22410100
22410400
22410700
22411000
22411300
22411700
22412100
22412500
22412900
22413300
22413600
22414000
22414400
22414700
22415100
22415500
22415900
22416300
22416700
22417000
22417400
22417800
22418200
22418600
22418900
22419300
22419600
22419900
22420200
22420500
22420800
22421200
22421500
22421800
22422100
22422400
22422800
22423200
22423600
22424000
22424400
22424700
22425000
22425300
22425600
22426000
22426400
22426800
22427200
22427600
22428000
22428300
22428600
22428900
22429300
22429700
22430100
22430400
22430700
22431000
22431300
22431600
22432000
22432300
22432600
22432900
22433200
22433600
22433900
22434300
22434700
22435100
22435400
22435800
22436200
22436500
22436800
22437200
22437600
22437900
22438200
22438600
22438900
22439200
22439500
22439800
22440200
22440500
22440900
22441200
22441600
22441900
22442300
22442600
22442900
22443300
22443700
22444100
22444400
22444700
22445000
22445300
22445600
22445900
22446200
22446500
22446900
22447200
22447600
22447900
22448300
22448700
22449000
22449300
22449700
22450000
22450300
22450600
22451000
22451300
22451700
22452100
22452400
22452700
22453000
22453400
22453700
22454100
22454500
22454900
22455300
22455500
22455800
22456200
22456500
22456900
22457300
22457600
22458000
22458300
22458700
22459000
22459300
22459700
22460100
22460400
22460800
22461200
22461600
22462000
22462300
22462700
22463000
22463400
22463700
22464000
22464300
22464700
22465100
22465500
22465800
22466100
22466500
22466800
22467200
22467600
22467900
22468200
22468600
22468900
22469300
22469700
22470100
22470500
22470900
22471300
22471600
22471900
22472200
22472500
22472900
22473200
22473500
22473800
22474100
22474500
22474900
22475200
22475600
22475900
22476200
22476500
22476900
22477200
22477500
22477800
22478200
22478500
22478800
22479200
22479500
22479900
22480200
22480600
22481000
22481400
22481700
22482100
22482500
22482800
22483200
22483600
22483900
22484200
22484500
22484900
22485300
22485700
22486000
22486400
22486800
22487100
22487400
22487800
22488100
22488500
22488900
22489200
22489500
22489900
22490200
22490500
22490900
22491300
22491700
22492100
22492400
22492700
22493100
22493400
22493700
22494000
22494400
22494700
22495000
22495400
22495800
22496100
22496400
22496800
22497100
22497400
22497800
22498100
22498400
22498800
22499100
22499400
22499800
22500200
22500600
22501000
22501300
22501600
22502000
22502400
22502800
22503100
22503500
22503900
22504200
22504600
22505000
22505400
22505700
22506100
22506500
22506800
22507200
22507600
22508000
22508400
22508800
22509100
22509400
22509800
22510100
22510400
22510800
22511200
22511500
22511900
22512300
22512700
22513100
22513400
22513800
22514200
22514600
22515000
22515400
22519900
22520200
22520600
22521000
22521300
22521600
22522000
22522400
22522700
22523000
22523400
22523700
22524000
22524400
22524800
22525200
22525600
22526000
22526300
22526700
22527100
22527400
22527700
22528000
22528400
22528700
22529100
22529500
22529900
22530300
22530700
22531100
22531500
22531800
22532200
22532600
22533000
22533400
22533800
22534200
22534600
22535000
22535300
22535700
22536100
22536500
22536900
22537300
22537700
22538100
22538500
22538900
22539200
22539500
22539800
22540100
22540500
22540900
22541300
22541600
22542000
22542300
22542700
22543100
22543500
22543800
22544100
22544400
22544700
22545000
22545400
22545700
22546000
22546300
22546600
22547000
22547300
22547700
22548100
22548500
22548800
22549100
22549500
22549900
22550200
22550500
22550800
22551200
22551600
22552000
22552300
22552600
22552900
22553200
22553600
22553900
22554200
22554600
22555000
22555400
22555800
22556100
22556400
22556700
22557000
22557400
22557800
22558200
22558500
22558800
22559100
22559400
22559700
22560000
22560400
22560700
22561000
22561400
22561700
22562100
22562500
22562900
22563200
22563500
22563900
22564200
22564500
22564800
22565100
22565500
22565900
22566200
22566600
22566900
22567300
22567600
22568000
22568400
22568800
22569100
22569400
22569700
22570100
22570500
22570800
22571200
22571600
22571900
22572200
22572600
22572900
22573300
22573600
22573900
22574300
22574600
22575000
22575400
22575700
22576000
22576400
22576800
22577200
22577600
22578000
22578400
22578800
22579100
22579500
22579900
22580300
22580600
22581000
22581300
22581700
22582000
22582400
22582700
22583100
22583500
22583800
22584200
22584500
22584800
22585100
22585400
22585800
22586200
22586500
22586900
22587300
22587600
22588000
22588300
22588700
22589100
22589500
22589900
22590300
22590600
22591000
22591300
22591600
22592000
22592300
22592700
22593100
22593400
22593700
22594000
22594300
22594600
22595000
22595400
22595800
22596100
22596500
22596800
22597100
22597500
22597800
22598200
22598600
22598900
22599300
22599600
22600000
22600300
22600600
22600900
22601300
22601600
22601900
22602300
22602600
22602900
22603300
22603600
22603900
22604200
22604500
22604900
22605300
22605600
22605900
22606300
22606700
22607000
22607300
22607600
22607900
22608200
22608600
22609000
22609400
22609800
22610100
22610500
22610800
22611200
22611500
22611800
22612200
22612500
22612800
22613200
22613500
22613800
22614100
22614400
22614700
22615000
22615300
22615600
22615900
22616200
22616600
22617000
22617400
22617800
22618100
22618500
22618900
22619200
22619600
22620000
22620300
22620700
22621100
22621400
22621800
22622200
22622600
22622900
22623200
22623500
22623900
22624200
22624600
22625000
22625400
22625700
22626100
22626400
22626800
22627200
22627600
22628000
22628300
22628700
22629100
22629400
22629800
22630200
22630600
22631000
22631400
22631700
22632000
22632300
22632700
22633000
22633400
22633800
22634100
22634500
22634900
22635300
22635600
22636000
22636400
22636800
22637100
22637500
22637900
22638300
22638700
22639000
22639400
22639700
22640000
22640400
22640700
22641100
22641400
22641800
22642100
22642500
22642900
22643200
22643600
22643900
22644200
22644500
22644800
22645200
22645500
22645800
22646200
22646500
22646800
22647200
22647500
22647800
22648200
22648500
22648800
22649200
22649500
22649900
22650300
22650700
22651100
22651500
22651900
22652300
22652600
22653000
22653300
22653600
22654000
22654400
22654800
22655200
22655600
22656000
22656300
22656700
22657100
22657500
22657800
22658100
22658500
22658900
22659300
22659700
22660000
22660300
22660600
22661000
22661300
22661600
22661900
22662200
22662500
22662900
22663200
22663500
22663900
22664300
22664600
22665000
22665400
22665700
22666100
22666400
22666700
22667000
22667300
22667700
22668000
22668400
22668800
22669100
22669400
22669800
22670200
22670500
22670900
22671200
22671600
22671900
22672300
22672600
22672900
22673200
22673600
22674000
22674400
22674700
22675100
22675400
22675800
22676100
22676500
22676800
22677200
22677600
22677900
22678300
22678700
22679000
22679400
22679700
22680100
22680400
22680700
22681000
22681300
22681600
22682000
22682300
22682700
22683000
22683300
22683700
22684000
22684400
22684700
22685100
22685400
22685800
22686100
22686500
22686900
22687200
22687500
22687800
22688200
22688500
22688800
22689200
22689500
22689900
22690200
22690600
22691000
22691300
22691600
22692000
22692400
22692700
22693100
22693500
22693900
22694300
22694600
22694900
22695300
22695600
22695900
22696200
22696500
22696900
22697200
22697600
22697900
22698300
22698700
22699000
22699400
22699800
22700200
22700600
22700900
22701300
22701700
22702000
22702400
22702700
22703000
22703400
22703700
22704100
22704400
22704800
22705200
22705500
22705900
22706200
22706500
22706900
22707300
22707600
22707900
22708300
22708600
22709000
22709400
22709800
22710200
22710600
22710900
22711300
22711600
22711900
22712200
22712600
22712900
22713200
22713500
22713800
22714200
22714600
22715000
22715400
22715800
22716200
22716600
22716900
22717300
22717600
22717900
22718300
22718600
22719000
22719300
22719600
22720000
22720300
22720600
22721000
22721300
22721600
22722000
22722300
22722700
22723100
22723400
22723700
22724100
22724500
22724800
22725200
22725500
22725900
22726200
22726600
22726900
22727300
22727600
22727900
22728200
22728500
22728800
22729200
22729600
22730000
22730400
22730800
22731100
22731400
22731800
22732100
22732400
22732800
22733200
22733600
22734000
22734400
22734800
22735100
22735500
22735900
22736300
22736700
22737100
22737500
22737800
22738200
22738600
22739000
22739400
22739700
22740100
22740500
22740800
22741100
22741500
22741900
22742200
22742500
22742800
22743100
22743400
22743800
22744200
22744600
22745000
22745300
22745600
22745900
22746300
22746600
22747000
22747400
22747800
22748200
22748600
22749000
22749300
22749700
22750100
22750400
22750700
22751100
22751400
22751800
22752200
22752600
22753000
22753400
22753700
22754000
22754400
22754700
22755000
22755300
22755700
22756000
22756400
22756700
22757100
22757500
22757900
22758200
22758600
22759000
22759300
22759700
22760100
22760400
22760700
22761100
22761400
22761800
22762200
22762500
22762800
22763200
22763600
22764000
22764300
22764600
22765000
22765300
22765600
22766000
22766300
22766600
22766900
22767300
22767600
22768000
22768400
22768700
22769100
22769400
22769700
22770100
22770400
22770700
22771000
22771400
22771700
22772100
22772500
22772900
22773300
22773700
22774100
22774500
22774800
22775200
22775500
22775900
22776200
22776500
22776900
22777300
22777600
22778000
22778400
22778700
22779100
22779500
22779800
22780100
22780500
22780800
22781200
22781600
22781900
22782200
22782600
22783000
22783400
22783800
22784100
22784500
22784900
22785300
22785600
22785900
22786200
22786500
22786800
22787100
22787400
22787800
22788100
22788400
22788800
22789200
22789500
22789800
22790100
22790500
22790800
22791200
22791500
22791800
22792200
22792500
22792800
22793100
22793500
22793900
22794200
22794600
22795000
22795400
22795800
22796100
22796400
22796800
22797200
22797600
22798000
22798400
22798800
22799200
22799600
22799900
22800200
22800600
22800900
22801200
22801600
22801900
22802200
22802500
22802800
22803100
22803500
22803800
22804100
22804400
22804700
22805100
22805400
22805700
22806100
22806400
22806700
22807000
22807400
22807800
22808200
22808600
22809000
22809400
22809800
22810100
22810500
22810900
22811200
22811600
22811900
22812300
22812600
22813000
22813400
22813700
22814000
22814400
22814700
22815100
22815500
22815800
22816100
22816400
22816700
22817000
22817400
22817700
22818000
22818400
22818800
22819200
22819600
22819900
22820300
22820700
22821000
22821400
22821800
22822200
22822500
22822900
22823200
22823600
22823900
22824300
22824700
22825000
22825400
22825800
22826100
22826500
22826900
22827200
22827600
22828000
22828300
22828600
22829000
22829400
22829700
22830100
22830400
22830700
22831200
22831500
22831800
22832200
22832500
22832900
22833300
22833700
22834000
22834300
22834600
22834900
22835300
22835600
22836000
22836300
22836700
22837100
22837500
22837900
22838300
22838700
22839000
22839300
22839600
22840000
22840400
22840700
22841000
22841300
22841700
22842100
22842500
22842900
22843200
22843500
22843900
22844300
22844700
22845100
22845500
22845800
22846200
22846600
22846900
22847200
22847600
22848000
22848400
22848700
22849000
22849400
22849800
22850100
22850400
22850700
22851100
22851400
22851800
22852100
22852400
22852700
22853100
22853500
22853800
22854200
22854500
22854900
22855300
22855700
22856100
22856500
22856900
22857200
22857600
22857900
22858200
22858600
22859000
22859400
22859800
22860100
22860500
22860800
22861100
22861500
22861800
22862100
22862500
22862900
22863300
22863700
22864100
22864400
22864700
22865000
22865400
22865700
22866000
22866400
22866700
22867000
22867400
22867800
22868400
22868700
22869000
22869300
22869700
22870000
22870300
22870700
22871000
22871400
22871800
22872100
22872400
22872800
22873100
22873400
22873800
22874100
22874500
22874900
22875300
22875700
22876100
22876400
22876800
22877200
22877500
22877800
22878200
22878500
22878900
22879300
22879600
22880000
22880400
22880700
22881100
22881500
22885900
22886300
22886600
22887000
22887400
22887700
22888000
22888400
22888700
22889100
22889500
22889800
22890100
22890500
22890800
22891100
22891500
22891800
22892200
22892500
22892900
22893300
22893700
22894100
22894500
22894800
22895200
22895500
22895900
22896300
22896700
22897100
22897400
22897800
22898100
22898500
22898800
22899200
22899500
22899900
22900200
22900500
22900800
22901200
22901500
22901900
22902300
22902600
22902900
22903300
22903600
22904000
22904300
22904700
22905100
22905400
22905800
22906100
22906400
22906800
22907100
22907400
22907700
22908100
22908500
22908800
22909100
22909500
22909800
22910200
22910600
22910900
22911300
22911700
22912000
22912300
22912600
22912900
22913200
22913500
22913900
22914200
22914500
22914900
22915300
22915600
22915900
22916200
22916600
22917000
22917400
22917700
22917900
22918100
22918400
22918700
22919000
22919300
22919600
22919900
22920300
22920600
22920900
22921300
22921600
22922000
22922300
22922600
22922900
22923300
22923700
22924000
22924400
22924700
22925100
22925400
22925700
22926000
22926400
22926800
22927200
22927500
22927900
22928200
22928500
22928900
22929200
22929500
22929900
22930200
22930500
22930800
22931100
22931500
22931900
22932200
22932500
22932900
22933200
22933600
22934000
22934300
22934700
22935100
22935400
22935700
22936100
22936500
22936800
22937100
22937400
22937800
22938200
22938500
22938800
22939200
22939600
22939900
22940200
22940500
22940900
22941300
22941600
22941900
22942200
22942500
22942900
22943200
22943500
22943900
22944200
22944600
22945000
22945400
22945700
22946000
22946300
22946600
22946900
22947200
22947600
22948000
22948300
22948700
22949100
22949400
22949700
22950000
22950300
22950700
22951100
22951400
22951800
22952200
22952500
22952900
22953300
22953600
22954000
22954300
22954700
22955100
22955500
22955800
22956100
22956400
22956700
22957000
22957300
22957700
22958000
22958400
22958800
22959100
22959500
22959800
22960100
22960400
22960700
22961000
22961300
22961700
22962000
22962300
22962700
22963000
22963300
22963700
22964000
22964400
22964700
22965000
22965300
22965600
22965900
22966300
22966600
22967100
22967500
22967800
22968200
22968600
22968900
22969200
22969500
22969800
22970200
22970600
22970900
22971300
22971600
22971900
22972200
22972600
22973000
22973300
22973600
22974000
22974300
22974600
22975000
22975400
22975700
22976100
22976400
22976700
22977000
22977400
22977700
22978000
22978300
22978600
22979000
22979300
22979700
22980000
22980400
22980800
22981100
22981500
22981800
22982100
22982400
22982800
22983100
22983500
22983900
22984200
22984500
22984800
22985200
22985600
22986000
22986300
22986600
22986900
22987200
22987500
22987900
22988200
22988600
22988900
22989300
22989600
22990000
22990300
22990600
22990900
22991200
22991500
22991900
22992200
22992500
22992900
22993200
22993500
22993900
22994300
22994600
22994900
22995200
22995500
22995800
22996100
22996400
22996700
22997000
22997400
22997700
22998100
22998400
22998800
22999200
22999500
22999900
23000200
23000600
23001000
23001300
23001700
23002100
23002500
23002900
23003300
23003700
23004100
23004400
23004700
23005100
23005500
23005800
23006100
23006400
23006800
23007200
23007600
23008000
23008400
23008800
23009100
23009400
23009700
23010000
23010400
23010800
23011200
23011500
23011900
23012200
23012500
23012900
23013300
23013600
23014000
23014300
23014600
23014900
23015300
23015700
23016000
23016300
23016700
23017000
23017400
23017700
23018000
23018400
23018700
23019000
23019300
23019700
23020000
23020400
23020800
23021100
23021400
23021800
23022100
23022500
23022800
23023100
23023500
23023900
23024300
23024700
23025000
23025300
23025700
23026000
23026400
23026700
23027100
23027400
23027800
23028100
23028400
23028800
23029200
23029600
23030000
23030300
23030700
23031100
23031400
23031700
23032100
23032500
23032800
23033200
23033600
23033900
23034200
23034600
23035000
23035300
23035700
23036100
23036400
23036800
23037100
23037500
23037900
23038200
23038600
23038900
23039200
23039500
23039800
23040200
23040600
23041000
23041400
23041800
23042200
23042500
23042900
23043200
23043400
23043800
23044100
23044500
23044900
23045200
23045600
23045900
23046200
23046500
23046800
23047200
23047600
23047800
23048100
23048500
23048800
23049100
23049500
23049800
23050100
23050500
23050800
23051200
23051500
23051800
23052100
23052500
23052800
23053200
23053600
23053900
23054200
23054600
23054900
23055100
23055500
23055800
23056200
23056500
23056900
23057200
23057600
23057900
23058300
23058700
23059100
23059500
23059800
23060100
23060500
23060800
23061200
23061600
23061900
23062300
23062700
23063000
23063400
23063800
23064100
23064500
23064800
23065200
23065600
23066000
23066400
23066700
23067100
23067400
23067800
23068200
23068500
23068800
23069200
23069500
23069900
23070200
23070500
23070800
23071100
23071400
23071700
23072000
23072300
23072700
23073100
23073500
23073800
23074200
23074600
23074900
23075200
23075500
23075800
23076200
23076600
23076900
23077300
23077600
23078000
23078400
23078700
23079100
23079500
23079900
23080300
23080700
23081000
23081400
23081800
23082200
23082600
23083000
23083300
23083700
23084100
23084400
23084800
23085200
23085500
23085900
23086300
23086700
23087100
23087400
23087800
23088100
23088500
23088800
23089200
23089600
23089900
23090300
23090600
23091000
23091400
23091700
23092000
23092400
23092700
23093100
23095100
23095400
23095700
23096000
23096300
23096600
23096900
23097200
23097500
23097700
23097900
23098200
23098500
23098800
23099000
23099200
23099400
23099700
23100000
23100200
23100400
23100700
23101000
23101300
23101600
23101800
23102000
23102200
23102500
23102800
23103000
23103200
23103500
23103800
23104100
23104300
23104500
23104700
23104900
23105200
23105500
23105800
23106000
23106200
23106500
23106800
23107100
23107300
23107500
23107800
23108100
23108600
23108900
23109100
23109300
23109500
23109800
23110100
23110400
23110700
23110900
23111100
23111300
23111600
23111900
23112200
23112400
23112600
23112900
23113200
23113500
23113700
23113900
23114200
23114500
23114700
23114900
23115200
23115500
23115800
23116100
23116300
23116500
23116800
23117100
23117400
23117600
23117800
23118100
23118400
23118700
23118900
23119100
23119400
23119700
23120000
23120300
23120500
23120700
23121000
23121300
23121600
23121800
23122000
23122300
23122600
23122800
23123000
23123300
23123600
23123900
23124200
23124400
23124600
23124900
23125400
23125700
23126000
23126200
23126400
23126600
23126900
23127200
23127400
23127600
23127900
23128200
23128500
23128700
23128900
23129200
23129500
23129700
23129900
23130200
23130500
23130800
23131000
23131200
23131500
23131800
23132000
23132200
23132500
23132800
23133100
23133300
23133500
23133800
23134100
23134400
23134600
23134800
23135100
23135400
23135700
23135900
23136100
23136400
23136700
23137000
23137200
23137400
23137700
23138000
23138200
23138400
23138700
23139000
23139300
23139600
23139900
23140100
23140300
23140600
23140900
23141100
23141300
23141600
23141900
23142200
23142400
23142600
23142900
23143200
23143500
23143700
23143900
23144200
23144500
23144700
23144900
23145200
23145500
23145700
23145900
23146100
23146400
23146700
23146900
23147200
23147500
23147700
23147900
23148100
23148400
23148600
23148900
23149100
23149300
23149600
23149900
23150200
23150400
23150600
23150900
23151200
23151400
23151600
23151900
23152200
23152500
23152700
23152900
23153100
23153400
23153700
23154000
23154200
23154400
23154700
23154900
23155200
23155500
23155800
23156300
23156600
23156900
23157200
23157500
23157800
23158100
23158400
23158700
23159000
23159400
23159700
23160000
23160300
23160600
23160900
23161200
23161400
23161600
23161900
23162200
23162500
23162700
23163000
23163200
23163400
23163700
23164000
23164300
23164500
23164700
23165000
23165300
23165600
23165800
23166000
23166300
23166600
23166800
23167000
23167300
23167600
23167900
23168100
23168300
23168600
23168900
23169100
23169300
23169600
23169900
23170200
23170400
23170600
23170900
23171200
23171400
23171600
23171900
23172200
23172500
23172700
23172900
23173200
23173500
23173800
23174000
23174200
23174500
23174800
23175100
23175300
23175500
23175800
23176100
23176300
23176500
23176700
23177000
23177200
23177500
23177800
23178000
23178200
23178400
23178700
23179000
23179200
23179400
23179700
23180000
23180200
23180400
23180600
23180900
23181200
23181400
23181600
23181900
23182200
23182400
23182600
23182900
23183200
23183500
23183700
23183900
23184200
23184500
23184700
23184900
23185200
23185500
23185800
23186000
23186200
23186500
23186800
23187100
23187300
23187500
23187800
23188100
23188400
23188600
23188800
23189100
23189400
23189700
23189900
23190100
23190300
23190600
23190900
23191100
23191300
23191600
23191900
23192200
23192400
23192600
23192900
23193200
23193400
23193600
23193900
23194200
23194500
23194700
23194900
23195200
23195500
23195700
23195900
23196200
23196500
23196700
23196900
23197100
23197400
23197700
23197900
23198100
23198400
23198700
23199000
23199200
23199400
23199600
23199900
23200200
23200400
23200600
23200800
23201100
23201400
23201600
23201800
23202000
23202300
23202600
23202800
23203000
23203200
23203500
23203800
23204000
23204200
23204500
23204800
23213900
23214200
23214500
23214700
23214900
23215200
23215500
23215700
23215900
23216100
23216400
23216700
23216900
23217100
23217400
23217700
23218000
23218200
23218400
23218600
23218900
23219100
23219300
23219600
23219900
23220200
23220400
23220600
23220800
23221100
23221400
23221600
23221800
23222100
23222400
23222700
23222900
23223100
23223400
23223700
23224000
23224200
23224400
23224700
23225000
23225200
23225400
23225700
23227400
23227800
23228300
23228800
23229300
23229700
23230200
23230700
23231200
23231700
23232100
23232600
23233100
23233600
23234000
23234400
23234900
23235400
23235900
23236300
23236700
23237200
23237700
23238200
23238600
23239100
23239600
23240100
23240500
23241000
23241500
23242000
23242400
23242900
23243300
23243700
23244200
23244700
23245200
23245600
23246100
23246600
23247100
23247600
23248000
23248500
23249000
23249500
23250000
23250400
23250900
23251400
23251900
23252300
23252800
23253300
23253800
23254200
23254600
23255100
23255600
23256000
23256400
23256900
23257400
23257900
23258400
23258900
23259300
23259800
23260300
23260800
23261300
23261800
23262300
23262700
23263200
23263700
23264200
23264700
23265100
23265600
23266100
23266600
23267100
23267500
23268000
23268500
23269000
23269500
23269900
23270400
23270900
23271400
23271900
23272300
23272800
23273200
23273700
23274200
23274700
23275200
23275600
23276100
23276500
23277000
23277500
23278000
23278500
23278900
23279400
23279900
23280400
23280900
23281300
23281800
23282300
23282800
23283200
23283700
23284200
23284700
23285100
23285600
23286100
23286600
23287100
23287500
23288000
23288400
23288800
23289300
23289800
23290300
23290700
23291200
23291700
23292200
23292700
23293100
23293600
23294100
23294600
23295000
23295500
23296000
23296500
23296900
23297300
23297800
23298300
23298800
23299200
23299700
23300200
23300700
23301100
23301600
23302100
23302600
23303100
23303500
23304000
23304500
23305000
23305500
23305900
23306400
23306900
23307400
23307800
23308300
23308800
23309300
23309700
23310100
23310600
23311100
23311600
23312000
23312500
23313000
23313500
23313900
23314400
23314900
23315400
23315900
23316300
23316800
23317300
23317800
23318200
23318600
23319100
23319600
23320100
23320500
23321000
23321500
23322000
23322400
23322800
23323300
23323800
23324300
23324800
23325200
23325700
23326200
23326700
23327200
23327600
23328100
23328600
23329100
23329600
23330000
23330500
23331000
23331500
23332000
23332400
23332900
23333400
23333900
23334300
23334800
23335300
23335800
23336300
23336700
23337200
23337700
23338200
23338600
23339100
23339600
23340100
23340600
23341000
23341400
23341900
23342400
23342900
23343300
23343700
23344200
23344700
23345200
23345700
23346100
23346600
23347100
23347600
23348000
23348400
23348900
23349300
23349800
23350300
23350800
23351200
23351700
23352200
23352700
23353100
23353600
23354100
23354600
23355100
23355500
23356000
23356500
23357000
23357400
23357800
23358300
23358800
23359300
23359700
23360100
23360600
23361100
23361600
23362000
23362500
23363000
23363500
23364000
23364500
23365000
23365400
23365900
23366400
23366900
23367300
23367800
23368300
23368800
23369200
23369700
23370200
23370700
23371200
23371600
23372100
23372600
23373100
23373600
23374000
23374500
23375000
23375500
23375900
23376300
23376800
23377300
23377800
23378200
23378700
23379200
23379600
23380100
23380600
23381100
23381500
23382000
23382500
23383000
23383500
23383900
23384400
23384900
23385400
23385800
23386200
23386700
23387200
23387700
23388100
23388600
23389100
23389600
23390100
23390500
23391000
23391500
23392000
23392400
23392900
23393400
23393900
23394200
23394500
23394800
23395000
23395200
23395500
23395800
23396100
23396300
23396500
23396800
23397100
23397300
23397500
23397700
23398000
23398300
23398500
23398700
23398900
23399200
23399500
23399700
23399900
23400200
23400500
23400800
23401000
23401200
23401500
23401800
23402000
23402200
23402500
23402800
23403100
23403300
23403500
23403800
23404100
23404300
23404500
23404800
23405100
23405400
23405600
23405800
23406100
23406400
23406700
23406900
23407100
23407400
23407700
23408000
23408200
23408400
23408700
23409000
23409200
23409400
23409600
23409900
23410200
23410500
23410800
23411000
23411200
23411400
23411700
23412000
23412200
23412400
23412700
23413000
23413300
23413600
23413800
23414000
23414300
23414600
23414900
23415100
23415300
23415600
23415900
23416100
23416300
23416500
23416800
23417100
23417400
23417600
23417800
23418100
23418400
23418700
23419000
23419200
23419400
23419700
23420000
23420300
23420600
23420800
23421000
23421300
23421600
23421800
23422000
23422200
23422500
23422800
23423000
23423200
23423400
23423700
23424000
23424300
23424500
23424700
23425000
23425300
23425600
23425800
23426000
23426200
23426500
23426800
23427000
23427200
23427400
23427700
23428000
23428300
23428500
23428700
23429000
23429300
23429600
23429800
23430000
23430300
23430600
23430900
23431100
23431300
23431600
23431900
23432100
23432300
23432500
23432800
23433100
23433300
23433500
23433800
23434100
23434400
23434600
23434800
23435000
23435300
23435600
23435800
23436000
23436200
23436500
23436800
23437000
23437200
23437400
23437700
23438000
23438300
23438500
23438700
23439000
23439300
23439600
23439800
23440000
23440300
23440600
23440900
23441200
23441400
23441600
23441900
23442200
23442500
23442700
23442900
23443200
23443500
23443700
23443900
23444100
23444400
23444700
23444900
23445100
23445300
23445500
23445800
23446100
23446400
23446600
23446800
23447000
23447300
23447600
23447900
23448100
23448300
23448600
23448900
23449200
23449400
23449600
23449900
23450200
23450400
23450600
23450900
23451200
23451500
23451700
23451900
23452100
23452400
23452700
23453000
23453200
23453400
23453700
23454000
23454200
23454400
23454600
23454900
23455200
23455400
23455600
23455900
23456200
23456500
23456700
23456900
23457200
23457500
23457700
23457900
23458100
23458400
23458700
23458900
23459100
23459400
23459700
23460000
23460200
23460400
23460700
23461000
23461300
23461500
23461700
23462000
23462300
23462600
23462800
23463000
23463300
23463600
23463900
23464100
23464300
23464600
23464900
23465100
23465300
23465600
23465900
23466200
23466400
23466600
23466900
23467200
23467400
23467600
23467900
23468200
23468500
23468700
23468900
23469200
23469500
23469700
23469900
23470200
23470500
23470800
23471000
23471200
23471500
23471800
23472100
23472400
23472700
23473000
23473200
23473400
23473700
23474000
23474300
23474500
23474700
23475000
23475300
23475600
23475800
23476000
23476300
23476600
23476900
23477100
23477300
23477600
23477900
23478100
23478300
23478500
23478800
23479100
23479300
23479600
23479900
23480200
23480400
23480700
23481100
23481300
23481600
23481900
23482200
23482500
23482800
23483000
23483200
23483500
23483800
23484100
23484300
23484500
23484800
23485100
23485400
23485600
23485800
23486100
23486400
23486600
23486800
23487000
23487300
23487600
23487800
23488100
23488300
23488600
23488900
23489200
23489400
23489600
23489900
23490200
23490500
23490700
23490900
23491200
23491500
23491800
23492000
23492300
23492500
23492700
23493000
23493300
23493600
23493900
23494200
23494500
23494800
23495100
23495500
23495800
23496200
23496600
23497000
23497400
23497700
23498000
23498300
23498600
23498900
23499100
23499300
23499500
23499700
23500000
23500300
23500600
23500800
23501000
23501300
23501600
23501800
23502000
23502200
23502500
23502800
23503100
23503300
23503500
23503800
23504100
23504400
23504600
23504800
23505100
23505400
23505600
23505800
23506100
23506400
23506700
23506900
23507100
23507400
23507700
23508000
23508200
23508400
23508700
23509000
23509200
23509400
23509600
23509900
23510200
23510400
23510600
23510800
23511100
23511400
23511600
23511800
23512100
23512400
23512700
23513000
23513200
23513400
23513700
23514000
23514300
23514500
23514700
23515000
23515300
23515500
23515700
23515900
23516200
23516500
23516800
23517000
23517200
23517500
23517800
23518100
23518300
23518500
23518800
23519100
23519300
23519500
23519700
23520000
23520300
23520600
23520800
23521000
23521300
23521600
23521900
23522200
23522400
23522600
23522900
23523200
23523500
23523700
23523900
23524200
23524500
23524700
23524900
23525100
23525400
23525700
23525900
23526100
23526300
23526600
23526900
23527200
23527400
23527600
23527900
23528200
23528500
23528700
23528900
23529200
23529500
23529800
23530100
23530300
23530500
23530800
23531100
23531300
23531500
23531800
23532100
23532400
23532600
23532800
23533100
23533400
23533700
23533900
23534200
23534400
23534600
23534900
23535200
23535400
23535600
23535900
23536200
23536400
23536600
23536800
23537100
23537400
23537600
23537800
23538100
23538400
23538600
23538800
23539000
23539300
23539600
23539800
23540000
23540300
23540600
23540900
23541100
23541300
23541600
23541900
23542200
23542500
23542800
23543100
23543300
23543500
23543800
23544100
23544400
23544600
23544800
23545100
23545400
23545600
23545800
23546100
23546400
23546700
23546900
23547100
23547400
23547700
23547900
23548100
23548400
23548700
23548900
23549100
23549400
23549700
23550000
23550300
23550500
23550700
23551000
23551300
23551500
23551700
23552000
23552300
23552600
23552800
23553000
23553300
23553600
23553900
23554100
23557000
23557300
23557600
23557900
23558100
23558300
23558600
23558900
23559200
23559400
23559600
23559900
23560200
23560500
23560700
23560900
23561200
23561500
23561800
23562100
23562300
23562500
23562800
23563100
23563400
23563600
23563800
23564100
23564400
23564700
23564900
23565100
23565400
23565600
23565900
23566200
23566400
23566600
23566800
23567100
23567400
23567700
23567900
23568100
23568400
23568700
23569000
23569200
23569400
23569700
23570000
23570300
23570500
23570700
23571000
23571300
23571500
23571700
23571900
23572200
23572500
23572700
23572900
23573200
23573500
23573800
23574000
23574200
23574500
23574800
23575000
23575200
23575500
23575800
23576100
23576300
23576500
23576800
23577100
23577300
23577500
23577800
23578100
23578400
23578600
23578800
23579100
23579400
23579700
23579900
23580100
23580400
23580700
23581000
23581200
23581400
23581700
23581900
23582200
23582500
23582800
23583000
23583200
23583500
23583800
23584100
23584300
23584500
23584800
23585100
23585400
23585600
23585800
23586100
23586400
23586700
23586900
23587100
23587400
23587700
23587900
23588100
23588400
23588700
23589000
23589300
23589500
23589700
23590000
23590200
23590500
23590800
23591000
23591200
23591500
23591800
23592100
23592300
23592500
23592800
23593100
23593300
23593500
23593800
23594100
23594400
23594600
23594800
23595100
23595400
23595600
23595800
23596100
23596400
23596700
23596900
23597100
23597400
23597700
23598000
23598200
23598400
23598700
23599000
23599200
23599400
23599600
23599900
23600200
23600500
23600700
23600900
23601200
23601500
23601800
23602000
23602200
23602500
23602800
23603100
23603300
23603500
23603800
23604100
23604300
23604500
23604800
23605100
23605300
23605500
23605800
23606100
23606400
23606600
23606800
23607100
23607400
23607600
23607800
23608100
23608400
23608700
23608900
23609100
23609400
23609700
23609900
23610100
23610300
23610600
23610900
23611200
23611400
23611600
23611900
23612200
23612500
23612700
23612900
23613200
23613500
23613800
23614000
23614200
23614400
23614600
23614800
23615100
23615400
23615600
23615800
23616100
23616400
23616700
23616900
23617100
23617400
23617700
23617900
23618100
23618400
23618700
23619000
23619200
23619400
23619700
23620000
23620200
23620400
23620700
23621000
23621300
23621500
23621700
23622000
23622300
23622600
23622900
23623200
23623400
23623600
23623900
23624200
23624500
23624700
23624900
23625200
23625500
23625800
23626000
23626200
23626500
23626800
23627100
23627300
23627500
23627800
23628100
23628300
23628500
23628800
23629100
23629400
23629600
23629800
23630100
23630400
23630600
23630800
23631100
23631400
23631700
23631900
23632100
23632400
23632700
23632900
23633100
23633400
23633700
23634000
23634200
23634400
23634700
23635000
23635300
23635500
23635700
23636000
23636300
23636600
23636800
23637000
23637300
23637600
23637800
23638000
23638200
23638500
23638800
23639000
23639200
23639500
23639800
23640100
23640300
23640500
23640800
23641100
23641400
23641600
23641800
23642100
23642400
23642600
23642800
23643000
23643300
23643600
23643900
23644100
23644300
23644600
23644900
23645100
23645300
23645500
23645800
23646100
23646300
23646500
23646800
23647100
23647400
23647700
23648000
23648200
23648400
23648700
23649000
23649300
23649500
23649700
23650000
23650300
23650600
23650800
23651000
23651300
23651600
23651800
23652000
23652300
23652600
23652900
23653100
23653300
23653600
23653900
23654200
23654400
23654600
23654900
23655200
23655500
23655800
23656100
23656300
23656500
23656800
23657100
23657300
23657500
23657800
23658100
23658400
23658600
23658800
23659100
23659400
23659600
23659800
23660000
23660300
23660600
23660800
23661000
23661300
23661600
23661900
23662100
23662300
23662600
23662900
23663100
23663300
23663500
23663800
23664100
23664400
23664600
23664800
23665100
23665400
23665700
23665900
23666100
23666400
23666700
23667000
23667300
23667500
23667700
23668000
23668300
23668600
23668800
23669000
23669300
23669600
23669900
23670100
23670300
23670600
23670900
23671100
23671300
23671600
23671900
23672200
23672400
23672600
23672900
23673200
23673400
23673600
23673900
23674200
23674500
23674700
23674900
23675200
23675500
23675800
23676000
23676200
23676500
23676800
23677100
23677300
23677500
23677800
23678100
23678300
23678500
23678800
23679100
23679400
23679700
23679900
23680100
23680400
23680700
23681000
23681200
23681400
23681700
23682000
23682300
23682600
23682900
23683200
23683400
23683600
23683900
23684200
23684400
23684600
23684800
23685100
23685400
23685600
23685800
23686100
23686400
23686700
23687000
23687200
23687400
23687700
23688000
23688200
23688400
23688600
23688800
23689000
23689300
23689600
23689900
23690100
23690300
23690500
23690800
23691100
23691300
23691500
23691800
23692100
23692400
23692600
23692800
23693000
23693300
23693600
23693900
23694100
23694300
23694600
23694900
23695100
23695300
23695600
23695900
23696200
23696500
23696700
23696900
23697200
23697500
23697700
23697900
23698200
23698500
23698800
23699000
23699200
23699400
23699700
23700000
23700200
23700400
23700600
23700900
23701200
23701400
23701600
23701900
23702200
23702500
23702800
23703000
23703200
23703500
23703800
23704100
23704300
23704500
23704700
23704900
23705200
23705500
23705800
23706100
23706300
23706500
23706800
23707100
23707400
23707700
23708000
23708200
23708400
23708700
23709000
23709300
23709600
23709900
23710200
23710400
23710600
23710800
23711100
23711400
23711600
23711800
23712100
23712400
23712700
23713000
23713200
23713400
23713600
23713900
23714200
23714400
23714600
23714900
23715200
23715500
23715700
23715900
23716100
23716400
23716700
23717000
23717200
23717400
23717700
23717900
23718200
23718400
23718600
23718900
23719200
23719500
23719700
23720000
23720200
23720400
23720700
23721000
23721200
23721400
23721600
23721900
23722200
23722500
23722700
23722900
23723200
23723500
23723700
23723900
23724200
23724400
23724700
23725000
23725300
23725600
23725900
23726100
23726300
23726600
23726900
23727200
23727400
23727600
23727900
23728200
23728500
23728800
23729000
23729200
23729500
23729800
23730100
23730400
23730700
23731000
23731300
23731500
23731800
23732100
23732600
23733000
23733300
23733600
23733900
23734300
23734700
23735100
23735500
23735800
23736100
23736600
23736800
23737100
23737400
23737700
23737900
23738200
23738400
23738600
23758900
23759200
23759500
23759800
23760100
23760300
23760500
23760800
23761100
23761300
23761500
23761800
23762100
23762400
23762600
23762800
23763100
23763400
23763600
23763800
23764100
23764400
23764600
23764800
23765100
23765400
23765600
23765800
23766100
23766400
23766700
23766900
23767100
23767400
23767700
23767900
23768100
23768400
23768700
23769000
23769200
23769400
23769700
23770000
23770300
23770600
23770900
23771200
23771400
23771600
23771800
23772100
23772400
23772600
23772800
23773100
23773400
23773700
23773900
23774100
23774300
23774500
23774800
23775100
23775300
23775500
23775800
23776200
23776500
23776800
23777100
23777400
23777700
23778000
23778300
23778600
23778900
23779200
23779700
23780100
23780500
23780800
23781100
23781400
23781800
23782100
23782400
23782800
23783100
23783400
23783700
23784000
23784300
23784700
23785100
23785400
23785700
23786100
23786500
23786800
23787300
23787500
23787800
23788100
23788300
23788500
23788800
23789100
23789400
23789600
23789800
23790100
23790400
23790600
23790800
23791000
23791300
23791600
23791800
23792000
23792300
23792600
23792800
23793000
23793300
23793600
23793900
23794200
23794400
23794600
23794900
23795200
23795400
23795600
23795900
23796200
23796500
23796700
23796900
23797200
23797500
23797800
23798000
23798200
23798400
23798700
23799000
23799300
23799600
23799800
23800000
23800300
23800600
23800800
23801000
23801200
23801500
23801800
23802100
23802300
23802500
23802800
23803100
23803300
23803500
23803800
23804100
23804400
23804600
23804800
23805100
23805400
23805600
23805800
23806100
23806400
23806700
23806900
23807100
23807400
23807700
23808000
23808200
23808400
23808700
23809000
23809300
23809500
23809700
23810000
23810300
23810500
23810700
23811000
23811300
23811600
23811800
23812000
23812300
23812600
23812800
23813000
23813300
23813600
23813900
23814100
23814300
23814600
23814900
23815200
23815400
23815600
23815900
23816200
23816500
23816700
23816900
23817200
23817500
23817700
23817900
23818200
23818500
23818800
23819000
23819200
23819400
23819600
23819900
23820200
23820500
23820700
23820900
23821200
23821500
23821700
23821900
23822100
23822400
23822700
23822900
23823100
23823400
23823700
23824000
23824200
23824400
23824700
23825000
23825300
23825500
23825700
23825900
23826200
23826500
23826700
23826900
23827100
23827400
23827700
23827900
23828100
23828400
23828700
23828900
23829100
23829300
23829600
23829900
23830200
23830400
23830600
23830900
23831200
23831400
23831600
23831900
23832200
23832400
23832600
23832800
23833100
23833400
23833600
23833800
23834000
23834300
23834600
23834800
23835000
23835300
23835600
23835800
23836000
23836200
23836500
23836800
23837100
23837300
23837500
23837800
23838100
23838400
23838600
23838800
23839100
23839400
23839700
23839900
23840100
23840400
23840700
23841000
23841200
23841400
23841700
23842000
23842200
23842400
23842600
23842900
23846700
23847000
23847200
23847400
23847700
23848000
23848200
23848400
23848700
23849000
23849200
23849400
23849700
23850000
23850300
23850500
23850700
23850900
23851200
23851500
23851700
23851900
23852200
23852500
23852700
23852900
23853100
23853400
23853700
23854000
23854200
23854400
23854700
23855000
23855300
23855500
23855700
23856000
23856300
23856500
23856700
23857000
23857300
23857600
23857800
23858000
23858300
23858600
23858900
23859100
23859300
23859600
23859900
23860100
23860300
23860600
23860900
23861200
23861400
23861600
23861900
23862200
23862400
23862600
23862900
23863200
23863400
23863600
23863800
23864100
23864400
23864700
23864900
23865100
23865400
23865700
23865900
23866100
23866400
23866700
23867000
23867300
23867600
23867800
23868000
23868200
23868500
23868800
23869100
23869300
23869500
23869800
23870100
23870300
23870500
23870800
23871100
23871400
23871600
23871800
23872100
23872400
23872700
23872900
23873100
23873400
23873700
23873900
23874100
23874400
23874700
23874900
23875100
23875300
23875600
23875900
23876100
23876300
23876600
23876900
23877200
23877400
23877600
23877900
23878200
23878400
23878600
23878800
23879100
23879300
23879600
23879900
23880100
23880300
23880500
23880800
23881100
23881300
23881500
23881800
23882100
23882400
23882600
23882800
23883000
23883300
23883600
23883800
23884000
23884300
23884600
23884900
23885100
23885300
23885600
23885900
23886200
23886400
23886600
23886900
23887200
23887500
23887800
23888000
23888200
23888500
23888800
23889100
23889300
23889500
23889800
23890100
23890300
23890500
23890800
23891100
23891400
23891600
23891800
23892100
23892400
23892700
23892900
23893100
23893400
23893700
23893900
23894100
23894300
23894600
23894900
23895100
23895300
23895600
23895900
23896200
23896400
23896600
23896800
23897100
23897400
23897600
23897800
23898100
23898400
23898700
23898900
23899100
23899400
23899700
23900000
23900200
23900400
23900700
23901000
23901200
23901400
23901700
23902000
23902200
23902400
23902700
23903000
23903300
23903500
23903700
23904000
23904300
23904500
23904700
23904900
23905200
23905500
23905700
23905900
23906200
23906500
23906800
23907000
23907200
23907500
23907800
23908100
23908300
23908500
23908800
23909100
23909300
23909500
23909700
23910000
23910300
23910600
23910800
23911000
23911300
23911600
23911900
23912200
23912400
23912600
23912900
23913200
23913500
23913700
23913900
23914100
23914400
23914700
23914900
23915100
23915400
23915700
23915900
23916100
23916400
23916700
23916900
23917100
23917300
23917600
23917900
23918100
23918300
23918600
23918900
23919200
23919400
23919600
23919900
23920200
23920400
23920600
23920800
23921100
23921400
23921700
23921900
23922100
23922400
23922700
23922900
23923100
23923400
23923600
23923900
23924200
23924500
23924700
23924900
23925400
23925700
23926000
23926200
23926400
23926700
23927000
23927300
23927500
23927700
23928000
23928200
23928400
23928700
23929000
23929200
23929400
23929700
23930000
23930200
23930400
23930700
23931000
23931200
23931400
23931600
23931900
23932200
23932400
23932600
23932800
23933100
23933400
23933600
23933800
23934300
23934500
23934800
23935100
23935400
23935600
23935800
23936100
23936400
23936700
23936900
23937100
23937400
23937700
23937900
23938100
23938400
23938700
23939000
23939200
23939400
23939700
23940000
23940300
23940500
23940700
23941000
23941300
23941500
23941900
23942200
23942400
23942600
23942900
23943200
23943400
23943600
23943800
23944100
23944400
23944600
23944800
23945000
23945300
23945600
23945900
23946200
23946400
23946600
23946900
23947200
23947500
23947700
23947900
23948200
23948500
23948700
23948900
23949200
23949500
23949800
23950000
23950200
23950500
23950800
23951000
23951200
23951500
23951800
23952000
23952200
23952500
23952800
23953000
23953200
23953500
23953800
23954100
23954300
23954500
23954800
23955100
23955300
23955500
23955800
23956100
23956400
23956600
23956800
23957100
23957400
23957600
23957800
23958100
23958400
23958700
23958900
23959100
23959400
23959700
23959900
23960100
23960300
23960500
23960700
23961000
23961300
23961600
23961900
23962200
23962400
23962600
23962900
23963200
23963400
23963600
23963900
23964200
23964400
23964600
23964800
23965000
23965300
23965600
23965900
23966100
23966300
23966600
23966900
23968300
23968500
23968700
23969000
23969300
23969600
23969800
23970000
23970300
23970600
23970900
23971200
23971400
23971700
23972000
23972500
23972800
23973100
23973500
23973800
23974100
23974400
23974700
23975100
24001500
24001800
24002200
24002600
24002900
24003200
24003400
24003700
24004000
24004200
24004500
24004800
24005100
24005400
24005600
24005900
24006200
24006500
24006800
24007100
24007400
24007700
24008000
24008300
24008600
24008900
24009100
24009400
24009700
24010000
24010300
24010500
24010800
24011100
24011400
24011700
24011900
24012200
24012500
24012800
24013100
24013400
24013700
24014100
24014400
24014800
24015200
24015500
24015900
24016200
24016500
24016900
24017100
24017300
24017600
24017900
24018200
24018500
24018800
24019100
24019400
24019700
24019900
24020200
24020400
24020700
24021000
24021400
24022000
24022200
24022500
24022800
24023000
24023300
24023600
24023800
24024100
24024300
24024600
24024900
24025200
24025400
24025700
24026000
24026200
24026500
24026700
24027000
24027300
24027600
24027900
24028200
24028500
24028800
24029000
24029200
24029600
24029900
24030200
24030400
24030700
24031000
24031300
24031600
24031900
24032200
24032500
24032700
24033000
24033300
24033600
24033900
24034200
24034500
24034700
24035000
24035400
24035700
24036000
24036200
24036400
24036700
24037100
24037400
24037700
24038000
24038300
24038600
24038900
24039200
24039500
24039800
24040000
24040300
24040600
24040900
24041200
24041500
24041800
24042100
24042500
24042900
24043200
24043500
24043900
24044200
24044500
24044800
24045100
24045400
24045800
24046100
24046400
24046700
24047000
24047500
24047800
24048100
24048400
24048600
24048800
24049100
24049400
24049700
24049900
24050100
24050400
24050700
24051000
24051200
24051400
24051700
24052000
24052300
24052500
24052700
24052900
24053200
24053500
24053700
24053900
24054200
24054500
24054800
24055000
24055200
24055500
24055800
24056100
24056300
24056500
24056800
24057100
24057400
24057700
24057900
24058100
24058400
24058700
24059000
24059200
24059400
24059600
24059800
24060100
24060400
24060700
24060900
24061100
24061300
24061600
24061900
24062200
24062400
24062600
24062800
24063100
24063400
24063700
24064000
24064300
24064600
24064900
24065200
24065400
24065600
24065800
24066100
24066400
24066600
24066800
24067000
24067300
24067600
24067800
24068000
24068300
24068600
24068900
24069100
24069300
24069600
24069900
24070200
24070400
24070600
24070900
24071200
24071400
24071600
24071800
24072100
24072400
24072600
24072800
24073100
24073400
24073700
24073900
24074100
24074400
24074700
24075000
24075200
24075400
24075600
24075900
24076200
24076500
24076700
24076900
24077100
24077300
24077600
24077900
24078200
24078400
24078600
24078900
24079200
24079500
24079700
24079900
24080200
24080500
24080800
24081000
24081200
24081500
24081800
24082100
24082300
24082500
24082800
24083100
24083300
24083500
24083800
24084100
24084400
24084600
24084800
24085100
24085400
24085700
24085900
24086100
24086400
24086700
24087000
24087200
24087400
24087700
24088000
24088300
24088500
24088700
24089000
24089300
24089600
24089800
24090000
24090300
24090600
24090900
24091200
24091400
24091600
24091900
24092200
24092500
24092700
24092900
24093200
24093500
24093700
24094000
24094300
24094500
24094700
24094900
24095200
24095500
24095800
24096000
24096200
24096500
24096800
24097000
24097200
24097500
24097800
24098100
24098300
24098500
24098800
24099100
24099400
24099600
24099800
24100100
24100400
24100700
24100900
24101100
24101400
24101700
24102000
24102200
24102400
24102700
24103000
24103300
24103500
24103700
24104000
24104300
24104600
24104800
24105000
24105200
24105500
24105800
24106000
24106200
24106400
24106700
24107000
24107200
24107400
24107600
24107900
24108200
24108400
24108600
24108800
24109100
24109400
24109600
24109800
24110100
24110400
24110700
24110900
24111100
24111400
24111700
24112000
24112200
24112400
24112700
24113000
24113200
24113400
24113600
24113900
24114200
24114400
24114600
24114800
24115100
24115400
24115600
24115800
24116000
24116300
24116600
24116900
24117100
24117300
24117600
24117900
24118200
24118400
24118600
24118900
24119200
24119500
24119700
24119900
24120200
24120500
24120800
24121000
24121200
24121500
24121800
24122100
24122300
24122500
24122800
24123100
24123400
24123600
24123800
24124100
24124400
24124600
24124800
24125100
24125400
24125700
24125900
24126100
24126400
24126700
24127000
24127200
24127400
24127700
24128000
24128300
24128500
24128700
24129000
24129300
24129600
24129800
24130000
24130300
24130600
24130900
24131100
24131300
24131600
24131900
24132200
24132400
24132600
24132800
24133100
24133400
24133600
24133800
24134000
24134300
24134600
24134800
24135000
24135200
24135500
24135800
24136000
24136200
24136500
24136800
24137100
24137300
24137500
24137800
24138100
24138400
24138600
24138800
24139100
24139400
24139600
24139800
24140000
24140300
24140600
24140800
24141000
24141300
24141600
24141900
24148800
24149100
24149300
24149500
24149700
24150000
24150300
24150500
24150700
24150900
24151200
24151500
24151700
24151900
24152100
24152400
24152700
24152900
24153100
24153400
24153700
24154000
24154200
24154400
24154700
24155000
24155200
24155400
24155700
24156000
24156300
24156500
24156700
24157000
24157300
24157600
24157800
24158000
24158300
24158600
24158900
24159100
24159300
24159600
24159900
24160200
24160400
24160600
24160900
24161200
24161500
24161700
24161900
24162100
24162400
24162700
24162900
24163100
24163300
24163600
24163900
24164100
24164300
24164500
24164800
24165100
24165400
24165600
24165800
24166100
24166400
24166600
24166800
24167000
24167300
24167600
24167800
24168000
24168300
24168600
24168900
24169100
24169300
24169600
24169900
24170200
24170400
24170600
24170900
24171200
24171400
24171600
24171800
24172100
24172400
24172600
24172800
24173000
24173300
24173600
24173900
24174100
24174300
24174600
24174900
24175200
24175400
24175600
24175900
24176200
24176500
24176700
24176900
24177200
24177500
24177800
24178000
24178200
24178500
24178800
24179100
24179300
24179500
24179800
24180100
24180400
24180600
24180800
24181100
24181400
24181600
24181800
24182000
24182300
24182600
24182900
24183100
24183300
24183600
24183900
24184100
24184300
24184600
24184900
24185200
24185500
24185800
24186000
24186200
24186500
24186800
24187000
24187200
24187400
24187700
24188000
24188200
24188400
24188600
24188900
24189200
24189500
24189700
24189900
24190200
24190500
24190800
24191000
24191200
24191500
24191800
24192100
24192300
24192500
24192800
24193100
24193400
24193700
24194000
24194200
24194400
24194700
24195000
24195200
24195400
24195600
24195900
24196200
24196400
24196600
24196900
24197200
24197500
24197700
24197900
24198200
24198500
24198700
24198900
24199200
24199500
24199800
24200000
24200200
24200500
24200800
24201100
24201300
24201500
24201800
24202100
24202400
24202600
24202800
24203100
24203400
24203700
24203900
24204100
24204400
24204700
24205000
24205200
24205400
24205700
24206000
24206200
24206400
24206600
24206900
24207200
24207400
24207600
24207800
24208100
24208400
24208600
24208800
24209000
24209500
24209800
24210100
24210300
24210500
24210800
24211100
24211300
24211500
24211800
24212100
24212400
24212600
24212800
24213300
24213600
24213900
24214200
24214400
24214600
24214900
24215200
24215500
24215800
24216100
24216400
24216700
24216900
24217100
24217300
24217600
24217900
24218100
24218300
24218500
24218800
24219100
24219300
24219500
24219700
24220000
24220300
24220500
24220800
24221000
24221200
24221500
24221800
24222000
24222200
24222400
24222700
24223000
24223200
24223400
24223700
24224000
24224300
24224500
24224700
24225000
24225300
24225500
24225700
24226000
24226300
24226600
24226800
24227000
24227300
24227600
24227800
24228000
24228300
24228600
24228900
24229100
24229300
24229600
24229900
24230100
24230300
24230600
24230900
24231200
24231400
24231600
24231900
24232200
24232400
24232600
24232900
24233200
24233500
24233700
24233900
24234200
24234500
24234800
24235000
24235200
24235500
24235800
24236000
24236300
24236500
24236700
24237000
24237300
24237500
24237700
24238000
24238300
24238600
24238800
24239000
24239300
24239600
24239800
24240000
24240300
24240600
24240900
24241100
24241300
24241600
24241900
24242100
24242300
24242600
24242900
24243100
24243300
24243600
24243900
24244200
24244400
24244600
24244900
24245200
24245400
24245600
24245900
24246200
24246500
24246700
24246900
24247200
24247500
24247800
24248000
24248200
24248500
24248800
24249000
24249200
24249400
24249700
24249900
24250200
24250500
24250800
24251000
24251200
24251500
24251800
24252000
24252200
24252500
24252800
24253100
24253300
24253500
24253800
24254100
24254300
24254500
24254800
24255100
24255300
24255500
24255700
24256000
24256300
24256500
24256700
24257000
24257300
24257500
24257700
24258000
24258300
24258600
24258800
24259000
24259300
24259600
24259900
24260100
24260300
24260500
24260900
24261200
24261500
24261800
24262000
24262200
24262400
24262700
24263000
24263300
24263600
24263800
24264000
24264300
24264600
24264900
24265100
24265300
24265600
24265900
24266100
24266300
24266600
24266900
24267200
24267400
24267600
24267800
24268100
24268400
24268700
24269000
24269200
24269400
24269700
24270000
24270300
24270500
24270700
24271000
24271300
24271500
24271700
24272000
24272300
24272600
24272900
24273200
24273500
24273700
24274000
24274300
24274600
24274900
24275200
24275700
24276100
24276400
24276700
24277000
24277300
24277600
24278000
24278300
24278600
24279000
24279300
24279600
24279800
24280200
24280500
24280800
24281100
24281400
24281600
24281800
24282000
24282300
24282600
24282800
24283000
24283300
24283600
24283900
24284100
24284300
24284600
24284900
24285100
24285300
24285500
24285700
24286000
24286300
24286500
24286700
24287000
24287300
24287600
24287800
24288000
24288300
24288600
24288800
24289000
24289300
24289600
24289900
24290100
24290300
24290600
24290900
24291200
24291400
24291600
24291900
24292200
24292400
24292600
24292900
24293200
24293500
24293700
24293900
24294200
24294500
24294700
24294900
24295200
24295500
24295700
24295900
24296200
24296500
24296800
24297000
24297200
24297500
24297800
24298000
24298200
24298500
24298800
24299100
24299300
24299500
24299800
24300100
24300300
24300500
24300800
24301100
24301400
24301600
24301800
24302100
24302400
24302700
24302900
24303100
24303300
24303600
24303900
24304100
24304300
24304600
24304900
24305200
24305500
24305800
24306100
24306300
24306500
24306800
24307100
24307300
24307500
24307800
24308100
24308400
24308600
24308800
24309000
24309300
24309600
24309800
24310000
24310300
24310600
24310800
24311000
24311300
24311600
24311800
24312000
24312200
24312500
24312800
24313100
24313300
24313500
24313800
24314100
24314300
24314500
24314700
24315000
24315300
24315600
24315800
24316000
24316300
24316600
24316900
24317100
24317300
24317600
24317900
24318200
24318400
24318600
24318900
24319200
24319500
24319700
24319900
24320200
24320500
24320800
24321000
24321200
24321500
24321800
24322000
24322200
24322400
24322700
24323000
24323200
24323400
24323700
24324000
24324300
24324500
24324700
24325000
24325300
24325500
24325700
24326000
24326300
24326600
24326800
24327000
24327200
24327500
24327800
24328000
24328200
24328500
24328800
24329100
24329300
24329500
24329700
24330000
24330300
24330500
24330700
24330900
24331200
24331500
24331700
24331900
24332200
24332500
24332800
24333100
24333300
24333500
24333800
24334100
24334300
24334500
24334800
24335100
24335400
24335600
24335800
24336100
24336400
24336700
24336900
24337100
24337400
24337700
24337900
24338200
24338400
24338600
24338900
24339200
24339400
24339600
24339800
24340000
24340300
24340600
24340800
24341000
24341300
24341600
24341900
24342100
24342300
24342600
24342900
24343100
24343300
24343500
24343700
24344000
24344300
24344500
24344700
24345000
24345300
24345600
24345800
24346000
24346300
24346600
24346800
24347000
24347200
24347500
24347800
24348100
24348300
24348500
24348800
24349100
24349300
24349500
24349800
24350100
24350400
24350600
24350800
24351000
24351300
24351600
24351800
24352000
24352300
24352600
24352800
24353000
24353300
24353600
24353900
24354200
24354400
24354600
24354900
24355200
24355400
24355600
24355900
24356200
24356500
24356700
24356900
24357200
24357500
24357800
24358100
24358300
24358500
24358800
24359100
24359300
24359500
24359700
24360000
24360300
24360500
24360700
24360900
24361200
24361500
24361700
24361900
24362100
24362400
24362700
24362900
24363100
24363400
24363700
24363900
24364100
24364300
24364600
24364900
24365100
24365300
24365600
24365900
24366200
24366400
24366600
24366900
24367200
24367400
24367600
24367800
24368100
24368400
24368700
24368900
24369100
24369400
24369700
24370000
24370200
24370400
24370700
24371000
24371300
24371500
24371700
24371900
24372200
24372500
24372700
24372900
24373200
24373500
24373800
24374000
24374200
24374500
24374800
24375100
24375300
24375500
24375800
24376100
24376400
24376600
24376800
24377100
24377400
24377600
24377800
24378000
24378300
24378600
24378800
24379000
24379300
24379600
24379900
24380100
24380300
24380600
24380900
24381100
24381300
24381500
24381800
24382100
24382400
24382600
24382800
24383100
24383400
24383600
24383800
24384000
24384300
24384600
24384900
24385100
24385300
24385600
24385900
24386200
24386400
24386600
24386900
24387200
24387500
24387700
24387900
24388200
24388500
24388800
24389000
24389200
24389500
24389800
24390000
24390200
24390500
24390800
24391100
24391300
24391500
24391700
24392000
24392300
24392500
24392700
24393000
24393300
24393600
24393800
24394000
24394300
24394600
24394800
24395000
24395200
24395500
24395800
24396100
24396300
24396500
24396800
24397100
24397300
24397500
24397700
24398000
24398300
24398500
24398700
24398900
24399200
24399500
24399800
24400000
24400200
24400500
24400800
24401000
24401200
24401400
24401700
24402000
24402300
24402500
24402700
24403000
24403300
24403500
24403700
24404000
24404300
24404600
24404800
24405000
24405300
24405600
24405900
24406100
24406300
24406600
24406900
24407200
24407400
24407600
24407900
24408200
24408400
24408600
24408800
24409100
24409400
24409700
24409900
24410100
24413200
24413400
24413600
24413900
24414200
24414500
24414700
24414900
24415200
24415500
24415800
24416000
24416200
24416500
24416800
24417000
24417200
24417500
24417800
24418100
24418300
24418500
24418800
24419100
24419300
24419500
24419800
24420100
24420400
24420600
24420800
24421100
24421400
24421600
24421800
24422100
24422400
24422700
24422900
24423100
24423400
24423700
24423900
24424100
24424400
24424700
24425000
24425200
24425400
24425700
24426000
24426300
24426500
24426700
24427000
24427300
24427600
24427800
24428000
24428300
24428600
24428900
24429100
24429300
24429600
24429800
24430100
24430400
24430700
24430900
24431100
24431400
24431700
24431900
24432100
24432400
24432700
24432900
24433100
24433400
24433700
24434000
24434200
24434400
24434700
24435000
24435300
24435500
24435700
24436000
24436300
24436500
24436700
24437000
24437300
24437500
24437700
24437900
24438200
24438500
24438800
24439000
24439200
24439500
24439800
24440000
24440200
24440500
24440800
24441100
24441400
24441600
24441800
24442100
24442400
24442600
24442800
24443100
24443400
24443700
24443900
24444100
24444400
24444700
24445000
24445200
24445400
24445700
24446000
24446200
24446400
24446700
24447000
24447200
24447400
24447700
24448000
24448300
24448500
24448700
24449000
24449300
24449600
24449800
24450000
24450300
24450600
24450800
24451100
24451400
24451700
24451900
24452100
24452400
24452700
24453000
24453200
24453400
24453700
24454000
24454300
24454600
24454900
24455200
24455400
24455600
24455900
24456200
24456500
24456700
24456900
24457200
24457500
24457700
24457900
24458200
24458500
24458800
24459100
24459300
24459500
24459800
24460100
24460300
24460500
24460800
24461100
24461400
24461600
24461800
24462000
24462300
24462600
24462900
24463100
24463300
24463600
24463900
24464200
24464400
24464600
24464900
24465200
24465500
24465800
24466000
24466200
24466500
24466800
24467000
24467200
24467500
24467800
24468000
24468200
24468400
24468600
24468900
24469200
24469400
24469600
24469900
24470200
24470400
24470600
24470800
24471100
24471400
24471700
24471900
24472100
24472400
24472700
24472900
24473100
24473300
24473600
24473900
24474100
24474300
24474600
24474900
24475300
24475600
24475900
24476300
24476500
24477000
24477300
24477600
24477900
24478100
24478400
24478700
24479000
24479300
24479600
24479900
24480200
24480500
24480800
24481100
24481400
24481600
24481800
24482100
24482400
24482700
24483000
24483200
24483400
24483700
24484000
24484400
24484700
24484900
24485100
24485300
24485500
24485800
24486100
24486400
24486700
24486900
24487100
24487400
24487700
24488000
24488300
24488500
24488700
24489000
24489300
24489600
24489900
24490200
24490500
24490700
24491000
24491200
24491500
24491800
24492100
24492400
24492700
24493000
24493300
24493600
24493800
24494100
24494300
24494500
24494800
24495100
24495400
24495700
24495900
24496100
24496400
24496700
24497000
24497300
24497500
24497700
24497900
24498200
24498500
24498800
24499100
24499400
24499600
24499900
24500100
24500300
24500600
24500900
24501200
24501500
24501700
24501900
24502200
24502400
24502600
24502800
24503000
24503200
24503400
24503700
24504000
24504300
24504600
24504900
24505200
24505500
24505800
24506100
24506500
24506800
24507100
24507500
24507700
24508200
24508500
24508800
24509000
24509200
24509400
24509600
24509800
24510100
24510400
24510700
24510900
24511100
24511300
24511600
24511900
24512100
24512300
24512600
24512900
24513200
24513400
24513600
24513900
24514200
24514400
24514600
24514800
24515100
24515400
24515600
24515800
24516000
24516300
24516600
24516800
24517000
24517300
24517600
24517900
24518100
24518300
24518500
24518800
24519100
24519300
24519500
24519700
24520000
24520300
24520500
24520700
24521000
24521300
24521600
24521800
24522000
24522300
24522600
24522900
24523100
24523300
24523600
24523900
24524100
24524300
24524600
24524900
24525200
24525400
24525600
24525900
24526200
24526400
24526600
24526900
24527200
24527500
24527800
24528000
24528200
24528500
24528800
24529000
24529200
24529400
24529700
24530000
24530200
24530400
24530600
24530900
24531200
24531400
24531600
24531800
24532100
24532400
24532600
24532800
24533000
24533300
24533600
24533800
24534000
24534200
24534500
24534800
24535000
24535200
24535500
24535800
24536100
24536300
24536500
24536800
24537100
24537400
24537600
24537800
24538100
24538400
24538600
24538800
24539100
24539400
24539700
24539900
24540100
24540400
24540700
24540900
24541100
24541400
24541700
24542000
24542200
24542400
24542700
24543000
24543300
24543500
24543700
24544000
24544300
24544600
24544800
24545000
24545300
24545600
24545900
24546100
24546400
24546600
24546800
24547100
24547400
24547700
24547900
24548100
24548400
24548700
24548900
24549100
24549300
24549600
24549900
24550100
24550300
24550600
24550900
24551200
24551400
24551600
24551900
24552200
24552400
24552600
24552900
24553200
24553500
24553700
24553900
24554200
24554500
24554700
24554900
24555100
24555400
24555700
24555900
24556100
24556400
24556700
24557000
24557200
24557400
24557700
24558000
24558300
24558500
24558800
24559100
24559300
24559500
24559700
24560000
24560300
24560500
24560700
24560900
24561200
24561500
24561700
24561900
24562200
24562500
24562800
24563000
24563200
24563500
24563800
24564100
24564300
24564500
24564800
24565100
24565300
24565500
24565800
24566100
24566400
24566600
24566800
24567000
24567300
24567600
24567800
24568000
24568300
24568600
24568900
24569100
24569300
24569600
24569900
24570200
24570400
24570600
24570900
24571200
24571500
24571700
24571900
24572200
24572500
24572800
24573000
24573200
24573500
24573800
24574100
24574300
24574500
24574800
24575100
24575400
24575600
24575800
24576100
24576400
24576600
24576800
24577000
24577300
24577600
24577800
24578000
24578300
24578600
24578900
24579200
24579400
24579600
24579900
24580200
24580500
24580700
24580900
24581200
24581500
24581700
24581900
24582200
24582500
24582800
24583000
24583200
24583500
24583800
24584100
24584300
24584500
24584800
24585100
24585400
24585600
24585800
24586100
24586400
24586700
24586900
24587100
24587400
24587700
24588000
24588200
24588400
24588700
24589000
24589300
24589500
24589700
24590000
24590300
24590500
24590700
24591000
24591300
24591600
24591800
24592000
24592300
24592600
24592900
24593100
24593300
24593600
24593900
24594100
24594300
24594600
24594900
24595200
24595400
24595600
24595900
24596200
24596400
24596600
24596800
24597100
24597400
24597600
24597800
24598100
24598400
24598700
24598900
24599100
24599400
24599700
24600000
24600200
24600400
24600700
24601000
24601300
24601500
24601700
24602000
24602300
24602600
24602800
24603000
24603300
24603600
24603900
24604100
24604300
24604500
24604800
24605100
24605300
24605500
24605800
24606100
24606400
24606600
24606800
24607100
24607400
24607600
24607800
24608100
24608400
24608700
24608900
24609100
24609400
24609700
24609900
24610100
24610300
24610600
24610900
24611100
24611300
24611500
24611700
24612000
24612300
24612600
24612800
24613000
24613300
24613600
24613900
24614100
24614300
24614600
24614900
24615200
24615400
24615600
24615900
24616200
24616500
24616700
24616900
24617200
24617500
24617700
24617900
24618100
24618400
24618700
24618900
24619100
24619400
24619700
24620000
24620200
24620400
24620700
24621000
24621200
24621400
24621700
24622000
24622300
24622500
24622700
24623000
24623300
24623500
24623800
24624000
24624200
24624400
24624700
24625000
24625200
24625400
24625700
24626000
24626300
24626500
24626700
24627000
24627300
24627600
24627800
24628000
24628200
24628500
24628800
24629000
24629200
24629500
24629800
24630100
24630300
24630500
24630800
24631100
24631400
24631600
24631900
24632100
24632300
24632600
24632900
24633100
24633300
24633600
24633900
24634200
24634400
24634600
24634900
24635200
24635400
24635600
24635900
24636200
24636500
24636700
24636900
24637200
24637500
24637800
24638000
24638200
24638500
24638800
24639000
24639200
24639400
24639700
24640000
24640200
24640400
24640600
24640900
24641200
24641500
24641700
24641900
24642200
24642500
24642800
24643000
24643200
24643400
24643700
24644000
24644200
24644400
24644700
24645000
24645300
24645500
24645700
24646000
24646300
24646500
24646700
24646900
24647200
24647500
24647700
24647900
24648200
24648500
24648700
24648900
24649100
24649400
24649700
24649900
24650100
24650400
24650700
24651000
24651200
24651400
24651700
24652000
24652300
24652500
24652700
24653000
24653300
24653600
24653800
24654000
24654300
24654600
24654900
24655100
24655300
24655600
24655900
24656200
24656400
24656600
24656900
24657200
24657500
24657700
24657900
24658200
24658500
24658700
24658900
24659200
24659500
24659800
24660000
24660200
24660500
24660800
24661000
24661200
24661400
24661700
24662000
24662200
24662400
24662700
24663000
24663300
24663500
24663700
24664000
24664300
24664500
24664700
24665000
24665300
24665600
24665800
24666000
24666300
24666600
24666900
24667100
24667300
24667600
24667900
24668200
24668400
24668600
24668900
24669200
24669500
24669800
24670000
24670200
24670500
24670800
24671100
24671300
24671500
24671800
24672100
24672300
24672500
24672700
24673000
24673300
24673500
24673700
24674000
24674300
24674600
24674800
24675000
24675300
24675600
24675800
24676000
24678700
24679000
24679300
24679500
24679700
24680000
24680300
24680600
24680800
24681000
24681300
24681600
24681900
24682100
24682300
24682500
24682800
24683100
24683400
24683600
24683800
24684100
24684400
24684700
24684900
24685100
24685400
24685700
24686000
24686300
24686500
24686700
24687000
24687200
24687500
24687700
24688000
24688300
24688500
24688700
24689000
24689300
24689600
24689900
24690100
24690300
24690600
24690900
24691200
24691400
24691600
24691900
24692200
24692500
24692700
24692900
24693100
24693400
24693700
24693900
24694100
24694400
24694700
24695000
24695200
24695400
24695700
24696000
24696300
24696500
24696700
24697000
24697300
24697600
24697800
24698000
24698300
24698600
24698800
24699000
24699200
24699500
24699800
24700000
24700200
24700500
24700800
24701000
24701200
24701500
24701800
24702100
24702300
24702500
24702800
24703100
24703400
24703600
24703800
24704100
24704400
24704700
24704900
24705100
24705400
24705700
24706000
24706200
24706400
24706700
24707000
24707300
24707500
24707700
24708000
24708300
24708600
24708800
24709000
24709300
24709600
24709900
24710100
24710300
24710600
24710900
24711200
24711400
24711600
24711800
24712000
24712300
24712600
24712900
24713100
24713300
24713600
24713900
24714100
24714300
24714600
24714900
24715200
24715500
24715800
24716000
24716200
24716500
24716800
24717100
24717300
24717500
24717800
24718100
24718400
24718600
24718800
24719000
24719300
24719600
24720000
24720300
24720600
24720900
24721200
24721500
24721700
24721900
24722100
24722400
24722700
24723000
24723200
24723400
24723700
24724000
24724200
24724400
24724600
24724900
24725200
24725400
24725600
24725900
24726200
24726500
24726800
24727100
24727400
24727700
24727900
24728100
24728300
24728600
24728900
24729100
24729300
24729500
24729800
24730100
24730300
24730500
24730800
24731100
24731400
24731700
24732000
24732200
24732500
24732700
24732900
24733100
24733600
24733900
24734200
24734500
24734800
24735200
24735500
24735900
24736300
24736700
24736900
24737400
24737700
24738000
24738300
24738600
24738800
24739000
24739200
24739500
24739800
24740000
24740200
24740500
24740800
24741000
24741200
24741500
24741800
24742100
24742300
24742500
24742800
24743100
24743300
24743500
24743800
24744100
24744300
24744500
24744700
24745000
24745300
24745500
24745700
24746000
24746300
24746600
24746800
24747000
24747300
24747600
24747800
24748000
24748200
24748500
24748800
24749100
24749300
24749500
24749800
24750100
24750300
24750500
24750800
24751100
24751400
24751600
24751800
24752100
24752400
24752600
24752800
24753100
24753400
24753700
24753900
24754100
24754400
24754700
24754900
24755100
24755400
24755700
24755900
24756100
24756400
24756700
24757000
24757200
24757400
24757700
24758000
24758200
24758400
24758600
24758900
24759200
24759400
24759600
24759800
24760100
24760400
24760600
24760800
24761100
24761400
24761700
24761900
24762100
24762400
24762700
24763000
24763200
24763400
24763700
24764000
24764300
24764500
24764700
24765000
24765300
24765500
24765700
24766000
24766300
24766500
24766700
24767000
24767300
24767600
24767800
24768000
24768300
24768600
24768800
24769000
24769300
24769600
24769900
24770100
24770300
24770600
24770900
24771100
24771300
24771500
24771800
24772100
24772300
24772500
24772800
24773100
24773400
24773600
24773800
24774000
24774300
24774600
24774900
24775200
24775400
24775600
24775900
24776200
24776500
24776700
24776900
24777100
24777400
24777700
24778000
24778200
24778400
24778600
24778900
24779200
24779400
24779600
24779800
24780100
24780400
24780700
24780900
24781100
24781400
24781700
24782000
24782200
24782400
24782700
24783000
24783300
24783500
24783700
24784000
24784300
24784600
24784800
24785000
24785200
24785500
24785800
24786100
24786300
24786500
24786700
24787000
24787300
24787600
24787800
24788000
24788300
24788600
24788900
24789200
24789400
24789600
24789900
24790200
24790500
24790700
24790900
24791100
24791400
24791700
24792000
24792200
24792400
24792600
24792900
24793200
24793500
24793700
24793900
24794200
24794500
24794800
24795100
24795300
24795500
24795700
24796000
24796300
24796600
24796800
24797000
24797300
24797600
24797900
24798100
24798300
24798600
24798900
24799200
24799400
24799600
24799800
24800100
24800400
24800700
24800900
24801100
24801300
24801600
24801900
24802200
24802400
24802600
24802800
24803100
24803400
24803700
24803900
24804100
24804400
24804700
24805000
24805200
24805400
24805600
24805900
24806200
24806500
24806700
24806900
24807100
24807400
24807700
24807900
24808100
24808300
24808600
24808900
24809100
24809300
24809500
24809800
24810100
24810400
24810600
24810800
24811100
24811400
24811700
24811900
24812100
24812400
24812700
24813000
24813200
24813400
24813600
24813900
24814200
24814500
24814700
24814900
24815100
24815400
24815700
24816000
24816200
24816400
24816600
24816900
24817200
24817500
24817700
24817900
24818100
24818400
24818700
24819000
24819300
24819500
24819700
24819900
24820200
24820500
24820800
24821000
24821200
24821500
24821800
24822100
24822300
24822500
24822800
24823100
24823400
24823600
24823800
24824000
24824300
24824600
24824900
24825100
24825300
24825600
24825900
24826200
24826400
24826600
24826900
24827200
24827500
24827800
24828000
24828200
24828500
24828800
24829100
24829400
24829600
24829800
24830100
24830400
24830700
24830900
24831100
24831300
24831600
24831900
24832200
24832400
24832600
24832800
24833100
24833400
24833600
24833800
24834000
24834300
24834600
24834900
24835100
24835300
24835600
24835900
24836200
24836400
24836600
24836900
24837200
24837500
24837700
24837900
24838100
24838400
24838700
24839000
24839200
24839500
24839700
24839900
24840200
24840500
24840800
24841000
24841200
24841400
24841700
24842000
24842300
24842500
24842700
24842900
24843200
24843500
24843800
24844000
24844200
24844400
24844700
24845000
24845300
24845500
24845700
24845900
24846200
24846500
24846800
24847000
24847200
24847500
24847800
24848100
24848300
24848500
24848800
24849100
24849400
24849600
24849800
24850100
24850400
24850700
24850900
24851100
24851300
24851600
24851900
24852100
24852300
24852500
24852800
24853100
24853400
24853600
24853800
24854000
24854300
24854600
24854900
24855100
24855300
24855600
24855900
24856200
24856500
24856700
24856900
24857200
24857500
24857800
24858000
24858200
24858400
24858700
24859000
24859300
24859500
24859800
24860000
24860200
24860400
24860700
24861000
24861300
24861500
24861700
24862000
24862300
24862600
24862800
24863000
24863300
24863600
24863900
24864100
24864300
24864500
24864800
24865100
24865300
24865500
24865700
24866000
24866300
24866600
24866800
24867000
24867300
24867600
24867900
24868200
24868400
24868600
24868900
24869200
24869500
24869700
24869900
24870100
24870400
24870700
24871000
24871200
24871400
24871600
24871900
24872100
24872300
24872600
24872900
24873200
24873400
24873600
24873800
24874100
24874400
24874700
24874900
24875100
24875400
24875700
24876000
24876200
24876400
24876600
24876900
24877200
24877500
24877700
24877900
24878200
24878500
24878800
24879000
24879200
24879500
24879800
24880100
24880400
24880700
24880900
24881100
24881300
24881600
24881900
24882200
24882400
24882600
24882800
24883100
24883400
24883700
24883900
24884100
24884400
24884700
24885000
24885300
24885500
24885700
24886000
24886300
24886600
24886800
24887000
24887200
24887500
24887800
24888100
24888400
24888600
24888800
24889100
24889400
24889700
24889900
24890100
24890400
24890700
24890900
24891100
24891400
24891700
24892000
24892200
24892400
24892700
24893000
24893200
24893400
24893700
24894000
24894300
24894500
24894700
24895000
24895300
24895600
24895800
24896000
24896300
24896600
24896900
24897100
24897300
24897600
24897900
24898200
24898400
24898600
24898900
24899200
24899500
24899700
24899900
24900200
24900500
24900800
24901000
24901200
24901500
24901800
24902000
24902200
24902500
24902800
24903100
24903300
24903500
24903800
24904100
24904300
24904500
24904800
24905100
24905400
24905600
24905800
24906100
24906400
24906600
24906800
24907000
24907300
24907600
24907800
24908000
24908300
24908600
24908900
24909200
24909500
24909900
24910200
24910700
24910900
24911100
24911400
24911700
24912000
24912200
24912400
24912600
24912900
24913200
24913400
24913600
24913800
24914100
24914400
24914600
24914800
24915100
24915400
24915700
24915900
24916100
24916400
24916700
24916900
24917100
24917400
24917700
24918000
24918200
24918400
24918700
24919000
24919300
24919500
24919700
24920000
24920300
24920500
24920700
24921000
24921300
24921500
24921800
24922000
24922300
24922600
24922900
24923100
24923300
24923600
24923900
24924200
24924400
24924600
24924800
24925100
24925400
24925600
24925800
24926000
24926300
24926600
24926900
24927100
24927300
24927600
24927900
24928100
24928300
24928500
24928800
24929100
24929300
24929500
24929700
24930000
24930300
24930600
24930800
24931000
24931300
24931600
24931900
24932100
24932300
24932600
24932900
24933200
24933400
24933600
24933800
24934100
24934400
24934700
24934900
24935100
24935400
24935700
24936000
24936200
24936400
24936600
24936900
24937200
24937500
24937700
24937900
24938200
24938500
24938800
24939000
24939200
24939500
24939800
24940100
24940300
24940500
24940800
24941100
24941400
24944400
24944600
24944900
24945200
24945400
24945600
24945900
24946200
24946500
24946700
24946900
24947200
24947500
24947800
24948000
24948200
24948500
24948700
24948900
24949200
24949500
24949800
24950000
24950200
24950500
24950800
24951100
24951300
24951500
24951800
24952100
24952300
24952600
24952900
24953100
24953300
24953600
24953900
24954200
24954500
24954700
24954900
24955200
24955500
24955700
24955900
24956200
24956500
24956800
24957000
24957200
24957500
24957700
24958000
24958200
24958400
24958700
24959000
24959300
24959600
24959900
24960200
24960500
24960800
24961000
24961200
24961500
24961800
24962100
24962300
24962500
24962800
24963100
24963400
24963600
24963800
24964100
24964400
24964600
24964900
24965100
24965400
24965600
24965900
24966200
24966400
24966600
24966800
24967100
24967400
24967700
24967900
24968100
24968400
24968700
24969000
24969200
24969400
24969700
24969900
24970200
24970400
24970600
24970800
24971100
24971400
24972000
24972300
24972600
24972900
24973200
24973500
24973800
24974200
24974500
24974900
24975200
24975500
24975800
24976100
24976400
24976600
24976800
24977000
24977300
24977600
24977900
24978100
24978300
24978600
24978900
24979200
24979400
24979600
24979900
24980200
24980500
24980700
24980900
24981200
24981500
24981800
24982000
24982200
24982500
24982800
24983000
24983200
24983400
24983700
24984000
24984200
24984400
24984600
24984900
24985200
24985400
24985600
24985900
24986200
24986400
24986600
24986800
24987100
24987400
24987700
24987900
24988100
24988400
24988700
24989000
24989200
24989400
24989700
24990000
24990300
24990500
24990700
24990900
24991200
24991500
24991800
24992000
24992200
24992500
24992800
24993000
24993200
24993400
24993700
24994000
24994300
24994500
24994700
24995000
24995300
24995600
24995800
24996000
24996300
24996600
24996800
24997000
24997200
24997500
24997800
24998000
24998200
24998400
24998700
24999000
24999200
24999400
24999700
25000000
25000300
25000500
25000700
25000900
25001200
25001500
25001700
25001900
25002200
25002500
25002800
25003000
25003200
25003500
25003800
25004100
25004400
25004600
25004800
25005100
25005400
25005700
25005900
25006100
25006400
25006700
25007000
25007200
25007400
25007700
25008000
25008300
25008500
25008700
25009000
25009300
25009600
25009800
25010000
25010300
25010600
25010800
25011000
25011300
25011600
25011900
25012100
25012300
25012500
25012800
25013100
25013300
25013500
25013800
25014100
25014400
25014600
25014800
25015100
25015400
25015700
25015900
25016100
25016400
25016700
25017000
25017200
25017400
25017700
25018000
25018300
25018500
25018700
25018900
25019200
25019500
25019800
25020000
25020200
25020500
25020800
25021100
25021300
25021500
25021800
25022100
25022300
25022500
25022700
25023000
25023300
25023600
25023800
25024000
25024300
25024600
25024900
25025100
25025300
25025600
25025900
25026200
25026400
25026600
25026900
25027200
25027400
25027600
25027900
25028200
25028500
25028700
25028900
25029200
25029500
25029800
25030000
25030200
25030400
25030700
25031000
25031200
25031400
25031600
25031900
25032200
25032400
25032600
25032800
25033100
25033400
25033700
25033900
25034100
25034400
25034700
25035000
25035200
25035400
25035700
25036000
25036300
25036500
25036700
25037000
25037300
25037600
25037800
25038000
25038300
25038600
25038800
25039000
25039300
25039600
25039900
25040100
25040300
25040500
25040800
25041100
25041300
25041500
25041800
25042100
25042400
25042600
25042800
25043100
25043400
25043700
25043900
25044100
25044300
25044600
25044900
25045100
25045300
25045500
25045800
25046100
25046300
25046500
25046700
25047000
25047300
25047600
25047800
25048000
25048300
25048600
25048900
25049100
25049300
25049600
25049900
25050200
25050400
25050600
25050900
25051200
25051500
25051700
25051900
25052200
25052500
25052700
25052900
25053200
25053500
25053800
25054000
25054200
25054400
25054700
25055000
25055200
25055400
25055700
25056000
25056300
25056500
25056700
25057000
25057300
25057600
25057800
25058000
25058200
25058500
25058800
25059000
25059200
25059400
25059700
25060000
25060200
25060400
25060700
25061000
25061300
25061600
25061800
25062000
25062300
25062600
25062900
25063100
25063300
25063600
25063900
25064100
25064300
25064600
25064900
25065200
25065500
25065700
25065900
25066200
25066500
25066700
25066900
25067200
25067500
25067800
25068000
25068200
25068500
25068800
25069100
25069300
25069500
25069800
25070100
25070400
25070600
25070800
25071100
25071400
25071600
25071800
25072000
25072300
25072600
25072900
25073100
25073300
25073600
25073900
25074200
25074400
25074600
25074900
25075200
25075500
25075700
25075900
25076100
25076400
25076700
25076900
25077100
25077300
25077600
25077900
25078100
25078300
25078600
25078900
25079200
25079400
25079600
25079900
25080200
25080500
25080700
25080900
25081200
25081500
25081700
25081900
25082200
25082500
25082800
25083100
25083300
25083500
25083800
25084100
25084300
25084500
25084700
25085000
25085300
25085500
25085700
25085900
25086200
25086500
25086800
25087000
25087200
25087500
25087800
25088100
25088300
25088500
25088800
25089100
25089400
25089600
25089800
25090000
25090300
25090600
25090800
25091000
25091200
25091500
25091800
25092000
25092200
25092500
25092800
25093100
25093300
25093500
25093800
25094100
25094400
25094600
25094800
25095100
25095400
25095600
25095800
25096000
25096300
25096600
25096800
25097000
25097200
25097500
25097800
25098100
25098300
25098500
25098800
25099100
25099400
25099600
25099800
25100100
25100400
25100700
25100900
25101100
25101300
25101600
25101900
25102100
25102300
25102500
25102800
25103100
25103300
25103500
25103800
25104100
25104400
25104700
25104900
25105100
25105400
25105700
25105900
25106100
25106400
25106700
25107000
25107200
25107400
25107700
25108000
25108300
25108500
25108700
25109000
25109300
25109500
25109700
25109900
25110200
25110500
25110700
25110900
25111100
25111400
25111700
25112000
25112200
25112400
25112700
25113000
25113300
25113500
25113700
25114000
25114300
25114600
25114800
25115000
25115200
25115500
25115800
25116000
25116200
25116500
25116800
25117100
25117300
25117500
25117800
25118100
25118400
25118600
25118800
25119000
25119300
25119600
25119800
25120000
25120300
25120600
25120800
25121000
25121200
25121500
25121800
25122100
25122300
25122500
25122800
25123100
25123300
25123500
25123800
25124100
25124400
25124600
25124800
25125100
25125400
25125700
25125900
25126100
25126300
25126600
25126900
25127100
25127300
25127500
25127800
25128100
25128300
25128500
25128700
25129000
25129300
25129600
25129800
25130000
25130300
25130600
25130900
25131100
25131300
25131600
25131900
25132100
25132300
25132500
25132800
25133100
25133400
25133600
25133800
25134100
25134400
25134600
25134800
25135100
25135400
25135700
25135900
25136100
25136400
25136700
25137000
25137200
25137400
25137700
25138000
25138300
25138500
25138700
25139000
25139300
25139600
25139800
25140000
25140300
25140600
25140900
25141100
25141300
25141600
25141900
25142200
25142400
25142600
25142900
25143200
25143500
25143800
25144000
25144200
25144500
25144800
25145100
25145300
25145500
25145800
25146100
25146300
25146500
25146700
25147000
25147300
25147600
25147800
25148000
25148300
25148600
25148800
25149000
25149300
25149600
25149900
25150100
25150300
25150600
25150900
25151200
25151400
25151600
25151900
25152200
25152500
25152700
25152900
25153200
25153500
25153800
25154000
25154200
25154500
25154800
25155100
25155300
25155500
25155700
25156000
25156300
25156500
25156700
25157000
25157200
25157500
25157800
25158000
25158200
25158500
25158800
25159000
25159200
25159400
25159700
25160000
25160200
25160400
25160700
25161000
25161300
25161500
25161700
25162000
25162300
25162500
25162700
25163000
25163300
25163600
25163800
25164000
25164300
25164600
25164900
25165100
25165300
25165600
25165900
25166200
25166400
25166600
25166900
25167200
25167400
25167600
25167800
25168100
25168400
25168600
25168800
25169100
25169400
25169700
25169900
25170100
25170400
25170700
25170900
25171100
25171400
25171700
25171900
25172100
25172300
25172600
25172900
25173100
25173300
25173600
25173900
25174100
25174300
25174500
25174800
25175100
25175300
25175500
25175800
25176100
25176400
25176600
25176800
25177100
25177400
25177700
25178000
25178200
25178400
25178700
25179000
25179200
25179400
25179600
25179900
25180200
25180400
25180600
25180900
25181200
25181500
25181700
25181900
25182200
25182500
25182700
25182900
25183200
25183500
25183700
25183900
25184200
25184500
25184700
25184900
25185200
25185500
25185800
25186100
25186400
25186600
25186800
25187100
25187400
25187700
25187900
25188100
25188400
25188700
25188900
25189100
25189400
25189700
25190000
25190200
25190400
25190700
25191000
25191300
25191600
25191800
25192100
25192400
25192600
25192800
25193000
25193200
25193500
25193800
25194100
25194400
25194600
25194800
25195100
25195400
25195700
25195900
25196100
25196400
25196700
25196900
25197100
25197400
25197700
25197900
25198100
25198400
25198600
25198900
25199100
25199300
25199500
25199800
25200100
25200400
25200600
25200800
25201100
25201400
25201600
25201800
25202000
25202300
25202600
25202900
25203200
25203500
25203800
25204000
25204400
25204800
25205100
25205400
25206000
25206300
25209600
25209900
25210200
25210500
25210800
25211100
25211300
25211500
25211700
25212000
25212300
25212600
25212800
25213000
25213300
25213600
25213900
25214200
25214500
25214700
25214900
25215100
25215400
25215700
25216000
25216300
25216600
25216800
25217000
25217300
25217600
25217800
25218000
25218300
25218600
25218900
25219100
25219300
25219500
25219800
25220100
25220400
25220700
25220900
25221100
25221400
25221700
25222000
25222200
25222500
25222700
25222900
25223200
25223500
25223800
25224000
25224200
25224500
25224700
25224900
25225200
25225500
25225700
25225900
25226100
25226400
25226700
25226900
25227100
25227400
25227700
25228000
25228200
25228400
25228700
25229000
25229300
25229500
25229700
25230000
25230300
25230500
25230700
25231000
25231300
25231600
25231800
25232000
25232200
25232400
25232700
25233000
25233300
25233500
25233700
25234000
25234300
25234600
25234800
25235000
25235300
25235600
25235900
25236100
25236300
25236600
25236800
25237000
25237300
25237600
25237800
25238000
25238300
25238600
25238900
25239100
25239300
25239600
25239900
25240200
25240400
25240600
25240900
25241200
25241400
25241600
25241900
25242200
25242500
25242700
25242900
25243200
25243500
25243800
25244000
25244200
25244500
25244800
25245100
25245400
25245600
25245800
25246100
25246400
25246700
25246900
25247100
25247400
25247700
25247900
25248100
25248300
25248600
25248900
25249200
25249400
25249600
25249900
25250200
25250500
25250700
25250900
25251200
25251500
25251800
25252000
25252200
25252500
25252800
25253000
25253200
25253500
25253800
25254100
25254300
25254800
25255100
25255400
25255600
25255800
25256100
25256400
25256700
25256900
25257100
25257400
25257700
25258000
25258400
25258600
25258900
25259200
25259500
25259700
25259900
25260200
25260500
25260800
25261000
25261200
25261500
25261800
25262100
25262300
25262500
25262800
25263100
25263400
25263600
25263800
25264100
25264400
25264600
25264800
25265000
25265300
25265600
25265800
25266000
25266300
25266600
25266900
25267100
25267300
25267600
25267900
25268100
25268300
25268500
25268800
25269100
25269300
25269500
25269800
25270100
25270300
25270500
25270800
25271100
25271400
25271600
25271800
25272100
25272400
25272700
25272900
25273100
25273400
25273700
25273900
25274100
25274400
25274700
25275000
25275200
25275400
25275700
25276000
25276300
25276500
25276700
25277000
25277300
25277500
25277700
25278000
25278300
25278600
25278900
25279100
25279300
25279600
25279900
25280100
25280300
25280600
25280900
25281200
25281400
25281600
25281900
25282200
25282500
25282700
25283000
25283300
25283600
25283800
25284000
25284300
25284600
25284800
25285000
25285300
25285600
25285800
25286000
25286200
25286500
25286800
25287100
25287300
25287500
25287800
25288100
25288300
25288500
25288700
25289000
25289300
25289500
25289700
25289900
25290200
25290500
25290800
25291000
25291200
25291500
25291800
25292100
25292300
25292500
25292800
25293100
25293300
25293500
25293800
25294100
25294300
25294500
25294700
25295000
25295300
25295500
25295700
25296000
25296300
25296600
25296800
25297000
25297300
25297600
25297800
25298000
25298300
25298600
25298900
25299100
25299300
25299600
25299900
25300200
25300400
25300600
25300900
25301200
25301400
25301600
25301900
25302200
25302500
25302700
25302900
25303200
25303500
25303800
25304000
25304200
25304500
25304800
25305100
25305300
25305500
25305800
25306100
25306300
25306500
25306800
25307100
25307400
25307700
25307900
25308100
25308400
25308700
25308900
25309100
25309400
25309700
25309900
25310100
25310400
25310700
25310900
25311100
25311300
25311600
25311900
25312100
25312300
25312600
25312900
25313100
25313300
25313600
25313900
25314200
25314400
25314600
25314900
25315200
25315500
25315700
25315900
25316200
25316500
25316800
25317000
25317200
25317500
25317800
25318000
25318200
25318400
25318700
25319000
25319300
25319500
25319700
25320000
25320300
25320500
25320700
25321000
25321300
25321600
25321800
25322000
25322300
25322600
25322900
25323100
25323300
25323600
25323900
25324100
25324300
25324600
25324900
25325100
25325300
25325600
25325900
25326200
25326400
25326600
25326900
25327200
25327500
25327700
25327900
25328200
25328500
25328900
25329200
25329600
25329900
25330200
25330500
25330800
25331100
25331300
25331500
25331700
25331900
25332200
25332500
25332700
25332900
25333100
25333400
25333700
25333900
25334100
25334400
25334700
25335000
25335200
25335400
25335700
25336000
25336200
25336400
25336700
25337000
25337300
25337600
25337800
25338000
25338300
25338600
25338800
25339000
25339300
25339600
25339900
25340100
25340300
25340600
25340900
25341100
25341300
25341600
25341900
25342200
25342400
25342600
25342900
25343200
25343500
25343700
25343900
25344200
25344500
25344800
25345000
25345200
25345500
25345800
25346000
25346200
25346400
25346700
25347000
25347200
25347400
25347700
25348000
25348300
25348500
25348700
25349000
25349300
25349500
25349700
25350000
25350300
25350600
25350800
25351000
25351300
25351600
25351800
25352000
25352300
25352600
25352900
25353100
25353300
25353600
25353900
25354100
25354300
25354600
25354900
25355200
25355400
25355600
25355900
25356200
25356500
25356700
25356900
25357200
25357500
25357700
25357900
25358100
25358400
25358700
25358900
25359100
25359400
25359700
25360000
25360200
25360400
25360700
25361000
25361300
25361500
25361700
25362000
25362300
25362500
25362700
25363000
25363300
25363600
25363800
25364000
25364300
25364600
25364800
25365000
25365300
25365600
25365900
25366100
25366300
25366600
25366900
25367100
25367300
25367600
25367900
25368200
25368400
25368600
25368900
25369200
25369400
25369600
25369800
25370100
25370400
25370600
25370800
25371100
25371400
25371700
25371900
25372100
25372400
25372700
25373000
25373200
25373400
25373700
25374000
25374300
25374500
25374700
25375000
25375300
25375500
25375700
25376000
25376300
25376600
25376800
25377000
25377300
25377600
25377800
25378000
25378300
25378600
25378900
25379100
25379300
25379600
25379900
25380100
25380300
25380600
25380900
25381200
25381400
25381600
25381900
25382200
25382400
25382600
25382900
25383200
25383500
25383700
25383900
25384200
25384500
25384800
25385000
25385200
25385500
25385800
25386100
25386300
25386500
25386800
25387100
25387400
25387600
25387800
25388100
25388400
25388700
25388900
25389100
25389400
25389700
25390000
25390200
25390400
25390700
25391000
25391200
25391400
25391700
25392000
25392300
25392500
25392700
25393000
25393300
25393600
25393800
25394100
25394400
25394700
25395000
25395200
25395400
25395700
25396000
25396300
25396500
25396700
25397000
25397300
25397600
25397900
25398200
25398400
25398600
25398900
25399200
25399500
25399700
25399900
25400200
25400500
25400800
25401000
25401200
25401400
25401700
25402000
25402200
25402400
25402700
25403000
25403300
25403500
25403700
25404000
25404300
25404600
25404800
25405000
25405300
25405600
25405800
25406000
25406200
25406500
25406800
25407000
25407200
25407500
25407800
25408100
25408300
25408500
25408700
25409000
25409300
25409600
25409800
25410000
25410300
25410600
25410900
25411100
25411300
25411600
25411900
25412200
25412400
25412600
25412900
25413200
25413400
25413600
25413900
25414200
25414500
25414700
25414900
25415100
25415400
25415600
25415800
25416000
25416300
25416600
25416800
25417000
25417300
25417600
25417900
25418100
25418300
25418500
25418800
25419100
25419300
25419500
25419700
25420000
25420300
25420500
25420700
25421000
25421300
25421600
25421800
25422000
25422300
25422600
25422900
25423100
25423300
25423600
25423900
25424100
25424300
25424500
25424800
25425100
25425400
25425700
25425900
25426100
25426400
25426700
25427000
25427200
25427500
25427800
25428000
25428400
25428700
25429000
25429300
25429600
25429800
25430100
25430400
25430700
25431000
25431300
25431500
25431800
25432100
25432500
25432800
25433100
25433400
25433700
25434000
25434300
25434500
25434800
25435000
25435300
25435600
25436000
25436300
25436600
25436900
25437200
25437500
25437700
25438200
25438500
25438900
25439200
25439500
25439800
25440100
25440400
25440600
25440900
25441200
25441500
25441800
25442100
25442400
25442600
25442900
25443200
25443600
25443900
25444200
25444500
25444800
25445100
25445400
25445600
25445800
25446000
25446300
25446600
25446900
25447100
25447400
25447700
25447900
25448200
25448500
25448800
25449100
25449500
25449800
25450100
25450400
25450700
25451000
25451300
25451600
25451900
25452200
25452500
25452800
25453100
25453300
25453600
25453900
25454200
25454500
25454700
25455000
25455300
25455600
25455900
25456200
25456500
25456800
25457100
25457400
25457700
25458000
25458300
25458600
25458800
25459100
25459300
25459600
25459900
25460200
25460400
25460700
25461000
25461200
25461500
25461800
25462100
25462400
25462700
25463100
25463400
25463700
25464000
25464300
25464500
25464900
25465200
25465500
25465800
25466100
25466500
25466800
25467100
25467400
25467700
25468000
25468400
25468700
25469000
25469300
25469500
25469800
25470100
25470400
25470700
25471100
25471500
25471800
25472100
25472400
25472700
25473000
25473200
25473500
25473800
25474200
25474500
25474800
25475000
25475300
25475600
25475900
25476200
25476500
25476800
25477100
25477400
25477700
25478000
25478300
25478700
25479000
25482800
25483100
25483400
25483700
25484000
25484300
25484600
25484900
25485200
25485500
25485800
25486100
25486500
25486800
25487100
25487500
25487800
25488100
25488400
25488800
25489100
25489400
25489700
25490000
25490400
25490700
25491000
25491300
25491600
25491900
25492200
25492600
25492900
25493200
25493500
25494000
25494400
25494700
25495000
25495300
25495700
25496000
25496300
25496600
25496900
25497200
25497500
25497800
25498100
25498500
25498900
25499200
25499600
25500000
25500400
25500700
25501000
25501300
25501600
25501900
25502200
25502500
25502700
25503000
25503300
25503700
25504000
25504300
25504600
25505000
25505300
25505600
25506000
25506300
25506600
25506900
25507200
25507600
25508000
25508400
25508800
25509200
25509600
25510000
25510400
25510800
25511200
25511600
25512000
25512300
25512600
25512900
25513200
25513500
25513800
25514100
25514400
25514700
25515100
25515500
25515800
25516100
25516400
25516700
25517000
25517200
25517500
25517800
25518100
25518400
25518700
25519000
25519400
25519700
25520000
25520400
25520800
25521200
25521600
25521800
25522300
25522600
25522900
25523200
25523500
25523800
25524000
25524200
25524400
25524700
25525000
25525300
25525600
25525800
25526000
25526300
25526600
25526900
25527200
25527400
25527600
25527800
25528100
25528400
25528700
25528900
25529100
25529400
25529600
25529900
25530200
25530400
25530600
25530800
25531100
25531400
25531700
25532000
25532200
25532400
25532600
25532800
25533100
25533400
25533700
25533900
25534100
25534400
25534700
25535000
25535200
25535400
25535600
25535900
25536200
25536500
25536800
25537000
25537200
25537500
25537800
25538100
25538400
25538600
25538800
25539000
25539300
25539600
25539900
25540200
25540400
25540600
25540800
25541100
25541400
25541600
25541900
25542100
25542300
25542600
25542900
25543200
25543400
25543600
25543800
25544100
25544400
25544700
25545000
25545200
25545400
25545700
25546000
25546300
25546500
25546700
25546900
25547100
25547400
25547700
25548000
25548300
25548500
25548700
25548900
25549200
25549500
25549800
25550100
25550300
25550500
25550800
25551100
25551400
25551700
25551900
25552100
25552300
25552600
25552900
25553200
25553500
25553700
25553900
25554100
25554400
25554700
25554900
25555200
25555400
25555600
25555900
25556200
25556500
25556700
25556900
25557100
25557400
25557700
25558000
25558300
25558500
25558700
25559000
25559300
25559600
25559900
25560100
25560300
25560500
25560800
25561100
25561400
25561700
25561900
25562100
25562300
25562600
25562900
25563200
25563500
25563700
25563900
25564200
25564500
25564800
25565100
25565300
25565500
25565700
25566000
25566300
25566600
25566900
25567100
25567300
25567500
25567800
25568100
25568400
25568700
25568900
25569100
25569400
25569700
25570000
25570200
25570400
25570600
25570800
25571100
25571400
25571700
25571900
25572100
25572400
25572600
25572900
25573200
25573400
25573600
25573800
25574100
25574400
25574700
25575000
25575200
25575400
25575600
25575800
25576100
25576400
25576700
25576900
25577100
25577300
25577500
25577800
25578100
25578300
25578600
25578800
25579000
25579300
25579600
25579900
25580200
25580400
25580600
25580800
25581100
25581400
25581700
25581900
25582100
25582400
25582600
25582900
25583200
25583400
25583600
25583800
25584100
25584400
25584700
25584900
25585100
25585300
25585500
25585800
25586100
25586300
25586500
25586700
25587000
25587300
25587600
25587900
25588100
25588300
25588500
25588700
25589000
25589300
25589600
25589800
25590000
25590200
25590400
25590700
25591000
25591200
25591500
25591700
25591900
25592200
25592500
25592800
25593100
25593300
25593500
25593700
25594000
25594300
25594600
25594800
25595000
25595300
25595500
25595800
25596100
25596300
25596500
25596700
25597000
25597300
25597600
25597900
25598100
25598300
25598500
25598800
25599100
25599300
25599500
25599700
25599900
25600200
25600500
25600800
25601000
25601200
25601400
25601600
25601900
25602200
25602500
25602700
25602900
25603100
25603300
25603600
25603900
25604100
25604400
25604600
25604800
25605100
25605400
25605700
25606000
25606200
25606400
25606600
25606900
25607200
25607500
25607800
25608000
25608200
25608400
25608700
25609000
25609200
25609400
25609600
25609900
25610200
25610500
25610800
25611000
25611200
25611400
25611700
25612000
25612200
25612400
25612600
25612800
25613100
25613400
25613700
25613900
25614100
25614300
25614600
25614900
25615200
25615500
25615700
25615900
25616200
25616400
25616700
25617000
25617200
25617400
25617600
25617800
25618100
25618400
25618700
25618900
25619100
25619300
25619500
25619800
25620100
25620400
25620600
25620800
25621100
25621400
25621700
25622000
25622200
25622400
25622600
25622900
25623200
25623500
25623700
25623900
25624200
25624500
25624800
25625100
25625300
25625500
25625700
25626000
25626300
25626600
25626800
25627000
25627200
25627400
25627700
25628000
25628200
25628400
25628600
25628800
25629100
25629400
25629700
25629900
25630100
25630300
25630500
25630800
25631100
25631400
25631700
25631900
25632100
25632300
25632600
25632900
25633100
25633300
25633500
25633700
25634000
25634300
25634600
25634800
25635000
25635200
25635500
25635800
25636100
25636400
25636600
25636800
25637100
25637400
25637700
25637900
25638100
25638300
25638600
25638900
25639200
25639500
25639700
25639900
25640200
25640500
25640800
25641100
25641300
25641500
25641700
25642000
25642300
25642600
25642900
25643100
25643300
25643500
25643800
25644100
25644400
25644700
25645000
25645300
25645500
25645800
25646000
25646200
25646500
25646800
25647100
25647400
25647700
25647900
25648100
25648300
25648600
25648900
25649200
25649500
25649700
25649900
25650100
25650300
25650500
25650800
25651100
25651400
25651700
25651900
25652100
25652300
25652500
25652700
25653000
25653300
25653600
25653900
25654100
25654400
25654700
25654900
25655100
25655300
25655500
25655700
25656000
25656300
25656600
25656900
25657100
25657300
25657500
25657700
25658000
25658300
25658600
25658900
25659100
25659300
25659500
25659800
25660100
25660400
25660700
25661000
25661200
25661400
25661600
25661800
25662100
25662400
25662700
25663000
25663200
25663400
25663600
25663800
25664100
25664400
25664700
25665000
25665300
25665500
25665700
25665900
25666100
25666400
25666700
25667000
25667300
25667500
25667800
25668000
25668200
25668500
25668700
25669000
25669300
25669500
25669800
25670000
25670200
25670500
25670700
25671000
25671300
25671500
25671800
25672000
25672200
25672500
25672700
25673000
25673300
25673500
25673800
25674000
25674200
25674500
25674700
25675000
25675300
25675500
25675800
25676000
25676200
25676500
25676700
25677100
25677300
25677500
25677700
25677900
25678200
25678500
25678800
25679100
25679400
25679700
25680000
25680300
25680600
25680800
25681100
25681300
25681500
25681800
25682000
25682300
25682600
25682800
25683100
25683300
25683500
25683800
25684000
25684300
25684600
25684800
25685100
25685300
25685500
25685700
25685900
25686200
25686500
25686800
25687100
25687400
25687700
25687900
25688200
25688500
25688700
25688900
25689200
25689400
25689600
25689900
25690100
25690400
25690700
25691000
25691300
25691600
25691800
25692000
25692200
25692400
25692700
25693000
25693300
25693500
25693700
25694000
25694300
25694600
25694900
25695100
25695400
25695600
25695800
25696100
25696300
25696600
25696900
25697200
25697500
25697700
25697900
25698200
25698400
25698600
25698800
25699100
25699300
25699500
25699700
25699900
25700200
25700500
25700800
25701100
25701400
25701600
25701900
25702100
25702400
25702700
25703000
25703300
25703500
25703700
25704000
25704300
25704600
25704900
25705200
25705400
25705700
25705900
25706100
25706400
25706600
25706900
25707200
25707500
25707800
25708000
25708200
25708400
25708600
25708900
25709200
25709500
25709800
25710100
25710300
25710500
25710700
25710900
25711200
25711500
25711800
25712100
25712300
25712500
25712700
25713000
25713300
25713600
25713900
25714200
25714400
25714600
25714800
25715100
25715400
25715700
25716000
25716300
25716500
25716700
25716900
25717100
25717400
25717700
25718000
25718300
25718600
25718800
25719000
25719200
25719400
25719700
25720000
25720300
25720600
25720800
25721100
25721300
25721500
25721800
25722000
25722300
25722600
25722900
25723200
25723400
25723600
25723800
25724000
25724300
25724600
25724900
25725200
25725500
25725700
25725900
25726100
25726400
25726700
25727000
25727300
25727500
25727700
25727900
25728100
25728400
25728700
25729000
25729300
25729600
25729800
25730000
25730200
25730400
25730700
25731000
25731300
25731600
25731800
25732000
25732300
25732500
25732700
25733000
25733200
25733500
25733800
25734100
25734400
25734600
25734800
25735000
25735200
25735500
25735800
25736100
25736400
25736700
25736900
25737100
25737300
25737500
25737800
25738100
25738400
25738700
25738900
25739100
25739300
25739500
25739800
25740100
25740400
25740700
25740900
25741100
25741300
25741500
25741800
25742100
25742400
25742700
25742900
25743100
25743300
25743500
25744000
25744300
25744600
25745000
25745300
25745800
25746100
25746300
25746500
25746700
25747000
25747300
25747600
25747900
25748100
25748300
25748600
25748900
25749100
25749300
25749500
25749800
25750100
25750300
25750500
25750800
25751100
25751300
25751500
25751800
25752100
25755100
25755400
25755600
25755800
25756100
25756400
25756700
25756900
25757100
25757400
25757700
25758000
25758200
25758400
25758600
25758900
25759200
25759400
25759600
25759800
25760100
25760400
25760700
25761000
25761200
25761400
25761700
25762000
25762300
25762500
25762700
25763000
25763300
25763600
25763800
25764000
25764300
25764600
25764900
25765100
25765300
25765600
25765900
25766100
25766300
25766600
25766900
25767200
25767400
25767700
25768000
25768200
25768400
25768700
25769000
25769200
25769400
25769700
25770000
25770300
25770500
25770700
25771000
25771300
25771600
25771800
25772100
25772400
25772600
25772800
25773000
25773300
25773600
25773800
25774000
25774200
25774500
25774800
25775100
25775300
25775500
25775800
25776100
25776400
25776600
25776800
25777100
25777400
25777700
25777900
25778100
25778400
25778700
25779000
25779200
25779400
25779700
25780000
25780200
25780400
25780600
25780900
25781200
25781500
25781700
25781900
25782200
25782500
25782700
25782900
25783200
25783500
25783800
25784000
25784200
25784500
25784800
25785100
25785300
25785500
25785800
25786100
25786400
25786600
25786800
25787100
25787400
25787700
25787900
25788100
25788300
25788600
25788900
25789100
25789300
25789500
25789800
25790100
25790300
25790500
25790800
25791100
25791400
25791700
25791900
25792100
25792400
25792700
25792900
25793100
25793400
25793700
25794000
25794200
25794400
25794700
25795000
25795300
25795500
25795700
25796000
25796300
25796500
25796700
25797000
25797300
25797600
25797900
25798100
25798300
25798600
25798900
25799100
25799300
25799600
25799900
25800200
25800400
25800600
25800900
25801200
25801500
25801700
25801900
25802100
25802400
25802700
25802900
25803100
25803300
25803600
25803900
25804100
25804300
25804500
25804800
25805100
25805400
25805600
25805800
25806100
25806400
25806600
25806800
25807100
25807400
25807700
25808000
25808200
25808400
25808700
25809000
25809200
25809400
25809700
25810000
25810200
25810400
25810600
25810900
25811200
25811500
25811700
25811900
25812200
25812500
25812700
25812900
25813100
25813400
25813700
25813900
25814100
25814300
25814600
25814900
25815200
25815400
25815600
25815900
25816200
25816500
25816700
25816900
25817200
25817500
25817800
25818000
25818200
25818400
25818700
25819000
25819200
25819400
25819700
25820000
25820300
25820500
25820700
25821000
25821300
25821600
25821800
25822000
25822300
25822600
25822800
25823000
25823300
25823600
25823900
25824100
25824300
25824600
25824900
25825200
25825400
25825600
25825900
25826200
25826500
25826700
25826900
25827200
25827500
25827800
25828000
25828200
25828500
25828800
25829100
25829300
25829500
25829800
25830100
25830400
25830600
25830800
25831000
25831300
25831600
25831800
25832000
25832200
25832500
25832800
25833000
25833200
25833500
25833800
25834100
25834400
25834600
25834800
25835100
25835400
25835600
25835800
25836100
25836400
25836600
25836800
25837000
25837300
25837600
25837900
25838100
25838300
25838600
25838900
25839100
25839300
25839600
25839900
25840200
25840400
25840600
25840800
25841100
25841400
25841600
25841800
25842000
25842300
25842600
25842800
25843000
25843200
25843500
25843800
25844100
25844300
25844500
25844800
25845100
25845400
25845600
25845800
25846100
25846400
25846600
25846800
25847100
25847400
25847700
25847900
25848100
25848400
25848700
25848900
25849100
25849400
25849700
25850000
25850200
25850400
25850700
25851000
25851200
25851400
25851700
25852000
25852200
25852400
25852600
25852900
25853200
25853400
25853600
25853800
25854100
25854400
25854600
25854800
25855100
25855400
25855700
25855900
25856100
25856400
25856700
25857000
25857200
25857400
25857700
25858000
25858200
25858400
25858700
25859000
25859300
25859500
25859700
25860000
25860300
25860500
25860700
25860900
25861200
25861500
25861800
25862000
25862200
25862500
25862800
25863000
25863200
25863500
25863800
25864000
25864200
25864500
25864800
25865100
25865300
25865500
25865800
25866100
25866300
25866500
25866800
25867100
25867400
25867600
25867800
25868100
25868400
25868600
25868800
25869100
25869400
25869700
25869900
25870100
25870400
25870700
25871000
25871200
25871400
25871700
25872000
25872200
25872400
25872600
25872900
25873200
25873500
25873700
25873900
25874200
25874500
25874700
25874900
25875200
25875500
25875800
25876000
25876200
25876500
25876800
25877000
25877200
25877500
25877800
25878100
25878300
25878500
25878800
25879100
25879300
25879500
25879800
25880000
25880300
25880600
25880900
25881100
25881300
25881600
25881900
25882200
25882400
25882600
25882900
25883200
25883400
25883600
25883800
25884000
25884300
25884600
25884800
25885000
25885300
25885600
25885900
25886100
25886300
25886600
25886900
25887200
25887500
25887700
25887900
25888200
25888500
25888700
25888900
25889200
25889500
25889700
25889900
25890200
25890500
25890800
25891100
25891400
25891600
25891800
25892100
25892400
25892600
25892800
25893000
25893300
25893600
25893900
25894200
25894400
25894600
25894900
25895200
25895500
25895700
25895900
25896200
25896500
25896700
25896900
25897100
25897300
25897600
25897900
25898200
25898400
25898600
25898900
25899200
25899400
25899600
25899900
25900200
25900400
25900600
25900800
25901000
25901300
25901600
25901800
25902000
25902300
25902600
25902900
25903100
25903300
25903600
25903900
25904200
25904500
25904800
25905000
25905200
25905500
25905800
25906000
25906200
25906400
25906700
25907000
25907200
25907500
25907700
25907900
25908200
25908400
25908600
25908900
25909200
25909400
25909600
25909900
25910100
25910300
25910600
25910900
25911200
25911500
25911800
25912100
25912400
25912600
25912800
25913100
25913300
25913600
25913900
25914100
25914300
25914600
25914900
25915200
25915400
25915600
25915900
25916200
25916400
25916600
25916900
25917200
25917500
25917800
25918100
25918300
25918600
25918800
25919000
25919200
25919400
25919700
25920000
25920300
25920500
25920700
25920900
25921200
25921500
25921700
25921900
25922100
25922400
25922700
25923000
25923400
25923700
25924000
25924300
25924600
25924800
25925100
25925400
25925600
25925900
25926200
25926400
25926700
25927000
25927300
25927500
25927800
25928100
25928400
25928600
25928800
25929000
25929300
25929600
25929800
25930000
25930300
25930600
25930900
25931100
25931300
25931600
25931900
25932100
25932300
25932500
25932800
25933100
25933300
25933500
25933800
25934100
25934400
25934600
25934800
25935100
25935400
25935700
25935900
25936100
25936400
25936700
25936900
25937100
25937300
25937600
25937900
25938100
25938300
25938600
25938900
25939200
25939400
25939600
25939900
25940200
25940400
25940600
25940900
25941200
25941400
25941600
25941900
25942200
25942500
25942700
25942900
25943200
25943500
25943700
25943900
25944200
25944500
25944800
25945000
25945200
25945500
25945800
25946000
25946200
25946500
25946800
25947100
25947300
25947500
25947800
25948100
25948400
25948600
25948800
25949100
25949400
25949700
25949900
25950100
25950400
25950700
25950900
25951100
25951400
25951700
25952000
25952200
25952400
25952700
25953000
25953200
25953400
25953700
25954000
25954300
25954600
25954800
25955000
25955300
25955600
25955900
25956100
25956300
25956600
25956900
25957100
25957300
25957600
25957900
25958200
25958400
25958600
25958900
25959200
25959400
25959600
25959900
25960200
25960500
25960700
25960900
25961200
25961500
25961800
25962000
25962200
25962500
25962800
25963100
25963300
25963500
25963800
25964100
25964300
25964500
25964800
25965100
25965400
25965600
25965800
25966100
25966400
25966600
25966800
25967000
25967300
25967600
25967800
25968000
25968300
25968600
25968800
25969000
25969300
25969600
25969900
25970100
25970300
25970600
25970900
25971100
25971300
25971600
25971900
25972200
25972400
25972600
25972900
25973200
25973400
25973600
25973900
25974200
25974500
25974700
25974900
25975200
25975500
25975800
25976000
25976200
25976500
25976800
25977100
25977300
25977500
25977800
25978100
25978300
25978500
25978800
25979100
25979400
25979600
25979800
25980100
25980400
25980600
25980800
25981000
25981300
25981600
25981800
25982000
25982300
25982600
25982800
25983000
25983300
25983600
25983900
25984100
25984300
25984600
25984900
25985100
25985300
25985600
25985900
25986200
25986400
25986600
25986900
25987200
25987400
25987600
25987800
25988100
25988400
25988600
25988800
25989100
25989400
25989700
25989900
25990100
25990400
25990700
25991000
25991200
25991400
25991700
25992000
25992300
25992500
25992700
25993000
25993300
25993500
25993700
25994000
25994300
25994600
25994800
25995000
25995300
25995600
25995900
25996200
25996400
25996600
25996900
25997200
25997400
25997600
25997800
25998100
25998400
25998600
25998800
25999100
25999400
25999700
25999900
26000100
26000400
26000700
26000900
26001100
26001400
26001700
26002000
26002200
26002400
26002700
26003000
26003300
26003500
26003700
26004000
26004300
26004600
26004800
26005000
26005300
26005600
26005800
26006000
26006300
26006600
26006900
26007100
26007300
26007600
26007900
26008100
26008300
26008600
26008900
26009200
26009400
26009600
26009900
26010200
26010400
26010600
26010900
26011200
26011500
26011700
26011900
26012200
26012500
26012700
26012900
26013200
26013500
26013800
26014000
26014200
26014500
26014800
26015000
26015200
26015500
26015800
26018200
26018400
26018700
26019000
26019300
26019500
26019700
26020000
26020300
26020600
26020800
26021000
26021300
26021600
26021900
26022100
26022300
26022600
26022900
26023200
26023400
26023600
26023900
26024200
26024400
26024600
26024900
26025200
26025500
26025800
26026000
26026200
26026500
26026800
26027000
26027200
26027500
26027800
26028100
26028300
26028500
26028700
26029000
26029300
26029500
26029700
26030000
26030300
26030600
26030800
26031000
26031300
26031600
26031900
26032100
26032300
26032500
26032800
26033100
26033300
26033500
26033800
26034100
26034400
26034600
26034800
26035000
26035300
26035600
26035800
26036000
26036200
26036500
26036800
26037000
26037200
26037500
26037800
26038000
26038200
26038400
26038700
26039000
26039200
26039400
26039600
26039900
26040200
26040400
26040600
26040900
26041200
26041500
26041700
26041900
26042200
26042500
26042800
26043000
26043200
26043500
26043800
26044100
26044300
26044500
26044700
26045000
26045300
26045500
26045700
26046000
26046300
26046600
26046800
26047000
26047300
26047600
26047900
26048200
26048400
26048600
26048900
26049200
26049400
26049600
26049900
26050200
26050500
26050700
26050900
26051200
26051500
26051800
26052000
26052200
26052500
26052800
26053000
26053200
26053500
26053800
26054100
26054300
26054500
26054800
26055100
26055400
26055600
26055800
26056100
26056400
26056700
26056900
26057100
26057400
26057700
26057900
26058100
26058300
26058600
26058900
26059200
26059400
26059600
26059900
26060200
26060500
26060700
26060900
26061200
26061500
26061800
26062000
26062200
26062500
26062800
26063100
26063300
26063500
26063800
26064100
26064400
26064600
26064800
26065100
26065400
26065700
26065900
26066100
26066400
26066700
26066900
26067100
26067400
26067700
26068000
26068200
26068400
26068700
26069000
26069300
26069500
26069700
26070000
26070300
26070500
26070700
26070900
26071200
26071500
26071800
26072000
26072200
26072500
26072800
26073100
26073300
26073500
26073800
26074100
26074400
26074600
26074800
26075000
26075300
26075600
26075800
26076000
26076300
26076600
26076900
26077100
26077300
26077600
26077900
26078200
26078400
26078600
26078900
26079200
26079400
26079600
26079900
26080200
26080500
26080700
26080900
26081100
26081400
26081700
26081900
26082100
26082400
26082700
26083000
26083200
26083400
26083700
26084000
26084200
26084400
26084600
26084900
26085200
26085500
26085700
26085900
26086200
26086500
26086800
26087000
26087200
26087500
26087800
26088100
26088300
26088500
26088700
26089000
26089300
26089500
26089700
26090000
26090300
26090600
26090800
26091000
26091200
26091500
26091800
26092000
26092200
26092500
26092800
26093000
26093200
26093400
26093700
26094000
26094200
26094400
26094600
26094900
26095200
26095400
26095600
26095900
26096200
26096500
26096700
26096900
26097200
26097500
26097800
26098000
26098200
26098500
26098800
26099100
26099300
26099500
26099800
26100100
26100400
26100600
26100800
26101000
26101300
26101600
26101800
26102000
26102300
26102600
26102900
26103100
26103300
26103600
26103900
26104200
26104400
26104600
26104800
26105100
26105400
26105600
26105800
26106100
26106400
26106600
26106800
26107100
26107400
26107700
26107900
26108100
26108400
26108700
26109000
26109200
26109400
26109700
26110000
26110200
26110400
26110600
26110900
26111200
26111500
26111700
26111900
26112200
26112500
26112800
26113000
26113200
26113500
26113800
26114000
26114300
26114500
26114800
26115100
26115400
26115600
26115800
26116100
26116400
26116700
26116900
26117100
26117400
26117700
26117900
26118100
26118400
26118700
26118900
26119100
26119300
26119600
26119900
26120100
26120300
26120600
26120900
26121100
26121300
26121500
26121800
26122100
26122300
26122500
26122800
26123100
26123400
26123600
26123800
26124100
26124400
26124700
26124900
26125100
26125400
26125700
26125900
26126100
26126400
26126700
26127000
26127200
26127400
26127700
26128000
26128200
26128400
26128700
26129000
26129300
26129500
26129700
26130000
26130300
26130500
26130700
26131000
26131300
26131500
26131700
26132000
26132300
26132600
26132800
26133000
26133300
26133600
26133800
26134000
26134300
26134600
26134900
26135100
26135300
26135600
26135900
26136100
26136300
26136500
26136800
26137100
26137300
26137500
26137800
26138100
26138400
26138600
26138800
26139100
26139400
26139600
26139900
26140200
26140400
26140600
26140900
26141200
26141500
26141700
26141900
26142200
26142500
26142700
26142900
26143200
26143400
26143600
26143900
26144200
26144400
26144600
26144900
26145200
26145500
26145700
26145900
26146200
26146500
26146700
26146900
26147200
26147500
26147700
26147900
26148100
26148400
26148700
26148900
26149100
26149400
26149600
26150000
26150200
26150400
26150700
26151000
26151200
26151400
26151600
26151800
26152100
26152400
26152600
26152800
26153100
26153400
26153700
26153900
26154100
26154400
26154700
26154900
26155100
26155300
26155700
26156000
26156300
26156600
26156800
26157100
26157300
26157600
26157900
26158100
26158300
26158600
26158900
26159200
26159400
26159600
26159900
26160200
26160500
26160700
26160900
26161100
26161300
26161700
26162000
26162300
26162700
26163000
26163300
26163600
26163800
26164000
26164200
26164500
26164800
26165100
26165400
26165700
26166000
26166300
26166700
26167000
26167200
26167400
26167700
26168000
26168300
26168500
26168700
26169000
26169200
26169400
26169600
26169900
26170200
26170400
26170600
26170900
26171200
26171500
26171700
26171900
26172200
26172500
26172700
26172900
26173200
26173500
26173800
26174000
26174200
26174500
26174800
26175000
26175200
26175500
26175800
26176400
26176800
26177800
26178100
26178500
26178800
26179100
26179400
26179700
26179900
26180100
26180300
26180600
26180900
26181100
26181300
26181600
26181900
26182200
26182400
26182600
26182900
26183200
26183400
26183600
26183900
26184200
26184500
26184700
26184900
26185200
26185500
26185700
26185900
26186200
26186500
26186700
26186900
26187200
26187500
26187700
26187900
26188200
26188500
26188800
26189000
26189200
26189500
26189800
26190000
26190200
26190500
26190800
26191100
26191300
26191500
26191800
26192100
26192300
26192500
26192800
26193100
26193400
26193600
26193800
26194100
26194400
26194700
26194900
26195100
26195400
26195700
26196000
26196200
26196400
26196700
26197000
26197200
26197400
26197700
26198000
26198300
26198500
26198700
26199000
26199300
26199500
26199700
26200000
26200300
26200500
26200700
26201000
26201300
26201600
26201800
26202000
26202300
26202600
26202800
26203000
26203300
26203600
26203800
26204000
26204300
26204600
26204900
26205100
26205300
26205600
26205900
26206100
26206300
26206500
26206800
26207100
26207300
26207500
26207800
26208100
26208400
26208600
26208800
26209100
26209400
26209600
26209800
26210100
26210400
26210600
26210800
26211000
26211300
26211600
26211800
26212000
26212300
26212600
26212800
26213000
26213300
26213600
26213800
26214000
26214300
26214600
26214800
26215000
26215200
26215500
26215800
26216000
26216200
26216500
26216800
26217000
26217200
26217500
26217800
26218100
26218300
26218500
26218800
26219100
26219300
26219500
26219800
26220100
26220400
26220600
26220800
26221100
26221400
26221700
26221900
26222100
26222400
26222700
26222900
26223100
26223400
26223700
26223900
26224100
26224300
26224600
26224900
26225200
26225400
26225600
26225900
26226200
26226400
26226600
26226900
26227200
26227400
26227600
26227900
26228200
26228500
26228700
26228900
26229200
26229500
26229700
26229900
26230200
26230500
26230800
26231000
26231200
26231500
26231800
26232100
26232300
26232500
26232800
26233100
26233400
26233600
26233800
26234000
26234300
26234600
26234800
26235000
26235300
26235600
26235900
26236100
26236300
26236600
26236900
26237200
26237400
26237600
26237900
26238200
26238400
26238600
26238900
26239200
26239400
26239600
26239900
26240200
26240400
26240600
26240900
26241200
26241500
26241700
26241900
26242200
26242500
26242800
26243000
26243200
26243500
26243800
26244000
26244200
26244500
26244800
26245100
26245300
26245500
26245800
26246100
26246400
26246600
26246800
26247100
26247400
26247600
26247800
26248000
26248300
26248600
26248800
26249000
26249300
26249600
26249800
26250000
26250200
26250500
26250800
26251000
26251200
26251500
26251800
26252000
26252200
26252500
26252800
26253100
26253300
26253500
26253800
26254100
26254300
26254500
26254800
26255100
26255300
26255500
26255800
26256100
26256300
26256500
26256800
26257100
26257400
26257600
26257800
26258100
26258400
26258600
26258800
26259100
26259400
26259600
26259800
26260000
26260300
26260600
26260800
26261000
26261300
26261600
26261900
26262100
26262300
26262600
26262900
26263100
26263300
26263500
26263800
26264100
26264300
26264500
26264800
26265100
26265300
26265500
26265800
26266100
26266400
26266600
26266800
26267100
26267400
26267600
26267800
26268100
26268400
26268600
26268800
26269100
26269400
26269600
26269800
26270100
26270400
26270700
26270900
26271100
26271400
26271700
26271900
26272100
26272400
26272700
26272900
26273100
26273300
26273600
26273900
26274100
26274300
26274500
26274800
26275100
26275400
26275600
26275800
26276100
26276400
26276700
26276900
26277100
26277400
26277700
26277900
26278100
26278400
26278700
26279000
26279200
26279400
26279700
26282200
26282500
26282700
26282900
26283200
26283500
26283800
26284000
26284200
26284500
26284800
26285000
26285200
26285500
26285800
26286100
26286300
26286500
26286800
26287100
26287400
26287600
26287800
26288100
26288400
26288700
26288900
26289100
26289400
26289700
26290000
26290200
26290400
26290700
26291000
26291200
26291400
26291600
26291900
26292200
26292400
26292600
26292900
26293200
26293500
26293700
26293900
26294200
26294500
26294700
26294900
26295200
26295500
26295700
26295900
26296100
26296400
26296700
26296900
26297100
26297400
26297700
26297900
26298100
26298400
26298700
26299000
26299200
26299400
26299700
26300000
26300200
26300400
26300700
26301000
26301300
26301500
26301700
26302000
26302300
26302600
26302800
26303000
26303300
26303600
26303800
26304000
26304200
26304500
26304800
26305000
26305200
26305500
26305800
26306100
26306300
26306500
26306800
26307100
26307300
26307500
26307800
26308100
26308400
26308600
26308800
26309100
26309400
26309600
26309800
26310100
26310400
26310700
26310900
26311100
26311400
26311700
26311900
26312100
26312400
26312700
26312900
26313100
26313400
26313700
26314000
26314200
26314400
26314700
26315000
26315300
26315500
26315700
26316000
26316300
26316500
26316700
26316900
26317200
26317500
26317700
26317900
26318200
26318500
26318800
26319000
26319200
26319500
26319800
26320100
26320300
26320500
26320800
26321100
26321300
26321500
26321800
26322100
26322400
26322600
26322800
26323100
26323400
26323600
26323800
26324100
26324400
26324600
26324800
26325100
26325400
26325700
26325900
26326100
26326400
26326700
26326900
26327100
26327400
26327700
26328000
26328200
26328400
26328700
26329000
26329200
26329400
26329600
26329900
26330200
26330400
26330600
26330900
26331200
26331500
26331700
26331900
26332200
26332500
26332800
26333000
26333200
26333500
26333800
26334000
26334200
26334500
26334800
26335100
26335300
26335500
26335800
26336100
26336300
26336500
26336800
26337100
26337400
26337600
26337800
26338100
26338400
26338600
26338800
26339100
26339400
26339600
26339800
26340100
26340400
26340700
26340900
26341100
26341400
26341700
26341900
26342100
26342400
26342700
26343000
26343200
26343400
26343700
26344000
26344300
26344500
26344700
26345000
26345300
26345600
26345800
26346000
26346300
26346600
26346800
26347000
26347200
26347500
26347800
26348100
26348300
26348500
26348800
26349100
26349300
26349500
26349800
26350100
26350400
26350600
26350800
26351100
26351400
26351700
26351900
26352100
26352400
26352700
26353000
26353300
26353500
26353700
26354000
26354300
26354600
26354800
26355000
26355300
26355600
26355800
26356000
26356200
26356500
26356800
26357000
26357400
26357700
26358000
26358300
26358500
26358700
26359000
26359300
26359500
26359700
26360000
26360300
26360500
26360700
26360900
26361200
26361500
26361700
26361900
26362200
26362500
26362700
26362900
26363200
26363500
26363700
26363900
26364100
26364400
26364700
26364900
26365100
26365400
26365700
26365900
26366100
26366400
26366700
26367000
26367200
26367400
26367700
26368000
26368300
26368500
26368700
26369000
26369300
26369500
26369700
26370000
26370300
26370600
26370800
26371000
26371300
26371600
26371900
26372100
26372300
26372600
26372900
26373100
26373300
26373500
26373800
26374100
26374300
26374600
26374900
26375100
26375300
26375600
26375900
26376100
26376300
26376600
26376900
26377200
26377400
26377600
26377900
26378200
26378500
26378800
26379100
26379300
26379500
26379800
26380100
26380400
26380600
26380800
26381100
26381400
26381700
26381900
26382100
26382400
26382700
26383000
26383200
26383400
26383600
26383900
26384200
26384500
26384700
26384900
26385100
26385300
26385600
26385900
26386200
26386400
26386600
26386800
26387100
26387400
26387600
26387800
26388100
26388400
26388600
26388800
26389000
26389300
26389600
26389800
26390000
26390200
26390400
26390600
26390800
26391100
26391400
26391700
26392000
26392200
26392400
26392700
26393000
26393200
26393400
26393600
26393900
26394200
26394500
26394700
26394900
26395100
26395400
26395600
26395800
26396000
26396300
26396500
26396700
26397000
26397300
26397600
26397900
26398200
26398500
26398700
26398900
26399100
26399400
26399600
26399900
26400200
26400500
26400800
26401100
26401300
26401500
26401800
26402100
26402300
26402500
26402800
26403100
26403400
26403600
26403800
26404100
26404400
26404600
26404800
26405100
26405400
26405700
26405900
26406100
26406400
26406700
26407000
26407200
26407400
26407700
26408000
26408300
26408500
26408700
26409000
26409300
26409600
26409800
26410000
26410300
26410600
26410900
26411100
26411300
26411600
26411900
26412100
26412300
26412500
26412800
26413100
26413300
26413500
26413800
26414100
26414400
26414600
26414800
26415100
26415400
26415600
26415800
26416100
26416400
26416700
26416900
26417100
26417400
26417700
26417900
26418100
26418300
26418600
26418900
26419100
26419300
26419600
26419900
26420200
26420400
26420600
26420900
26421200
26421500
26421700
26421900
26422200
26422500
26422800
26423000
26423200
26423500
26423800
26424100
26424300
26424500
26424800
26425100
26425400
26425600
26425800
26426100
26426400
26426600
26426800
26427000
26427300
26427600
26427800
26428000
26428300
26428600
26428900
26429100
26429300
26429600
26429900
26430100
26430300
26430600
26430900
26431200
26431400
26431600
26431900
26432200
26432400
26432600
26432800
26433100
26433400
26433600
26433800
26434100
26434400
26434700
26434900
26435100
26435300
26435600
26435900
26436100
26436300
26436600
26436900
26437200
26437400
26437600
26437900
26438200
26438500
26438700
26438900
26439200
26439500
26439800
26440000
26440200
26440500
26440800
26441000
26441200
26441400
26441700
26442000
26442200
26442400
26442700
26443000
26443300
26443500
26443700
26444000
26444300
26444500
26444700
26445000
26445300
26445600
26445800
26446000
26446300
26446600
26446900
26447100
26447300
26447600
26447900
26448100
26448300
26448500
26448800
26449100
26449300
26449500
26449700
26450000
26450300
26450500
26450700
26450900
26451200
26451500
26451700
26451900
26452100
26452400
26452700
26452900
26453100
26453400
26453700
26454000
26454200
26454400
26454700
26455000
26455200
26455400
26455600
26455900
26456200
26456400
26456600
26456900
26457200
26457400
26457600
26457800
26458100
26458400
26458600
26458800
26459100
26459400
26459700
26459900
26460100
26460400
26460700
26461000
26461200
26461400
26461700
26462000
26462300
26462500
26462700
26463000
26463300
26463500
26463700
26463900
26464200
26464500
26464700
26464900
26465100
26465400
26465700
26465900
26466100
26466400
26466700
26467000
26467200
26467400
26467700
26468000
26468300
26468500
26468700
26469000
26469300
26469500
26469700
26470000
26470300
26470500
26470700
26470900
26471200
26471500
26471700
26471900
26472200
26472500
26472800
26473000
26473200
26473500
26473800
26474100
26474300
26474500
26474800
26475100
26475400
26475600
26475800
26476100
26476400
26476700
26476900
26477100
26477400
26477700
26478000
26478200
26478400
26478700
26479000
26479300
26479500
26479700
26480000
26480300
26480500
26480700
26481000
26481300
26481600
26481800
26482000
26482300
26482600
26482900
26483100
26483300
26483600
26483900
26484100
26484300
26484600
26484900
26485200
26485400
26485600
26485900
26486200
26486400
26486600
26486900
26487200
26487500
26487700
26487900
26488200
26488500
26488800
26489000
26489200
26489500
26489800
26490100
26490300
26490500
26490800
26491100
26491400
26491600
26491800
26492100
26492400
26492700
26492900
26493100
26493400
26493700
26494000
26494200
26494400
26494700
26495000
26495200
26495400
26495700
26496000
26496300
26496500
26496700
26497000
26497300
26497500
26497700
26498000
26498300
26498600
26498800
26499000
26499300
26499600
26499900
26500100
26500300
26500600
26500900
26501100
26501300
26501600
26501900
26502200
26502400
26502600
26502900
26503200
26503500
26503700
26503900
26504200
26504500
26504800
26505000
26505200
26505500
26505800
26506100
26506300
26506500
26506800
26507100
26507400
26507600
26507800
26508100
26508400
26508700
26508900
26509100
26509400
26509700
26509900
26510100
26510300
26510600
26510900
26511100
26511300
26511600
26511900
26512100
26512300
26512600
26512900
26513200
26513400
26513600
26513900
26514200
26514500
26514700
26514900
26515200
26515500
26515700
26515900
26516100
26516400
26516700
26516900
26517100
26517300
26517600
26517900
26518100
26518300
26518500
26518800
26519100
26519300
26519500
26519700
26520000
26520300
26520500
26520700
26520900
26521200
26521500
26521700
26521900
26522200
26522500
26522800
26523000
26523200
26523500
26523800
26524000
26524200
26524400
26524700
26525000
26525200
26525400
26525700
26526000
26526200
26526400
26526700
26527000
26527300
26527500
26527700
26528000
26528300
26528600
26528800
26529000
26529300
26529600
26529900
26530100
26530300
26530600
26530900
26531100
26531300
26531500
26531800
26532100
26532400
26532600
26532800
26533100
26533400
26533700
26533900
26534100
26534400
26534700
26535000
26535200
26535400
26535700
26536000
26536200
26536400
26536700
26537000
26537300
26537500
26537700
26538000
26538300
26538500
26538700
26539000
26539300
26539600
26539800
26540000
26540300
26540600
26540800
26541000
26541300
26541600
26541900
26544300
26544600
26544800
26545000
26545300
26545600
26545900
26546100
26546300
26546600
26546900
26547200
26547400
26547600
26547800
26548100
26548400
26548700
26548900
26549100
26549400
26549700
26550000
26550200
26550400
26550700
26551000
26551300
26551500
26551700
26552000
26552300
26552600
26552800
26553000
26553300
26553600
26553800
26554000
26554300
26554600
26554800
26555000
26555300
26555600
26555900
26556200
26556400
26556600
26556900
26557200
26557400
26557600
26557900
26558200
26558500
26558700
26558900
26559100
26559400
26559700
26559900
26560100
26560300
26560600
26560900
26561100
26561300
26561500
26561800
26562100
26562300
26562500
26562700
26563000
26563300
26563500
26563700
26563900
26564200
26564500
26564700
26564900
26565200
26565500
26565800
26566000
26566200
26566500
26566800
26567100
26567300
26567500
26567800
26568100
26568300
26568500
26568800
26569100
26569400
26569600
26569800
26570100
26570400
26570700
26570900
26571100
26571400
26571700
26572000
26572200
26572400
26572700
26573000
26573300
26573500
26573700
26574000
26574300
26574600
26574800
26575000
26575300
26575600
26575900
26576100
26576300
26576500
26576800
26577100
26577300
26577500
26577800
26578100
26578400
26578600
26578800
26579100
26579400
26579600
26579800
26580100
26580400
26580700
26580900
26581100
26581300
26581600
26581900
26582100
26582300
26582500
26582700
26582900
26583200
26583500
26583800
26584100
26584300
26584500
26584800
26585100
26585400
26585600
26585800
26586100
26586400
26586700
26586900
26587100
26587400
26587700
26587900
26588100
26588400
26588700
26589000
26589200
26589400
26589700
26590000
26590200
26590400
26590600
26590900
26591200
26591400
26591600
26591900
26592200
26592400
26592600
26592800
26593100
26593400
26593600
26593800
26594100
26594400
26594700
26594900
26595100
26595400
26595700
26596000
26596200
26596400
26596700
26597000
26597300
26597500
26597700
26598000
26598300
26598600
26598800
26599000
26599300
26599600
26599900
26600100
26600300
26600600
26600900
26601100
26601300
26601500
26601800
26602100
26602300
26602500
26602800
26603100
26603400
26603600
26603800
26604100
26604400
26604600
26604800
26605100
26605400
26605700
26605900
26606100
26606400
26606700
26606900
26607100
26607300
26607600
26607800
26608100
26608400
26608800
26609100
26609400
26609800
26610100
26610400
26610700
26611000
26611200
26611400
26611600
26611800
26612100
26612400
26612600
26612800
26613100
26613400
26613700
26613900
26614200
26614400
26614600
26614900
26615200
26615500
26615700
26615900
26616200
26616500
26616800
26617000
26617200
26617400
26617700
26617900
26618100
26618300
26618600
26618900
26619200
26619500
26619700
26619900
26620200
26620500
26620800
26621000
26621200
26621500
26621800
26622100
26622300
26622500
26622800
26623100
26623300
26623600
26623900
26624200
26624500
26624800
26625100
26625300
26625500
26625700
26626000
26626300
26626500
26626700
26627000
26627300
26627600
26627800
26628000
26628300
26628600
26628800
26629100
26629300
26629600
26629800
26630000
26630200
26630500
26630800
26631100
26631400
26631700
26632000
26632200
26632400
26632600
26632900
26633200
26633500
26633700
26634000
26634200
26634400
26634700
26635000
26635300
26635500
26635700
26636000
26636300
26636600
26636800
26637000
26637300
26637600
26637800
26638000
26638200
26638500
26638800
26639000
26639200
26639500
26639800
26640100
26640300
26640500
26640800
26641100
26641300
26641500
26641800
26642100
26642400
26642600
26642800
26643100
26643400
26643600
26643800
26644100
26644400
26644600
26644800
26645100
26645400
26645700
26645900
26646100
26646400
26646700
26646900
26647100
26647400
26647700
26647900
26648100
26648300
26648600
26648900
26649100
26649300
26649600
26649900
26650200
26650400
26650600
26650900
26651200
26651400
26651600
26651800
26652100
26652400
26652600
26652800
26653100
26653400
26653700
26653900
26654100
26654400
26654700
26654900
26655100
26655400
26655700
26656000
26656200
26656400
26656700
26657000
26657200
26657400
26657700
26658000
26658200
26658400
26658700
26659000
26659300
26659500
26659700
26660000
26660300
26660500
26660700
26661000
26661300
26661600
26661800
26662000
26662300
26662600
26662800
26663000
26663300
26663600
26663900
26664100
26664300
26664600
26664900
26665100
26665300
26665500
26665800
26666100
26666300
26666500
26666800
26667100
26667400
26667600
26667800
26668100
26668400
26668700
26668900
26669100
26669400
26669700
26669900
26670100
26670400
26670700
26671000
26671200
26671400
26671700
26672000
26672200
26672400
26672600
26672900
26673200
26673400
26673600
26673900
26674200
26674500
26674700
26674900
26675200
26675500
26675700
26675900
26676200
26676500
26676800
26677000
26677200
26677400
26677700
26678000
26678200
26678400
26678700
26679000
26679300
26679500
26679700
26680000
26680300
26680600
26680800
26681000
26681300
26681600
26681900
26682100
26682300
26682600
26682900
26683200
26683400
26683600
26683900
26684200
26684500
26684700
26684900
26685200
26685500
26685700
26685900
26686200
26686500
26686700
26686900
26687100
26687400
26687700
26687900
26688100
26688300
26688600
26688900
26689100
26689300
26689600
26689900
26690200
26690400
26690600
26690800
26691100
26691400
26691600
26691800
26692000
26692300
26692600
26692800
26693000
26693200
26693500
26693800
26694100
26694300
26694500
26694800
26695100
26695300
26695500
26695800
26696100
26696400
26696600
26696800
26697100
26697400
26697700
26697900
26698100
26698400
26698700
26698900
26699100
26699400
26699700
26700000
26700200
26700400
26700700
26701000
26701200
26701400
26701600
26701900
26702200
26702400
26702600
26702900
26703200
26703500
26703700
26703900
26704200
26704500
26704800
26705000
26705200
26705500
26705800
26706100
26706300
26706500
26706800
26707100
26707400
26707600
26707800
26708100
26708400
26708700
26708900
26709100
26709400
26709700
26709900
26710100
26710300
26710600
26710900
26711100
26711300
26711600
26711900
26712200
26712400
26712600
26712900
26713200
26713400
26713600
26713900
26714200
26714500
26714700
26714900
26715200
26715500
26715800
26716000
26716200
26716500
26716800
26717000
26717200
26717400
26717700
26718000
26718200
26718400
26718600
26718900
26719200
26719400
26719600
26719900
26720200
26720500
26720700
26720900
26721100
26721400
26721700
26721900
26722100
26722400
26722700
26723000
26723200
26723400
26723700
26724000
26724300
26724500
26724700
26725000
26725300
26725500
26725700
26726000
26726300
26726600
26726800
26727000
26727300
26727600
26727800
26728000
26728200
26728500
26728800
26729000
26729200
26729500
26729800
26730100
26730300
26730500
26730800
26731100
26731400
26731600
26731800
26732100
26732400
26732700
26732900
26733100
26733400
26733700
26734000
26734200
26734400
26734700
26735000
26735300
26735500
26735700
26736000
26736300
26736500
26736700
26736900
26737200
26737500
26737700
26737900
26738200
26738500
26738800
26739000
26739200
26739500
26739800
26740000
26740200
26740500
26740800
26741100
26741300
26741500
26741800
26742100
26742300
26742500
26742700
26743000
26743300
26743500
26743700
26743900
26744200
26744500
26744700
26744900
26745200
26745500
26745800
26746000
26746200
26746500
26746800
26747100
26747300
26747500
26747800
26748100
26748400
26748600
26748800
26749100
26749400
26749700
26749900
26750100
26750400
26750700
26751000
26751200
26751400
26751700
26752000
26752200
26752400
26752700
26753000
26753300
26753500
26753700
26754000
26754300
26754600
26754800
26755000
26755300
26755600
26755800
26756000
26756300
26756600
26756900
26757100
26757300
26757600
26757900
26758200
26758400
26758600
26758900
26759200
26759400
26759600
26759800
26760100
26760400
26760700
26760900
26761100
26761400
26761700
26762000
26762200
26762400
26762700
26763000
26763200
26763400
26763600
26763800
26764100
26764400
26764600
26764800
26765100
26765400
26765700
26765900
26766100
26766400
26766700
26766900
26767100
26767300
26767600
26767900
26768100
26768300
26768600
26768900
26769100
26769300
26769500
26769800
26770100
26770300
26770500
26770700
26771000
26771300
26771500
26771700
26772000
26772300
26772600
26772800
26773000
26773300
26773600
26773900
26774100
26774300
26774500
26774800
26775100
26775300
26775500
26775800
26776100
26776400
26776600
26776800
26777100
26777400
26777700
26777900
26778100
26778400
26778700
26779000
26779200
26779400
26779700
26780000
26780200
26780400
26780700
26781000
26781300
26781500
26781700
26782000
26782300
26782500
26782700
26783000
26783300
26783600
26783800
26784000
26784300
26784600
26784900
26785100
26785300
26785600
26785900
26786200
26786400
26786600
26786900
26787200
26787500
26787700
26787900
26788200
26788500
26788800
26789000
26789200
26789500
26789800
26790100
26790400
26790600
26790800
26791100
26791400
26791600
26791800
26792000
26792300
26792600
26792800
26793000
26793300
26793600
26793900
26794100
26794300
26794600
26794900
26795100
26795300
26795600
26795900
26796200
26796400
26796600
26796900
26797200
26797500
26797700
26797900
26798200
26798500
26798700
26798900
26799200
26799500
26799800
26800000
26800200
26800400
26800700
26801000
26801200
26801400
26801600
26801900
26802200
26802400
26802600
26802900
26803200
26803500
26803700
26803900
26804100
26806500
26806800
26807000
26807200
26807500
26807800
26808100
26808300
26808500
26808800
26809100
26809300
26809500
26809800
26810100
26810400
26810600
26810900
26811200
26811400
26811600
26811900
26812200
26812400
26812600
26812900
26813200
26813500
26813700
26813900
26814100
26814400
26814700
26814900
26815100
26815400
26815700
26815900
26816200
26816500
26816800
26817000
26817200
26817500
26817800
26818100
26818300
26818500
26818800
26819100
26819400
26819600
26819800
26820100
26820400
26820600
26820800
26821100
26821400
26821600
26821800
26822100
26822400
26822600
26822800
26823000
26823300
26823600
26823800
26824000
26824300
26824600
26824800
26825000
26825200
26825500
26825800
26826000
26826200
26826500
26826800
26827100
26827300
26827500
26827800
26828100
26828300
26828500
26828800
26829100
26829400
26829600
26829800
26830100
26830400
26830600
26830800
26831100
26831400
26831600
26831800
26832100
26832400
26832700
26832900
26833100
26833400
26833700
26833900
26834100
26834400
26834700
26834900
26835100
26835400
26835700
26835900
26836100
26836300
26836600
26836900
26837100
26837300
26837500
26837800
26838100
26838300
26838500
26838800
26839100
26839400
26839600
26839800
26840100
26840400
26840600
26840800
26841000
26841300
26841600
26841800
26842000
26842300
26842600
26842800
26843000
26843200
26843500
26843800
26844000
26844200
26844500
26844800
26845000
26845200
26845500
26845800
26846100
26846300
26846500
26846800
26847100
26847300
26847600
26847800
26848000
26848300
26848600
26848900
26849100
26849300
26849600
26849900
26850100
26850300
26850600
26850900
26851200
26851500
26851800
26852100
26852300
26852500
26852800
26853100
26853400
26853600
26853800
26854100
26854400
26854600
26854800
26855000
26855300
26855600
26855800
26856000
26856300
26856600
26856900
26857200
26857400
26857600
26857900
26858200
26858500
26858700
26858900
26859100
26859400
26859600
26859800
26860100
26860400
26860700
26861000
26861300
26861600
26861900
26862100
26862300
26862600
26862900
26863100
26863300
26863600
26863900
26864100
26864300
26864600
26864900
26865200
26865400
26865700
26865900
26866200
26866500
26866800
26867100
26867400
26867700
26867900
26868100
26868300
26868600
26868900
26869200
26869400
26869600
26869900
26870200
26870400
26870600
26870900
26871200
26871500
26871800
26872000
26872300
26872500
26872800
26873000
26873300
26873600
26873900
26874200
26874500
26874700
26874900
26875100
26875400
26875700
26875900
26876200
26876500
26876800
26877100
26877400
26877600
26877800
26878100
26878400
26878600
26878800
26879000
26879300
26879600
26879800
26880000
26880300
26880600
26880900
26881100
26881300
26881600
26881900
26882100
26882300
26882500
26882800
26883100
26883300
26883500
26883800
26884100
26884400
26884600
26884800
26885100
26885400
26885600
26885800
26886100
26886400
26886600
26886800
26887100
26887400
26887700
26887900
26888100
26888400
26888700
26888900
26889100
26889400
26889700
26889900
26890100
26890300
26890600
26890900
26891100
26891300
26891600
26891900
26892200
26892400
26892600
26892900
26893200
26893500
26893700
26893900
26894200
26894500
26894700
26894900
26895200
26895500
26895800
26896000
26896200
26896500
26896800
26897000
26897200
26897500
26897800
26898100
26898300
26898500
26898800
26899100
26899300
26899500
26899800
26900100
26900400
26900600
26900800
26901100
26901400
26901600
26901800
26902100
26902400
26902700
26902900
26903100
26903400
26903700
26903900
26904100
26904300
26904600
26904900
26905100
26905300
26905600
26905900
26906200
26906400
26906600
26906900
26907200
26907500
26907700
26907900
26908200
26908500
26908700
26908900
26909200
26909500
26909800
26910000
26910200
26910500
26910800
26911000
26911200
26911500
26911800
26912100
26912300
26912500
26912800
26913100
26913400
26913600
26913800
26914100
26914400
26914600
26914800
26915100
26915400
26915700
26915900
26916200
26916500
26916800
26917000
26917200
26917500
26917800
26918000
26918200
26918500
26918800
26919100
26919300
26919500
26919800
26920100
26920400
26920600
26920800
26921100
26921400
26921600
26921800
26922000
26922300
26922600
26922800
26923000
26923300
26923600
26923900
26924100
26924300
26924600
26924900
26925100
26925300
26925600
26925900
26926200
26926400
26926600
26926900
26927200
26927400
26927600
26927900
26928200
26928400
26928600
26928900
26929200
26929500
26929700
26929900
26930200
26930500
26930700
26930900
26931100
26931400
26931700
26931900
26932100
26932400
26932700
26933000
26933200
26933400
26933700
26934000
26934200
26934400
26934700
26935000
26935300
26935500
26935700
26936000
26936300
26936600
26936800
26937000
26937300
26937600
26937800
26938000
26938300
26938600
26938900
26939100
26939300
26939600
26939900
26940100
26940300
26940600
26940900
26941100
26941300
26941600
26941900
26942200
26942400
26942600
26942900
26943200
26943400
26943600
26943900
26944200
26944400
26944600
26944800
26945100
26945400
26945600
26945800
26946100
26946400
26946700
26946900
26947100
26947400
26947700
26947900
26948100
26948400
26948700
26949000
26949200
26949400
26949700
26950000
26950300
26950500
26950700
26951000
26951300
26951500
26951700
26952000
26952300
26952600
26952800
26953000
26953300
26953600
26953900
26954100
26954300
26954600
26954900
26955100
26955300
26955600
26955900
26956200
26956400
26956600
26956900
26957200
26957400
26957600
26957900
26958200
26958400
26958600
26958900
26959200
26959400
26959600
26959900
26960200
26960500
26960700
26960900
26961200
26961500
26961800
26962000
26962200
26962500
26962800
26963100
26963300
26963500
26963800
26964100
26964400
26964600
26964800
26965100
26965400
26965600
26965800
26966000
26966300
26966600
26966800
26967000
26967300
26967600
26967900
26968100
26968300
26968600
26968900
26969100
26969300
26969600
26969900
26970100
26970300
26970600
26970900
26971200
26971400
26971600
26971900
26972200
26972400
26972600
26972900
26973200
26973400
26973600
26973900
26974200
26974500
26974700
26974900
26975200
26975500
26975700
26975900
26976200
26976500
26976800
26977000
26977200
26977400
26977700
26978000
26978200
26978400
